"Seat","From_candidate","From_party","To_candidate1","To_party1","Votes1","Vote_perc1","To_candidate2","To_party2","Votes2","Vote_perc2","Exhausted","Exhausted_perc","Calc_type"
"Ballaarat","Bob Joshua","DLP","Aubrey Keane","ALP",696,9.21,"Dudley Erwin","Lib46",6861,90.79,0,0,"Exact"
"Bennelong","Edward Beck","DLP","Harry Jensen","ALP",524,15.99,"John Cramer","Lib46",2754,84.01,0,0,"Exact"
"Bowman","Terence Burns","QLP","Jack Comber","ALP",2201,50.87,"Malcolm McColm","Lib46",2126,49.13,0,0,"Exact"
"Bruce","Henri de Sachau","DLP","Keith Ewert","ALP",4165,32.47,"Billy Snedden","Lib46",8661,67.53,0,0,"Exact"
"Canning","John Hallett","CP","Charles Edwards","ALP",1584,15.57,"Neil McNeill","Lib46",8584,84.43,0,0,"Estimate"
"Canning","Stanley Meredith","DLP","Charles Edwards","ALP",278,16.32,"Neil McNeill","Lib46",1428,83.68,0,0,"Estimate"
"Capricornia","Mick Gardner","QLP","George Gray","ALP",2089,45.35,"Henry Pearce","Lib46",2517,54.65,0,0,"Exact"
"Corio","James Mahoney","DLP","Lindsay Romey","ALP",771,11.35,"Hubert Opperman","Lib46",6020,88.65,0,0,"Exact"
"Cowper","Neville Weiley","Ind","Frank McGuren","ALP",2236,41.14,"Sir Earle Page","CP",3199,58.86,0,0,"Exact"
"Deakin","Maurice Weston","DLP","George Slater","ALP",1239,15.88,"Frank Davis","Lib46",6563,84.12,0,0,"Exact"
"Evans","Francis Collins","DLP","James Monaghan","ALP",1452,56.27,"Frederick Osborne","Lib46",1128,43.73,0,0,"Estimate"
"Evans","Harold O'Reilly","Ind","James Monaghan","ALP",384,54.75,"Frederick Osborne","Lib46",318,45.25,0,0,"Estimate"
"Fawkner","Richard Coyne","DLP","Gwendolyn Noad","ALP",478,8.96,"Peter Howson","Lib46",4858,91.04,0,0,"Exact"
"Flinders","Jack Austin","DLP","Ian Cathie","ALP",2440,31.62,"Robert Lindsay","Lib46",5277,68.38,0,0,"Estimate"
"Flinders","Edmund Knowles","Ind","Ian Cathie","ALP",408,22.73,"Robert Lindsay","Lib46",1388,77.27,0,0,"Estimate"
"Franklin","St Clair Courtney","DLP","William Wilkinson","ALP",840,20.76,"Bill Falkinder","Lib46",3207,79.24,0,0,"Exact"
"Henty","Henry Moore","DLP","Sir George Jones","ALP",936,14.85,"Max Fox","Lib46",5366,85.15,0,0,"Exact"
"Higinbotham","William Cameron","DLP","Henry Fowler","ALP",660,7.69,"Don Chipp","Lib46",7928,92.31,0,0,"Exact"
"Hume","Charles Rowe","DLP","Arthur Fuller","ALP",880,27.21,"Charles Anderson","CP",2354,72.79,0,0,"Exact"
"Indi","Mervyn Huggins","ALP","Mac Holten","CP",3144,29.56,"Malcolm Cameron","Lib46",7493,70.44,0,0,"Estimate"
"Indi","George Taylor","DLP","Mac Holten","CP",955,19.92,"Malcolm Cameron","Lib46",3840,80.08,0,0,"Estimate"
"Isaacs","John Hughes","DLP","Angus McLean","ALP",550,11.5,"William Haworth","Lib46",4231,88.5,0,0,"Exact"
"Kalgoorlie","George Jensen","DLP","Fred Collard","ALP",344,21.8,"Peter Browne","Lib46",1234,78.2,0,0,"Estimate"
"Kalgoorlie","Harold Illingworth","Ind","Fred Collard","ALP",459,43.72,"Peter Browne","Lib46",591,56.28,0,0,"Estimate"
"La Trobe","John Hoare","DLP","Don Pritchard","ALP",656,7.58,"John Jess","Lib46",7995,92.42,0,0,"Estimate"
"La Trobe","Bernard Rees","CCP","Don Pritchard","ALP",265,47.85,"John Jess","Lib46",289,52.15,0,0,"Estimate"
"Lawson","Denis Searls","DLP","John Canobi","ALP",597,26.66,"Laurie Failes","CP",1642,73.34,0,0,"Exact"
"Lilley","Frank Andrews","QLP","Don Cameron","ALP",2022,46.37,"Bruce Wight","Lib46",2339,53.63,0,0,"Exact"
"Lowe","Denis Klein","DLP","John Holland","ALP",528,35.55,"William McMahon","Lib46",958,64.45,0,0,"Estimate"
"Lowe","Daniel Smith","ARP49","John Holland","ALP",166,41.84,"William McMahon","Lib46",230,58.16,0,0,"Estimate"
"Maranoa","Bryan Hurley","QLP","Trevor Alexander","ALP",744,24.69,"Wilfred Brimblecombe","CP",2269,75.31,0,0,"Exact"
"Maribyrnong","Paul Gunn","DLP","Neil Armour","ALP",862,11.58,"Philip Stokes","Lib46",6576,88.42,0,0,"Estimate"
"Maribyrnong","Norman McClure","CCP","Neil Armour","ALP",136,33.02,"Philip Stokes","Lib46",277,66.98,0,0,"Estimate"
"McMillan","Francis Hawtin","CP","James Longstaff","ALP",464,6.86,"Alexander Buchanan","Lib46",6294,93.14,0,0,"Estimate"
"McMillan","Les Hilton","DLP","James Longstaff","ALP",277,5.55,"Alexander Buchanan","Lib46",4711,94.45,0,0,"Estimate"
"McMillan","Patrick Linane","ARP49","James Longstaff","ALP",74,40.67,"Alexander Buchanan","Lib46",107,59.33,0,0,"Estimate"
"Moore","Wilbur Bennett","ALP","Hugh Leslie","CP",6636,65.67,"Hugh Halbert","Lib46",3470,34.33,0,0,"Estimate"
"Moore","John Crisafulli","DLP","Hugh Leslie","CP",626,31.51,"Hugh Halbert","Lib46",1360,68.49,0,0,"Estimate"
"Moreton","Christian Hagen","QLP","John O'Donnell","ALP",568,14.63,"James Killen","Lib46",3314,85.37,0,0,"Estimate"
"Moreton","Max Julius","CPA","John O'Donnell","ALP",418,61.87,"James Killen","Lib46",258,38.13,0,0,"Estimate"
"North Sydney","Michael Fitzpatrick","DLP","Maurice Isaacs","ALP",1926,53.87,"William Jack","Lib46",1649,46.13,0,0,"Exact"
"Petrie","Trevor Sturling","QLP","Reginald O'Brien","ALP",498,15.66,"Alan Hulme","Lib46",2681,84.34,0,0,"Estimate"
"Petrie","Cecil Guilfoyle","Ind","Reginald O'Brien","ALP",174,13.22,"Alan Hulme","Lib46",1140,86.78,0,0,"Estimate"
"Petrie","Francis O'Mara","Ind","Reginald O'Brien","ALP",130,48.73,"Alan Hulme","Lib46",136,51.27,0,0,"Estimate"
"Riverina","Albert Elrington","DLP","Jack Ward","ALP",495,16.57,"Hugh Roberton","CP",2493,83.43,0,0,"Exact"
"Robertson","Neil Mackerras","DLP","Tom Pendlebury","ALP",713,32.25,"Roger Dean","Lib46",1498,67.75,0,0,"Exact"
"Stirling","Adrian Briffa","DLP","Harry Webb","ALP",645,9.62,"Doug Cash","Lib46",6059,90.38,0,0,"Estimate"
"Stirling","Jack Marks","CPA","Harry Webb","ALP",453,69.84,"Doug Cash","Lib46",196,30.16,0,0,"Estimate"
"Swan","Terence Merchant","DLP","Ted Johnson","ALP",831,22.27,"Richard Cleaver","Lib46",2901,77.73,0,0,"Exact"
"Wannon","Terence Callander","DLP","Jack Stanford","ALP",436,6.17,"Malcolm Fraser","Lib46",6633,93.83,0,0,"Exact"
"Wimmera","William Lawrence","Lib46","Thomas Windsor","ALP",460,4.29,"Robert King","CP",10258,95.71,0,0,"Estimate"
"Wimmera","Joseph Murphy","DLP","Thomas Windsor","ALP",222,6.9,"Robert King","CP",2992,93.1,0,0,"Estimate"
