"Seat","From_candidate","From_party","To_candidate1","To_party1","Votes1","Vote_perc1","To_candidate2","To_party2","Votes2","Vote_perc2","Exhausted","Exhausted_perc","Calc_type"
"Darwin","Hubert Nichols","Nat","Henry Lane","ALP",404,14,"George Bell","Nat",2482,86,0,0,"Exact"
"Franklin","William McWilliams","Nat","Eric Ogilvie","ALP",1400,23.82,"Alfred Seabrook","Nat",4479,76.18,0,0,"Estimate"
"Franklin","Douglas Thompson","ALP","Eric Ogilvie","ALP",1373,87.21,"Alfred Seabrook","Nat",201,12.79,0,0,"Estimate"
"Gippsland","George Wise","Ind Nat","James Bermingham","ALP",1796,19.05,"Thomas Paterson","CP",7632,80.95,0,0,"Exact"
"Gwydir","Joseph McGowan","Nat","Lou Cunningham","ALP",465,5.75,"Aubrey Abbott","CP",7615,94.25,0,0,"Exact"
"Richmond","John Williams","CP","Harry Green","ALP",357,5.06,"Roland Green","CP",6694,94.94,0,0,"Estimate"
"Richmond","Joseph Greene","Nat","Harry Green","ALP",328,4.74,"Roland Green","CP",6607,95.26,0,0,"Estimate"
"Wannon","David Anderson","CP","John McNeill","ALP",1455,24.27,"Arthur Rodgers","Nat",4540,75.73,0,0,"Exact"
"Wilmot","Percy Best","Nat","Jens Jensen","ALP",322,10.28,"Llewellyn Atkinson","CP",2812,89.72,0,0,"Estimate"
"Wilmot","Atherfield Newman","Nat","Jens Jensen","ALP",465,17.34,"Llewellyn Atkinson","CP",2216,82.66,0,0,"Estimate"
