"Seat","From_candidate","From_party","To_candidate1","To_party1","Votes1","Vote_perc1","To_candidate2","To_party2","Votes2","Vote_perc2","Exhausted","Exhausted_perc","Calc_type"
"Barker","Frank Halleday","Ind","Harry Krantz","ALP",4644,44.19,"Archie Cameron","UAP31",5864,55.81,0,0,"Estimate"
"Barker","John Gartner","Ind","Harry Krantz","ALP",408,33.4,"Archie Cameron","UAP31",814,66.6,0,0,"Estimate"
"Bendigo","John Crawford","Ind","Bert de Grandi","ALP",1044,49.97,"George Rankin","CP",1045,50.03,0,0,"Estimate"
"Bendigo","Morton Garner","Ind UAP31","Bert de Grandi","ALP",490,22.78,"George Rankin","CP",1661,77.22,0,0,"Estimate"
"Bendigo","William Banks","Ind ALP","Bert de Grandi","ALP",662,51.25,"George Rankin","CP",630,48.75,0,0,"Estimate"
"Boothby","Alan Finger","CPA","Thomas Sheehy","ALP",5026,71.95,"Grenfell Price","UAP31",1960,28.05,0,0,"Estimate"
"Boothby","John Turner","CD","Thomas Sheehy","ALP",1268,54.38,"Grenfell Price","UAP31",1063,45.62,0,0,"Estimate"
"Bourke","David Smith","UAP31","Bill Bryson","ALP",8862,73.83,"Maurice Blackburn","Ind ALP",3142,26.17,0,0,"Estimate"
"Bourke","John March","Ind","Bill Bryson","ALP",1578,65.64,"Maurice Blackburn","Ind ALP",826,34.36,0,0,"Estimate"
"Corangamite","Elsie Brushfield","Ind","Harold Miller","ALP",463,24.96,"Allan McDonald","UAP31",1393,75.04,0,0,"Estimate"
"Corangamite","Sydney Donaldson","Ind CP","Harold Miller","ALP",349,21.23,"Allan McDonald","UAP31",1294,78.77,0,0,"Estimate"
"Cowper","Joseph McElhone","Ind","John Howard","ALP",2931,54.26,"Sir Earle Page","CP",2472,45.74,0,0,"Estimate"
"Cowper","Alexander Moore","OPA","John Howard","ALP",689,35.57,"Sir Earle Page","CP",1247,64.43,0,0,"Estimate"
"Darling Downs","Raymond Mullaly","Ind","Leslie Bailey","ALP",1849,54.42,"Arthur Fadden","CP",1549,45.58,0,0,"Estimate"
"Darling Downs","Hugh Phair","OPA","Leslie Bailey","ALP",429,43.37,"Arthur Fadden","CP",560,56.63,0,0,"Estimate"
"Darwin","John Leary","UAP31","Eric Reece","ALP",304,9.8,"Dame Enid Lyons","UAP31",2800,90.2,0,0,"Estimate"
"Darwin","Carrol Bramich","ALP","Eric Reece","ALP",2826,73.74,"Dame Enid Lyons","UAP31",1006,26.26,0,0,"Estimate"
"Darwin","John Wright","UAP31","Eric Reece","ALP",428,14.83,"Dame Enid Lyons","UAP31",2457,85.17,0,0,"Estimate"
"Darwin","Edgar Nicholls","Ind ALP","Eric Reece","ALP",1431,83.73,"Dame Enid Lyons","UAP31",278,16.27,0,0,"Estimate"
"Darwin","Roy Harvey","CPA","Eric Reece","ALP",451,73.24,"Dame Enid Lyons","UAP31",165,26.76,0,0,"Estimate"
"Deakin","Robert Elliott","Ind","Frank Williamson","ALP",1921,18.62,"William Hutchinson","UAP31",8397,81.38,0,0,"Estimate"
"Deakin","Alan Coffey","MCP","Frank Williamson","ALP",854,20.41,"William Hutchinson","UAP31",3331,79.59,0,0,"Estimate"
"Deakin","Dick Radclyffe","Ind UAP31","Frank Williamson","ALP",197,12.91,"William Hutchinson","UAP31",1329,87.09,0,0,"Estimate"
"Deakin","Arthur Coles","Ind","Frank Williamson","ALP",326,22.13,"William Hutchinson","UAP31",1145,77.87,0,0,"Estimate"
"Denison","Gerald Mahoney","Ind ALP","John Gaha","ALP",2629,84.28,"Arthur Beck","UAP31",491,15.72,0,0,"Estimate"
"Denison","George Walliss","CPA","John Gaha","ALP",656,84.81,"Arthur Beck","UAP31",117,15.19,0,0,"Estimate"
"Fawkner","William Cremor","Ind","Thomas Jude","ALP",1907,11.95,"Harold Holt","UAP31",14051,88.05,0,0,"Estimate"
"Fawkner","Vernon Margetts","Ind","Thomas Jude","ALP",1597,46.47,"Harold Holt","UAP31",1840,53.53,0,0,"Estimate"
"Fawkner","Malcolm Good","CPA","Thomas Jude","ALP",2488,75.39,"Harold Holt","UAP31",812,24.61,0,0,"Estimate"
"Fawkner","Charles Kennett","Ind","Thomas Jude","ALP",442,36.95,"Harold Holt","UAP31",754,63.05,0,0,"Estimate"
"Fawkner","Ruth Ravenscroft","Ind","Thomas Jude","ALP",167,43.84,"Harold Holt","UAP31",214,56.16,0,0,"Estimate"
"Flinders","Morton Moyes","CP","Frank Lee","ALP",1421,20.69,"Rupert Ryan","UAP31",5446,79.31,0,0,"Estimate"
"Flinders","Mabel Brookes","AWP43","Frank Lee","ALP",2702,50.94,"Rupert Ryan","UAP31",2603,49.06,0,0,"Estimate"
"Flinders","Rupert Clark","Ind","Frank Lee","ALP",1124,51.13,"Rupert Ryan","UAP31",1074,48.87,0,0,"Estimate"
"Gippsland","Herbert Birch","SCP","Wally Williames","ALP",496,9.34,"George Bowden","CP",4817,90.66,0,0,"Estimate"
"Gippsland","Stephen Ashton","Ind Dem43","Wally Williames","ALP",428,15.66,"George Bowden","CP",2306,84.34,0,0,"Estimate"
"Gippsland","Mervyn Morgan","OPA","Wally Williames","ALP",361,32.25,"George Bowden","CP",758,67.75,0,0,"Estimate"
"Herbert","Archie Graham","CP","George Martens","ALP",11847,86.52,"Fred Paterson","CPA",1846,13.48,0,0,"Estimate"
"Herbert","Charles Cook","Ind","George Martens","ALP",2675,81.07,"Fred Paterson","CPA",625,18.93,0,0,"Estimate"
"Lilley","Hans Beiers","OPA","James Hadley","ALP",2741,60.17,"William Jolly","UAP31",1814,39.83,0,0,"Estimate"
"Lilley","James Julin","Ind","James Hadley","ALP",428,35.95,"William Jolly","UAP31",763,64.05,0,0,"Estimate"
"New England","Charles Abbott","Ind","Herbert Oxford","ALP",391,15.59,"Joe Abbott","CP",2116,84.41,0,0,"Estimate"
"New England","James Fowler","OPA","Herbert Oxford","ALP",287,42.26,"Joe Abbott","CP",393,57.74,0,0,"Estimate"
"New England","Albert Royal","Ind","Herbert Oxford","ALP",276,58.9,"Joe Abbott","CP",192,41.1,0,0,"Estimate"
"Northern Territory","Jock Nelson","Ind ALP","Bob Murray","Ind ALP",347,57.68,"Adair Blain","Ind",255,42.32,0,0,"Estimate"
"Northern Territory","Hector Fuller","Ind","Bob Murray","Ind ALP",44,44.1,"Adair Blain","Ind",55,55.9,0,0,"Estimate"
"Northern Territory","Sydney Barker","Ind","Bob Murray","Ind ALP",36,36.73,"Adair Blain","Ind",63,63.27,0,0,"Estimate"
"Northern Territory","Alexander Grant","Ind","Bob Murray","Ind ALP",19,44.13,"Adair Blain","Ind",24,55.87,0,0,"Estimate"
"Northern Territory","Harry Russell","OPA","Bob Murray","Ind ALP",18,49.47,"Adair Blain","Ind",18,50.53,0,0,"Estimate"
"North Sydney","Patrick Williams","Ind","Leo Haylen","ALP",2585,42.16,"Billy Hughes","UAP31",3547,57.84,0,0,"Estimate"
"North Sydney","Eric Bentley","Ind","Leo Haylen","ALP",1925,57.49,"Billy Hughes","UAP31",1424,42.51,0,0,"Estimate"
"North Sydney","Jack Miles","CPA","Leo Haylen","ALP",2445,86.68,"Billy Hughes","UAP31",376,13.32,0,0,"Estimate"
"North Sydney","Jack Lewis","OPA","Leo Haylen","ALP",399,42.52,"Billy Hughes","UAP31",539,57.48,0,0,"Estimate"
"North Sydney","Oliver Partington","Ind","Leo Haylen","ALP",236,51.9,"Billy Hughes","UAP31",219,48.1,0,0,"Estimate"
"Parramatta","Ormond Bissett","LD","Arthur Treble","ALP",1175,13.23,"Sir Frederick Stewart","UAP31",7709,86.77,0,0,"Estimate"
"Parramatta","Robert Firebrace","NU","Arthur Treble","ALP",785,13.53,"Sir Frederick Stewart","UAP31",5021,86.47,0,0,"Estimate"
"Parramatta","Dexter Moore","Ind","Arthur Treble","ALP",181,16.91,"Sir Frederick Stewart","UAP31",888,83.09,0,0,"Estimate"
"Parramatta","Howard Miscamble","Ind UAP31","Arthur Treble","ALP",70,20.95,"Sir Frederick Stewart","UAP31",266,79.05,0,0,"Estimate"
"Perth","Thomas Hughes","Ind","Tom Burke","ALP",3036,37.43,"Walter Nairn","UAP31",5076,62.57,0,0,"Estimate"
"Perth","Clarrie Boyd","CPA","Tom Burke","ALP",3274,89.97,"Walter Nairn","UAP31",365,10.03,0,0,"Estimate"
"Perth","Stephenson Fox","Ind","Tom Burke","ALP",875,33.52,"Walter Nairn","UAP31",1736,66.48,0,0,"Estimate"
"Perth","Robert Nicholson","Ind","Tom Burke","ALP",468,31.19,"Walter Nairn","UAP31",1033,68.81,0,0,"Estimate"
"Perth","Dorothea Foster","Ind","Tom Burke","ALP",302,61.01,"Walter Nairn","UAP31",193,38.99,0,0,"Estimate"
"Perth","William Herbert","Ind","Tom Burke","ALP",168,40.21,"Walter Nairn","UAP31",251,59.79,0,0,"Estimate"
"Perth","Thomas Groves","Ind","Tom Burke","ALP",81,47.84,"Walter Nairn","UAP31",88,52.16,0,0,"Estimate"
"Reid","David Knox","UAP31","Jack Lang","LL43",1632,23.33,"Charles Morgan","ALP",5364,76.67,0,0,"Estimate"
"Reid","Jack Hughes","SL","Jack Lang","LL43",625,16.77,"Charles Morgan","ALP",3104,83.23,0,0,"Estimate"
"Reid","Dick George","Ind UAP31","Jack Lang","LL43",744,25.98,"Charles Morgan","ALP",2119,74.02,0,0,"Estimate"
"Reid","Alfred Turner","OPA","Jack Lang","LL43",474,27.44,"Charles Morgan","ALP",1254,72.56,0,0,"Estimate"
"Richmond","Alfred Anderson","OPA","Arthur Dodd","ALP",2571,23.61,"Larry Anthony","CP",8317,76.39,0,0,"Exact"
"Warringah","Stephen Stack","Ind","Ronald Ashworth","ALP",2795,29.79,"Percy Spender","UAP31",6586,70.21,0,0,"Estimate"
"Warringah","Gerald Robinson","Ind","Ronald Ashworth","ALP",596,36.24,"Percy Spender","UAP31",1048,63.76,0,0,"Estimate"
"Warringah","Douglas Morris","OPA","Ronald Ashworth","ALP",432,40.05,"Percy Spender","UAP31",646,59.95,0,0,"Estimate"
"Warringah","Edward Doherty","Ind MCP","Ronald Ashworth","ALP",283,66.47,"Percy Spender","UAP31",142,33.53,0,0,"Estimate"
"Wentworth","William Wentworth","Nat Gov","Jessie Street","ALP",2894,19.45,"Eric Harrison","UAP31",11981,80.55,0,0,"Estimate"
"Wentworth","Charles Mayo","LD","Jessie Street","ALP",486,29.37,"Eric Harrison","UAP31",1168,70.63,0,0,"Estimate"
"Wentworth","Thomas Whitehouse","Ind","Jessie Street","ALP",108,34.87,"Eric Harrison","UAP31",203,65.13,0,0,"Estimate"
"Wide Bay","James Heading","CP","George Watson","ALP",1483,19.31,"Bernard Corser","CP",6195,80.69,0,0,"Estimate"
"Wide Bay","Henry Madden","Ind","George Watson","ALP",2313,61.67,"Bernard Corser","CP",1437,38.33,0,0,"Estimate"
"Wide Bay","Clive Lambourne","Ind","George Watson","ALP",941,31.48,"Bernard Corser","CP",2047,68.52,0,0,"Estimate"
"Wilmot","John McGeary","Ind","Ern Pinkard","ALP",648,51.47,"Allan Guy","UAP31",611,48.53,0,0,"Exact"
