"Seat","From_candidate","From_party","To_candidate1","To_party1","Votes1","Vote_perc1","To_candidate2","To_party2","Votes2","Vote_perc2","Exhausted","Exhausted_perc","Calc_type"
"Adelaide","Alec Bagot","Ind","Kenneth Bardolph","ALP",2689,29.69,"Fred Stacey","UAP31",6366,70.31,0,0,"Estimate"
"Adelaide","Ernest Hergstrom","SC","Kenneth Bardolph","ALP",1282,53.36,"Fred Stacey","UAP31",1121,46.64,0,0,"Estimate"
"Adelaide","Arthur McArthur","Ind ALP","Kenneth Bardolph","ALP",754,44.04,"Fred Stacey","UAP31",957,55.96,0,0,"Estimate"
"Adelaide","Frank Blake","Ind ALP","Kenneth Bardolph","ALP",627,57.55,"Fred Stacey","UAP31",462,42.45,0,0,"Estimate"
"Ballaarat","Fred Edmunds","Ind UAP31","William McAdam","ALP",862,8.02,"Archibald Fisken","UAP31",9890,91.98,0,0,"Exact"
"Barton","John Macara","SC","John Eldridge","LL31",3963,68.04,"Albert Lane","UAP31",1861,31.96,0,0,"Estimate"
"Barton","Albert Willis","ALP","John Eldridge","LL31",1875,75.04,"Albert Lane","UAP31",624,24.96,0,0,"Estimate"
"Barton","Pat Drew","CPA","John Eldridge","LL31",1220,86.82,"Albert Lane","UAP31",185,13.18,0,0,"Estimate"
"Bass","George McElwee","Ind","Claude Barnard","ALP",4165,87.88,"Allan Guy","UAP31",575,12.12,0,0,"Estimate"
"Bass","John Watson","Ind","Claude Barnard","ALP",1247,47.76,"Allan Guy","UAP31",1363,52.24,0,0,"Estimate"
"Boothby","Keith Wilson","UAP31","David Fraser","ALP",197,1.47,"John Price","UAP31",13207,98.53,0,0,"Estimate"
"Boothby","Norman Truscott","SC","David Fraser","ALP",2160,65.58,"John Price","UAP31",1133,34.42,0,0,"Estimate"
"Boothby","Charles Barnard","Ind","David Fraser","ALP",1768,59.87,"John Price","UAP31",1185,40.13,0,0,"Estimate"
"Boothby","James Lumbers","Ind","David Fraser","ALP",555,52.74,"John Price","UAP31",497,47.26,0,0,"Estimate"
"Calare","Lewis Nott","UAP31","William Keast","LL31",873,10.07,"Harold Thorby","CP",7799,89.93,0,0,"Estimate"
"Calare","Reginald Phillips","ALP","William Keast","LL31",2154,69.62,"Harold Thorby","CP",940,30.38,0,0,"Estimate"
"Calare","Ethel Arthur-Smith","SC","William Keast","LL31",1206,72.47,"Harold Thorby","CP",458,27.53,0,0,"Estimate"
"Corangamite","Gordon McGregor","ACP34","Arthur Haywood","ALP",1041,19.96,"Geoffrey Street","UAP31",4176,80.04,0,0,"Estimate"
"Corangamite","Gordon Bristow","ACP34","Arthur Haywood","ALP",1785,41.19,"Geoffrey Street","UAP31",2549,58.81,0,0,"Estimate"
"Corangamite","Bevis Walters","Ind","Arthur Haywood","ALP",505,30.1,"Geoffrey Street","UAP31",1171,69.9,0,0,"Estimate"
"Darling","Arthur Blakeley","ALP","Joe Clark","LL31",10151,77.99,"Paul Goldenstedt","CP",2865,22.01,0,0,"Estimate"
"Darling","Stuart Coombe","CPA","Joe Clark","LL31",585,77.15,"Paul Goldenstedt","CP",173,22.85,0,0,"Estimate"
"Denison","Walter Woods","ALP","Gerald Mahoney","ALP",2702,85.68,"Arthur Hutchin","UAP31",452,14.32,0,0,"Estimate"
"Denison","Richard Darcey","ALP","Gerald Mahoney","ALP",1983,77.62,"Arthur Hutchin","UAP31",572,22.38,0,0,"Estimate"
"Denison","James Guthrie","SC","Gerald Mahoney","ALP",1460,72.29,"Arthur Hutchin","UAP31",560,27.71,0,0,"Estimate"
"Denison","John Lattin","ALP","Gerald Mahoney","ALP",1015,83.49,"Arthur Hutchin","UAP31",201,16.51,0,0,"Estimate"
"Echuca","William Hartshorne","ALP","Galloway Stewart","ACP34",1933,15.58,"John McEwen","UCP34",10474,84.42,0,0,"Estimate"
"Echuca","William Moss","ACP34","Galloway Stewart","ACP34",2909,33.58,"John McEwen","UCP34",5754,66.42,0,0,"Estimate"
"Franklin","John Modridge","SC","Charles Frost","ALP",1775,79.92,"Archibald Blacklow","UAP31",446,20.08,0,0,"Estimate"
"Franklin","George Frankcombe","CP","Charles Frost","ALP",557,26.71,"Archibald Blacklow","UAP31",1529,73.29,0,0,"Estimate"
"Fremantle","William Buchan","SC","John Curtin","ALP",2620,38.63,"Florence Cardell-Oliver","UAP31",4162,61.37,0,0,"Exact"
"Indi","Vernon Davies","UCP34","Paul Jones","ALP",1261,14.18,"William Hutchinson","UAP31",7633,85.82,0,0,"Exact"
"Lang","Colin Barclay-Smith","SC","Dan Mulcahy","LL31",4293,75.48,"Charles Robinson","UAP31",1394,24.52,0,0,"Estimate"
"Lang","Allan Howie","ALP","Dan Mulcahy","LL31",2889,78.79,"Charles Robinson","UAP31",778,21.21,0,0,"Estimate"
"Lang","Rufus Naylor","Ind","Dan Mulcahy","LL31",966,71.71,"Charles Robinson","UAP31",381,28.29,0,0,"Estimate"
"Macquarie","Ben Chifley","ALP","Tony Luchetti","LL31",6880,68.03,"John Lawson","UAP31",3234,31.97,0,0,"Estimate"
"Macquarie","Edward Smythe","SC","Tony Luchetti","LL31",690,62.8,"John Lawson","UAP31",409,37.2,0,0,"Estimate"
"Macquarie","Jock Jamieson","CPA","Tony Luchetti","LL31",595,67.89,"John Lawson","UAP31",281,32.11,0,0,"Estimate"
"New England","Patrick Cantwell","UAP31","John O'Connor","LL31",3673,30.08,"Victor Thompson","CP",8537,69.92,0,0,"Exact"
"Northern Territory","Charles Priest","CPA","Harold Nelson","ALP",47,55.29,"Adair Blain","Ind",38,44.71,0,0,"Exact"
"Perth","Tom Hartrey","WA Nat","Herb Graham","ALP",1723,25.67,"Walter Nairn","UAP31",4990,74.33,0,0,"Estimate"
"Perth","Carlyle Ferguson","Lib34","Herb Graham","ALP",1911,63.38,"Walter Nairn","UAP31",1104,36.62,0,0,"Estimate"
"Richmond","Jim Fredericks","LL31","Roland Green","CP",8216,58.72,"Jim Eggins","CP",5776,41.28,0,0,"Estimate"
"Richmond","Robert Gibson","CP","Roland Green","CP",2920,37.02,"Jim Eggins","CP",4967,62.98,0,0,"Estimate"
"Robertson","William Fleming","CP","Gordon Cross","LL31",889,15.51,"Sydney Gardner","UAP31",4843,84.49,0,0,"Estimate"
"Robertson","Campbell Marshall","CP","Gordon Cross","LL31",333,15.91,"Sydney Gardner","UAP31",1760,84.09,0,0,"Estimate"
"Wannon","Henry Bailey","UCP34","Don McLeod","ALP",5177,40.75,"Thomas Scholfield","UAP31",7526,59.25,0,0,"Exact"
"Werriwa","Bill Blake","CPA","Bert Lazzarini","LL31",2384,91.34,"Thomas Mutch","UAP31",226,8.66,0,0,"Estimate"
"Werriwa","Thomas Lavelle","ALP","Bert Lazzarini","LL31",1235,72.86,"Thomas Mutch","UAP31",460,27.14,0,0,"Estimate"
"Wimmera","William Morgan","UAP31","Les Simpson","UCP34",4435,50.47,"Hugh McClelland","ACP34",4353,49.53,0,0,"Estimate"
"Wimmera","Gordon Anderson","STL","Les Simpson","UCP34",3400,43.49,"Hugh McClelland","ACP34",4417,56.51,0,0,"Estimate"
