"Seat","From_candidate","From_party","To_candidate1","To_party1","Votes1","Vote_perc1","To_candidate2","To_party2","Votes2","Vote_perc2","Exhausted","Exhausted_perc","Calc_type"
"Angas","John Petch","CP","Adolf Thiel","ALP",1195,15.84,"Geoffrey Giles","Lib46",6348,84.16,0,0,"Estimate"
"Angas","Terence Critchley","DLP","Adolf Thiel","ALP",264,13.95,"Geoffrey Giles","Lib46",1628,86.05,0,0,"Estimate"
"Balaclava","Ralph James","DLP","Irene Dunsmuir","ALP",494,12.96,"Ray Whittorn","Lib46",3315,87.04,0,0,"Estimate"
"Balaclava","Leslie Rubinstein","Ind","Irene Dunsmuir","ALP",409,47.77,"Ray Whittorn","Lib46",448,52.23,0,0,"Estimate"
"Ballaarat","Anthony Balkin","DLP","David Williams","ALP",438,6.96,"Dudley Erwin","Lib46",5859,93.04,0,0,"Exact"
"Bendigo","Joseph Pearce","CP","David Kennedy","ALP",616,6.99,"John Bourchier","Lib46",8197,93.01,0,0,"Estimate"
"Bendigo","Paul Brennan","DLP","David Kennedy","ALP",497,11.64,"John Bourchier","Lib46",3770,88.36,0,0,"Estimate"
"Bennelong","Gladwys Leach","AP","Norman Russell","ALP",4497,72.39,"Sir John Cramer","Lib46",1715,27.61,0,0,"Estimate"
"Bennelong","Gwendoline Fitzpatrick","DLP","Norman Russell","ALP",326,15.97,"Sir John Cramer","Lib46",1714,84.03,0,0,"Estimate"
"Bennelong","Jean Sulima","DOGS","Norman Russell","ALP",724,68.23,"Sir John Cramer","Lib46",337,31.77,0,0,"Estimate"
"Bruce","Rex Harper","DLP","Russell Oakley","ALP",834,18,"Billy Snedden","Lib46",3798,82,0,0,"Estimate"
"Bruce","Peter Moore","AP","Russell Oakley","ALP",2917,71.03,"Billy Snedden","Lib46",1190,28.97,0,0,"Estimate"
"Canning","Ian Pratt","Lib46","Allan Scott","ALP",1396,8.79,"John Hallett","CP",14477,91.21,0,0,"Estimate"
"Canning","Patrick Hickey","DLP","Allan Scott","ALP",231,14.82,"John Hallett","CP",1327,85.18,0,0,"Estimate"
"Canning","Thomas Hartigan","AP","Allan Scott","ALP",719,50.06,"John Hallett","CP",717,49.94,0,0,"Estimate"
"Canning","Brian Burns","Ind","Allan Scott","ALP",251,19.33,"John Hallett","CP",1050,80.67,0,0,"Estimate"
"Chisholm","William Hoyne","DLP","Alastair Nicholson","ALP",848,21.17,"Tony Staley","Lib46",3158,78.83,0,0,"Estimate"
"Chisholm","Robert Cowley","AP","Alastair Nicholson","ALP",2024,60.34,"Tony Staley","Lib46",1330,39.66,0,0,"Estimate"
"Cook","Marjorie Gray","AP","Ray Thorburn","ALP",1601,71.81,"Don Dobie","Lib46",629,28.19,0,0,"Estimate"
"Cook","Bernard Forshaw","DLP","Ray Thorburn","ALP",135,10.95,"Don Dobie","Lib46",1097,89.05,0,0,"Estimate"
"Cook","Judith Sainsbury","DOGS","Ray Thorburn","ALP",450,66.8,"Don Dobie","Lib46",224,33.2,0,0,"Estimate"
"Cook","Ronald Gallagher","Ind","Ray Thorburn","ALP",75,48.77,"Don Dobie","Lib46",78,51.23,0,0,"Estimate"
"Darling Downs","Colin Brimblecombe","Lib46","James Thomas","ALP",697,5.96,"Tom McVeigh","CP",10998,94.04,0,0,"Estimate"
"Darling Downs","Eugene Connolly","DLP","James Thomas","ALP",297,8.9,"Tom McVeigh","CP",3044,91.1,0,0,"Estimate"
"Darling Downs","Ronald Alford","Ind","James Thomas","ALP",262,19.95,"Tom McVeigh","CP",1050,80.05,0,0,"Estimate"
"Deakin","Maurice Weston","DLP","William French","ALP",308,8.25,"Alan Jarman","Lib46",3424,91.75,0,0,"Estimate"
"Deakin","Gavan Burn","AP","William French","ALP",1765,75.57,"Alan Jarman","Lib46",571,24.43,0,0,"Estimate"
"Deakin","Harold Jeffrey","Ind","William French","ALP",873,52.63,"Alan Jarman","Lib46",785,47.37,0,0,"Estimate"
"Eden-Monaro","Edward Otton","Lib46","Bob Whan","ALP",601,4.98,"Roy Howard","CP",11473,95.02,0,0,"Estimate"
"Eden-Monaro","Anthony Abbey","DLP","Bob Whan","ALP",161,9.34,"Roy Howard","CP",1560,90.66,0,0,"Estimate"
"Eden-Monaro","Hugh Watson","AP","Bob Whan","ALP",672,61.56,"Roy Howard","CP",419,38.44,0,0,"Estimate"
"Evans","John Dease","AP","Allan Mulder","ALP",1489,56.31,"Malcolm Mackay","Lib46",1155,43.69,0,0,"Estimate"
"Evans","Noel MacDonald","Ind","Allan Mulder","ALP",434,25.35,"Malcolm Mackay","Lib46",1280,74.65,0,0,"Estimate"
"Evans","Gary Doherty","DLP","Allan Mulder","ALP",475,27.84,"Malcolm Mackay","Lib46",1230,72.16,0,0,"Estimate"
"Farrer","Anthony Quinn","DLP","Kevin Esler","ALP",590,16.7,"David Fairbairn","Lib46",2941,83.3,0,0,"Estimate"
"Farrer","Michael Donelan","AP","Kevin Esler","ALP",2286,67.36,"David Fairbairn","Lib46",1108,32.64,0,0,"Estimate"
"Flinders","John Glynn","DLP","Colin Bednall","ALP",311,13.05,"Phillip Lynch","Lib46",2069,86.95,0,0,"Estimate"
"Flinders","David Heath","AP","Colin Bednall","ALP",1196,66.43,"Phillip Lynch","Lib46",605,33.57,0,0,"Estimate"
"Forrest","David Reid","CP","Frank Kirwan","ALP",843,8.67,"Peter Drummond","Lib46",8880,91.33,0,0,"Estimate"
"Forrest","John Fleeton","DLP","Frank Kirwan","ALP",240,16.18,"Peter Drummond","Lib46",1243,83.82,0,0,"Estimate"
"Forrest","Russell Moffet","AP","Frank Kirwan","ALP",267,58.67,"Peter Drummond","Lib46",188,41.33,0,0,"Estimate"
"Griffith","Cecil Birchley","DLP","Edward Foat","ALP",316,8.98,"Donald Cameron","Lib46",3210,91.02,0,0,"Estimate"
"Griffith","Beth Smith","AP","Edward Foat","ALP",1101,71.28,"Donald Cameron","Lib46",443,28.72,0,0,"Estimate"
"Henty","Terence Farrell","DLP","Joan Child","ALP",408,10.39,"Max Fox","Lib46",3518,89.61,0,0,"Estimate"
"Henty","Michael Hughes","AP","Joan Child","ALP",1379,66.3,"Max Fox","Lib46",701,33.7,0,0,"Estimate"
"Herbert","Kiernan Dorney","DLP","Fabian Sweeney","ALP",529,11.21,"Robert Bonnett","Lib46",4190,88.79,0,0,"Estimate"
"Herbert","Leonard Weber","AP","Fabian Sweeney","ALP",931,71.02,"Robert Bonnett","Lib46",380,28.98,0,0,"Estimate"
"Hotham","Henry Beven","DLP","Barry Johnston","ALP",270,6.4,"Don Chipp","Lib46",3941,93.6,0,0,"Estimate"
"Hotham","Ian Kenner","Ind","Barry Johnston","ALP",276,32.57,"Don Chipp","Lib46",570,67.43,0,0,"Estimate"
"Hotham","John Murray","Ind","Barry Johnston","ALP",169,40.39,"Don Chipp","Lib46",249,59.61,0,0,"Estimate"
"Isaacs","Frederick Skinner","DLP","Gareth Clayton","ALP",311,8.57,"David Hamer","Lib46",3324,91.43,0,0,"Estimate"
"Isaacs","Peter Harrie","AP","Gareth Clayton","ALP",1269,50.76,"David Hamer","Lib46",1230,49.24,0,0,"Estimate"
"Lilley","James Morrissey","DLP","Frank Doyle","ALP",451,15.18,"Kevin Cairns","Lib46",2519,84.82,0,0,"Estimate"
"Lilley","David Proud","AP","Frank Doyle","ALP",968,63.66,"Kevin Cairns","Lib46",552,36.34,0,0,"Estimate"
"Lilley","Ralph Williams","Ind","Frank Doyle","ALP",120,51.47,"Kevin Cairns","Lib46",114,48.53,0,0,"Estimate"
"Macarthur","Jeff Bate","Ind","John Kerin","ALP",1473,13.01,"Max Dunbier","Lib46",9849,86.99,0,0,"Estimate"
"Macarthur","Dianne Allen","Ind","John Kerin","ALP",580,33.97,"Max Dunbier","Lib46",1126,66.03,0,0,"Estimate"
"Macarthur","Everardus Himmelreich","DLP","John Kerin","ALP",323,29.34,"Max Dunbier","Lib46",778,70.66,0,0,"Estimate"
"Macarthur","Stephen Quilkey","Ind","John Kerin","ALP",73,59.38,"Max Dunbier","Lib46",50,40.62,0,0,"Estimate"
"McMillan","Barrie Armitage","Lib46","Frank Mountford","ALP",487,4.05,"Arthur Hewson","CP",11538,95.95,0,0,"Estimate"
"McMillan","Michael Houlihan","DLP","Frank Mountford","ALP",194,5.42,"Arthur Hewson","CP",3389,94.58,0,0,"Estimate"
"McMillan","Alexander Buchanan","Ind","Frank Mountford","ALP",225,7.24,"Arthur Hewson","CP",2888,92.76,0,0,"Estimate"
"McPherson","Howard Richter","CP","Tom Veivers","ALP",1400,8.26,"Eric Robinson","Lib46",15549,91.74,0,0,"Estimate"
"McPherson","Victor Kearney","DLP","Tom Veivers","ALP",205,10.36,"Eric Robinson","Lib46",1773,89.64,0,0,"Estimate"
"McPherson","Robert Richardson","AP","Tom Veivers","ALP",1176,58.53,"Eric Robinson","Lib46",833,41.47,0,0,"Estimate"
"McPherson","John Black","Ind","Tom Veivers","ALP",160,21.2,"Eric Robinson","Lib46",593,78.8,0,0,"Estimate"
"McPherson","James Drabsch","Ind","Tom Veivers","ALP",25,20.7,"Eric Robinson","Lib46",95,79.3,0,0,"Estimate"
"Mitchell","Patricia Berzin","AP","Alfred Ashley-Brown","ALP",1966,72.05,"Les Irwin","Lib46",763,27.95,0,0,"Estimate"
"Mitchell","David Sanson","DLP","Alfred Ashley-Brown","ALP",232,12.03,"Les Irwin","Lib46",1693,87.97,0,0,"Estimate"
"Mitchell","David McArthur","Ind","Alfred Ashley-Brown","ALP",112,34.14,"Les Irwin","Lib46",217,65.86,0,0,"Estimate"
"Mitchell","Ivor F","Ind","Alfred Ashley-Brown","ALP",106,46.88,"Les Irwin","Lib46",120,53.12,0,0,"Estimate"
"Moore","John Hyde","Lib46","Peter Walsh","ALP",829,5.46,"Donald Maisey","CP",14368,94.54,0,0,"Estimate"
"Moore","Benjamin Ballantyne","DLP","Peter Walsh","ALP",351,14.14,"Donald Maisey","CP",2129,85.86,0,0,"Estimate"
"Moreton","Andrew Jackson","DLP","Joseph McDonald","ALP",357,10.94,"James Killen","Lib46",2905,89.06,0,0,"Estimate"
"Moreton","Arthur Smith","AP","Joseph McDonald","ALP",1044,69.29,"James Killen","Lib46",463,30.71,0,0,"Estimate"
"Northern Territory","Alexander Allan-Stewart","Ind","Ted Robertson","ALP",636,34.93,"Sam Calder","CP",1185,65.07,0,0,"Estimate"
"Northern Territory","Gordon Briscoe","AP","Ted Robertson","ALP",599,63.42,"Sam Calder","CP",345,36.58,0,0,"Estimate"
"Northern Territory","William Walsh","Ind","Ted Robertson","ALP",203,58.27,"Sam Calder","CP",146,41.73,0,0,"Estimate"
"Northern Territory","Charles Moffatt","AP","Ted Robertson","ALP",102,55.1,"Sam Calder","CP",83,44.9,0,0,"Estimate"
"Parramatta","James Mulheron","AP","Michael Whelan","ALP",1561,72.8,"Nigel Bowen","Lib46",583,27.2,0,0,"Estimate"
"Parramatta","Doris Brauer","DLP","Michael Whelan","ALP",207,13.69,"Nigel Bowen","Lib46",1302,86.31,0,0,"Estimate"
"Parramatta","Derek Barker","DOGS","Michael Whelan","ALP",456,40.75,"Nigel Bowen","Lib46",664,59.25,0,0,"Estimate"
"Parramatta","Graham Courtney","Ind","Michael Whelan","ALP",81,42.5,"Nigel Bowen","Lib46",110,57.5,0,0,"Estimate"
"Paterson","Aubrey Barr","DLP","Noel Unicomb","ALP",254,18.48,"Frank O'Keefe","CP",1122,81.52,0,0,"Estimate"
"Paterson","Alan Capp","AP","Noel Unicomb","ALP",488,48.53,"Frank O'Keefe","CP",517,51.47,0,0,"Estimate"
"Petrie","Gordon Olive","CP","Denis Murphy","ALP",504,7.96,"Marshall Cooke","Lib46",5828,92.04,0,0,"Estimate"
"Petrie","Frank Andrews","DLP","Denis Murphy","ALP",376,11.44,"Marshall Cooke","Lib46",2909,88.56,0,0,"Estimate"
"Petrie","Alexander Dewar","AP","Denis Murphy","ALP",1257,58.83,"Marshall Cooke","Lib46",880,41.17,0,0,"Estimate"
"Stirling","Brian Peachey","DLP","Harry Webb","ALP",660,15.56,"Ian Viner","Lib46",3583,84.44,0,0,"Exact"
"Wannon","Adrian McInerney","DLP","Edward Garth","ALP",281,7.41,"Malcolm Fraser","Lib46",3519,92.59,0,0,"Estimate"
"Wannon","Linden Cameron","Ind","Edward Garth","ALP",1118,48.93,"Malcolm Fraser","Lib46",1166,51.07,0,0,"Estimate"
"Wimmera","Robert Hawks","DLP","Brian Brooke","ALP",411,13.2,"Robert King","CP",2702,86.8,0,0,"Estimate"
"Wimmera","Ray Buckley","Ind","Brian Brooke","ALP",587,35.53,"Robert King","CP",1065,64.47,0,0,"Estimate"
