"Seat","From_candidate","From_party","To_candidate1","To_party1","Votes1","Vote_perc1","To_candidate2","To_party2","Votes2","Vote_perc2","Exhausted","Exhausted_perc","Calc_type"
"Adelaide","Crawford Vaughan","Ind EC","Edwin Yates","ALP",527,11.7,"Fred Stacey","EC",3973,88.3,0,0,"Estimate"
"Adelaide","Tom Howard","LL31","Edwin Yates","ALP",2144,70.11,"Fred Stacey","EC",914,29.89,0,0,"Estimate"
"Adelaide","Agnes Goode","Ind","Edwin Yates","ALP",889,36.29,"Fred Stacey","EC",1560,63.71,0,0,"Estimate"
"Adelaide","John Zwolsman","CPA","Edwin Yates","ALP",487,74.31,"Fred Stacey","EC",168,25.69,0,0,"Estimate"
"Ballaarat","Henry Bromfield","CP","Stewart Miller","ALP",1009,15.27,"Charles McGrath","UAP31",5599,84.73,0,0,"Exact"
"Barton","James Tully","ALP","John Eldridge","LL31",8565,66.51,"Albert Lane","UAP31",4312,33.49,0,0,"Exact"
"Bass","Harold Solomon","Nat","Claude Barnard","ALP",1078,21.42,"Allan Guy","UAP31",3954,78.58,0,0,"Exact"
"Batman","Frank Blake","ADP31","Frank Brennan","ALP",1428,61.49,"Samuel Dennis","UAP31",895,38.51,0,0,"Estimate"
"Batman","Jim Hannan","CPA","Frank Brennan","ALP",806,69.69,"Samuel Dennis","UAP31",350,30.31,0,0,"Estimate"
"Bourke","Walter Norman","Ind","Frank Anstey","ALP",715,30.33,"Roy Ivey","UAP31",1642,69.67,0,0,"Estimate"
"Bourke","James Adie","CPA","Frank Anstey","ALP",1234,75.07,"Roy Ivey","UAP31",410,24.93,0,0,"Estimate"
"Brisbane","Hugh Talty","LL31","George Lawson","ALP",1539,89.22,"Donald Cameron","UAP31",186,10.78,0,0,"Exact"
"Cook","Charles Robinson","UAP31","Jock Garden","LL31",167,2.09,"Edward Riley","ALP",7819,97.91,0,0,"Estimate"
"Cook","Tom Wright","CPA","Jock Garden","LL31",326,60.79,"Edward Riley","ALP",210,39.21,0,0,"Estimate"
"Corio","John Lister","Ind UAP31","Arthur Lewis","ALP",2302,16.22,"Richard Casey","UAP31",11889,83.78,0,0,"Exact"
"Dalley","Ted Theodore","ALP","Sol Rosevear","LL31",5293,72.79,"Sidney Massey","UAP31",1979,27.21,0,0,"Estimate"
"Dalley","William Little","Ind Nat","Sol Rosevear","LL31",141,15.64,"Sidney Massey","UAP31",761,84.36,0,0,"Estimate"
"Dalley","Jack Sylvester","CPA","Sol Rosevear","LL31",515,76.68,"Sidney Massey","UAP31",156,23.32,0,0,"Estimate"
"Darling","Richard Quintrell","LL31","Arthur Blakeley","ALP",7837,89.1,"Harold Campbell","CP",958,10.9,0,0,"Estimate"
"Darling","Ted Tripp","CPA","Arthur Blakeley","ALP",410,78.64,"Harold Campbell","CP",112,21.36,0,0,"Estimate"
"East Sydney","George Buckland","ALP","Eddie Ward","LL31",2258,44.17,"John Clasby","UAP31",2854,55.83,0,0,"Exact"
"Echuca","William Moss","Ind CP","Galloway Stewart","Ind CP",4276,53.32,"William Hill","CP",3744,46.68,0,0,"Estimate"
"Echuca","John Fitzpatrick","Ind UAP31","Galloway Stewart","Ind CP",750,34.58,"William Hill","CP",1418,65.42,0,0,"Estimate"
"Eden-Monaro","Arthur Christian","CP","Gerald O'Sullivan","ALP",2242,19.78,"John Perkins","UAP31",9092,80.22,0,0,"Exact"
"Fremantle","Keith Watson","Ind","John Curtin","ALP",1129,9.13,"William Watson","UAP31",11236,90.87,0,0,"Exact"
"Grey","James Hodgson","STL","Andrew Lacey","ALP",1347,36.66,"Philip McBride","EC",2327,63.34,0,0,"Estimate"
"Grey","Alfred Barns","Ind","Andrew Lacey","ALP",431,33.37,"Philip McBride","EC",861,66.63,0,0,"Estimate"
"Indi","Arthur Walter","CP","Paul Jones","ALP",755,9.42,"William Hutchinson","UAP31",7256,90.58,0,0,"Exact"
"Lang","William Long","ALP","Dan Mulcahy","LL31",6110,70.48,"Dick Dein","UAP31",2559,29.52,0,0,"Estimate"
"Lang","Alfred Bennett","UAP31","Dan Mulcahy","LL31",452,5.35,"Dick Dein","UAP31",7987,94.65,0,0,"Estimate"
"Macquarie","Tony Luchetti","LL31","Ben Chifley","ALP",8034,94.08,"John Lawson","UAP31",505,5.92,0,0,"Estimate"
"Macquarie","Robert Deveney","CPA","Ben Chifley","ALP",405,81.24,"John Lawson","UAP31",94,18.76,0,0,"Estimate"
"Maribyrnong","William Scott","ADP31","William Beckett","ALP",504,46.07,"James Fenton","UAP31",590,53.93,0,0,"Exact"
"Martin","Mac Abbott","UAP31","Charles Hankin","LL31",2202,13.99,"William Holman","UAP31",13539,86.01,0,0,"Estimate"
"Martin","James Catts","ALP","Charles Hankin","LL31",4826,67.99,"William Holman","UAP31",2272,32.01,0,0,"Estimate"
"Newcastle","James Kidd","LL31","David Watkins","ALP",11990,90.61,"Rowland Clark","AAL",1243,9.39,0,0,"Estimate"
"Newcastle","Walter Skelton","Ind ALP","David Watkins","ALP",4190,41.74,"Rowland Clark","AAL",5847,58.26,0,0,"Estimate"
"Newcastle","Jack Simpson","CPA","David Watkins","ALP",724,79.51,"Rowland Clark","AAL",186,20.49,0,0,"Estimate"
"North Sydney","Norman Nelson","LL31","Billy Hughes","UAP31",9153,72.09,"Norman Cowper","UAP31",3543,27.91,0,0,"Exact"
"Reid","Percy Coleman","ALP","Joe Gander","LL31",12942,65.62,"Robert Uebel","UAP31",6782,34.38,0,0,"Exact"
"Richmond","Jim Fredericks","Ind","Roland Green","CP",2569,30.65,"Robert Gibson","CP",5814,69.35,0,0,"Estimate"
"Richmond","Percy Tighe","CP","Roland Green","CP",2965,50.87,"Robert Gibson","CP",2865,49.13,0,0,"Estimate"
"Richmond","Leonard Greening","CP","Roland Green","CP",685,50.03,"Robert Gibson","CP",685,49.97,0,0,"Estimate"
"Riverina","John Heiss","LL31","Horace Nock","CP",5207,58.62,"Robert Hankinson","CP",3675,41.38,0,0,"Estimate"
"Riverina","Louis Levy","ALP","Horace Nock","CP",3396,57.07,"Robert Hankinson","CP",2555,42.93,0,0,"Estimate"
"South Sydney","Edward Riley","ALP","John Stewart","LL31",7326,69.69,"John Jennings","UAP31",3186,30.31,0,0,"Exact"
"Wannon","Arthur Rodgers","CP","John McNeill","ALP",1286,10.18,"Thomas Scholfield","UAP31",11341,89.82,0,0,"Exact"
"Werriwa","Ernest Tully","ALP","Bert Lazzarini","LL31",2849,66.96,"Walter McNicoll","CP",1405,33.04,0,0,"Estimate"
"Werriwa","Mont Sheppard","Ind AAL","Bert Lazzarini","LL31",145,29.31,"Walter McNicoll","CP",351,70.69,0,0,"Estimate"
"Wimmera","William Morgan","UAP31","Alexander Dowsley","Ind",2652,20.78,"Hugh McClelland","CP",10111,79.22,0,0,"Estimate"
"Wimmera","Samuel Lockhart","CP","Alexander Dowsley","Ind",1206,23.04,"Hugh McClelland","CP",4027,76.96,0,0,"Estimate"
"Wimmera","William McCann","CP","Alexander Dowsley","Ind",978,33.67,"Hugh McClelland","CP",1928,66.33,0,0,"Estimate"
