"Seat","From_candidate","From_party","To_candidate1","To_party1","Votes1","Vote_perc1","To_candidate2","To_party2","Votes2","Vote_perc2","Exhausted","Exhausted_perc","Calc_type"
"Adelaide","Andrew Sickerdick","AD","Chris Hurford","ALP",2427,55.41,"Jenni London","Lib46",1954,44.59,2,0.04,"Estimate"
"Adelaide","Mark Thiel","Ind","Chris Hurford","ALP",197,41.14,"Jenni London","Lib46",281,58.86,1,0.27,"Estimate"
"Adelaide","Bryan Stokes","NPA","Chris Hurford","ALP",152,35.16,"Jenni London","Lib46",280,64.84,2,0.57,"Estimate"
"Adelaide","John Buik","Ind","Chris Hurford","ALP",158,55.79,"Jenni London","Lib46",126,44.21,0,0.13,"Estimate"
"Aston","Harry Eichler","AD","John Saunderson","ALP",2340,59.93,"Rob Llewellyn","Lib46",1564,40.07,16,0.4,"Estimate"
"Aston","Robert Garratt","DLP","John Saunderson","ALP",653,46.18,"Rob Llewellyn","Lib46",762,53.82,18,1.27,"Estimate"
"Ballarat","Graham Gough","AD","John Mildren","ALP",921,42.8,"John Ronan","Lib46",1230,57.2,12,0.57,"Estimate"
"Ballarat","Douglas Stewart","NPA","John Mildren","ALP",159,16.65,"John Ronan","Lib46",799,83.35,3,0.26,"Estimate"
"Ballarat","John Ferwerda","DLP","John Mildren","ALP",212,28.79,"John Ronan","Lib46",524,71.21,1,0.15,"Estimate"
"Banks","Montague Green","AD","John Mountford","ALP",2435,53.07,"Max Parker","Lib46",2153,46.93,2,0.04,"Exact"
"Barker","Meg Lees","AD","Jeremy Moore","ALP",1441,44.19,"James Porter","Lib46",1820,55.81,5,0.17,"Estimate"
"Barker","Richard Jacka","NPA","Jeremy Moore","ALP",260,14.67,"James Porter","Lib46",1514,85.33,1,0.03,"Estimate"
"Barton","Ron George","AD","Gary Punch","ALP",1766,42.03,"Jim Bradfield","Lib46",2436,57.97,7,0.17,"Exact"
"Bass","Michael Preece","AD","Vicki Buchanan","ALP",1334,50.88,"Warwick Smith","Lib46",1288,49.12,2,0.08,"Exact"
"Batman","James Cockell","AD","Brian Howe","ALP",1203,51.76,"Mary Hoysted","Lib46",1120,48.24,15,0.63,"Estimate"
"Batman","Philip L'Huillier","DLP","Brian Howe","ALP",514,28.11,"Mary Hoysted","Lib46",1316,71.89,6,0.34,"Estimate"
"Bendigo","Reginald Holt","NPA","John Brumby","ALP",416,7.45,"Daryl McClure","Lib46",5175,92.55,8,0.13,"Estimate"
"Bendigo","Nola Rixon","AD","John Brumby","ALP",1064,57.44,"Daryl McClure","Lib46",789,42.56,164,8.12,"Estimate"
"Bendigo","Vincent Jordan","DLP","John Brumby","ALP",258,19.18,"Daryl McClure","Lib46",1086,80.82,17,1.23,"Estimate"
"Bennelong","Steve Gabell","AD","Margaret Duckett","ALP",2665,49.6,"John Howard","Lib46",2708,50.4,4,0.07,"Exact"
"Berowra","Chris Rogers","AD","Rodney Berry","ALP",2854,49.4,"Harry Edwards","Lib46",2923,50.6,0,0,"Exact"
"Blaxland","Samuel Adams","AD","Paul Keating","ALP",2507,60.81,"Bob Young","Lib46",1616,39.19,42,1.01,"Exact"
"Bonython","John Longhurst","AD","Neal Blewett","ALP",2761,52.32,"Graham Sara","Lib46",2516,47.68,2,0.04,"Exact"
"Boothby","Margaret-Ann Williams","AD","Bruce Whyatt","ALP",3379,55.79,"Steele Hall","Lib46",2678,44.21,7,0.11,"Estimate"
"Boothby","Douglas Lindley","NPA","Bruce Whyatt","ALP",177,30.27,"Steele Hall","Lib46",406,69.73,2,0.38,"Estimate"
"Bowman","Noel Willersdorf","NPA","Len Keogh","ALP",529,4.62,"Leo White","Lib46",10914,95.38,0,0,"Estimate"
"Bowman","Ronald Heindorff","AD","Len Keogh","ALP",1603,43.43,"Leo White","Lib46",2088,56.57,0,0,"Estimate"
"Braddon","Gavin Bugg","AD","Greg Peart","ALP",1041,50.98,"Chris Miles","Lib46",1001,49.02,5,0.24,"Exact"
"Bradfield","Emma Veitch","AD","Matthew Strassberg","ALP",2410,49.77,"David Connolly","Lib46",2432,50.23,22,0.45,"Exact"
"Brand","Thomas Renfrey","Ind","Wendy Fatin","ALP",1099,60.55,"Christopher Boyle","Lib46",716,39.45,5,0.27,"Exact"
"Brisbane","William Owen","NPA","Manfred Cross","ALP",661,7.06,"Ian Douglas","Lib46",8698,92.94,11,0.12,"Estimate"
"Brisbane","George Leigh","AD","Manfred Cross","ALP",1789,47.57,"Ian Douglas","Lib46",1972,52.43,3,0.07,"Estimate"
"Bruce","Michael Johnson","AD","Joan Graystone","ALP",2034,57.77,"Ken Aldred","Lib46",1487,42.23,7,0.21,"Estimate"
"Bruce","Mary Mulholland","DLP","Joan Graystone","ALP",473,21.9,"Ken Aldred","Lib46",1688,78.1,10,0.44,"Estimate"
"Burke","George Hunter","AD","Neil O'Keefe","ALP",1811,60.74,"Marisa d'Agostino","Lib46",1171,39.26,3,0.09,"Estimate"
"Burke","Leslie Vidler","NPA","Neil O'Keefe","ALP",241,13.19,"Marisa d'Agostino","Lib46",1582,86.81,0,0.01,"Estimate"
"Burke","Genevieve Cormick","DLP","Neil O'Keefe","ALP",338,39.44,"Marisa d'Agostino","Lib46",520,60.56,4,0.48,"Estimate"
"Calare","Ian Byrne","Lib46","David Simmons","ALP",571,5.3,"Russ Turner","NPA",10215,94.7,8,0.07,"Estimate"
"Calare","Margaret Stevenson","Ind","David Simmons","ALP",1876,40.86,"Russ Turner","NPA",2715,59.14,5,0.1,"Estimate"
"Calare","Gregory Hamilton","AD","David Simmons","ALP",1105,52.65,"Russ Turner","NPA",994,47.35,2,0.09,"Estimate"
"Calwell","Lesley Ellen","AD","Andrew Theophanous","ALP",1423,56.98,"Graham Anderson","Lib46",1075,43.02,4,0.14,"Estimate"
"Calwell","Martin Mulholland","DLP","Andrew Theophanous","ALP",391,44.96,"Graham Anderson","Lib46",478,55.04,1,0.17,"Estimate"
"Canberra","Robyn Hancock","NDP","Ros Kelly","ALP",3550,71.79,"Gary Humphries","Lib46",1395,28.21,0,0,"Estimate"
"Canberra","Fiona Richardson","AD","Ros Kelly","ALP",2475,60.55,"Gary Humphries","Lib46",1612,39.45,0,0,"Estimate"
"Canberra","Joanne Hansen","DSPA","Ros Kelly","ALP",468,64.58,"Gary Humphries","Lib46",256,35.42,0,0,"Estimate"
"Canning","Elizabeth Capill","AD","George Gear","ALP",1759,52.35,"Ricky Johnston","Lib46",1601,47.65,3,0.09,"Exact"
"Capricornia","Alan Agnew","Lib46","Keith Wright","ALP",1026,19.06,"Colin Webber","NPA",4356,80.94,3,0.05,"Estimate"
"Capricornia","Peter Knack","AD","Keith Wright","ALP",748,47.14,"Colin Webber","NPA",839,52.86,1,0.08,"Estimate"
"Capricornia","Eric Geissmann","Ind","Keith Wright","ALP",215,51.87,"Colin Webber","NPA",200,48.13,1,0.27,"Estimate"
"Casey","Michael Nardella","AD","Peter Steedman","ALP",2051,55.36,"Bob Halverson","Lib46",1655,44.64,3,0.07,"Estimate"
"Casey","John Garratt","DLP","Peter Steedman","ALP",550,31.58,"Bob Halverson","Lib46",1192,68.42,2,0.12,"Estimate"
"Casey","Robert Gray","NPA","Peter Steedman","ALP",130,17.92,"Bob Halverson","Lib46",597,82.08,2,0.29,"Estimate"
"Casey","Rosamund Ewan","PPA","Peter Steedman","ALP",221,39.3,"Bob Halverson","Lib46",341,60.7,2,0.4,"Estimate"
"Charlton","Lyn Godfrey","AD","Bob Brown","ALP",2967,48.6,"Don Harris","Lib46",3138,51.4,0,0,"Exact"
"Chifley","Dominic Fanning","AD","Roger Price","ALP",1469,49.81,"Ken Jessup","Lib46",1480,50.19,2,0.07,"Exact"
"Chisholm","Colin Rochford","AD","Helen Mayer","ALP",1944,49.55,"Graham Harris","Lib46",1980,50.45,4,0.1,"Estimate"
"Chisholm","Kevin Carroll","DLP","Helen Mayer","ALP",733,41.41,"Graham Harris","Lib46",1037,58.59,9,0.48,"Estimate"
"Chisholm","Ray Murphy","NPA","Helen Mayer","ALP",192,27.87,"Graham Harris","Lib46",498,72.13,3,0.37,"Estimate"
"Cook","Brett Gooley","AD","Peter McIlwaine","ALP",1788,50.06,"Don Dobie","Lib46",1784,49.94,0,0,"Exact"
"Corangamite","Robert Mann","AD","Gavan O'Connor","ALP",1424,65.54,"Stewart McArthur","Lib46",748,34.46,6,0.25,"Estimate"
"Corangamite","Bruce Webster","NPA","Gavan O'Connor","ALP",350,17.33,"Stewart McArthur","Lib46",1671,82.67,7,0.33,"Estimate"
"Corangamite","James Jordan","DLP","Gavan O'Connor","ALP",835,53.92,"Stewart McArthur","Lib46",713,46.08,11,0.72,"Estimate"
"Corangamite","Roy Charles","PPA","Gavan O'Connor","ALP",279,51.19,"Stewart McArthur","Lib46",267,48.81,6,1.18,"Estimate"
"Corio","Greta Pearce","AD","Gordon Scholes","ALP",1020,57.1,"Roger Phipps","Lib46",766,42.9,2,0.13,"Estimate"
"Corio","James King","NPA","Gordon Scholes","ALP",263,22.07,"Roger Phipps","Lib46",930,77.93,5,0.43,"Estimate"
"Corio","Louise Sharah","DLP","Gordon Scholes","ALP",426,49.36,"Roger Phipps","Lib46",437,50.64,2,0.23,"Estimate"
"Corio","Ian Green","Ind","Gordon Scholes","ALP",169,46.01,"Roger Phipps","Lib46",198,53.99,1,0.17,"Estimate"
"Cowan","Alan Needham","AD","Carolyn Jakobsen","ALP",1476,47.91,"Jeff Roberts","Lib46",1605,52.09,0,0,"Exact"
"Cowper","Peter Simpson","Lib46","Joe Moran","ALP",949,7.89,"Garry Nehl","NPA",11075,92.11,8,0.07,"Estimate"
"Cowper","David Rees","Ind","Joe Moran","ALP",497,24.5,"Garry Nehl","NPA",1529,75.5,1,0.06,"Estimate"
"Cowper","Alfred Tozer","AD","Joe Moran","ALP",809,46.82,"Garry Nehl","NPA",919,53.18,1,0.08,"Estimate"
"Cowper","Keith Jervis","Ind","Joe Moran","ALP",639,42.71,"Garry Nehl","NPA",857,57.29,3,0.17,"Estimate"
"Cunningham","Greg Butler","AD","Stewart West","ALP",2091,48.96,"Gayle Mitchell","Lib46",2179,51.04,11,0.25,"Estimate"
"Cunningham","Neil Cleary","Ind","Stewart West","ALP",620,51.05,"Gayle Mitchell","Lib46",595,48.95,6,0.47,"Estimate"
"Cunningham","Rudolph Dezelin","Ind","Stewart West","ALP",363,58.98,"Gayle Mitchell","Lib46",252,41.02,6,0.92,"Estimate"
"Cunningham","John Garcia","SWP","Stewart West","ALP",426,76.72,"Gayle Mitchell","Lib46",129,23.28,6,1.02,"Estimate"
"Curtin","Marjorie McKercher","AD","Beth Schultz","ALP",2737,58.47,"Allan Rocher","Lib46",1944,41.53,9,0.19,"Exact"
"Dawson","Antony Lucas","AD","John Bird","ALP",906,47.36,"Ray Braithwaite","NPA",1007,52.64,0,0,"Exact"
"Deakin","Jeffrey McAlpine","AD","Richard Johns","ALP",2216,58.76,"Julian Beale","Lib46",1556,41.24,2,0.05,"Estimate"
"Deakin","Peter Ferwerda","DLP","Richard Johns","ALP",334,26.95,"Julian Beale","Lib46",904,73.05,2,0.17,"Estimate"
"Denison","Mary Willey","Ind","Kay Spurr","ALP",2207,58.95,"Michael Hodgman","Lib46",1537,41.05,3,0.08,"Exact"
"Dobell","Lynn Sawyer","AD","Michael Lee","ALP",2047,49.11,"Isaac Shields","Lib46",2121,50.89,0,0,"Exact"
"Dundas","John Tuminello","AD","Margaret Blaxell","ALP",3147,58.28,"Philip Ruddock","Lib46",2253,41.72,0,0,"Exact"
"Dunkley","Grenville Charles","AD","Bob Chynoweth","ALP",2164,61.56,"Leonie Clark","Lib46",1352,38.44,3,0.08,"Estimate"
"Dunkley","Judy Hale","NPA","Bob Chynoweth","ALP",224,15.04,"Leonie Clark","Lib46",1266,84.96,4,0.25,"Estimate"
"Dunkley","John Cass","DLP","Bob Chynoweth","ALP",303,48.93,"Leonie Clark","Lib46",315,51.07,3,0.56,"Estimate"
"Eden-Monaro","Bob Shumack","NDP","Jim Snow","ALP",2343,68.22,"Murray Sainsbury","Lib46",1091,31.78,1,0.03,"Estimate"
"Eden-Monaro","Alexander Black","NPA","Jim Snow","ALP",334,15.38,"Murray Sainsbury","Lib46",1840,84.62,4,0.19,"Estimate"
"Fadden","Alun Preece","NPA","Peter Wilson","ALP",637,7.29,"David Jull","Lib46",8101,92.71,0,0,"Estimate"
"Fadden","Janice Barber","AD","Peter Wilson","ALP",1746,52.07,"David Jull","Lib46",1608,47.93,0,0,"Estimate"
"Fairfax","Terry Welch","Lib46","Peter Shooter","ALP",954,12.89,"Evan Adermann","NPA",6446,87.11,2,0.02,"Estimate"
"Fairfax","Bob Borsellino","AD","Peter Shooter","ALP",2003,55.55,"Evan Adermann","NPA",1603,44.45,2,0.06,"Estimate"
"Farrer","John Roach","Lib46","Eric Thomas","ALP",782,6.06,"Tim Fischer","NPA",12130,93.94,3,0.02,"Exact"
"Fisher","Lionel Kilner","Lib46","Garth Head","ALP",875,10.94,"Peter Slipper","NPA",7120,89.06,3,0.03,"Estimate"
"Fisher","Kent Farrell","AD","Garth Head","ALP",2076,54.6,"Peter Slipper","NPA",1727,45.4,4,0.11,"Estimate"
"Flinders","Murray Gill","AD","Russell Joiner","ALP",1383,57.93,"Peter Reith","Lib46",1004,42.07,2,0.1,"Estimate"
"Flinders","Paul van Staveren","NPA","Russell Joiner","ALP",252,14.2,"Peter Reith","Lib46",1526,85.8,2,0.11,"Estimate"
"Flinders","John McNamara","DLP","Russell Joiner","ALP",252,39.14,"Peter Reith","Lib46",392,60.86,2,0.35,"Estimate"
"Flinders","John Miln","PPA","Russell Joiner","ALP",205,38.84,"Peter Reith","Lib46",323,61.16,1,0.27,"Estimate"
"Forde","Francis Gaffy","NPA","Hamish Linacre","ALP",1146,13.23,"David Watson","Lib46",7516,86.77,13,0.14,"Estimate"
"Forde","Michael Coogan","AD","Hamish Linacre","ALP",1510,42.42,"David Watson","Lib46",2049,57.58,5,0.15,"Estimate"
"Forrest","Anne Fussell","AD","Peter Holland","ALP",945,55.57,"Peter Drummond","Lib46",756,44.43,0,0,"Estimate"
"Forrest","Alfred Bessell","Ind","Peter Holland","ALP",205,31.88,"Peter Drummond","Lib46",437,68.12,4,0.62,"Estimate"
"Fowler","David Bransdon","Ind","Ted Grace","ALP",1729,56.65,"Ken Wills","Lib46",1323,43.35,13,0.42,"Exact"
"Franklin","John Thomson","AD","John Devereux","ALP",1891,64.89,"Bruce Goodluck","Lib46",1023,35.11,2,0.07,"Exact"
"Fraser","Andrew Freeman","AD","John Langmore","ALP",3140,51.18,"John McLaren","Lib46",2996,48.82,2,0.04,"Estimate"
"Fraser","Rozalyn Daniell","DSPA","John Langmore","ALP",1185,56.52,"John McLaren","Lib46",912,43.48,5,0.23,"Estimate"
"Fraser","Emile Brunoro","Ind","John Langmore","ALP",433,58.85,"John McLaren","Lib46",303,41.15,1,0.18,"Estimate"
"Fraser","Kevin Wise","Ind","John Langmore","ALP",173,49.22,"John McLaren","Lib46",178,50.78,2,0.58,"Estimate"
"Fraser","Arthur Burns","Ind","John Langmore","ALP",147,42.79,"John McLaren","Lib46",196,57.21,2,0.44,"Estimate"
"Fremantle","Shirley de la Hunty","AD","John Dawkins","ALP",1859,55.41,"Max Adams","Lib46",1496,44.59,7,0.2,"Estimate"
"Fremantle","Timothy Peach","Ind","John Dawkins","ALP",406,62.73,"Max Adams","Lib46",241,37.27,3,0.52,"Estimate"
"Gellibrand","Shirley Bold","AD","Ralph Willis","ALP",1171,54.83,"Christopher Gowing","Lib46",965,45.17,12,0.54,"Estimate"
"Gellibrand","Margaret Reed","DLP","Ralph Willis","ALP",488,50,"Christopher Gowing","Lib46",488,50,6,0.58,"Estimate"
"Gellibrand","James Doughney","SWP","Ralph Willis","ALP",563,85.21,"Christopher Gowing","Lib46",98,14.79,11,1.61,"Estimate"
"Gilmore","Noel Anderson","Lib46","Bob Stephens","ALP",642,5.26,"John Sharp","NPA",11560,94.74,11,0.09,"Estimate"
"Gilmore","Rodney Lander","NDP","Bob Stephens","ALP",1195,59.88,"John Sharp","NPA",800,40.12,8,0.38,"Estimate"
"Gilmore","John Sanders","AD","Bob Stephens","ALP",674,42.29,"John Sharp","NPA",919,57.71,2,0.12,"Estimate"
"Gilmore","Ronald Sarina","Ind","Bob Stephens","ALP",56,49.21,"John Sharp","NPA",57,50.79,1,1.01,"Estimate"
"Gippsland","Rod Conley","Lib46","Bill de Vink","ALP",759,6.34,"Peter McGauran","NPA",11210,93.66,15,0.12,"Estimate"
"Gippsland","Peter Gardner","NDP","Bill de Vink","ALP",1856,69.24,"Peter McGauran","NPA",824,30.76,22,0.81,"Estimate"
"Gippsland","Wilma Western","AD","Bill de Vink","ALP",853,47.36,"Peter McGauran","NPA",948,52.64,7,0.41,"Estimate"
"Gippsland","Ben Buckley","Ind","Bill de Vink","ALP",472,40.24,"Peter McGauran","NPA",700,59.76,4,0.3,"Estimate"
"Gippsland","Margaret Handley","DLP","Bill de Vink","ALP",231,29.41,"Peter McGauran","NPA",555,70.59,3,0.43,"Estimate"
"Goldstein","Maureen Boaler","AD","Garry Moore","ALP",2120,65.99,"Ian Macphee","Lib46",1093,34.01,19,0.6,"Estimate"
"Goldstein","Patrick Keelan","DLP","Garry Moore","ALP",998,57.14,"Ian Macphee","Lib46",748,42.86,17,0.94,"Estimate"
"Goldstein","Pat Brown","NPA","Garry Moore","ALP",283,28.02,"Ian Macphee","Lib46",728,71.98,3,0.31,"Estimate"
"Grayndler","Peter Hennessy","AD","Leo McLeay","ALP",1694,54.95,"John Marsden-Lynch","Lib46",1388,45.05,8,0.27,"Estimate"
"Grayndler","Christine Broi","SWP","Leo McLeay","ALP",922,31.95,"John Marsden-Lynch","Lib46",1966,68.05,21,0.71,"Estimate"
"Greenway","Michael Corbin","Ind","Russ Gorman","ALP",1647,29.73,"Edna Mitchell","Lib46",3893,70.27,17,0.31,"Estimate"
"Greenway","Ray Eade","Ind","Russ Gorman","ALP",2232,87.55,"Edna Mitchell","Lib46",317,12.45,8,0.3,"Estimate"
"Grey","Harm Folkers","AD","Lloyd O'Neil","ALP",2210,60.98,"Russell Reid","Lib46",1414,39.02,2,0.05,"Estimate"
"Grey","Robin Dixon-Thompson","NPA","Lloyd O'Neil","ALP",550,23.4,"Russell Reid","Lib46",1801,76.6,3,0.14,"Estimate"
"Griffith","Sean Cousins","NPA","Ben Humphreys","ALP",1432,15.05,"Kaylene Low","Lib46",8078,84.95,11,0.12,"Estimate"
"Griffith","Daniel Roth","AD","Ben Humphreys","ALP",1588,53.02,"Kaylene Low","Lib46",1407,46.98,1,0.02,"Estimate"
"Griffith","Helen Jones","SWP","Ben Humphreys","ALP",393,66.55,"Kaylene Low","Lib46",198,33.45,1,0.18,"Estimate"
"Groom","Alexander Munro","Lib46","Ronald Cullin","ALP",574,10.6,"Tom McVeigh","NPA",4843,89.4,0,0,"Estimate"
"Groom","Raymond Dow","AD","Ronald Cullin","ALP",998,46.2,"Tom McVeigh","NPA",1162,53.8,0,0,"Estimate"
"Gwydir","Lyall Munro","AD","Pamela Smith","ALP",909,46.53,"Ralph Hunt","NPA",1045,53.47,4,0.18,"Estimate"
"Gwydir","John Brazier","Ind","Pamela Smith","ALP",367,37.89,"Ralph Hunt","NPA",601,62.11,0,0.05,"Estimate"
"Hawker","Graham Pamount","AD","Ralph Jacobi","ALP",2489,51.45,"Charles Campbell","Lib46",2347,48.55,16,0.34,"Estimate"
"Hawker","Thomas Correll","NPA","Ralph Jacobi","ALP",149,14.38,"Charles Campbell","Lib46",893,85.62,3,0.24,"Estimate"
"Henty","Margaret Moore","AD","Joan Child","ALP",1748,54.41,"Rudi Michelson","Lib46",1464,45.59,4,0.14,"Estimate"
"Henty","Martin Callanan","DLP","Joan Child","ALP",391,39.64,"Rudi Michelson","Lib46",595,60.36,2,0.22,"Estimate"
"Henty","Peter Ryan","NPA","Joan Child","ALP",192,27.83,"Rudi Michelson","Lib46",497,72.17,1,0.2,"Estimate"
"Herbert","Theo Theofanes","Lib46","Ted Lindsay","ALP",783,9.41,"Vicky Kippin","NPA",7541,90.59,2,0.02,"Estimate"
"Herbert","Ana Bristowe-Lamb","AD","Ted Lindsay","ALP",1145,50.39,"Vicky Kippin","NPA",1127,49.61,1,0.05,"Estimate"
"Higgins","Laurence Levy","AD","Kenneth Penaluna","ALP",2174,61.02,"Roger Shipton","Lib46",1389,38.98,7,0.2,"Estimate"
"Higgins","Babette Francis","NPA","Kenneth Penaluna","ALP",315,19.76,"Roger Shipton","Lib46",1281,80.24,4,0.25,"Estimate"
"Higgins","Robert Semmel","DLP","Kenneth Penaluna","ALP",279,40.6,"Roger Shipton","Lib46",409,59.4,4,0.55,"Estimate"
"Hindmarsh","Ian Haines","AD","John Scott","ALP",2556,41.79,"Barry Lewis","Lib46",3561,58.21,7,0.11,"Estimate"
"Hindmarsh","Paul Petit","SWP","John Scott","ALP",405,74.91,"Barry Lewis","Lib46",135,25.09,2,0.4,"Estimate"
"Hinkler","Ronald Owen","Lib46","Brian Courtice","ALP",467,15.91,"Bryan Conquest","NPA",2467,84.09,6,0.19,"Estimate"
"Hinkler","Frank Coulthard","AD","Brian Courtice","ALP",1002,43.23,"Bryan Conquest","NPA",1317,56.77,3,0.13,"Estimate"
"Hinkler","Marcus Platen","Ind","Brian Courtice","ALP",127,44.53,"Bryan Conquest","NPA",158,55.47,2,0.78,"Estimate"
"Holt","Louise Stewart","AD","Michael Duffy","ALP",1377,55.8,"John Ferwerda","Lib46",1090,44.2,0,0,"Estimate"
"Holt","Brian McDonald","DLP","Michael Duffy","ALP",452,47.13,"John Ferwerda","Lib46",508,52.87,0,0,"Estimate"
"Hotham","Greg Chipp","AD","Lewis Kent","ALP",2262,45.05,"Michael Heffernan","Lib46",2760,54.95,6,0.11,"Estimate"
"Hotham","Edwards Woods","DLP","Lewis Kent","ALP",468,25.44,"Michael Heffernan","Lib46",1369,74.56,8,0.45,"Estimate"
"Hughes","Harold Jeffrey","AD","Robert Tickner","ALP",2101,51.77,"Cliff Mason","Lib46",1957,48.23,0,0,"Estimate"
"Hughes","Marjorie Wisby","Ind","Robert Tickner","ALP",192,38.67,"Cliff Mason","Lib46",305,61.33,0,0,"Estimate"
"Hume","Stephen Lusher","NPA","Rodney Milliken","ALP",1879,10.3,"Wal Fife","Lib46",16364,89.7,2,0.01,"Exact"
"Hunter","John Turner","NPA","Eric Fitzgibbon","ALP",1582,12.75,"Ron Dolton","Lib46",10830,87.25,8,0.06,"Estimate"
"Hunter","Warren Reid","AD","Eric Fitzgibbon","ALP",1471,49.92,"Ron Dolton","Lib46",1476,50.08,5,0.19,"Estimate"
"Indi","Bill Baxter","NPA","Joe Murphy","ALP",1200,6.82,"Ewen Cameron","Lib46",16392,93.18,10,0.05,"Estimate"
"Indi","Geoffrey le Couteur","AD","Joe Murphy","ALP",715,39.93,"Ewen Cameron","Lib46",1075,60.07,7,0.38,"Estimate"
"Indi","Paul Carroll","DLP","Joe Murphy","ALP",204,26.21,"Ewen Cameron","Lib46",574,73.79,2,0.21,"Estimate"
"Isaacs","Peter Lindemann","AD","David Charles","ALP",1541,41.74,"Peter Zablud","Lib46",2151,58.26,1,0.02,"Estimate"
"Isaacs","Dudley de Rozario","DLP","David Charles","ALP",316,33.96,"Peter Zablud","Lib46",615,66.04,2,0.2,"Estimate"
"Isaacs","Charles Lacey","NPA","David Charles","ALP",212,27.38,"Peter Zablud","Lib46",562,72.62,0,0.03,"Estimate"
"Jagajaga","Peter Lovell","AD","Peter Staples","ALP",923,30.47,"Frederick Garratt","Lib46",2107,69.53,8,0.26,"Estimate"
"Jagajaga","Len Moore","DLP","Peter Staples","ALP",685,32.79,"Frederick Garratt","Lib46",1405,67.21,16,0.77,"Estimate"
"Jagajaga","Nino de Tress","Ind","Peter Staples","ALP",128,36.12,"Frederick Garratt","Lib46",228,63.88,1,0.22,"Estimate"
"Kalgoorlie","David Nourish","NDP","Graeme Campbell","ALP",1680,64.03,"Douglas Krepp","Lib46",943,35.97,0,0,"Estimate"
"Kalgoorlie","William Mason","AD","Graeme Campbell","ALP",893,54.18,"Douglas Krepp","Lib46",756,45.82,0,0,"Estimate"
"Kennedy","Gerald Porter","Lib46","Brigid Walsh","ALP",324,13.76,"Bob Katter","NPA",2031,86.24,3,0.11,"Estimate"
"Kennedy","Lance Winter","AD","Brigid Walsh","ALP",769,48.55,"Bob Katter","NPA",815,51.45,2,0.15,"Estimate"
"Kingsford-Smith","Peter Longfield","AD","Lionel Bowen","ALP",3103,68.87,"Collin O'Neill","Lib46",1403,31.13,13,0.29,"Estimate"
"Kingsford-Smith","Helen Boyle","Ind","Lionel Bowen","ALP",1695,73.14,"Collin O'Neill","Lib46",622,26.86,4,0.16,"Estimate"
"Kingston","Robert Ralph","AD","Gordon Bilney","ALP",2294,46.4,"Richard Noble","Lib46",2651,53.6,6,0.11,"Estimate"
"Kingston","Paul Breakwell","NDP","Gordon Bilney","ALP",1376,60.73,"Richard Noble","Lib46",890,39.27,4,0.18,"Estimate"
"Kingston","Neville Agars","NPA","Gordon Bilney","ALP",154,26.49,"Richard Noble","Lib46",428,73.51,2,0.39,"Estimate"
"Kooyong","Russell White","AD","Kate Nash","ALP",1753,51.8,"Andrew Peacock","Lib46",1632,48.2,0,0,"Estimate"
"Kooyong","John Mulholland","DLP","Kate Nash","ALP",355,30.72,"Andrew Peacock","Lib46",801,69.28,0,0,"Estimate"
"Kooyong","David Greagg","Ind","Kate Nash","ALP",201,57.13,"Andrew Peacock","Lib46",150,42.87,0,0,"Estimate"
"Lalor","Barry McLeod","AD","Barry Jones","ALP",1207,50.67,"Mark Pallett","Lib46",1176,49.33,0,0,"Estimate"
"Lalor","Gail de Rozario","DLP","Barry Jones","ALP",338,40.29,"Mark Pallett","Lib46",500,59.71,1,0.12,"Estimate"
"La Trobe","Andrew McCann","AD","Peter Milton","ALP",2071,49.52,"Ted French","Lib46",2111,50.48,3,0.07,"Estimate"
"La Trobe","Julie Garratt","DLP","Peter Milton","ALP",446,45.78,"Ted French","Lib46",528,54.22,2,0.23,"Estimate"
"Leichhardt","Hugh Anthony","Lib46","John Gayler","ALP",821,21.18,"Eda Celledoni","NPA",3058,78.82,0,0,"Estimate"
"Leichhardt","Cliff Truelove","AD","John Gayler","ALP",1430,53.45,"Eda Celledoni","NPA",1245,46.55,0,0,"Estimate"
"Leichhardt","Daas Saba","Ind","John Gayler","ALP",219,47.27,"Eda Celledoni","NPA",244,52.73,0,0,"Estimate"
"Lilley","John Frew","NPA","Elaine Darling","ALP",364,3.05,"Ian Parminter","Lib46",11581,96.95,13,0.11,"Estimate"
"Lilley","Anthony Catip","Ind","Elaine Darling","ALP",373,45.64,"Ian Parminter","Lib46",444,54.36,4,0.51,"Estimate"
"Lindsay","Kevin Crameri","AD","Ross Free","ALP",2276,48.6,"Stuart Coppock","Lib46",2407,51.4,0,0,"Exact"
"Lowe","Kent Buncombe","AD","Michael Maher","ALP",1732,39.44,"Geoffrey Howe","Lib46",2660,60.56,8,0.18,"Exact"
"Lyne","Roland Inman","AD","Fred May","ALP",1626,47.82,"Bruce Cowan","NPA",1773,52.18,2,0.05,"Estimate"
"Lyne","Stewart Cooper","Ind","Fred May","ALP",481,55.87,"Bruce Cowan","NPA",381,44.13,1,0.14,"Estimate"
"Lyons","Liz Holloway","AD","David Llewellyn","ALP",1871,66.07,"Max Burr","Lib46",961,33.93,13,0.46,"Exact"
"Macarthur","Meg Sampson","AD","Stephen Martin","ALP",3820,59.56,"Mark Stanham","Lib46",2594,40.44,7,0.11,"Exact"
"Mackellar","Graeme Maclennan","AD","Tim Cusack","ALP",2479,45.33,"Jim Carlton","Lib46",2991,54.67,2,0.03,"Estimate"
"Mackellar","Maurice Foley","Ind","Tim Cusack","ALP",407,41.61,"Jim Carlton","Lib46",570,58.39,0,0.02,"Estimate"
"Macquarie","Dick Jackson-Hope","AD","Garry Cronan","ALP",2328,57.46,"Alasdair Webster","Lib46",1724,42.54,1,0.02,"Estimate"
"Macquarie","Peter Quirk","Ind","Garry Cronan","ALP",1639,53.45,"Alasdair Webster","Lib46",1427,46.55,3,0.1,"Estimate"
"Macquarie","Paul McGirr","NPA","Garry Cronan","ALP",449,14.81,"Alasdair Webster","Lib46",2582,85.19,5,0.18,"Estimate"
"Makin","Andrew Coventry","AD","Peter Duncan","ALP",2581,47.83,"Neville Joyce","Lib46",2815,52.17,5,0.1,"Estimate"
"Makin","Bernhard Buechner","Ind","Peter Duncan","ALP",787,54.82,"Neville Joyce","Lib46",649,45.18,6,0.44,"Estimate"
"Makin","John Henderson","NPA","Peter Duncan","ALP",142,34.49,"Neville Joyce","Lib46",270,65.51,0,0.07,"Estimate"
"Mallee","M. Treseder","Lib46","Lindsay Leake","ALP",446,4.7,"Peter Fisher","NPA",9037,95.3,23,0.24,"Estimate"
"Mallee","Robert Hogarth","DLP","Lindsay Leake","ALP",1060,60.25,"Peter Fisher","NPA",699,39.75,17,0.98,"Estimate"
"Mallee","Colin Cavanagh","AD","Lindsay Leake","ALP",458,34.86,"Peter Fisher","NPA",855,65.14,5,0.36,"Estimate"
"Mallee","Albertus Stoutjesdijk","Ind","Lindsay Leake","ALP",140,22.85,"Peter Fisher","NPA",472,77.15,1,0.14,"Estimate"
"Maranoa","Mick Brannigan","AD","Dave Summers","ALP",1826,53.96,"Ian Cameron","NPA",1558,46.04,0,0,"Exact"
"Maribyrnong","Rosemary Maurus","DLP","Alan Griffiths","ALP",1611,62.86,"Sally Gooch","Lib46",951,37.14,15,0.57,"Estimate"
"Maribyrnong","Kathie Gizycki","AD","Alan Griffiths","ALP",1078,43.8,"Sally Gooch","Lib46",1383,56.2,5,0.19,"Estimate"
"Maribyrnong","Helen Said","SWP","Alan Griffiths","ALP",449,79.86,"Sally Gooch","Lib46",114,20.14,1,0.23,"Estimate"
"Maribyrnong","Richard Wright","Ind","Alan Griffiths","ALP",171,68.69,"Sally Gooch","Lib46",78,31.31,0,0.13,"Estimate"
"Mayo","Donald Chisholm","AD","John Quirke","ALP",2800,51.68,"Alexander Downer","Lib46",2617,48.32,7,0.14,"Estimate"
"Mayo","Bob Shearer","NPA","John Quirke","ALP",442,16.91,"Alexander Downer","Lib46",2174,83.09,4,0.14,"Estimate"
"McEwen","John Brewster","NPA","Peter Cleeland","ALP",527,11.54,"Brian Dixon","Lib46",4039,88.46,5,0.11,"Estimate"
"McEwen","Julie Stayner","AD","Peter Cleeland","ALP",1940,54.78,"Brian Dixon","Lib46",1601,45.22,6,0.18,"Estimate"
"McEwen","Daniel Mason","DLP","Peter Cleeland","ALP",338,39.79,"Brian Dixon","Lib46",513,60.21,2,0.29,"Estimate"
"McMillan","Heather Ronald","NPA","Barry Cunningham","ALP",1012,28.3,"John Dwyer","Lib46",2565,71.7,3,0.08,"Estimate"
"McMillan","James Richards","AD","Barry Cunningham","ALP",1045,41.74,"John Dwyer","Lib46",1459,58.26,5,0.2,"Estimate"
"McMillan","Anne Barrett","DLP","Barry Cunningham","ALP",607,35.12,"John Dwyer","Lib46",1123,64.88,2,0.13,"Estimate"
"McPherson","Warren Tapp","NPA","Rupe Granrott","ALP",1208,9.24,"Peter White","Lib46",11864,90.76,0,0,"Estimate"
"McPherson","Ken Peterson","AD","Rupe Granrott","ALP",1086,45.3,"Peter White","Lib46",1312,54.7,0,0,"Estimate"
"McPherson","Maria Parer","Ind","Rupe Granrott","ALP",114,35.52,"Peter White","Lib46",207,64.48,0,0,"Estimate"
"Melbourne","Chris Carter","AD","Gerry Hand","ALP",1529,37.37,"Ian Davis","Lib46",2562,62.63,16,0.4,"Estimate"
"Melbourne","James Ferrari","Ind","Gerry Hand","ALP",833,40.9,"Ian Davis","Lib46",1204,59.1,31,1.52,"Estimate"
"Melbourne","Michael Hammet","DLP","Gerry Hand","ALP",461,39.41,"Ian Davis","Lib46",708,60.59,5,0.45,"Estimate"
"Melbourne Ports","Sue McDougall","AD","Clyde Holding","ALP",2090,63.6,"Allan Paull","Lib46",1197,36.4,25,0.77,"Estimate"
"Melbourne Ports","Michael Rowe","DLP","Clyde Holding","ALP",1006,56.36,"Allan Paull","Lib46",780,43.64,39,2.14,"Estimate"
"Melbourne Ports","Denice Stephens","Ind","Clyde Holding","ALP",598,71.46,"Allan Paull","Lib46",239,28.54,8,0.9,"Estimate"
"Melbourne Ports","Dorothy Turner","NPA","Clyde Holding","ALP",238,30.41,"Allan Paull","Lib46",544,69.59,13,1.69,"Estimate"
"Melbourne Ports","Russell Morse","Ind","Clyde Holding","ALP",92,58.59,"Allan Paull","Lib46",66,41.41,1,0.93,"Estimate"
"Menzies","Lynden Kenyon","AD","David McKenzie","ALP",1617,46.11,"Neil Brown","Lib46",1891,53.89,11,0.3,"Estimate"
"Menzies","Vin Considine","DLP","David McKenzie","ALP",322,24.72,"Neil Brown","Lib46",978,75.28,6,0.49,"Estimate"
"Mitchell","Alan Page","AD","Edward Mason","ALP",2085,53.08,"Alan Cadman","Lib46",1843,46.92,0,0,"Exact"
"Moncrieff","Judy Gamin","NPA","Athol Paterson","ALP",700,4.79,"Kathy Martin","Lib46",13909,95.21,0,0,"Estimate"
"Moncrieff","Susan Mulley","AD","Athol Paterson","ALP",1062,54.23,"Kathy Martin","Lib46",896,45.77,0,0,"Estimate"
"Moncrieff","Will Aabraham-Steer","Ind","Athol Paterson","ALP",254,53.95,"Kathy Martin","Lib46",217,46.05,0,0,"Estimate"
"Moncrieff","Peter Courtney","Ind","Athol Paterson","ALP",148,56.17,"Kathy Martin","Lib46",116,43.83,0,0,"Estimate"
"Moreton","Howard Baskerville","NPA","Michael Kinnane","ALP",532,9.62,"Donald Cameron","Lib46",4998,90.38,4,0.07,"Estimate"
"Moreton","Geoffrey Fawthrop","AD","Michael Kinnane","ALP",1446,48.95,"Donald Cameron","Lib46",1508,51.05,2,0.08,"Estimate"
"Murray","Anne Adams","Lib46","Mark Anderson","ALP",567,7.58,"Bruce Lloyd","NPA",6915,92.42,2,0.02,"Estimate"
"Murray","John Weir","AD","Mark Anderson","ALP",634,30.41,"Bruce Lloyd","NPA",1453,69.59,9,0.42,"Estimate"
"Murray","Desmond Semmel","DLP","Mark Anderson","ALP",197,22.32,"Bruce Lloyd","NPA",686,77.68,4,0.5,"Estimate"
"Newcastle","Don Geddes","Ind","Allan Morris","ALP",2132,20.42,"Ashley Saunders","Lib46",8305,79.58,23,0.22,"Estimate"
"Newcastle","Steve Jeffries","AD","Allan Morris","ALP",1970,55.6,"Ashley Saunders","Lib46",1574,44.4,26,0.72,"Estimate"
"Newcastle","Jim Campbell","Ind","Allan Morris","ALP",466,56.61,"Ashley Saunders","Lib46",357,43.39,14,1.69,"Estimate"
"New England","Rod Irvine","AD","Joe Horan","ALP",2149,50.13,"Ian Sinclair","NPA",2138,49.87,0,0,"Exact"
"Northern Territory","Wiyendji Roberts","AD","John Reeves","ALP",1001,52.9,"Paul Everingham","CLP",892,47.1,13,0.68,"Estimate"
"Northern Territory","Phil Ward","Ind","John Reeves","ALP",769,64.67,"Paul Everingham","CLP",420,35.33,2,0.2,"Estimate"
"Northern Territory","Strider","Ind","John Reeves","ALP",284,73.89,"Paul Everingham","CLP",100,26.11,6,1.45,"Estimate"
"North Sydney","Rod Dominish","AD","Philip Kelso","ALP",3886,61.42,"John Spender","Lib46",2441,38.58,4,0.06,"Exact"
"O'Connor","James Ferguson","NPA","Kim Chance","ALP",1054,10.74,"Wilson Tuckey","Lib46",8763,89.26,0,0,"Estimate"
"O'Connor","Denis Kidby","AD","Kim Chance","ALP",768,44.13,"Wilson Tuckey","Lib46",972,55.87,0,0,"Estimate"
"Oxley","Les Woodforth","Lib46","Bill Hayden","ALP",861,9.27,"Charles Groves","NPA",8430,90.73,1,0.01,"Estimate"
"Oxley","George Hannaford","AD","Bill Hayden","ALP",1116,42.58,"Charles Groves","NPA",1505,57.42,1,0.04,"Estimate"
"Page","Brian Stone","Ind","Brian Morris","ALP",959,25.26,"Ian Robinson","NPA",2839,74.74,2,0.06,"Estimate"
"Page","Anne Brown","AD","Brian Morris","ALP",1253,43.62,"Ian Robinson","NPA",1619,56.38,3,0.09,"Estimate"
"Parkes","Bruce Rowley","Lib46","Jim Curran","ALP",1123,6.48,"Michael Cobb","NPA",16199,93.52,5,0.03,"Estimate"
"Parkes","Gloria Collison","AD","Jim Curran","ALP",831,45.8,"Michael Cobb","NPA",984,54.2,0,0.01,"Estimate"
"Parramatta","John Butterworth","AD","John Brown","ALP",2230,52.41,"Charles Stanley","Lib46",2025,47.59,1,0.02,"Exact"
"Perth","Catherine Brown","SWP","Ric Charlesworth","ALP",617,40.2,"Joan Walters","Lib46",918,59.8,0,0,"Exact"
"Petrie","Don Munro","NPA","Deane Wells","ALP",612,6.31,"John Hodges","Lib46",9087,93.69,2,0.02,"Estimate"
"Petrie","Garry Somerville","AD","Deane Wells","ALP",1335,44.98,"John Hodges","Lib46",1633,55.02,3,0.1,"Estimate"
"Phillip","Karin Sowada","AD","Jeannette McHugh","ALP",2023,58.42,"Peter Bardos","Lib46",1441,41.58,5,0.13,"Estimate"
"Phillip","Donald Rugless","Ind","Jeannette McHugh","ALP",319,24.19,"Peter Bardos","Lib46",1001,75.81,6,0.42,"Estimate"
"Phillip","Fred Brinkman","Ind","Jeannette McHugh","ALP",219,32,"Peter Bardos","Lib46",464,68,2,0.29,"Estimate"
"Port Adelaide","Robert Manhire","AD","Mick Young","ALP",2546,59.35,"Thomas Ireland","Lib46",1745,40.65,4,0.1,"Estimate"
"Port Adelaide","Deborah Gordon","SWP","Mick Young","ALP",869,67.27,"Thomas Ireland","Lib46",422,32.73,3,0.22,"Estimate"
"Prospect","Robert Neesam","AD","Dick Klugman","ALP",1441,48.38,"Adrian Burke","Lib46",1537,51.62,9,0.32,"Estimate"
"Prospect","Dick Nichols","SWP","Dick Klugman","ALP",558,71.82,"Adrian Burke","Lib46",219,28.18,14,1.71,"Estimate"
"Rankin","Bruce Mackenzie-Forbes","Lib46","David Beddall","ALP",824,11.26,"Cec Jamieson","NPA",6494,88.74,6,0.08,"Estimate"
"Rankin","Bev Peereboom","AD","David Beddall","ALP",1163,40.52,"Cec Jamieson","NPA",1707,59.48,10,0.36,"Estimate"
"Reid","John Roveen","AD","Tom Uren","ALP",1329,45.25,"Mary-Ruth Kain","Lib46",1607,54.75,0,0,"Estimate"
"Reid","Jim Saleam","Ind","Tom Uren","ALP",2234,79.71,"Mary-Ruth Kain","Lib46",569,20.29,0,0,"Estimate"
"Richmond","Ivor Brown","AD","Klaas Woldring","ALP",1502,53.39,"Charles Blunt","NPA",1312,46.61,0,0,"Estimate"
"Richmond","Jim Saunders","Ind","Klaas Woldring","ALP",1627,72.7,"Charles Blunt","NPA",611,27.3,0,0,"Estimate"
"Richmond","Jon Axens","Ind","Klaas Woldring","ALP",236,27.22,"Charles Blunt","NPA",630,72.78,0,0,"Estimate"
"Riverina-Darling","John Sullivan","Lib46","Ron Adams","ALP",261,6.65,"Noel Hicks","NPA",3665,93.35,10,0.24,"Estimate"
"Riverina-Darling","Peter Hains","AD","Ron Adams","ALP",453,46.77,"Noel Hicks","NPA",516,53.23,0,0.03,"Estimate"
"Riverina-Darling","Frederick Martin","Ind","Ron Adams","ALP",128,46.85,"Noel Hicks","NPA",145,53.15,3,1.12,"Estimate"
"Robertson","Trevor Willsher","AD","Barry Cohen","ALP",1908,44.12,"Peter Jansen","Lib46",2417,55.88,0,0,"Exact"
"Ryan","Maxwell Crofts","NPA","Mike Foley","ALP",691,6.72,"John Moore","Lib46",9600,93.28,9,0.08,"Estimate"
"Ryan","John Peeters","AD","Mike Foley","ALP",2718,54.09,"John Moore","Lib46",2307,45.91,4,0.09,"Estimate"
"Scullin","Jane Green","AD","Harry Jenkins","ALP",2294,66.73,"Pamela Philpot","Lib46",1143,33.27,7,0.2,"Estimate"
"Scullin","Helen Walsh","DLP","Harry Jenkins","ALP",799,49.22,"Pamela Philpot","Lib46",825,50.78,11,0.68,"Estimate"
"Shortland","John Aitken","AD","Peter Morris","ALP",2576,50.95,"Milton Caine","Lib46",2480,49.05,2,0.04,"Estimate"
"Shortland","Jane Power","Ind","Peter Morris","ALP",574,57.13,"Milton Caine","Lib46",431,42.87,0,0.01,"Estimate"
"St George","Paul Terrett","AD","Stephen Dubois","ALP",1509,58.13,"Bob Gemmell","Lib46",1087,41.87,3,0.1,"Estimate"
"St George","Stanley Duncan","Ind","Stephen Dubois","ALP",372,37.16,"Bob Gemmell","Lib46",631,62.84,5,0.45,"Estimate"
"St George","Brian Compton","Ind","Stephen Dubois","ALP",261,50.34,"Bob Gemmell","Lib46",257,49.66,3,0.58,"Estimate"
"Stirling","Terence Barrett","AD","Ron Edwards","ALP",1350,55.75,"Greg Hancock","Lib46",1071,44.25,0,0,"Estimate"
"Stirling","Eric Martin","Ind","Ron Edwards","ALP",294,43.59,"Greg Hancock","Lib46",381,56.41,0,0,"Estimate"
"Streeton","Tessa Cunningham","AD","Tony Lamb","ALP",1894,45.9,"Russell Broadbent","Lib46",2233,54.1,6,0.13,"Estimate"
"Streeton","John Clifford","NPA","Tony Lamb","ALP",212,13.83,"Russell Broadbent","Lib46",1320,86.17,6,0.4,"Estimate"
"Streeton","David Grulke","DLP","Tony Lamb","ALP",281,33.04,"Russell Broadbent","Lib46",569,66.96,2,0.27,"Estimate"
"Sturt","Alison Dolling","AD","Jim Gale","ALP",2245,50.56,"Ian Wilson","Lib46",2195,49.44,3,0.07,"Exact"
"Swan","Linda Mottram","AD","Kim Beazley","ALP",1668,54.21,"Frank Hayes","Lib46",1409,45.79,0,0,"Exact"
"Sydney","Daphne Gollan","Ind","Peter Baldwin","ALP",2898,93.03,"James Harker-Mortlock","Lib46",217,6.97,3,0.09,"Estimate"
"Sydney","Michael Walsh","AD","Peter Baldwin","ALP",2961,64.4,"James Harker-Mortlock","Lib46",1636,35.6,3,0.06,"Estimate"
"Sydney","Vito Radice","Ind","Peter Baldwin","ALP",1945,87.85,"James Harker-Mortlock","Lib46",269,12.15,5,0.22,"Estimate"
"Sydney","Aileen Beaver","CPA","Peter Baldwin","ALP",1113,91.98,"James Harker-Mortlock","Lib46",97,8.02,3,0.28,"Estimate"
"Sydney","Noel Hazard","Ind","Peter Baldwin","ALP",262,90.26,"James Harker-Mortlock","Lib46",28,9.74,0,0.09,"Estimate"
"Tangney","Ron Murray","AD","David Dale","ALP",1111,44.19,"Peter Shack","Lib46",1403,55.81,0,0,"Exact"
"Throsby","Duncan Gair","NPA","Colin Hollis","ALP",559,10.7,"Wendy Stubbs","Lib46",4666,89.3,16,0.31,"Estimate"
"Throsby","Alan Cole","AD","Colin Hollis","ALP",1622,52.55,"Wendy Stubbs","Lib46",1465,47.45,8,0.26,"Estimate"
"Throsby","Paul Trevardis","Ind","Colin Hollis","ALP",194,48.69,"Wendy Stubbs","Lib46",204,51.31,1,0.13,"Estimate"
"Throsby","Martin Essenberg","Ind","Colin Hollis","ALP",142,47.67,"Wendy Stubbs","Lib46",156,52.33,0,0.14,"Estimate"
"Wakefield","Anne Hausler","AD","Suzanne Owens","ALP",1814,48.9,"Neil Andrew","Lib46",1895,51.1,5,0.13,"Estimate"
"Wakefield","Terry Halford","NPA","Suzanne Owens","ALP",219,12.19,"Neil Andrew","Lib46",1578,87.81,3,0.18,"Estimate"
"Wannon","Betty Gee","NPA","Nancy Genardini","ALP",577,17.58,"David Hawker","Lib46",2706,82.42,11,0.33,"Estimate"
"Wannon","Kathleen May","AD","Nancy Genardini","ALP",735,43.75,"David Hawker","Lib46",945,56.25,3,0.16,"Estimate"
"Wannon","Bill Verhoef","DLP","Nancy Genardini","ALP",313,28.14,"David Hawker","Lib46",799,71.86,3,0.31,"Estimate"
"Warringah","Richard Jones","AD","Brian Green","ALP",2472,55.68,"Michael MacKellar","Lib46",1968,44.32,4,0.08,"Estimate"
"Warringah","Margaret Broome","Ind","Brian Green","ALP",573,52.17,"Michael MacKellar","Lib46",525,47.83,2,0.22,"Estimate"
"Wentworth","Yvonne Jayawardena","AD","Stephen Rothman","ALP",2718,60.78,"Peter Coleman","Lib46",1755,39.22,5,0.12,"Estimate"
"Wentworth","George Warnecke","Ind","Stephen Rothman","ALP",1208,76.88,"Peter Coleman","Lib46",363,23.12,20,1.25,"Estimate"
"Wentworth","George Atkinson","Ind","Stephen Rothman","ALP",184,45.35,"Peter Coleman","Lib46",223,54.65,3,0.85,"Estimate"
"Wentworth","Ray Oakes","Ind","Stephen Rothman","ALP",108,45.24,"Peter Coleman","Lib46",130,54.76,4,1.61,"Estimate"
"Wentworth","Kasula Fitzroy-Mendis","Ind","Stephen Rothman","ALP",117,73.13,"Peter Coleman","Lib46",43,26.87,2,1.41,"Estimate"
"Werriwa","Valerie George","AD","John Kerin","ALP",1845,45.25,"Peter Swiderski","Lib46",2232,54.75,2,0.05,"Exact"
"Wide Bay","Glen Spicer","AD","Fred Hoberg","ALP",1291,47.03,"Clarrie Millar","NPA",1454,52.97,0,0,"Exact"
"Wills","Peter Allan","AD","Bob Hawke","ALP",639,27.45,"Victor Perton","Lib46",1686,72.55,25,1.08,"Estimate"
"Wills","Mark Ferguson","Ind","Bob Hawke","ALP",393,29.75,"Victor Perton","Lib46",930,70.25,37,2.7,"Estimate"
"Wills","Lance Hutchinson","Ind","Bob Hawke","ALP",684,65.54,"Victor Perton","Lib46",359,34.46,13,1.28,"Estimate"
"Wills","Gloria Brook","DLP","Bob Hawke","ALP",206,24.65,"Victor Perton","Lib46",630,75.35,20,2.32,"Estimate"
"Wills","Martin Mantell","Ind","Bob Hawke","ALP",180,75.69,"Victor Perton","Lib46",58,24.31,4,1.77,"Estimate"
"Wills","Glen Mann","Ind","Bob Hawke","ALP",39,49.2,"Victor Perton","Lib46",40,50.8,2,2.58,"Estimate"
