"Seat","From_candidate","From_party","To_candidate1","To_party1","Votes1","Vote_perc1","To_candidate2","To_party2","Votes2","Vote_perc2","Exhausted","Exhausted_perc","Calc_type"
"Adelaide","Peter Mann","AD","Bob Catley","ALP",6405,70.12,"Mike Pratt","Lib46",2729,29.88,63,0.68,"Estimate"
"Adelaide","Keith Oehme","Grn","Bob Catley","ALP",1357,72.96,"Mike Pratt","Lib46",503,27.04,18,0.96,"Estimate"
"Adelaide","Cathryn Linedale","CTA","Bob Catley","ALP",514,46.67,"Mike Pratt","Lib46",588,53.33,21,1.84,"Estimate"
"Adelaide","Jean Booth","Ind","Bob Catley","ALP",569,53.22,"Mike Pratt","Lib46",500,46.78,31,2.85,"Estimate"
"Aston","Damian Wise","AD","John Saunderson","ALP",5704,65.09,"Peter Nugent","Lib46",3059,34.91,39,0.45,"Estimate"
"Aston","Michael Ryan","CTA","John Saunderson","ALP",459,28.06,"Peter Nugent","Lib46",1177,71.94,7,0.41,"Estimate"
"Ballarat","Bill Scetrine","AD","John Mildren","ALP",3651,64.9,"Michael Ronaldson","Lib46",1975,35.1,28,0.5,"Estimate"
"Ballarat","Jodie Rickard","CTA","John Mildren","ALP",838,36.35,"Michael Ronaldson","Lib46",1467,63.65,6,0.27,"Estimate"
"Ballarat","Greg Mays","Ind","John Mildren","ALP",306,58.13,"Michael Ronaldson","Lib46",220,41.87,10,1.92,"Estimate"
"Ballarat","George Helon","Ind","John Mildren","ALP",102,48.51,"Michael Ronaldson","Lib46",109,51.49,1,0.67,"Estimate"
"Banks","Paul Terrett","AD","Daryl Melham","ALP",4428,60.65,"Steve Pratt","Lib46",2873,39.35,99,1.34,"Estimate"
"Banks","Ian Clipsham","CTA","Daryl Melham","ALP",507,36.24,"Steve Pratt","Lib46",891,63.76,17,1.22,"Estimate"
"Banks","John Hay","Ind","Daryl Melham","ALP",349,53.21,"Steve Pratt","Lib46",308,46.79,14,2.16,"Estimate"
"Banks","Brian Meyer","Ind","Daryl Melham","ALP",257,54.67,"Steve Pratt","Lib46",214,45.33,12,2.49,"Estimate"
"Banks","Graeme Robinson","DSP","Daryl Melham","ALP",208,60.27,"Steve Pratt","Lib46",137,39.73,9,2.62,"Estimate"
"Barker","Mark Lobban","AD","Bill Hender","ALP",4163,62.15,"Ian McLachlan","Lib46",2535,37.85,32,0.48,"Estimate"
"Barker","Pieter Raams","Ind","Bill Hender","ALP",813,37.04,"Ian McLachlan","Lib46",1383,62.96,15,0.68,"Estimate"
"Barton","Ron George","AD","Gary Punch","ALP",3008,63.06,"David Macauley","Lib46",1763,36.94,69,1.43,"Estimate"
"Barton","Cathy Mudie","CTA","Gary Punch","ALP",421,44.17,"David Macauley","Lib46",532,55.83,15,1.57,"Estimate"
"Barton","Max Lindon","Ind","Gary Punch","ALP",604,65.38,"David Macauley","Lib46",319,34.62,18,1.87,"Estimate"
"Barton","Noel Said","GP","Gary Punch","ALP",381,47.3,"David Macauley","Lib46",424,52.7,22,2.63,"Estimate"
"Barton","Joe Hardy","Ind","Gary Punch","ALP",591,75.14,"David Macauley","Lib46",196,24.86,21,2.62,"Estimate"
"Barton","Rosemary McCann","DSP","Gary Punch","ALP",217,56.38,"David Macauley","Lib46",168,43.62,12,3.02,"Estimate"
"Bass","Rae Saxon","AD","Silvia Smith","ALP",2727,62.05,"Warwick Smith","Lib46",1669,37.95,53,1.18,"Estimate"
"Bass","John Chester","UTG","Silvia Smith","ALP",1659,67.83,"Warwick Smith","Lib46",786,32.17,34,1.39,"Estimate"
"Batman","George Gogas","AD","Brian Howe","ALP",6417,75.49,"Ray Ellis","Lib46",2083,24.51,74,0.86,"Estimate"
"Batman","Alan Watts","CTA","Brian Howe","ALP",2918,75.05,"Ray Ellis","Lib46",970,24.95,62,1.57,"Estimate"
"Batman","Nigel D'Souza","DSP","Brian Howe","ALP",913,74.19,"Ray Ellis","Lib46",318,25.81,19,1.54,"Estimate"
"Bendigo","Denis English","NPA","John Brumby","ALP",993,10.65,"Bruce Reid","Lib46",8332,89.35,5,0.05,"Estimate"
"Bendigo","Ian Keeling","AD","John Brumby","ALP",3736,67.64,"Bruce Reid","Lib46",1788,32.36,42,0.76,"Estimate"
"Bendigo","Vic Upson","CTA","John Brumby","ALP",259,16.5,"Bruce Reid","Lib46",1311,83.5,8,0.52,"Estimate"
"Bendigo","Joan Ansell","Ind","John Brumby","ALP",505,58.37,"Bruce Reid","Lib46",359,41.63,16,1.79,"Estimate"
"Bendigo","Russell Castley","Ind","John Brumby","ALP",260,62.32,"Bruce Reid","Lib46",156,37.68,4,0.83,"Estimate"
"Bennelong","Bob Springett","AD","Martin Claridge","ALP",3642,63.26,"John Howard","Lib46",2116,36.74,69,1.18,"Estimate"
"Bennelong","Judy Messer","Ind","Martin Claridge","ALP",2054,61.73,"John Howard","Lib46",1273,38.27,54,1.59,"Estimate"
"Bennelong","Hugh Pitty","NDP","Martin Claridge","ALP",849,61.67,"John Howard","Lib46",527,38.33,23,1.65,"Estimate"
"Bennelong","Robyn Peebles","CTA","Martin Claridge","ALP",253,28.53,"John Howard","Lib46",634,71.47,6,0.64,"Estimate"
"Bennelong","John Dawson","Ind","Martin Claridge","ALP",202,55.57,"John Howard","Lib46",162,44.43,8,2.24,"Estimate"
"Berowra","Martyn Yeomans","AD","Sue Deane","ALP",6596,60.39,"Harry Edwards","Lib46",4327,39.61,147,1.32,"Estimate"
"Berowra","Mick Gallagher","Ind","Sue Deane","ALP",1136,55.27,"Harry Edwards","Lib46",920,44.73,47,2.21,"Estimate"
"Berowra","Beville Varidel","CTA","Sue Deane","ALP",403,27.66,"Harry Edwards","Lib46",1054,72.34,14,0.96,"Estimate"
"Berowra","Les Paul","Ind","Sue Deane","ALP",367,45.17,"Harry Edwards","Lib46",445,54.83,25,2.97,"Estimate"
"Blaxland","Fiona Richardson","AD","Paul Keating","ALP",3116,58.73,"David Voight","Lib46",2190,41.27,76,1.41,"Estimate"
"Blaxland","Mohamad Arja","CNA","Paul Keating","ALP",398,30.73,"David Voight","Lib46",896,69.27,19,1.48,"Estimate"
"Blaxland","Stephanie Miller","DSP","Paul Keating","ALP",360,52.31,"David Voight","Lib46",329,47.69,18,2.54,"Estimate"
"Blaxland","Michael Irsak","Ind","Paul Keating","ALP",233,36.9,"David Voight","Lib46",398,63.1,15,2.26,"Estimate"
"Bonython","Colin Maas","AD","Neal Blewett","ALP",8661,68.21,"Natalie Richardson","Lib46",4036,31.79,85,0.67,"Estimate"
"Bonython","Bruce Hannaford","CTA","Neal Blewett","ALP",850,36.63,"Natalie Richardson","Lib46",1470,63.37,14,0.6,"Estimate"
"Boothby","Margaret-Ann Williams","AD","Michael Keenan","ALP",8018,63.42,"Steele Hall","Lib46",4624,36.58,154,1.21,"Estimate"
"Boothby","Bruce Byrne","CTA","Michael Keenan","ALP",500,33.25,"Steele Hall","Lib46",1003,66.75,12,0.82,"Estimate"
"Boothby","Colin Banks","Ind","Michael Keenan","ALP",500,39.32,"Steele Hall","Lib46",772,60.68,28,2.17,"Estimate"
"Bowman","Phillip Grattan","AD","Con Sciacca","ALP",7688,63.71,"Peter Trounce","Lib46",4379,36.29,140,1.15,"Estimate"
"Bowman","Stan Brimson","NPA","Con Sciacca","ALP",662,14.19,"Peter Trounce","Lib46",4000,85.81,35,0.74,"Estimate"
"Braddon","James Reilly","AD","Terry Hynes","ALP",2557,67.32,"Chris Miles","Lib46",1241,32.68,10,0.25,"Estimate"
"Braddon","Tom Egglestone","Ind","Terry Hynes","ALP",997,68.82,"Chris Miles","Lib46",452,31.18,9,0.64,"Estimate"
"Bradfield","Henry Long","AD","Adam McCarthy","ALP",4067,55.02,"David Connolly","Lib46",3324,44.98,105,1.41,"Estimate"
"Bradfield","Anthony Hardwick","Ind","Adam McCarthy","ALP",602,41.47,"David Connolly","Lib46",851,58.53,30,2,"Estimate"
"Bradfield","Giovanna Trenoweth","NDP","Adam McCarthy","ALP",988,55.45,"David Connolly","Lib46",794,44.55,29,1.59,"Estimate"
"Bradfield","Alan Jacobs","Ind","Adam McCarthy","ALP",358,38.31,"David Connolly","Lib46",577,61.69,22,2.3,"Estimate"
"Brand","Jan Wallace","AD","Wendy Fatin","ALP",3745,67.35,"Maureen Healy","Lib46",1816,32.65,29,0.52,"Estimate"
"Brand","Luna Gardiner","Grn","Wendy Fatin","ALP",2816,67.68,"Maureen Healy","Lib46",1344,32.32,29,0.69,"Estimate"
"Brand","Errol Tuxworth","NPA","Wendy Fatin","ALP",263,21.99,"Maureen Healy","Lib46",931,78.01,6,0.52,"Estimate"
"Brand","Blanche Pledge","GP","Wendy Fatin","ALP",484,58.4,"Maureen Healy","Lib46",345,41.6,12,1.38,"Estimate"
"Brand","Keith Evans","Ind","Wendy Fatin","ALP",401,61.12,"Maureen Healy","Lib46",255,38.88,6,0.86,"Estimate"
"Brand","Clive Galletly","Ind","Wendy Fatin","ALP",118,59.75,"Maureen Healy","Lib46",80,40.25,2,1.1,"Estimate"
"Brisbane","Leo Talty","AD","Arch Bevis","ALP",4842,62.47,"Keith Schafferius","Lib46",2909,37.53,63,0.8,"Estimate"
"Brisbane","Andrew Hassall","NPA","Arch Bevis","ALP",199,10.37,"Keith Schafferius","Lib46",1720,89.63,6,0.3,"Estimate"
"Brisbane","Marylou Heath","Ind","Arch Bevis","ALP",622,44.76,"Keith Schafferius","Lib46",767,55.24,21,1.48,"Estimate"
"Brisbane","William Kenney","Ind","Arch Bevis","ALP",236,51.62,"Keith Schafferius","Lib46",221,48.38,7,1.51,"Estimate"
"Brisbane","Peter Simmons","DSP","Arch Bevis","ALP",255,62.86,"Keith Schafferius","Lib46",151,37.14,10,2.3,"Estimate"
"Bruce","Geoff Herbert","AD","Philip Cottier","ALP",5967,63.48,"Julian Beale","Lib46",3432,36.52,32,0.34,"Estimate"
"Bruce","Peter Olney","CTA","Philip Cottier","ALP",524,23.96,"Julian Beale","Lib46",1665,76.04,6,0.26,"Estimate"
"Burke","Patrick McCurry","AD","Neil O'Keefe","ALP",6582,66,"Ian Lindsay","Lib46",3391,34,23,0.23,"Exact"
"Calare","John Loneregan","Lib46","David Simmons","ALP",1220,9.14,"Joanne Lewis","NPA",12134,90.86,33,0.24,"Estimate"
"Calare","Steve Adams","AD","David Simmons","ALP",2007,53.92,"Joanne Lewis","NPA",1716,46.08,36,0.95,"Estimate"
"Calare","Mike Phillips","Ind","David Simmons","ALP",1026,57.15,"Joanne Lewis","NPA",770,42.85,18,0.98,"Estimate"
"Calare","Brian Davis","Ind","David Simmons","ALP",679,41.03,"Joanne Lewis","NPA",975,58.97,52,3.05,"Estimate"
"Calwell","Doug Lorman","AD","Andrew Theophanous","ALP",4579,59.16,"Dianne Livett","Lib46",3161,40.84,51,0.66,"Estimate"
"Calwell","Jack Culpin","Ind","Andrew Theophanous","ALP",2381,53.53,"Dianne Livett","Lib46",2066,46.47,46,1.01,"Estimate"
"Calwell","Rob Lukanic","CTA","Andrew Theophanous","ALP",449,25.9,"Dianne Livett","Lib46",1285,74.1,17,0.99,"Estimate"
"Canberra","Julie McCarron-Benson","AD","Ros Kelly","ALP",6826,67.49,"Bill Mackey","Lib46",3288,32.51,101,0.99,"Estimate"
"Canberra","Gina Jeffrey","Grn","Ros Kelly","ALP",1942,68.7,"Bill Mackey","Lib46",885,31.3,29,1.03,"Estimate"
"Canberra","Barbara Meyer","NDP","Ros Kelly","ALP",818,70.18,"Bill Mackey","Lib46",347,29.82,18,1.51,"Estimate"
"Canning","Don Bryant","AD","George Gear","ALP",2628,61.17,"Ricky Johnston","Lib46",1668,38.83,44,1.01,"Estimate"
"Canning","Neil Roper","Grn","George Gear","ALP",2687,65.68,"Ricky Johnston","Lib46",1403,34.32,49,1.18,"Estimate"
"Canning","Arthur Robertson","GP","George Gear","ALP",371,42.39,"Ricky Johnston","Lib46",504,57.61,12,1.33,"Estimate"
"Canning","Carol Oats","Ind","George Gear","ALP",273,56.19,"Ricky Johnston","Lib46",212,43.81,7,1.42,"Estimate"
"Canning","Phil Hooper","Ind","George Gear","ALP",259,51.69,"Ricky Johnston","Lib46",242,48.31,5,0.92,"Estimate"
"Canning","Geoff Spencer","DSP","George Gear","ALP",274,59.23,"Ricky Johnston","Lib46",189,40.77,10,2.22,"Estimate"
"Canning","Bill Higgins","PPA","George Gear","ALP",121,47.88,"Ricky Johnston","Lib46",131,52.12,8,2.91,"Estimate"
"Capricornia","Craig Hardy","Grn","Keith Wright","ALP",4351,56.88,"Stan Collard","NPA",3299,43.12,235,2.98,"Exact"
"Casey","Paul Rees","AD","Jon Linehan","ALP",6662,66.24,"Bob Halverson","Lib46",3397,33.76,65,0.65,"Estimate"
"Casey","John Dubbeld","CTA","Jon Linehan","ALP",1010,27.38,"Bob Halverson","Lib46",2679,72.62,29,0.79,"Estimate"
"Casey","Earle Keegel","Ind","Jon Linehan","ALP",254,48.93,"Bob Halverson","Lib46",266,51.07,11,2.08,"Estimate"
"Casey","Basil Smith","Ind","Jon Linehan","ALP",160,45.29,"Bob Halverson","Lib46",194,54.71,7,1.97,"Estimate"
"Charlton","Lyn Godfrey","AD","Bob Brown","ALP",5223,56.69,"Mollie Blake","Lib46",3990,43.31,86,0.92,"Estimate"
"Charlton","Geoff Pendlebury","Ind","Bob Brown","ALP",2251,30.31,"Mollie Blake","Lib46",5175,69.69,84,1.12,"Estimate"
"Chifley","Nigel Lovell","AD","Roger Price","ALP",6022,70.99,"Darren Condon","Lib46",2462,29.01,85,1,"Estimate"
"Chifley","Bill Bird","CTA","Roger Price","ALP",954,53.93,"Darren Condon","Lib46",814,46.07,21,1.15,"Estimate"
"Chisholm","Trudi Brunton","AD","Helen Mayer","ALP",6315,66.09,"Michael Wooldridge","Lib46",3240,33.91,21,0.22,"Estimate"
"Chisholm","Adrian Stagg","CTA","Helen Mayer","ALP",487,17.29,"Michael Wooldridge","Lib46",2330,82.71,15,0.53,"Estimate"
"Cook","Terri Richardson","AD","Paul Smith","ALP",3755,59.84,"Don Dobie","Lib46",2520,40.16,93,1.46,"Estimate"
"Cook","Dennis Ralph","Ind","Paul Smith","ALP",1310,50.6,"Don Dobie","Lib46",1279,49.4,55,2.07,"Estimate"
"Cook","Patricia Poulos","Ind","Paul Smith","ALP",622,47.43,"Don Dobie","Lib46",689,52.57,31,2.31,"Estimate"
"Corangamite","Rob Mann","AD","Ian Caldwell","ALP",4728,64.55,"Stewart McArthur","Lib46",2596,35.45,75,1.02,"Estimate"
"Corangamite","John Andrews","CTA","Ian Caldwell","ALP",761,33.65,"Stewart McArthur","Lib46",1500,66.35,32,1.41,"Estimate"
"Corangamite","Bruce Wilson","Ind","Ian Caldwell","ALP",285,52.85,"Stewart McArthur","Lib46",255,47.15,9,1.56,"Estimate"
"Corinella","Mike Burns","AD","Lewis Kent","ALP",5321,68.5,"Russell Broadbent","Lib46",2446,31.5,35,0.45,"Estimate"
"Corinella","George Moran","CEC","Lewis Kent","ALP",1803,51.52,"Russell Broadbent","Lib46",1697,48.48,24,0.68,"Estimate"
"Corio","Donal Storey","AD","Gordon Scholes","ALP",4911,69.61,"Adrienne Edgar","Lib46",2144,30.39,98,1.36,"Estimate"
"Corio","Ian Winter","CTA","Gordon Scholes","ALP",1036,41.21,"Adrienne Edgar","Lib46",1477,58.79,42,1.63,"Estimate"
"Corio","Horst Pfeifer","Ind","Gordon Scholes","ALP",822,42.63,"Adrienne Edgar","Lib46",1107,57.37,49,2.49,"Estimate"
"Corio","Bruce Tanner","Ind","Gordon Scholes","ALP",240,41.09,"Adrienne Edgar","Lib46",343,58.91,11,1.79,"Estimate"
"Cowan","Sarah Gilfillan","AD","Carolyn Jakobsen","ALP",3416,65.48,"Diane Airey","Lib46",1802,34.52,38,0.73,"Estimate"
"Cowan","Sally Ward","Grn","Carolyn Jakobsen","ALP",2355,65.83,"Diane Airey","Lib46",1222,34.17,26,0.72,"Estimate"
"Cowan","Barry Smith","GP","Carolyn Jakobsen","ALP",321,41.35,"Diane Airey","Lib46",456,58.65,8,0.97,"Estimate"
"Cowan","Robert McLoughlin","Ind","Carolyn Jakobsen","ALP",229,55.8,"Diane Airey","Lib46",182,44.2,3,0.82,"Estimate"
"Cowan","Deb Thomas","DSP","Carolyn Jakobsen","ALP",194,62.14,"Diane Airey","Lib46",118,37.86,9,2.9,"Estimate"
"Cowan","Brian Guinan","ACP90","Carolyn Jakobsen","ALP",99,48.41,"Diane Airey","Lib46",105,51.59,2,1.2,"Estimate"
"Cowper","Trevor Pike","AD","John Murphy","ALP",4766,65.32,"Garry Nehl","NPA",2531,34.68,56,0.76,"Estimate"
"Cowper","David Rees","Ind","John Murphy","ALP",2550,38.71,"Garry Nehl","NPA",4038,61.29,52,0.78,"Estimate"
"Cowper","Angelique Meers","Grn","John Murphy","ALP",1186,62.9,"Garry Nehl","NPA",700,37.1,20,1.07,"Estimate"
"Cunningham","Jeff Thomson","Lib46","Stewart West","ALP",977,7.26,"Meg Sampson","AD",12472,92.74,62,0.46,"Estimate"
"Cunningham","Rex Connor","RCL","Stewart West","ALP",2864,36.21,"Meg Sampson","AD",5046,63.79,37,0.46,"Estimate"
"Cunningham","Steve Brigham","Grn","Stewart West","ALP",937,21.89,"Meg Sampson","AD",3341,78.11,17,0.41,"Estimate"
"Cunningham","Peter Symonds","Ind","Stewart West","ALP",147,48.12,"Meg Sampson","AD",158,51.88,3,0.82,"Estimate"
"Curtin","Mary Salter","Grn","Stephen Booth","ALP",4774,69.76,"Allan Rocher","Lib46",2069,30.24,68,0.98,"Estimate"
"Curtin","Helen Hodgson","AD","Stephen Booth","ALP",4119,62.13,"Allan Rocher","Lib46",2510,37.87,82,1.22,"Estimate"
"Curtin","Brett Woodhill","GP","Stephen Booth","ALP",406,46.87,"Allan Rocher","Lib46",461,53.13,15,1.75,"Estimate"
"Curtin","Michelle Hovane","DSP","Stephen Booth","ALP",323,63.81,"Allan Rocher","Lib46",183,36.19,12,2.35,"Estimate"
"Dawson","Jim Seymour","Lib46","Greg McGarvie","ALP",1508,20.29,"Ray Braithwaite","NPA",5924,79.71,27,0.36,"Estimate"
"Dawson","Tom Irelandes","AD","Greg McGarvie","ALP",3315,60.45,"Ray Braithwaite","NPA",2169,39.55,82,1.47,"Estimate"
"Deakin","Louise Enders","AD","Tony Lamb","ALP",8466,73.17,"Ken Aldred","Lib46",3104,26.83,82,0.7,"Estimate"
"Deakin","Rodger Nardi","CTA","Tony Lamb","ALP",556,21.53,"Ken Aldred","Lib46",2026,78.47,9,0.33,"Estimate"
"Deakin","Bronwen Beechey","DSP","Tony Lamb","ALP",245,60.19,"Ken Aldred","Lib46",163,39.81,5,1.33,"Estimate"
"Denison","Geoff Law","UTG","Duncan Kerr","ALP",3132,80.85,"Michael Hodgman","Lib46",741,19.15,15,0.37,"Estimate"
"Denison","Rob Alliston","AD","Duncan Kerr","ALP",2646,75.01,"Michael Hodgman","Lib46",881,24.99,27,0.75,"Estimate"
"Denison","Graeme Jones","Ind","Duncan Kerr","ALP",510,73.1,"Michael Hodgman","Lib46",187,26.9,4,0.52,"Estimate"
"Denison","Ian Hopkins","DSP","Duncan Kerr","ALP",235,72.44,"Michael Hodgman","Lib46",89,27.56,3,0.96,"Estimate"
"Dobell","Rod Benninson","AD","Michael Lee","ALP",3810,60.9,"Ian Crook","Lib46",2446,39.1,61,0.97,"Estimate"
"Dobell","Gordon Craig","Ind","Michael Lee","ALP",953,51.87,"Ian Crook","Lib46",884,48.13,24,1.29,"Estimate"
"Dobell","Neville Malloy","GP","Michael Lee","ALP",947,49.47,"Ian Crook","Lib46",968,50.53,33,1.72,"Estimate"
"Dobell","Karl Singman","Grn","Michael Lee","ALP",1087,66.48,"Ian Crook","Lib46",549,33.52,21,1.29,"Estimate"
"Dundas","Peter Reddy","AD","Richard Talbot","ALP",4302,58.57,"Philip Ruddock","Lib46",3042,41.43,103,1.39,"Estimate"
"Dundas","Alec Preda","Ind","Richard Talbot","ALP",567,38.62,"Philip Ruddock","Lib46",901,61.38,31,2.1,"Estimate"
"Dundas","Bruce Coleman","CTA","Richard Talbot","ALP",393,25.59,"Philip Ruddock","Lib46",1145,74.41,21,1.34,"Estimate"
"Dundas","Barry Liggins","Ind","Richard Talbot","ALP",628,47.06,"Philip Ruddock","Lib46",706,52.94,42,3.06,"Estimate"
"Dundas","John Wilson","Ind","Richard Talbot","ALP",234,46.95,"Philip Ruddock","Lib46",264,53.05,15,2.96,"Estimate"
"Dunkley","Peter Lindemann","AD","Bob Chynoweth","ALP",5834,67.36,"Frank Ford","Lib46",2827,32.64,34,0.39,"Estimate"
"Dunkley","Peter Seitanidis","Ind","Bob Chynoweth","ALP",608,42.58,"Frank Ford","Lib46",820,57.42,30,2.07,"Estimate"
"Dunkley","Keith Edwards","PPA","Bob Chynoweth","ALP",358,39.96,"Frank Ford","Lib46",539,60.04,13,1.37,"Estimate"
"Dunkley","Arthur Comer","CTA","Bob Chynoweth","ALP",204,37.44,"Frank Ford","Lib46",342,62.56,8,1.37,"Estimate"
"Dunkley","Mike Toldy","Ind","Bob Chynoweth","ALP",134,46.44,"Frank Ford","Lib46",154,53.56,9,2.98,"Estimate"
"Dunkley","Len Cosmavich","Ind","Bob Chynoweth","ALP",149,51.37,"Frank Ford","Lib46",141,48.63,4,1.25,"Estimate"
"Eden-Monaro","Jim Collins","Ind","Jim Snow","ALP",4749,65.86,"Rob Pollock","Lib46",2463,34.14,47,0.65,"Estimate"
"Eden-Monaro","Gaye White","NPA","Jim Snow","ALP",1058,16.02,"Rob Pollock","Lib46",5546,83.98,11,0.17,"Estimate"
"Eden-Monaro","Denise Redmond","AD","Jim Snow","ALP",2697,64.56,"Rob Pollock","Lib46",1481,35.44,30,0.72,"Estimate"
"Eden-Monaro","Greg Doyle","RCL","Jim Snow","ALP",215,65.87,"Rob Pollock","Lib46",112,34.13,3,0.88,"Estimate"
"Fadden","Eugene Cross","AD","Marie Wilkinson","ALP",4733,55.58,"David Jull","Lib46",3784,44.42,124,1.43,"Estimate"
"Fadden","Peter Freckleton","NPA","Marie Wilkinson","ALP",241,10.3,"David Jull","Lib46",2105,89.7,8,0.32,"Estimate"
"Fadden","Richard Heymann","Ind","Marie Wilkinson","ALP",402,52.01,"David Jull","Lib46",372,47.99,20,2.49,"Estimate"
"Fairfax","John Stone","NPA","Beryl Muspratt","ALP",1403,6.72,"Alex Somlyay","Lib46",19463,93.28,62,0.3,"Estimate"
"Fairfax","Bob Borsellino","AD","Beryl Muspratt","ALP",5729,55.6,"Alex Somlyay","Lib46",4575,44.4,135,1.29,"Estimate"
"Fairfax","Sheila Adams","ACP90","Beryl Muspratt","ALP",485,32.32,"Alex Somlyay","Lib46",1016,67.68,27,1.75,"Estimate"
"Fisher","Brian Sheahan","NPA","Michael Lavarch","ALP",867,6,"Tony Holmes","Lib46",13591,94,32,0.22,"Estimate"
"Fisher","Glen Spicer","AD","Michael Lavarch","ALP",6530,60.18,"Tony Holmes","Lib46",4320,39.82,131,1.19,"Estimate"
"Flinders","Nance Jaboor","AD","Tony Moore","ALP",6010,71.02,"Peter Reith","Lib46",2452,28.98,54,0.64,"Estimate"
"Flinders","David Gilbert","Ind","Tony Moore","ALP",487,61.81,"Peter Reith","Lib46",301,38.19,5,0.58,"Estimate"
"Forde","Jason Neville","AD","Mary Crawford","ALP",4767,67.62,"Brad Bauman","Lib46",2282,32.38,89,1.24,"Estimate"
"Forde","Coral Wynter","Grn","Mary Crawford","ALP",1437,67.17,"Brad Bauman","Lib46",702,32.83,30,1.38,"Estimate"
"Forde","Ross Adams","NPA","Mary Crawford","ALP",324,16.56,"Brad Bauman","Lib46",1632,83.44,11,0.54,"Estimate"
"Forde","John Duggan","Ind","Mary Crawford","ALP",319,50.56,"Brad Bauman","Lib46",312,49.44,15,2.3,"Estimate"
"Forrest","Giz Watson","Grn","Simon Keely","ALP",3569,62.57,"Geoff Prosser","Lib46",2134,37.43,39,0.68,"Estimate"
"Forrest","David Churches","AD","Simon Keely","ALP",2805,59.44,"Geoff Prosser","Lib46",1914,40.56,41,0.85,"Estimate"
"Forrest","Rick Beatty","NPA","Simon Keely","ALP",723,17.07,"Geoff Prosser","Lib46",3509,82.93,13,0.31,"Estimate"
"Fowler","Jon Phillips","AD","Ted Grace","ALP",2627,60.6,"Gloria Arora","Lib46",1707,39.4,44,1.01,"Estimate"
"Fowler","Rose-Mary Logozzo","Ind","Ted Grace","ALP",956,31.53,"Gloria Arora","Lib46",2076,68.47,45,1.47,"Estimate"
"Fowler","Pam Branch","Ind","Ted Grace","ALP",467,38.44,"Gloria Arora","Lib46",748,61.56,20,1.61,"Estimate"
"Fowler","Mirjana Ivetic-Elvy","Grn","Ted Grace","ALP",549,54.35,"Gloria Arora","Lib46",462,45.65,15,1.41,"Estimate"
"Franklin","Patsy Harmsen","AD","Eugene Alexander","ALP",5343,71.38,"Bruce Goodluck","Lib46",2142,28.62,38,0.51,"Exact"
"Fraser","Heather Jeffcoat","AD","John Langmore","ALP",8370,65.63,"Sandie Brooke","Lib46",4383,34.37,123,0.96,"Estimate"
"Fraser","Sue Bolton","Grn","John Langmore","ALP",2298,72.32,"Sandie Brooke","Lib46",880,27.68,35,1.08,"Estimate"
"Fraser","Gareth Smith","NDP","John Langmore","ALP",833,71.72,"Sandie Brooke","Lib46",328,28.28,24,2.01,"Estimate"
"Fraser","Emile Brunoro","Ind","John Langmore","ALP",581,63.06,"Sandie Brooke","Lib46",340,36.94,28,2.95,"Estimate"
"Fremantle","Jennie Cary","Grn","John Dawkins","ALP",4458,65.38,"Paul Stevenage","Lib46",2361,34.62,67,0.97,"Estimate"
"Fremantle","Ray Tilbury","AD","John Dawkins","ALP",4201,63.4,"Paul Stevenage","Lib46",2424,36.6,129,1.92,"Estimate"
"Fremantle","Ian Bolas","Ind","John Dawkins","ALP",879,65.58,"Paul Stevenage","Lib46",461,34.42,30,2.2,"Estimate"
"Fremantle","Ronnie Riley","GP","John Dawkins","ALP",344,53.76,"Paul Stevenage","Lib46",296,46.24,17,2.65,"Estimate"
"Gellibrand","Frank Fichera","AD","Ralph Willis","ALP",4973,71.25,"Tim Warner","Lib46",2007,28.75,43,0.61,"Estimate"
"Gellibrand","Richard Phillips","Ind","Ralph Willis","ALP",2146,88.24,"Tim Warner","Lib46",286,11.76,55,2.2,"Estimate"
"Gellibrand","Don Veitch","Ind","Ralph Willis","ALP",970,61.61,"Tim Warner","Lib46",605,38.39,18,1.15,"Estimate"
"Gellibrand","Gary Walters","DSP","Ralph Willis","ALP",1087,75.12,"Tim Warner","Lib46",360,24.88,31,2.08,"Estimate"
"Gilmore","Susan Nagy","AD","Mick Shea","ALP",4048,51.34,"John Sharp","NPA",3836,48.66,51,0.64,"Exact"
"Gippsland","Grace McCaughey","AD","Merv Bundle","ALP",4048,56.44,"Peter McGauran","NPA",3125,43.56,28,0.38,"Estimate"
"Gippsland","Ben Buckley","Ind","Merv Bundle","ALP",865,36.46,"Peter McGauran","NPA",1507,63.54,10,0.42,"Estimate"
"Gippsland","Robert Watson","CTA","Merv Bundle","ALP",652,39.15,"Peter McGauran","NPA",1013,60.85,19,1.15,"Estimate"
"Goldstein","Di Bretherton","AD","Michael Danby","ALP",6357,68.58,"David Kemp","Lib46",2912,31.42,49,0.52,"Estimate"
"Goldstein","Diana Wolowski","Ind","Michael Danby","ALP",2636,55.82,"David Kemp","Lib46",2086,44.18,29,0.61,"Estimate"
"Goldstein","Adrienne Barrett","DSP","Michael Danby","ALP",696,69.96,"David Kemp","Lib46",298,30.04,12,1.17,"Estimate"
"Goldstein","Phillip McGibbony","CTA","Michael Danby","ALP",152,20.1,"David Kemp","Lib46",602,79.9,4,0.52,"Estimate"
"Goldstein","John Casley","Ind","Michael Danby","ALP",95,43.9,"David Kemp","Lib46",121,56.1,6,2.8,"Estimate"
"Goldstein","Peter Kormoczy","Ind","Michael Danby","ALP",72,45.63,"David Kemp","Lib46",87,54.37,1,0.85,"Estimate"
"Grayndler","Peter Hennessy","AD","Leo McLeay","ALP",3751,69.74,"Diana Bennett","Lib46",1628,30.26,68,1.24,"Estimate"
"Grayndler","Galeb Adra","Ind","Leo McLeay","ALP",623,25.8,"Diana Bennett","Lib46",1792,74.2,66,2.67,"Estimate"
"Grayndler","Bruce Welch","Ind","Leo McLeay","ALP",941,54.72,"Diana Bennett","Lib46",778,45.28,47,2.64,"Estimate"
"Grayndler","Clay Wilson","CTA","Leo McLeay","ALP",325,38.06,"Diana Bennett","Lib46",530,61.94,15,1.73,"Estimate"
"Grayndler","Habib Fares","SPA72","Leo McLeay","ALP",346,51.49,"Diana Bennett","Lib46",327,48.51,13,1.83,"Estimate"
"Grayndler","Paul Urban","Ind","Leo McLeay","ALP",166,48.72,"Diana Bennett","Lib46",175,51.28,12,3.26,"Estimate"
"Grayndler","Lee Pepper","Ind","Leo McLeay","ALP",156,45.53,"Diana Bennett","Lib46",186,54.47,12,3.43,"Estimate"
"Grayndler","George der Mattosian","CNA","Leo McLeay","ALP",135,51.79,"Diana Bennett","Lib46",125,48.21,10,3.8,"Estimate"
"Greenway","Roger Posgate","AD","Russ Gorman","ALP",3181,65.99,"Tony Packard","Lib46",1639,34.01,46,0.94,"Estimate"
"Greenway","Warren Wormald","Ind","Russ Gorman","ALP",673,53.41,"Tony Packard","Lib46",587,46.59,19,1.48,"Estimate"
"Greenway","Remi Biala","CNA","Russ Gorman","ALP",659,43.33,"Tony Packard","Lib46",862,56.67,10,0.68,"Estimate"
"Greenway","Ivor F","Ind","Russ Gorman","ALP",472,62.57,"Tony Packard","Lib46",282,37.43,10,1.37,"Estimate"
"Greenway","Gail Lord","DSP","Russ Gorman","ALP",430,62.49,"Tony Packard","Lib46",258,37.51,7,1.08,"Estimate"
"Grey","Ern Heyne","CTA","Lloyd O'Neil","ALP",2020,40.58,"Jonathan Man","Lib46",2959,59.42,27,0.54,"Estimate"
"Grey","Harm Folkers","AD","Lloyd O'Neil","ALP",2897,63.63,"Jonathan Man","Lib46",1656,36.37,55,1.2,"Estimate"
"Grey","Peter Clark","Ind","Lloyd O'Neil","ALP",422,47.86,"Jonathan Man","Lib46",461,52.14,21,2.3,"Estimate"
"Grey","John Fisher","Ind","Lloyd O'Neil","ALP",229,56.54,"Jonathan Man","Lib46",176,43.46,9,2.2,"Estimate"
"Griffith","Steven Lyndon","AD","Ben Humphreys","ALP",5651,67.85,"Doug Edwards","Lib46",2678,32.15,102,1.21,"Estimate"
"Griffith","Sean Cousins","NPA","Ben Humphreys","ALP",259,13.89,"Doug Edwards","Lib46",1605,86.11,8,0.42,"Estimate"
"Griffith","Russel Norman","DSP","Ben Humphreys","ALP",653,69.12,"Doug Edwards","Lib46",292,30.88,18,1.9,"Estimate"
"Groom","Terry Day","NPA","Stewart Scott-Irving","ALP",745,6.41,"Bill Taylor","Lib46",10883,93.59,36,0.31,"Estimate"
"Groom","Trevor Ives","AD","Stewart Scott-Irving","ALP",4032,48.89,"Bill Taylor","Lib46",4214,51.11,73,0.88,"Estimate"
"Gwydir","Bevan O'Regan","Ind","Ted Stubbins","ALP",1689,30.58,"John Anderson","NPA",3835,69.42,137,2.42,"Estimate"
"Gwydir","Anthony Styles","AD","Ted Stubbins","ALP",1742,44.86,"John Anderson","NPA",2141,55.14,73,1.84,"Estimate"
"Hawker","Elizabeth Williams","AD","Elizabeth Harvey","ALP",5184,62.6,"Christine Gallus","Lib46",3097,37.4,81,0.97,"Estimate"
"Hawker","Reg Macey","CTA","Elizabeth Harvey","ALP",401,31.92,"Christine Gallus","Lib46",854,68.08,11,0.89,"Estimate"
"Hawker","Glen Bottam","GP","Elizabeth Harvey","ALP",300,43.95,"Christine Gallus","Lib46",382,56.05,20,2.84,"Estimate"
"Hawker","Kathy Ragless","DSP","Elizabeth Harvey","ALP",306,65.2,"Christine Gallus","Lib46",163,34.8,8,1.61,"Estimate"
"Herbert","Rick Anderton","NPA","Ted Lindsay","ALP",1490,11.72,"Peter Hazard","Lib46",11227,88.28,32,0.25,"Estimate"
"Herbert","Colin Parker","AD","Ted Lindsay","ALP",4782,62.1,"Peter Hazard","Lib46",2918,37.9,185,2.35,"Estimate"
"Higgins","Clive Jackson","AD","Laurie Walsh","ALP",7360,68.69,"Peter Costello","Lib46",3356,31.31,110,1.02,"Estimate"
"Higgins","Neil Baluch","CTA","Laurie Walsh","ALP",274,42.27,"Peter Costello","Lib46",373,57.73,23,3.4,"Estimate"
"Hindmarsh","Stephen Crabbe","AD","John Scott","ALP",5477,60.86,"Barry Lewis","Lib46",3522,39.14,71,0.78,"Estimate"
"Hindmarsh","John Maguire","GP","John Scott","ALP",1166,63.87,"Barry Lewis","Lib46",660,36.13,22,1.2,"Estimate"
"Hindmarsh","Peter Sparrow","CTA","John Scott","ALP",587,55.49,"Barry Lewis","Lib46",471,44.51,14,1.26,"Estimate"
"Hindmarsh","Alan McCarthy","Ind","John Scott","ALP",253,61.57,"Barry Lewis","Lib46",159,38.43,6,1.53,"Estimate"
"Hindmarsh","David Moxham","Ind","John Scott","ALP",105,60.19,"Barry Lewis","Lib46",70,39.81,3,1.65,"Estimate"
"Hinkler","Ronald Cullen","AD","Brian Courtice","ALP",3651,55.73,"John Evans","NPA",2900,44.27,79,1.19,"Estimate"
"Hinkler","Frank Hibble","Lib46","Brian Courtice","ALP",897,13.64,"John Evans","NPA",5680,86.36,41,0.62,"Estimate"
"Holt","Irmgard Westphal","AD","Michael Duffy","ALP",4770,65.99,"Mario Dodic","Lib46",2458,34.01,45,0.62,"Estimate"
"Holt","Lynne Dickson","CTA","Michael Duffy","ALP",2627,48.28,"Mario Dodic","Lib46",2815,51.72,16,0.3,"Estimate"
"Hotham","Phillip Anderson","AD","Simon Crean","ALP",5063,68.88,"Erdem Aydin","Lib46",2287,31.12,38,0.52,"Estimate"
"Hotham","Vincent Alfonso","Ind","Simon Crean","ALP",824,27.4,"Erdem Aydin","Lib46",2182,72.6,19,0.63,"Estimate"
"Hotham","Daryl Esmore","CTA","Simon Crean","ALP",271,14.53,"Erdem Aydin","Lib46",1595,85.47,8,0.42,"Estimate"
"Hotham","Peter Stamatopoulos","SPA72","Simon Crean","ALP",581,64.1,"Erdem Aydin","Lib46",326,35.9,11,1.15,"Estimate"
"Hughes","John Clancy","AD","Robert Tickner","ALP",5693,67.04,"Cliff Mason","Lib46",2799,32.96,84,0.98,"Estimate"
"Hughes","George Kriflik","Grn","Robert Tickner","ALP",2241,69.48,"Cliff Mason","Lib46",985,30.52,28,0.85,"Estimate"
"Hume","Glenn Roberts","AD","George Martin","ALP",2671,58.85,"Wal Fife","Lib46",1868,41.15,42,0.93,"Estimate"
"Hume","David Jones","Ind","George Martin","ALP",1628,43.84,"Wal Fife","Lib46",2085,56.16,60,1.59,"Estimate"
"Hume","Doug Kirkwood","Ind","George Martin","ALP",268,42.87,"Wal Fife","Lib46",357,57.13,8,1.22,"Estimate"
"Hunter","Chris Richards","AD","Eric Fitzgibbon","ALP",5098,59.25,"Ashley Saunders","Lib46",3506,40.75,113,1.29,"Estimate"
"Hunter","Alison Davey","NPA","Eric Fitzgibbon","ALP",1206,16.57,"Ashley Saunders","Lib46",6073,83.43,33,0.46,"Estimate"
"Indi","Barry Tattersall","Ind","John Dennis","ALP",3516,35.71,"Ewen Cameron","Lib46",6328,64.29,46,0.47,"Estimate"
"Indi","Ian Deegan","AD","John Dennis","ALP",3803,55.8,"Ewen Cameron","Lib46",3013,44.2,28,0.41,"Estimate"
"Isaacs","Darren Koch","AD","Jim Ensor","ALP",7193,66.55,"Rod Atkinson","Lib46",3615,33.45,66,0.61,"Exact"
"Jagajaga","Howard McCallum","AD","Peter Staples","ALP",6884,68.07,"Fred Garrett","Lib46",3229,31.93,95,0.93,"Estimate"
"Jagajaga","Colin Arnold","CTA","Peter Staples","ALP",698,42.62,"Fred Garrett","Lib46",941,57.38,8,0.49,"Estimate"
"Jagajaga","Robert Morris","Ind","Peter Staples","ALP",392,53.04,"Fred Garrett","Lib46",346,46.96,10,1.32,"Estimate"
"Kalgoorlie","Vin Cooper","AD","Graeme Campbell","ALP",3137,65.37,"Louie Carnicelli","Lib46",1661,34.63,41,0.85,"Estimate"
"Kalgoorlie","Robin Chapple","Grn","Graeme Campbell","ALP",2476,65.41,"Louie Carnicelli","Lib46",1310,34.59,29,0.77,"Estimate"
"Kalgoorlie","Dascia Weckert","NPA","Graeme Campbell","ALP",508,28.24,"Louie Carnicelli","Lib46",1291,71.76,11,0.62,"Estimate"
"Kalgoorlie","Josh Sacino","GP","Graeme Campbell","ALP",322,53.77,"Louie Carnicelli","Lib46",278,46.23,6,1.04,"Estimate"
"Kennedy","Fred Tritton","Lib46","Rob Hulls","ALP",1279,14.02,"Ross Shannon","NPA",7843,85.98,12,0.14,"Estimate"
"Kennedy","Patricia Banzhaf","AD","Rob Hulls","ALP",3321,61.17,"Ross Shannon","NPA",2108,38.83,44,0.8,"Estimate"
"Kingsford-Smith","Amelia Newman","AD","Laurie Brereton","ALP",4067,66.91,"Carol Dance","Lib46",2012,33.09,68,1.11,"Estimate"
"Kingsford-Smith","Mark Berriman","Grn","Laurie Brereton","ALP",3082,56.12,"Carol Dance","Lib46",2410,43.88,114,2.04,"Estimate"
"Kingsford-Smith","Kaye Tucke","Ind","Laurie Brereton","ALP",477,70.65,"Carol Dance","Lib46",198,29.35,13,1.87,"Estimate"
"Kingston","Janine Haines","AD","Gordon Bilney","ALP",11643,62.78,"Judy Fuller","Lib46",6901,37.22,150,0.8,"Estimate"
"Kingston","Cliff Boyd","CTA","Gordon Bilney","ALP",484,31.74,"Judy Fuller","Lib46",1040,68.26,9,0.59,"Estimate"
"Kingston","George Gater","Ind","Gordon Bilney","ALP",147,45.64,"Judy Fuller","Lib46",176,54.36,4,1.2,"Estimate"
"Kingston","Lyall McDonald","Ind","Gordon Bilney","ALP",154,51.38,"Judy Fuller","Lib46",145,48.62,5,1.64,"Estimate"
"Kingston","Tom Flanagan","DSP","Gordon Bilney","ALP",191,64.68,"Judy Fuller","Lib46",104,35.32,1,0.48,"Estimate"
"Kooyong","Jill Leisegang","AD","Eugene O'Sullivan","ALP",6257,67.85,"Andrew Peacock","Lib46",2966,32.15,79,0.85,"Estimate"
"Kooyong","Tim Ferguson","Ind","Eugene O'Sullivan","ALP",1474,60.4,"Andrew Peacock","Lib46",966,39.6,31,1.27,"Estimate"
"Kooyong","Arthur Burns","AFI","Eugene O'Sullivan","ALP",412,49.82,"Andrew Peacock","Lib46",416,50.18,7,0.89,"Estimate"
"Kooyong","David Greagg","Ind","Eugene O'Sullivan","ALP",148,51.65,"Andrew Peacock","Lib46",138,48.35,6,2.1,"Estimate"
"Lalor","George Demetriou","AD","Barry Jones","ALP",3536,55.13,"Rae Medlock","Lib46",2879,44.87,40,0.62,"Estimate"
"Lalor","Peter Ryan","Ind","Barry Jones","ALP",2903,62.97,"Rae Medlock","Lib46",1707,37.03,75,1.6,"Estimate"
"Lalor","Ron Moffett","CTA","Barry Jones","ALP",514,27.29,"Rae Medlock","Lib46",1368,72.71,26,1.35,"Estimate"
"La Trobe","Greta Jungwirth","AD","Peter Milton","ALP",8690,71.55,"Bob Charles","Lib46",3455,28.45,101,0.83,"Estimate"
"La Trobe","Teresa Kemp","CTA","Peter Milton","ALP",728,29.73,"Bob Charles","Lib46",1720,70.27,20,0.8,"Estimate"
"Leichhardt","Kevin Byrne","NPA","John Gayler","ALP",1296,8.9,"Bill Cummings","Lib46",13257,91.1,0,0,"Estimate"
"Leichhardt","Jim Downey","AD","John Gayler","ALP",4491,61.18,"Bill Cummings","Lib46",2851,38.82,40,0.54,"Estimate"
"Leichhardt","Jim Waldock","Ind","John Gayler","ALP",501,44.11,"Bill Cummings","Lib46",634,55.89,13,1.17,"Estimate"
"Lilley","Elizabeth Rowland","AD","Elaine Darling","ALP",4265,61.47,"Ronald Nankervis","Lib46",2673,38.53,85,1.21,"Estimate"
"Lilley","Steve Purtill","NPA","Elaine Darling","ALP",283,12.8,"Ronald Nankervis","Lib46",1928,87.2,6,0.26,"Estimate"
"Lilley","Dave Riley","DSP","Elaine Darling","ALP",372,67.8,"Ronald Nankervis","Lib46",177,32.2,8,1.49,"Estimate"
"Lindsay","Paul Moritz","AD","Ross Free","ALP",4344,72.68,"Barry Haylock","Lib46",1633,27.32,61,1,"Estimate"
"Lindsay","William Gayed","CNA","Ross Free","ALP",1778,68.7,"Barry Haylock","Lib46",810,31.3,50,1.89,"Estimate"
"Lindsay","Brian Grigg","CTA","Ross Free","ALP",907,36.98,"Barry Haylock","Lib46",1545,63.02,22,0.88,"Estimate"
"Lindsay","David Thomas","Ind","Ross Free","ALP",985,57.53,"Barry Haylock","Lib46",727,42.47,31,1.75,"Estimate"
"Lowe","Andrew Mignot","AD","Mary Easson","ALP",3493,76.37,"Bob Woods","Lib46",1080,23.63,39,0.84,"Estimate"
"Lowe","Bruce Threlfo","Grn","Mary Easson","ALP",2356,74.73,"Bob Woods","Lib46",797,25.27,40,1.26,"Estimate"
"Lowe","Corrado Galimberti","Ind","Mary Easson","ALP",1068,66.33,"Bob Woods","Lib46",542,33.67,42,2.57,"Estimate"
"Lowe","Peter Peterson","CTA","Mary Easson","ALP",333,40.81,"Bob Woods","Lib46",483,59.19,12,1.5,"Estimate"
"Lyne","Peter Cooper","AD","Garry Worth","ALP",7021,60.38,"Bruce Cowan","NPA",4607,39.62,130,1.11,"Exact"
"Lyons","Mike Hancock","AD","Bob Gordon","ALP",3698,67.3,"Max Burr","Lib46",1797,32.7,47,0.85,"Exact"
"Macarthur","Peter Feltis","AD","Stephen Martin","ALP",6071,71.96,"Jim Cameron","Lib46",2365,28.04,97,1.13,"Estimate"
"Macarthur","Chris Illert","Grn","Stephen Martin","ALP",1221,71.04,"Jim Cameron","Lib46",498,28.96,32,1.81,"Estimate"
"Macarthur","Ken McDonald","CTA","Stephen Martin","ALP",456,32.84,"Jim Cameron","Lib46",933,67.16,14,0.97,"Estimate"
"Macarthur","Leon Bringolf","SPA72","Stephen Martin","ALP",551,85.24,"Jim Cameron","Lib46",95,14.76,5,0.76,"Estimate"
"Mackellar","Jonathan King","AD","Adam Hatcher","ALP",7138,62.34,"Jim Carlton","Lib46",4312,37.66,145,1.25,"Estimate"
"Mackellar","Maurice Foley","Ind","Adam Hatcher","ALP",762,39.37,"Jim Carlton","Lib46",1172,60.63,42,2.14,"Estimate"
"Mackellar","Muriel O'Neill","CTA","Adam Hatcher","ALP",328,28.47,"Jim Carlton","Lib46",823,71.53,13,1.11,"Estimate"
"Mackellar","Brad Hogarth","Grn","Adam Hatcher","ALP",359,56.38,"Jim Carlton","Lib46",277,43.62,12,1.85,"Estimate"
"Macquarie","Bruce Forbes","AD","John Marsh","ALP",5982,71.1,"Alasdair Webster","Lib46",2432,28.9,86,1.01,"Estimate"
"Macquarie","John Baker","Ind","John Marsh","ALP",2961,69.2,"Alasdair Webster","Lib46",1318,30.8,49,1.14,"Estimate"
"Macquarie","Stuart Douglass","Ind","John Marsh","ALP",505,56.02,"Alasdair Webster","Lib46",397,43.98,12,1.31,"Estimate"
"Macquarie","Leslie Newton","Grn","John Marsh","ALP",412,65.57,"Alasdair Webster","Lib46",216,34.43,11,1.71,"Estimate"
"Makin","Steve Bartholomew","AD","Peter Duncan","ALP",6774,64.32,"Daryl Hicks","Lib46",3758,35.68,87,0.81,"Estimate"
"Makin","Jeff Penny","CTA","Peter Duncan","ALP",730,31.66,"Daryl Hicks","Lib46",1575,68.34,15,0.65,"Estimate"
"Makin","Geoff Roberts","Ind","Peter Duncan","ALP",375,59.01,"Daryl Hicks","Lib46",261,40.99,3,0.49,"Estimate"
"Makin","David Howard","Ind","Peter Duncan","ALP",165,53.9,"Daryl Hicks","Lib46",141,46.1,3,1.07,"Estimate"
"Mallee","Ian McCracken","AD","Peter Mitchell","ALP",2776,46.32,"Peter Fisher","NPA",3217,53.68,13,0.22,"Exact"
"Maranoa","John Stone","Lib46","John Adams","ALP",960,11.49,"Bruce Scott","NPA",7391,88.51,22,0.26,"Estimate"
"Maranoa","Mary Hopkins","AD","John Adams","ALP",2675,48.39,"Bruce Scott","NPA",2853,51.61,39,0.7,"Estimate"
"Maribyrnong","Frances McKay","AD","Alan Griffiths","ALP",5659,65.92,"Victor Rudewych","Lib46",2925,34.08,39,0.45,"Exact"
"Mayo","Merilyn Pedrick","AD","Delia Skorin","ALP",10358,66.11,"Alexander Downer","Lib46",5312,33.89,147,0.93,"Estimate"
"Mayo","John Watson","CTA","Delia Skorin","ALP",537,28.01,"Alexander Downer","Lib46",1378,71.99,22,1.11,"Estimate"
"McEwen","Russell Dawes","AD","Peter Cleeland","ALP",4489,65.18,"Fran Bailey","Lib46",2397,34.82,42,0.61,"Estimate"
"McEwen","Win Wise","CTA","Peter Cleeland","ALP",519,32.1,"Fran Bailey","Lib46",1099,67.9,12,0.74,"Estimate"
"McEwen","Maurie Smith","Ind","Peter Cleeland","ALP",638,46.84,"Fran Bailey","Lib46",724,53.16,19,1.37,"Estimate"
"McMillan","Jillian Petersen","NPA","Barry Cunningham","ALP",615,9.71,"John Riggall","Lib46",5712,90.29,31,0.49,"Estimate"
"McMillan","Ross Ollquist","AD","Barry Cunningham","ALP",4058,56.64,"John Riggall","Lib46",3106,43.36,83,1.15,"Estimate"
"McMillan","Michael Slaughter","CTA","Barry Cunningham","ALP",500,18.52,"John Riggall","Lib46",2204,81.48,22,0.8,"Estimate"
"McMillan","Glen Mann","Ind","Barry Cunningham","ALP",205,38.45,"John Riggall","Lib46",330,61.55,9,1.58,"Estimate"
"McPherson","Robert North","AD","Pat Stern","ALP",4100,51.21,"John Bradford","Lib46",3906,48.79,82,1.01,"Estimate"
"McPherson","Randall Cook","NPA","Pat Stern","ALP",337,8.25,"John Bradford","Lib46",3755,91.75,10,0.24,"Estimate"
"McPherson","Bert Cockerill","Ind","Pat Stern","ALP",671,40.1,"John Bradford","Lib46",1003,59.9,29,1.71,"Estimate"
"McPherson","Otto Kuhne","Ind","Pat Stern","ALP",53,32.32,"John Bradford","Lib46",111,67.68,6,3.7,"Estimate"
"Melbourne","Geoff Mosley","AD","Gerry Hand","ALP",8850,75.82,"Rodger Gully","Lib46",2823,24.18,102,0.86,"Estimate"
"Melbourne","Steve Florin","Ind","Gerry Hand","ALP",644,39.82,"Rodger Gully","Lib46",973,60.18,26,1.56,"Estimate"
"Melbourne","Melanie Sjoberg","DSP","Gerry Hand","ALP",812,73.18,"Rodger Gully","Lib46",298,26.82,15,1.37,"Estimate"
"Melbourne","Jim Ferrari","Ind","Gerry Hand","ALP",210,52.97,"Rodger Gully","Lib46",186,47.03,15,3.7,"Estimate"
"Melbourne Ports","David Collyer","AD","Clyde Holding","ALP",7630,74.58,"Allan Paull","Lib46",2600,25.42,97,0.94,"Estimate"
"Melbourne Ports","Greg Loats","DSP","Clyde Holding","ALP",629,72.42,"Allan Paull","Lib46",240,27.58,17,1.96,"Estimate"
"Menzies","Elizabeth Piper-Johnson","AD","Ivana Csar","ALP",4911,63.95,"Neil Brown","Lib46",2768,36.05,31,0.4,"Estimate"
"Menzies","Ron Suter","CTA","Ivana Csar","ALP",310,22.43,"Neil Brown","Lib46",1072,77.57,2,0.14,"Estimate"
"Mitchell","Jan Watts","AD","Graeme McIlveen","ALP",5029,57.06,"Alan Cadman","Lib46",3784,42.94,169,1.88,"Estimate"
"Mitchell","Harold Morton","CTA","Graeme McIlveen","ALP",439,24,"Alan Cadman","Lib46",1389,76,26,1.42,"Estimate"
"Moncrieff","Jonathan Cornish","AD","Col Struthers","ALP",5024,50.35,"Kathy Sullivan","Lib46",4954,49.65,50,0.5,"Estimate"
"Moncrieff","Peter Lyons","NPA","Col Struthers","ALP",371,8.17,"Kathy Sullivan","Lib46",4175,91.83,3,0.06,"Estimate"
"Moore","Alan Lloyd","AD","Allen Blanchard","ALP",3999,60.7,"Paul Filing","Lib46",2588,39.3,60,0.91,"Estimate"
"Moore","Brian Steels","Grn","Allen Blanchard","ALP",3098,64.1,"Paul Filing","Lib46",1736,35.9,43,0.87,"Estimate"
"Moore","Mark Watson","GP","Allen Blanchard","ALP",358,47.12,"Paul Filing","Lib46",402,52.88,8,1.05,"Estimate"
"Moreton","Ken Davies","AD","Garrie Gibson","ALP",5815,69.28,"Donald Cameron","Lib46",2579,30.72,122,1.43,"Estimate"
"Moreton","Vince Cottrell","NPA","Garrie Gibson","ALP",221,16.28,"Donald Cameron","Lib46",1135,83.72,10,0.74,"Estimate"
"Murray","Barbara Leavesley","AD","Frank Purcell","ALP",3345,51.97,"Bruce Lloyd","NPA",3091,48.03,17,0.27,"Estimate"
"Murray","Anne Adams","Ind","Frank Purcell","ALP",659,29.5,"Bruce Lloyd","NPA",1576,70.5,15,0.66,"Estimate"
"Newcastle","Mark Hallett","Lib46","Allan Morris","ALP",1396,15.18,"Leigh Maughan","Ind",7803,84.82,70,0.75,"Estimate"
"Newcastle","Malcolm Martin","AD","Allan Morris","ALP",3786,52.85,"Leigh Maughan","Ind",3377,47.15,110,1.51,"Estimate"
"Newcastle","Frank Blefari","Ind","Allan Morris","ALP",265,28.06,"Leigh Maughan","Ind",679,71.94,28,2.91,"Estimate"
"Newcastle","Col Forster","Ind","Allan Morris","ALP",115,33.16,"Leigh Maughan","Ind",230,66.84,7,2.08,"Estimate"
"New England","Steve Wood","AD","Paul Brock","ALP",4220,59.3,"Ian Sinclair","NPA",2897,40.7,108,1.5,"Estimate"
"New England","Guy Wernhard","Ind","Paul Brock","ALP",1092,56.57,"Ian Sinclair","NPA",838,43.43,63,3.16,"Estimate"
"New England","Peter Worthing","Ind","Paul Brock","ALP",641,47.5,"Ian Sinclair","NPA",708,52.5,36,2.59,"Estimate"
"Northern Territory","Don Beaton","Ind","Warren Snowdon","ALP",787,41.77,"Helen Galton","CLP",1097,58.23,16,0.86,"Estimate"
"Northern Territory","Tig Donnellan","Ind","Warren Snowdon","ALP",859,64.12,"Helen Galton","CLP",481,35.88,40,2.91,"Estimate"
"Northern Territory","Bob Liddle","Ind","Warren Snowdon","ALP",735,52.34,"Helen Galton","CLP",669,47.66,23,1.6,"Estimate"
"Northern Territory","Strider","Ind","Warren Snowdon","ALP",658,68.8,"Helen Galton","CLP",298,31.2,19,1.9,"Estimate"
"Northern Territory","Ron Sterry","Ind","Warren Snowdon","ALP",353,44.7,"Helen Galton","CLP",437,55.3,11,1.37,"Estimate"
"North Sydney","Chrissa Loukas","ALP","Ted Mack","Ind",6440,89.05,"John Spender","Lib46",793,10.95,7,0.1,"Estimate"
"North Sydney","Graeme MacLennan","AD","Ted Mack","Ind",1536,79.43,"John Spender","Lib46",397,20.57,7,0.34,"Estimate"
"O'Connor","James Ferguson","NPA","Kim Chance","ALP",2207,15.85,"Wilson Tuckey","Lib46",11716,84.15,20,0.14,"Estimate"
"O'Connor","Huw Grossmith","AD","Kim Chance","ALP",1435,53.35,"Wilson Tuckey","Lib46",1256,46.65,15,0.57,"Estimate"
"O'Connor","Jim Cavill","Grn","Kim Chance","ALP",1215,50.26,"Wilson Tuckey","Lib46",1203,49.74,25,1,"Estimate"
"O'Connor","Rick Finney","GP","Kim Chance","ALP",454,46.09,"Wilson Tuckey","Lib46",532,53.91,23,2.3,"Estimate"
"Oxley","Althea Rossmuller","AD","Les Scott","ALP",5987,62.82,"David Cooke","Lib46",3544,37.18,129,1.33,"Estimate"
"Oxley","Ray Wilms","NPA","Les Scott","ALP",269,11.91,"David Cooke","Lib46",1987,88.09,11,0.49,"Estimate"
"Page","Charles Lowe","AD","Harry Woods","ALP",4189,68,"Ian Robinson","NPA",1971,32,92,1.48,"Estimate"
"Page","Martin Frohlich","Ind","Harry Woods","ALP",3705,69.07,"Ian Robinson","NPA",1659,30.93,92,1.69,"Estimate"
"Page","David Kitson","Ind","Harry Woods","ALP",547,59.03,"Ian Robinson","NPA",380,40.97,29,3.09,"Estimate"
"Page","Ivor Brown","Ind","Harry Woods","ALP",482,56.81,"Ian Robinson","NPA",366,43.19,37,4.18,"Estimate"
"Parkes","Gloria Collison","AD","Ray Leslie","ALP",2800,45.59,"Michael Cobb","NPA",3342,54.41,23,0.37,"Exact"
"Parramatta","Michael Antrum","AD","Paul Elliott","ALP",4650,66.25,"Ross Barwick","Lib46",2369,33.75,100,1.4,"Estimate"
"Parramatta","Kerry Vernon","DSP","Paul Elliott","ALP",640,64.65,"Ross Barwick","Lib46",350,35.35,26,2.57,"Estimate"
"Pearce","Peter Lambert","AD","John Duncan","ALP",4201,67.83,"Fred Chaney","Lib46",1993,32.17,51,0.82,"Estimate"
"Pearce","Greg Bankoff","Grn","John Duncan","ALP",3607,67.62,"Fred Chaney","Lib46",1728,32.38,54,1.01,"Estimate"
"Pearce","Gina Pintabona","GP","John Duncan","ALP",554,56.94,"Fred Chaney","Lib46",418,43.06,22,2.19,"Estimate"
"Perth","Brenda Conochie","Grn","Ric Charlesworth","ALP",3873,70.91,"Marylyn Rodgers","Lib46",1588,29.09,35,0.63,"Estimate"
"Perth","Brian Jenkins","AD","Ric Charlesworth","ALP",3045,59.77,"Marylyn Rodgers","Lib46",2050,40.23,57,1.11,"Estimate"
"Perth","Richard Cheuk","DSP","Ric Charlesworth","ALP",729,62.65,"Marylyn Rodgers","Lib46",435,37.35,47,3.84,"Estimate"
"Perth","Don Gudgeon","GP","Ric Charlesworth","ALP",362,52.41,"Marylyn Rodgers","Lib46",329,47.59,11,1.5,"Estimate"
"Perth","William Witham","NPA","Ric Charlesworth","ALP",195,41.31,"Marylyn Rodgers","Lib46",278,58.69,10,1.99,"Estimate"
"Petrie","Anthony Bloomer","AD","Gary Johns","ALP",4805,62.73,"Bruce Flegg","Lib46",2854,37.27,81,1.04,"Estimate"
"Petrie","Peter Bateman","NPA","Gary Johns","ALP",281,12.12,"Bruce Flegg","Lib46",2039,87.88,7,0.31,"Estimate"
"Petrie","Natasha Simons","DSP","Gary Johns","ALP",478,61.44,"Bruce Flegg","Lib46",300,38.56,14,1.78,"Estimate"
"Phillip","Armon Hicks","AD","Jeannette McHugh","ALP",4127,69.59,"Charles Copeman","Lib46",1803,30.41,84,1.4,"Estimate"
"Phillip","Cynthia Wrublewski","Ind","Jeannette McHugh","ALP",1397,37.05,"Charles Copeman","Lib46",2372,62.95,59,1.55,"Estimate"
"Phillip","David Barrington","Grn","Jeannette McHugh","ALP",1952,69.26,"Charles Copeman","Lib46",867,30.74,38,1.33,"Estimate"
"Phillip","Kevin Lohan","CTA","Jeannette McHugh","ALP",209,37.06,"Charles Copeman","Lib46",355,62.94,6,1.05,"Estimate"
"Phillip","Toby Marshall","Ind","Jeannette McHugh","ALP",190,40.26,"Charles Copeman","Lib46",282,59.74,8,1.64,"Estimate"
"Phillip","George Vlazny","GP","Jeannette McHugh","ALP",190,45.63,"Charles Copeman","Lib46",227,54.37,9,2.01,"Estimate"
"Port Adelaide","Damien Aidon","AD","Rod Sawford","ALP",5457,68.79,"Howard Trotter","Lib46",2475,31.21,71,0.88,"Estimate"
"Port Adelaide","Peter Thompson","CTA","Rod Sawford","ALP",478,47.94,"Howard Trotter","Lib46",518,52.06,17,1.71,"Estimate"
"Port Adelaide","Paul Petit","DSP","Rod Sawford","ALP",598,70.74,"Howard Trotter","Lib46",247,29.26,14,1.62,"Estimate"
"Prospect","Kate Wright","AD","Janice Crosio","ALP",3573,54.6,"Paul Newton","Lib46",2971,45.4,95,1.42,"Estimate"
"Prospect","Jenny Zanella","Grn","Janice Crosio","ALP",813,56.78,"Paul Newton","Lib46",618,43.22,24,1.65,"Estimate"
"Prospect","Dick Nichols","DSP","Janice Crosio","ALP",530,58.71,"Paul Newton","Lib46",373,41.29,17,1.9,"Estimate"
"Prospect","Nick Beams","Ind","Janice Crosio","ALP",375,58.94,"Paul Newton","Lib46",262,41.06,11,1.71,"Estimate"
"Rankin","Huan Fraser","NPA","David Beddall","ALP",698,6.32,"John Miles","Lib46",10350,93.68,17,0.16,"Estimate"
"Rankin","John Hoskins","AD","David Beddall","ALP",4593,61.94,"John Miles","Lib46",2823,38.06,96,1.27,"Estimate"
"Rankin","Richard Whiteman","Ind","David Beddall","ALP",671,36.55,"John Miles","Lib46",1165,63.45,29,1.54,"Estimate"
"Rankin","Cheryl Crisp","Ind","David Beddall","ALP",291,63.52,"John Miles","Lib46",168,36.48,6,1.2,"Estimate"
"Reid","Steven Bailey","AD","Laurie Ferguson","ALP",2110,55.88,"Lynne McDowell","Lib46",1666,44.12,31,0.81,"Estimate"
"Reid","Keith Barron","CTA","Laurie Ferguson","ALP",1668,65.61,"Lynne McDowell","Lib46",874,34.39,57,2.2,"Estimate"
"Reid","Vincent White","Ind","Laurie Ferguson","ALP",1082,62.65,"Lynne McDowell","Lib46",645,37.35,38,2.18,"Estimate"
"Reid","Margaret Gleeson","DSP","Laurie Ferguson","ALP",845,64.71,"Lynne McDowell","Lib46",461,35.29,22,1.68,"Estimate"
"Reid","Radwan Elachi","CNA","Laurie Ferguson","ALP",553,64.22,"Lynne McDowell","Lib46",309,35.78,12,1.41,"Estimate"
"Richmond","Helen Caldicott","Ind","Neville Newell","ALP",12265,77.44,"Charles Blunt","NPA",3573,22.56,234,1.45,"Estimate"
"Richmond","Stan Gibbs","AD","Neville Newell","ALP",3033,71.56,"Charles Blunt","NPA",1206,28.44,107,2.47,"Estimate"
"Richmond","Alan Sims","CTA","Neville Newell","ALP",399,39.53,"Charles Blunt","NPA",611,60.47,22,2.12,"Estimate"
"Richmond","Ian Paterson","Ind","Neville Newell","ALP",247,57.8,"Charles Blunt","NPA",180,42.2,18,4,"Estimate"
"Richmond","Dudley Leggett","Ind","Neville Newell","ALP",177,65.92,"Charles Blunt","NPA",91,34.08,11,3.82,"Estimate"
"Richmond","Gavin Baillie","Ind","Neville Newell","ALP",119,65.73,"Charles Blunt","NPA",62,34.27,6,2.96,"Estimate"
"Riverina-Darling","Gordon Dansie","Ind","Peter Black","ALP",1229,56.35,"Noel Hicks","NPA",952,43.65,0,0,"Exact"
"Robertson","Glenice Griffiths","AD","Frank Walker","ALP",6252,57.31,"Paul St Clair","Lib46",4658,42.69,85,0.78,"Estimate"
"Robertson","John Anderson","Ind","Frank Walker","ALP",1386,41.42,"Paul St Clair","Lib46",1959,58.58,45,1.32,"Estimate"
"Robertson","Bryan Ellis","Grn","Frank Walker","ALP",1290,66.31,"Paul St Clair","Lib46",656,33.69,22,1.12,"Estimate"
"Robertson","Joyce Cook","GP","Frank Walker","ALP",524,42.39,"Paul St Clair","Lib46",711,57.61,19,1.51,"Estimate"
"Robertson","Martin Ritter","Ind","Frank Walker","ALP",246,40.5,"Paul St Clair","Lib46",363,59.5,5,0.88,"Estimate"
"Robertson","Paul Baker","Ind","Frank Walker","ALP",132,46.28,"Paul St Clair","Lib46",154,53.72,3,1.21,"Estimate"
"Ryan","Adair Ferguson","AD","Denny Campbell","ALP",8430,61.8,"John Moore","Lib46",5211,38.2,28,0.2,"Estimate"
"Ryan","Helen McAllister","NPA","Denny Campbell","ALP",521,12.11,"John Moore","Lib46",3780,87.89,24,0.56,"Estimate"
"Ryan","Alan Skyring","Ind","Denny Campbell","ALP",540,48.29,"John Moore","Lib46",578,51.71,21,1.84,"Estimate"
"Scullin","Malcolm Brown","AD","Harry Jenkins","ALP",6645,70.38,"Wayne Phillips","Lib46",2797,29.62,95,1,"Estimate"
"Scullin","Steve Pollock","Ind","Harry Jenkins","ALP",542,76.17,"Wayne Phillips","Lib46",170,23.83,11,1.54,"Estimate"
"Scullin","Angelo Iacono","Ind","Harry Jenkins","ALP",445,66.87,"Wayne Phillips","Lib46",221,33.13,16,2.34,"Estimate"
"Shortland","Michael Reckenberg","AD","Peter Morris","ALP",4724,60.27,"Lynne Hall","Lib46",3114,39.73,137,1.71,"Estimate"
"Shortland","Lorraine Welsh","Ind","Peter Morris","ALP",2175,37.58,"Lynne Hall","Lib46",3612,62.42,52,0.89,"Estimate"
"Shortland","Mark Booth","Ind","Peter Morris","ALP",1260,42.81,"Lynne Hall","Lib46",1682,57.19,41,1.37,"Estimate"
"Shortland","Geoff Ellis","Ind","Peter Morris","ALP",415,54.8,"Lynne Hall","Lib46",343,45.2,13,1.69,"Estimate"
"Shortland","Clay Robinson","Ind","Peter Morris","ALP",108,59.24,"Lynne Hall","Lib46",75,40.76,4,2.35,"Estimate"
"St George","John Mukai","AD","Stephen Dubois","ALP",3697,61.78,"Alan Smith","Lib46",2288,38.22,101,1.66,"Estimate"
"St George","Don Collingridge","Grn","Stephen Dubois","ALP",845,60.59,"Alan Smith","Lib46",550,39.41,35,2.42,"Estimate"
"St George","Brian Howard","GP","Stephen Dubois","ALP",280,49.41,"Alan Smith","Lib46",286,50.59,13,2.26,"Estimate"
"St George","John Brkich","CNA","Stephen Dubois","ALP",194,47.72,"Alan Smith","Lib46",212,52.28,11,2.63,"Estimate"
"St George","Colin Hesse","DSP","Stephen Dubois","ALP",229,60.07,"Alan Smith","Lib46",152,39.93,11,2.9,"Estimate"
"Stirling","Lachlan Irvine","AD","Ron Edwards","ALP",3069,63.32,"Jock Barker","Lib46",1778,36.68,37,0.76,"Estimate"
"Stirling","Kim Herbert","Grn","Ron Edwards","ALP",2940,65.94,"Jock Barker","Lib46",1519,34.06,52,1.15,"Estimate"
"Stirling","Barry Shardlow","Ind","Ron Edwards","ALP",228,28.88,"Jock Barker","Lib46",563,71.12,22,2.68,"Estimate"
"Stirling","Eugene Hands","GP","Ron Edwards","ALP",307,43.14,"Jock Barker","Lib46",405,56.86,11,1.52,"Estimate"
"Stirling","Jonathan Strauss","DSP","Ron Edwards","ALP",198,64.65,"Jock Barker","Lib46",109,35.35,6,1.79,"Estimate"
"Sturt","Arlyn Tombleson","AD","Mark Hough","ALP",5914,59.72,"Ian Wilson","Lib46",3989,40.28,86,0.86,"Estimate"
"Sturt","Elena Bulis","GP","Mark Hough","ALP",584,43.88,"Ian Wilson","Lib46",746,56.12,27,2.02,"Estimate"
"Sturt","Tom Curnow","CTA","Mark Hough","ALP",387,38.05,"Ian Wilson","Lib46",629,61.95,18,1.78,"Estimate"
"Swan","Alan Needham","AD","Kim Beazley","ALP",3001,57.37,"Peter Kirwan","Lib46",2231,42.63,42,0.8,"Estimate"
"Swan","Dee Margetts","Grn","Kim Beazley","ALP",2901,61.37,"Peter Kirwan","Lib46",1826,38.63,50,1.06,"Estimate"
"Swan","Mike Hutton","GP","Kim Beazley","ALP",915,36.9,"Peter Kirwan","Lib46",1566,63.1,33,1.31,"Estimate"
"Swan","Patrick Donovan","Ind","Kim Beazley","ALP",304,41.12,"Peter Kirwan","Lib46",435,58.88,14,1.82,"Estimate"
"Swan","Frank Noakes","DSP","Kim Beazley","ALP",285,58.38,"Peter Kirwan","Lib46",203,41.62,12,2.42,"Estimate"
"Swan","Erica Gamble","Ind","Kim Beazley","ALP",209,51.87,"Peter Kirwan","Lib46",193,48.13,10,2.55,"Estimate"
"Swan","Paul Auguston","Ind","Kim Beazley","ALP",62,47.53,"Peter Kirwan","Lib46",69,52.47,3,2.37,"Estimate"
"Sydney","Bob Dawson","AD","Peter Baldwin","ALP",5822,76.39,"Stephen Woodhill","Lib46",1800,23.61,75,0.97,"Estimate"
"Sydney","Tony Harris","Grn","Peter Baldwin","ALP",5086,76.36,"Stephen Woodhill","Lib46",1575,23.64,84,1.25,"Estimate"
"Sydney","Ken Henderson","Ind","Peter Baldwin","ALP",760,70.17,"Stephen Woodhill","Lib46",323,29.83,23,2.11,"Estimate"
"Sydney","John Davern","CTA","Peter Baldwin","ALP",386,51.63,"Stephen Woodhill","Lib46",361,48.37,10,1.34,"Estimate"
"Sydney","Nadar Ponnuswamy","Ind","Peter Baldwin","ALP",188,70.96,"Stephen Woodhill","Lib46",77,29.04,9,3.13,"Estimate"
"Tangney","Hannah Wolfe","AD","Chris Keely","ALP",3714,62.06,"Peter Shack","Lib46",2271,37.94,54,0.89,"Estimate"
"Tangney","Mark Schneider","Grn","Chris Keely","ALP",2772,63.92,"Peter Shack","Lib46",1564,36.08,50,1.15,"Estimate"
"Tangney","Andrew Wade","GP","Chris Keely","ALP",294,44.1,"Peter Shack","Lib46",373,55.9,8,1.15,"Estimate"
"Throsby","Greg Butler","AD","Colin Hollis","ALP",5601,56.2,"Garry Noel-Gough","Lib46",4366,43.8,67,0.67,"Estimate"
"Throsby","Ronald Henderson","Ind","Colin Hollis","ALP",1238,54.3,"Garry Noel-Gough","Lib46",1041,45.7,19,0.82,"Estimate"
"Throsby","Lyn Allison","Grn","Colin Hollis","ALP",677,59.59,"Garry Noel-Gough","Lib46",459,40.41,10,0.83,"Estimate"
"Throsby","David Reilly","Ind","Colin Hollis","ALP",592,55.69,"Garry Noel-Gough","Lib46",471,44.31,8,0.78,"Estimate"
"Wakefield","Kaye Matthews","AD","George Karzis","ALP",5104,57.91,"Neil Andrew","Lib46",3709,42.09,66,0.74,"Estimate"
"Wakefield","Ashley Grace","CTA","George Karzis","ALP",667,31.48,"Neil Andrew","Lib46",1453,68.52,24,1.14,"Estimate"
"Wannon","Allan Thompson","AD","Phillip Sawyer","ALP",3942,61.94,"David Hawker","Lib46",2421,38.06,78,1.21,"Estimate"
"Wannon","Terry Winter","CTA","Phillip Sawyer","ALP",756,32.11,"David Hawker","Lib46",1600,67.89,20,0.85,"Estimate"
"Warringah","Marcus Weyland","AD","David de Montfort","ALP",6763,66.14,"Michael MacKellar","Lib46",3463,33.86,186,1.79,"Exact"
"Wentworth","Estelle Myers","AD","Dimitri Tsingris","ALP",4695,71.7,"John Hewson","Lib46",1854,28.3,54,0.82,"Estimate"
"Wentworth","Geoff Ash","Grn","Dimitri Tsingris","ALP",3870,73.33,"John Hewson","Lib46",1407,26.67,80,1.49,"Estimate"
"Wentworth","James Reid","Ind","Dimitri Tsingris","ALP",452,59.91,"John Hewson","Lib46",302,40.09,25,3.18,"Estimate"
"Werriwa","Eamon Quinn","AD","John Kerin","ALP",4989,66.78,"Rick Lewis","Lib46",2482,33.22,76,1.01,"Estimate"
"Werriwa","Sue Dobson","EI","John Kerin","ALP",3267,67.72,"Rick Lewis","Lib46",1558,32.28,41,0.84,"Estimate"
"Werriwa","Robert Tomasiello","Grn","John Kerin","ALP",542,63.89,"Rick Lewis","Lib46",306,36.11,38,4.25,"Estimate"
"Wide Bay","Bryan Sandall","AD","Andrew Foley","ALP",4914,54.72,"Warren Truss","NPA",4067,45.28,127,1.39,"Estimate"
"Wide Bay","John Szchech","Ind","Andrew Foley","ALP",624,37.32,"Warren Truss","NPA",1048,62.68,23,1.38,"Estimate"
"Wills","Philip Mendes","AD","Bob Hawke","ALP",4333,68.28,"John Delacretaz","Lib46",2013,31.72,67,1.04,"Estimate"
"Wills","Mark Beshara","DLP","Bob Hawke","ALP",672,26.36,"John Delacretaz","Lib46",1876,73.64,16,0.62,"Estimate"
"Wills","Ian Sykes","Ind","Bob Hawke","ALP",424,43.68,"John Delacretaz","Lib46",546,56.32,16,1.61,"Estimate"
"Wills","Lali Chelliah","DSP","Bob Hawke","ALP",352,53.31,"John Delacretaz","Lib46",308,46.69,18,2.6,"Estimate"
"Wills","Cecil G. Murgatroyd","Ind","Bob Hawke","ALP",177,57.16,"John Delacretaz","Lib46",132,42.84,10,3.19,"Estimate"
"Wills","Marc Aussie-Stone","Ind","Bob Hawke","ALP",155,50.62,"John Delacretaz","Lib46",151,49.38,10,3.06,"Estimate"
