"Seat","From_candidate","From_party","To_candidate1","To_party1","Votes1","Vote_perc1","To_candidate2","To_party2","Votes2","Vote_perc2","Exhausted","Exhausted_perc","Calc_type"
"Adelaide","Chris James","AD","Steve Georganas","ALP",1408,69.05,"Shaun Osborn","Lib46",631,30.95,0,0,"Exact"
"Adelaide","Barbara Pocock","Grn","Steve Georganas","ALP",14657,86.97,"Shaun Osborn","Lib46",2196,13.03,0,0,"Exact"
"Adelaide","Deanna Kangas","AJP","Steve Georganas","ALP",1958,67.66,"Shaun Osborn","Lib46",936,32.34,0,0,"Exact"
"Adelaide","Antonio Rea","UAP19","Steve Georganas","ALP",1176,33.8,"Shaun Osborn","Lib46",2303,66.2,0,0,"Exact"
"Aston","Asher Cookson","Grn","Kadira Pethiyagoda","ALP",7018,79.15,"Alan Tudge","Lib46",1849,20.85,0,0,"Exact"
"Aston","Matthew Sirianni-Duffy","UAP19","Kadira Pethiyagoda","ALP",1205,33.37,"Alan Tudge","Lib46",2406,66.63,0,0,"Exact"
"Aston","Anna Kennedy","DLP","Kadira Pethiyagoda","ALP",1848,61.01,"Alan Tudge","Lib46",1181,38.99,0,0,"Exact"
"Ballarat","Bryn Hills","AJP","Catherine King","ALP",2528,57.55,"Tim Vo","Lib46",1865,42.45,0,0,"Exact"
"Ballarat","Peter Cozyn","UAP19","Catherine King","ALP",1499,31.62,"Tim Vo","Lib46",3242,68.38,0,0,"Exact"
"Ballarat","Alex Graham","Ind","Catherine King","ALP",788,47.9,"Tim Vo","Lib46",857,52.1,0,0,"Exact"
"Ballarat","Nick Shady","Ind","Catherine King","ALP",978,42.74,"Tim Vo","Lib46",1310,57.26,0,0,"Exact"
"Ballarat","Karen McAloon","Grn","Catherine King","ALP",7745,85.33,"Tim Vo","Lib46",1332,14.67,0,0,"Exact"
"Banks","Gianluca Dragone","Grn","Chris Gambian","ALP",4437,83.11,"David Coleman","Lib46",902,16.89,0,0,"Exact"
"Banks","Reginald Wright","UAP19","Chris Gambian","ALP",757,37.31,"David Coleman","Lib46",1272,62.69,0,0,"Exact"
"Banks","Anjali Thakur","AJP","Chris Gambian","ALP",1052,62.32,"David Coleman","Lib46",636,37.68,0,0,"Exact"
"Banks","Ki Man Ho","CDP","Chris Gambian","ALP",534,20.35,"David Coleman","Lib46",2090,79.65,0,0,"Exact"
"Barker","Rosa Hillam","Grn","Mat O'Brien","ALP",4676,64.68,"Tony Pasin","Lib46",2553,35.32,0,0,"Exact"
"Barker","Bert Bacher","UAP19","Mat O'Brien","ALP",1989,31.78,"Tony Pasin","Lib46",4270,68.22,0,0,"Exact"
"Barker","Karen Eckermann","AJP","Mat O'Brien","ALP",1572,53.47,"Tony Pasin","Lib46",1368,46.53,0,0,"Exact"
"Barker","Kelly Gladigau","CA19","Mat O'Brien","ALP",1554,50.42,"Tony Pasin","Lib46",1528,49.58,0,0,"Exact"
"Barker","Miles Hannemann","NPA","Mat O'Brien","ALP",819,29.29,"Tony Pasin","Lib46",1977,70.71,0,0,"Exact"
"Barton","Ben Liu","UAP19","Linda Burney","ALP",825,40.11,"Pramej Shrestha","Lib46",1232,59.89,0,0,"Exact"
"Barton","Sonny Susilo","CDP","Linda Burney","ALP",474,22.54,"Pramej Shrestha","Lib46",1629,77.46,0,0,"Exact"
"Barton","Connor Parissis","Grn","Linda Burney","ALP",6822,83.98,"Pramej Shrestha","Lib46",1301,16.02,0,0,"Exact"
"Barton","Phillip Pollard","ON","Linda Burney","ALP",1070,32.54,"Pramej Shrestha","Lib46",2218,67.46,0,0,"Exact"
"Bass","Tom Hall","Grn","Ross Hart","ALP",6243,86.68,"Bridget Archer","Lib46",959,13.32,0,0,"Exact"
"Bass","Susan Woodbury","AJP","Ross Hart","ALP",1044,62.63,"Bridget Archer","Lib46",623,37.37,0,0,"Exact"
"Bass","Todd Lambert","Ind","Ross Hart","ALP",1370,52.55,"Bridget Archer","Lib46",1237,47.45,0,0,"Exact"
"Bass","Allan Roark","UAP19","Ross Hart","ALP",1296,38.78,"Bridget Archer","Lib46",2046,61.22,0,0,"Exact"
"Bass","Carl Cooper","NPA","Ross Hart","ALP",254,26.94,"Bridget Archer","Lib46",689,73.06,0,0,"Exact"
"Bean","Therese Faulkner","AUP","David Smith","ALP",1723,63.3,"Ed Cocks","Lib46",999,36.7,0,0,"Exact"
"Bean","Jamie Christie","Ind","David Smith","ALP",4402,57.3,"Ed Cocks","Lib46",3281,42.7,0,0,"Exact"
"Bean","Ben Rushton","GAP","David Smith","ALP",353,38,"Ed Cocks","Lib46",576,62,0,0,"Exact"
"Bean","Matt Donnelly","LDP","David Smith","ALP",315,12.4,"Ed Cocks","Lib46",2225,87.6,0,0,"Exact"
"Bean","Tony Hanley","UAP19","David Smith","ALP",680,30.53,"Ed Cocks","Lib46",1547,69.47,0,0,"Exact"
"Bean","Johnathan Davis","Grn","David Smith","ALP",10535,86.58,"Ed Cocks","Lib46",1633,13.42,0,0,"Exact"
"Bendigo","Sharon Budde","RUA","Lisa Chesters","ALP",870,59.43,"Sam Gayed","Lib46",594,40.57,0,0,"Exact"
"Bendigo","Robert Holian","Grn","Lisa Chesters","ALP",10152,89.2,"Sam Gayed","Lib46",1229,10.8,0,0,"Exact"
"Bendigo","Adam Veitch","UAP19","Lisa Chesters","ALP",1645,38.07,"Sam Gayed","Lib46",2676,61.93,0,0,"Exact"
"Bendigo","Vaughan Williams","ON","Lisa Chesters","ALP",2516,40.08,"Sam Gayed","Lib46",3762,59.92,0,0,"Exact"
"Bendigo","Julie Hoskin","FACN","Lisa Chesters","ALP",493,29.57,"Sam Gayed","Lib46",1174,70.43,0,0,"Exact"
"Bennelong","Andrew Marks","UAP19","Brian Owler","ALP",645,34.13,"John Alexander","Lib46",1245,65.87,0,0,"Exact"
"Bennelong","Qiu Yue Zhang","Grn","Brian Owler","ALP",7371,80.86,"John Alexander","Lib46",1745,19.14,0,0,"Exact"
"Bennelong","Julie Worsley","CDP","Brian Owler","ALP",711,19.82,"John Alexander","Lib46",2877,80.18,0,0,"Exact"
"Berowra","Monica Tan","Grn","Katie Gompertz","ALP",8788,78.77,"Julian Leeser","Lib46",2369,21.23,0,0,"Exact"
"Berowra","Craig McLachlan","UAP19","Katie Gompertz","ALP",327,20.75,"Julian Leeser","Lib46",1249,79.25,0,0,"Exact"
"Berowra","Brendan Clarke","Sci","Katie Gompertz","ALP",966,65.94,"Julian Leeser","Lib46",499,34.06,0,0,"Exact"
"Berowra","Simon Taylor","CDP","Katie Gompertz","ALP",325,15.03,"Julian Leeser","Lib46",1838,84.97,0,0,"Exact"
"Berowra","Roger Woodward","Ind","Katie Gompertz","ALP",241,48.69,"Julian Leeser","Lib46",254,51.31,0,0,"Exact"
"Berowra","Mick Gallagher","Ind","Katie Gompertz","ALP",1070,50.86,"Julian Leeser","Lib46",1034,49.14,0,0,"Exact"
"Berowra","Justin Thomas","SA","Katie Gompertz","ALP",734,51.51,"Julian Leeser","Lib46",691,48.49,0,0,"Exact"
"Blair","Simone Karandrews","Ind","Shayne Neumann","ALP",2405,62.48,"Robert Shearman","LNP",1444,37.52,0,0,"Exact"
"Blair","Peter Fitzpatrick","FACN","Shayne Neumann","ALP",653,32.5,"Robert Shearman","LNP",1356,67.5,0,0,"Exact"
"Blair","Sharon Bell","ON","Shayne Neumann","ALP",5958,36.97,"Robert Shearman","LNP",10156,63.03,0,0,"Exact"
"Blair","Majella Zimpel","UAP19","Shayne Neumann","ALP",1106,33.92,"Robert Shearman","LNP",2155,66.08,0,0,"Exact"
"Blair","John Quinn","DLP","Shayne Neumann","ALP",1615,66.79,"Robert Shearman","LNP",803,33.21,0,0,"Exact"
"Blair","Michelle Duncan","Grn","Shayne Neumann","ALP",6460,77.6,"Robert Shearman","LNP",1865,22.4,0,0,"Exact"
"Blair","John Turner","Ind","Shayne Neumann","ALP",939,44.33,"Robert Shearman","LNP",1179,55.67,0,0,"Exact"
"Blaxland","Veronica Rowe","CDP","Jason Clare","ALP",951,22.79,"Oz Guney","Lib46",3222,77.21,0,0,"Exact"
"Blaxland","Nadeem Ashraf","UAP19","Jason Clare","ALP",1157,49.7,"Oz Guney","Lib46",1171,50.3,0,0,"Exact"
"Blaxland","James Rooney","Grn","Jason Clare","ALP",3502,80.9,"Oz Guney","Lib46",827,19.1,0,0,"Exact"
"Bonner","Simon Flitcroft","UAP19","Jo Briskey","ALP",634,26.48,"Ross Vasta","LNP",1760,73.52,0,0,"Exact"
"Bonner","Barbara Bell","Grn","Jo Briskey","ALP",8708,79.09,"Ross Vasta","LNP",2302,20.91,0,0,"Exact"
"Bonner","Ian Symes","ON","Jo Briskey","ALP",1174,31.13,"Ross Vasta","LNP",2597,68.87,0,0,"Exact"
"Bonner","Alex Maynard","FACN","Jo Briskey","ALP",308,27.87,"Ross Vasta","LNP",797,72.13,0,0,"Exact"
"Boothby","Geoff Russell","AJP","Nadia Clancy","ALP",1502,56.15,"Nicolle Flint","Lib46",1173,43.85,0,0,"Exact"
"Boothby","Stef Rozitis","Grn","Nadia Clancy","ALP",11104,83.97,"Nicolle Flint","Lib46",2120,16.03,0,0,"Exact"
"Boothby","Adrian Cheok","FACN","Nadia Clancy","ALP",212,24.42,"Nicolle Flint","Lib46",656,75.58,0,0,"Exact"
"Boothby","Carol Wong","RUA","Nadia Clancy","ALP",250,41.46,"Nicolle Flint","Lib46",353,58.54,0,0,"Exact"
"Boothby","Peter Salerno","UAP19","Nadia Clancy","ALP",656,31.33,"Nicolle Flint","Lib46",1438,68.67,0,0,"Exact"
"Boothby","Trevor Jones","Ind","Nadia Clancy","ALP",1744,61.34,"Nicolle Flint","Lib46",1099,38.66,0,0,"Exact"
"Bowman","Emerald Moon","Grn","Tom Baster","ALP",8682,73.61,"Andrew Laming","LNP",3113,26.39,0,0,"Exact"
"Bowman","Shane Clarke","UAP19","Tom Baster","ALP",1109,31.33,"Andrew Laming","LNP",2431,68.67,0,0,"Exact"
"Bowman","David Anderson","FACN","Tom Baster","ALP",486,26.76,"Andrew Laming","LNP",1330,73.24,0,0,"Exact"
"Bowman","Glen Wadsworth","ON","Tom Baster","ALP",2678,37.32,"Andrew Laming","LNP",4497,62.68,0,0,"Exact"
"Braddon","Karen Spaulding","UAP19","Justine Keay","ALP",916,35.57,"Gavin Pearce","Lib46",1659,64.43,0,0,"Exact"
"Braddon","Craig Brakey","Ind","Justine Keay","ALP",3238,42.5,"Gavin Pearce","Lib46",4381,57.5,0,0,"Exact"
"Braddon","Shane Allan","FACN","Justine Keay","ALP",199,27.95,"Gavin Pearce","Lib46",513,72.05,0,0,"Exact"
"Braddon","Sally Milbourne","NPA","Justine Keay","ALP",698,42.2,"Gavin Pearce","Lib46",956,57.8,0,0,"Exact"
"Braddon","Phill Parsons","Grn","Justine Keay","ALP",2908,85.93,"Gavin Pearce","Lib46",476,14.07,0,0,"Exact"
"Braddon","Brett Smith","Ind","Justine Keay","ALP",683,56.77,"Gavin Pearce","Lib46",520,43.23,0,0,"Exact"
"Braddon","Graham Gallaher","ON","Justine Keay","ALP",1746,45.01,"Gavin Pearce","Lib46",2133,54.99,0,0,"Exact"
"Bradfield","Tony Adams","Grn","Chris Haviland","ALP",10098,76.63,"Paul Fletcher","Lib46",3079,23.37,0,0,"Exact"
"Bradfield","Marcus Versace","UAP19","Chris Haviland","ALP",384,21.67,"Paul Fletcher","Lib46",1388,78.33,0,0,"Exact"
"Bradfield","Stephen Molloy","SA","Chris Haviland","ALP",1303,46.11,"Paul Fletcher","Lib46",1523,53.89,0,0,"Exact"
"Brand","Janine Vander Ven","ACh","Madeleine King","ALP",920,33.75,"Jack Pleiter","Lib46",1806,66.25,0,0,"Exact"
"Brand","Karen-Lee Mills","FACN","Madeleine King","ALP",492,35.76,"Jack Pleiter","Lib46",884,64.24,0,0,"Exact"
"Brand","Jody Freeman","Grn","Madeleine King","ALP",7676,77.83,"Jack Pleiter","Lib46",2187,22.17,0,0,"Exact"
"Brand","Trevor Jones","UAP19","Madeleine King","ALP",983,38.25,"Jack Pleiter","Lib46",1587,61.75,0,0,"Exact"
"Brand","Blake Phelan","WAP19","Madeleine King","ALP",1287,53.69,"Jack Pleiter","Lib46",1110,46.31,0,0,"Exact"
"Brand","Travis Carter","ON","Madeleine King","ALP",3100,41.2,"Jack Pleiter","Lib46",4424,58.8,0,0,"Exact"
"Brisbane","Anne Perry","ON","Paul Newbury","ALP",661,26.05,"Trevor Evans","LNP",1876,73.95,0,0,"Exact"
"Brisbane","Aaron Whittaker","UAP19","Paul Newbury","ALP",319,22.46,"Trevor Evans","LNP",1101,77.54,0,0,"Exact"
"Brisbane","Andrew Bartlett","Grn","Paul Newbury","ALP",19292,84.59,"Trevor Evans","LNP",3515,15.41,0,0,"Exact"
"Brisbane","Rod Jeanneret","FACN","Paul Newbury","ALP",162,22.13,"Trevor Evans","LNP",570,77.87,0,0,"Exact"
"Brisbane","Kamala Emanuel","SAl","Paul Newbury","ALP",558,78.15,"Trevor Evans","LNP",156,21.85,0,0,"Exact"
"Bruce","Tim Boyanton","FACN","Julian Hill","ALP",883,26.15,"John MacIsaac","Lib46",2494,73.85,0,0,"Exact"
"Bruce","Mubahil Ahmed","UAP19","Julian Hill","ALP",1691,42.5,"John MacIsaac","Lib46",2288,57.5,0,0,"Exact"
"Bruce","Rhonda Garad","Grn","Julian Hill","ALP",5402,79.43,"John MacIsaac","Lib46",1399,20.57,0,0,"Exact"
"Burt","Simone Collins","Grn","Matt Keogh","ALP",6794,82,"David Goode","Lib46",1491,18,0,0,"Exact"
"Burt","Nicole Devincentis","ON","Matt Keogh","ALP",2181,42.63,"David Goode","Lib46",2935,57.37,0,0,"Exact"
"Burt","Sarcha Sagisaka","WAP19","Matt Keogh","ALP",528,58.6,"David Goode","Lib46",373,41.4,0,0,"Exact"
"Burt","Naomi Nation","Ind","Matt Keogh","ALP",675,58.75,"David Goode","Lib46",474,41.25,0,0,"Exact"
"Burt","Sahil Chawla","UAP19","Matt Keogh","ALP",801,42.81,"David Goode","Lib46",1070,57.19,0,0,"Exact"
"Burt","Warnar Spyker","ACh","Matt Keogh","ALP",491,14.89,"David Goode","Lib46",2807,85.11,0,0,"Exact"
"Burt","Peter Raffaelli","SFF","Matt Keogh","ALP",886,45.62,"David Goode","Lib46",1056,54.38,0,0,"Exact"
"Calare","Sam Romano","SFF","Jess Jennings","ALP",8158,45,"Andrew Gee","NPA",9971,55,0,0,"Exact"
"Calare","Shuyi Chen","CDP","Jess Jennings","ALP",429,21.54,"Andrew Gee","NPA",1563,78.46,0,0,"Exact"
"Calare","Beverley Cameron","UAP19","Jess Jennings","ALP",1017,30.17,"Andrew Gee","NPA",2354,69.83,0,0,"Exact"
"Calare","Stephen Bisgrove","LDP","Jess Jennings","ALP",911,19.08,"Andrew Gee","NPA",3864,80.92,0,0,"Exact"
"Calare","Stephanie Luke","Grn","Jess Jennings","ALP",4693,74.32,"Andrew Gee","NPA",1622,25.68,0,0,"Exact"
"Calwell","Keith Kerr","CEC","Maria Vamvakinou","ALP",2209,77.48,"Genevieve Hamilton","Lib46",642,22.52,0,0,"Exact"
"Calwell","Polly Morgan","Grn","Maria Vamvakinou","ALP",4857,82.42,"Genevieve Hamilton","Lib46",1036,17.58,0,0,"Exact"
"Calwell","Adam Vail","FACN","Maria Vamvakinou","ALP",752,42.46,"Genevieve Hamilton","Lib46",1019,57.54,0,0,"Exact"
"Calwell","Jerome Small","VNS","Maria Vamvakinou","ALP",3255,81.7,"Genevieve Hamilton","Lib46",729,18.3,0,0,"Exact"
"Calwell","Prakul Chhabra","UAP19","Maria Vamvakinou","ALP",1467,48.3,"Genevieve Hamilton","Lib46",1570,51.7,0,0,"Exact"
"Calwell","Peter Byrne","SEP","Maria Vamvakinou","ALP",509,61.85,"Genevieve Hamilton","Lib46",314,38.15,0,0,"Exact"
"Canberra","Tim Bohm","Ind","Alicia Payne","ALP",2461,60.59,"Mina Zaki","Lib46",1601,39.41,0,0,"Exact"
"Canberra","Tim Hollo","Grn","Alicia Payne","ALP",18772,93.19,"Mina Zaki","Lib46",1372,6.81,0,0,"Exact"
"Canberra","Robert Knight","AUP","Alicia Payne","ALP",1363,76.4,"Mina Zaki","Lib46",421,23.6,0,0,"Exact"
"Canberra","Greg De Maine","UAP19","Alicia Payne","ALP",376,27.63,"Mina Zaki","Lib46",985,72.37,0,0,"Exact"
"Canning","Malcolm Heffernan","FACN","Mellisa Teede","ALP",429,26.81,"Andrew Hastie","Lib46",1171,73.19,0,0,"Exact"
"Canning","Jackson Wreford","ON","Mellisa Teede","ALP",2219,34.12,"Andrew Hastie","Lib46",4284,65.88,0,0,"Exact"
"Canning","Jamie van Burgel","ACh","Mellisa Teede","ALP",195,11.05,"Andrew Hastie","Lib46",1569,88.95,0,0,"Exact"
"Canning","Jodie Moffat","Grn","Mellisa Teede","ALP",5107,74.66,"Andrew Hastie","Lib46",1733,25.34,0,0,"Exact"
"Canning","Steve Veevers","UAP19","Mellisa Teede","ALP",620,30.17,"Andrew Hastie","Lib46",1435,69.83,0,0,"Exact"
"Canning","Brett Clarke","WAP19","Mellisa Teede","ALP",1379,53.99,"Andrew Hastie","Lib46",1175,46.01,0,0,"Exact"
"Capricornia","Paul Bambrick","Grn","Russell Robertson","ALP",3017,70.05,"Michelle Landry","LNP",1290,29.95,0,0,"Exact"
"Capricornia","George Birkbeck","KAP","Russell Robertson","ALP",1286,39.34,"Michelle Landry","LNP",1983,60.66,0,0,"Exact"
"Capricornia","Richard Temple","DLP","Russell Robertson","ALP",1004,61.33,"Michelle Landry","LNP",633,38.67,0,0,"Exact"
"Capricornia","Ken Murray","Ind","Russell Robertson","ALP",1032,46.68,"Michelle Landry","LNP",1179,53.32,0,0,"Exact"
"Capricornia","Wade Rothery","ON","Russell Robertson","ALP",4414,29.22,"Michelle Landry","LNP",10691,70.78,0,0,"Exact"
"Capricornia","Lindsay Sturgeon","UAP19","Russell Robertson","ALP",1069,32.89,"Michelle Landry","LNP",2181,67.11,0,0,"Exact"
"Capricornia","Grant Pratt","FACN","Russell Robertson","ALP",550,28.87,"Michelle Landry","LNP",1355,71.13,0,0,"Exact"
"Casey","Peter Charleton","Ind","Bill Brindle","ALP",921,40.01,"Tony Smith","Lib46",1381,59.99,0,0,"Exact"
"Casey","Antony Calabro","RUA","Bill Brindle","ALP",222,27.07,"Tony Smith","Lib46",598,72.93,0,0,"Exact"
"Casey","Ross McPhee","DLP","Bill Brindle","ALP",1394,62.07,"Tony Smith","Lib46",852,37.93,0,0,"Exact"
"Casey","Travis Barker","AJP","Bill Brindle","ALP",1957,63.03,"Tony Smith","Lib46",1148,36.97,0,0,"Exact"
"Casey","Wendy Starkey","UAP19","Bill Brindle","ALP",786,30.15,"Tony Smith","Lib46",1821,69.85,0,0,"Exact"
"Casey","Ryan Clark","DHJP","Bill Brindle","ALP",1604,48.47,"Tony Smith","Lib46",1705,51.53,0,0,"Exact"
"Casey","Jenny Game-Lopata","Grn","Bill Brindle","ALP",9482,86.84,"Tony Smith","Lib46",1437,13.16,0,0,"Exact"
"Casey","Jayden O'Connor","GAP","Bill Brindle","ALP",360,44.94,"Tony Smith","Lib46",441,55.06,0,0,"Exact"
"Chifley","Josh Green","CDP","Ed Husic","ALP",1648,28.13,"Livingston Chettipally","Lib46",4211,71.87,0,0,"Exact"
"Chifley","Ammar Khan","Ind","Ed Husic","ALP",854,54.02,"Livingston Chettipally","Lib46",727,45.98,0,0,"Exact"
"Chifley","Joseph O'Connor","UAP19","Ed Husic","ALP",1573,38.06,"Livingston Chettipally","Lib46",2560,61.94,0,0,"Exact"
"Chifley","Brent Robertson","Grn","Ed Husic","ALP",3268,70.98,"Livingston Chettipally","Lib46",1336,29.02,0,0,"Exact"
"Chisholm","Ian Dobby","Ind","Jennifer Yang","ALP",894,38.55,"Gladys Liu","Lib46",1425,61.45,0,0,"Exact"
"Chisholm","Angela Dorian","RUA","Jennifer Yang","ALP",144,25.22,"Gladys Liu","Lib46",427,74.78,0,0,"Exact"
"Chisholm","Luke Arthur","Grn","Jennifer Yang","ALP",9672,86.09,"Gladys Liu","Lib46",1563,13.91,0,0,"Exact"
"Chisholm","Rosemary Lavin","AJP","Jennifer Yang","ALP",1186,66.63,"Gladys Liu","Lib46",594,33.37,0,0,"Exact"
"Chisholm","Anne Wicks","DHJP","Jennifer Yang","ALP",1052,50.99,"Gladys Liu","Lib46",1011,49.01,0,0,"Exact"
"Chisholm","George Zoraya","UAP19","Jennifer Yang","ALP",395,26.04,"Gladys Liu","Lib46",1122,73.96,0,0,"Exact"
"Chisholm","Philip Jenkins","DLP","Jennifer Yang","ALP",1011,59.4,"Gladys Liu","Lib46",691,40.6,0,0,"Exact"
"Clark","Amanda-Sue Markham","Lib46","Ben McGregor","ALP",2244,19.15,"Andrew Wilkie","Ind",9475,80.85,0,0,"Exact"
"Clark","Juniper Shaw","Grn","Ben McGregor","ALP",2360,36.54,"Andrew Wilkie","Ind",4098,63.46,0,0,"Exact"
"Clark","Jim Starkey","UAP19","Ben McGregor","ALP",563,29.91,"Andrew Wilkie","Ind",1319,70.09,0,0,"Exact"
"Cook","Peter Kelly","FACN","Simon O'Brien","ALP",173,31.4,"Scott Morrison","Lib46",378,68.6,0,0,"Exact"
"Cook","Gaye Cameron","ON","Simon O'Brien","ALP",1326,40.46,"Scott Morrison","Lib46",1951,59.54,0,0,"Exact"
"Cook","Jon Doig","Grn","Simon O'Brien","ALP",5219,81.47,"Scott Morrison","Lib46",1187,18.53,0,0,"Exact"
"Cook","Roger Bolling","CDP","Simon O'Brien","ALP",240,23.05,"Scott Morrison","Lib46",801,76.95,0,0,"Exact"
"Cook","John McSweyn","UAP19","Simon O'Brien","ALP",453,39.91,"Scott Morrison","Lib46",682,60.09,0,0,"Exact"
"Cooper","Teresa van Lieshout","Ind","Ged Kearney","ALP",597,35.96,"David Risstrom","Grn",1063,64.04,0,0,"Exact"
"Cooper","Sarah Russell","REAS","Ged Kearney","ALP",917,43.46,"David Risstrom","Grn",1193,56.54,0,0,"Exact"
"Cooper","Brett Nangle","UAP19","Ged Kearney","ALP",1140,60.25,"David Risstrom","Grn",752,39.75,0,0,"Exact"
"Cooper","Nadine Richings","AJP","Ged Kearney","ALP",803,32.43,"David Risstrom","Grn",1673,67.57,0,0,"Exact"
"Cooper","Kath Larkin","VNS","Ged Kearney","ALP",1385,33.58,"David Risstrom","Grn",2740,66.42,0,0,"Exact"
"Cooper","Andrew Bell","Lib46","Ged Kearney","ALP",12574,66.14,"David Risstrom","Grn",6438,33.86,0,0,"Exact"
"Corangamite","Ian Erskine","RUA","Libby Coker","ALP",533,47.72,"Sarah Henderson","Lib46",584,52.28,0,0,"Exact"
"Corangamite","Simon Northeast","Grn","Libby Coker","ALP",7955,86.62,"Sarah Henderson","Lib46",1229,13.38,0,0,"Exact"
"Corangamite","Naomi Adams","AJP","Libby Coker","ALP",1498,69.9,"Sarah Henderson","Lib46",645,30.1,0,0,"Exact"
"Corangamite","Damien Cole","Ind","Libby Coker","ALP",3538,68.95,"Sarah Henderson","Lib46",1593,31.05,0,0,"Exact"
"Corangamite","Neil Harvey","UAP19","Libby Coker","ALP",784,34.74,"Sarah Henderson","Lib46",1473,65.26,0,0,"Exact"
"Corangamite","Mandy Grimley","DHJP","Libby Coker","ALP",1540,56.53,"Sarah Henderson","Lib46",1184,43.47,0,0,"Exact"
"Corio","Amber Forbes","Grn","Richard Marles","ALP",10526,81.58,"Alastair Thomson","Lib46",2376,18.42,0,0,"Exact"
"Corio","Desmond Sanborn","UAP19","Richard Marles","ALP",2036,37.61,"Alastair Thomson","Lib46",3378,62.39,0,0,"Exact"
"Cowan","Mark Cooper","Grn","Anne Aly","ALP",6815,79.7,"Isaac Stewart","Lib46",1736,20.3,0,0,"Exact"
"Cowan","Peter Westcott","UAP19","Anne Aly","ALP",892,41.09,"Isaac Stewart","Lib46",1279,58.91,0,0,"Exact"
"Cowan","Andre Lebrasse","ACh","Anne Aly","ALP",468,23.62,"Isaac Stewart","Lib46",1513,76.38,0,0,"Exact"
"Cowan","Sheila Mundy","ON","Anne Aly","ALP",1853,38.79,"Isaac Stewart","Lib46",2924,61.21,0,0,"Exact"
"Cowan","Paul Bedford","SFF","Anne Aly","ALP",754,47.66,"Isaac Stewart","Lib46",828,52.34,0,0,"Exact"
"Cowper","Ruth Meads","CDP","Rob Oakeshott","Ind",565,23.71,"Pat Conaghan","NPA",1818,76.29,0,0,"Exact"
"Cowper","Lex Stewart","UAP19","Rob Oakeshott","Ind",1177,36.92,"Pat Conaghan","NPA",2011,63.08,0,0,"Exact"
"Cowper","Andrew Woodward","ALP","Rob Oakeshott","Ind",11001,75.6,"Pat Conaghan","NPA",3550,24.4,0,0,"Exact"
"Cowper","Lauren Edwards","Grn","Rob Oakeshott","Ind",4847,77.38,"Pat Conaghan","NPA",1417,22.62,0,0,"Exact"
"Cowper","Kellie Pearce","AJP","Rob Oakeshott","Ind",1338,61.49,"Pat Conaghan","NPA",838,38.51,0,0,"Exact"
"Cowper","Allan Green","Ind","Rob Oakeshott","Ind",821,56.58,"Pat Conaghan","NPA",630,43.42,0,0,"Exact"
"Cunningham","Rowan Huxtable","Grn","Sharon Bird","ALP",13312,87.6,"Chris Atlee","Lib46",1884,12.4,0,0,"Exact"
"Cunningham","John Flanagan","NCP01","Sharon Bird","ALP",591,48.72,"Chris Atlee","Lib46",622,51.28,0,0,"Exact"
"Cunningham","John Gill","SA","Sharon Bird","ALP",1437,61.41,"Chris Atlee","Lib46",903,38.59,0,0,"Exact"
"Cunningham","Grace Younger","UAP19","Sharon Bird","ALP",1573,41.09,"Chris Atlee","Lib46",2255,58.91,0,0,"Exact"
"Curtin","Joan Lever","UAP19","Rob Meecham","ALP",243,21.81,"Celia Hammond","Lib46",871,78.19,0,0,"Exact"
"Curtin","Cameron Pidgeon","Grn","Rob Meecham","ALP",11227,81.08,"Celia Hammond","Lib46",2620,18.92,0,0,"Exact"
"Curtin","Louise Stewart","Ind","Rob Meecham","ALP",3613,52.35,"Celia Hammond","Lib46",3289,47.65,0,0,"Exact"
"Curtin","Bill Edgar","ON","Rob Meecham","ALP",286,27.13,"Celia Hammond","Lib46",768,72.87,0,0,"Exact"
"Curtin","Deonne Kingsford","ACh","Rob Meecham","ALP",139,16.28,"Celia Hammond","Lib46",715,83.72,0,0,"Exact"
"Curtin","Andrew Mangano","WAP19","Rob Meecham","ALP",566,42.14,"Celia Hammond","Lib46",777,57.86,0,0,"Exact"
"Dawson","Ann-Maree Ware","DLP","Belinda Hassan","ALP",1709,60.28,"George Christensen","LNP",1126,39.72,0,0,"Exact"
"Dawson","Michael Turner","FACN","Belinda Hassan","ALP",384,22.06,"George Christensen","LNP",1357,77.94,0,0,"Exact"
"Dawson","Deb Lawson","ON","Belinda Hassan","ALP",3456,29.72,"George Christensen","LNP",8172,70.28,0,0,"Exact"
"Dawson","Brendan Bunyan","KAP","Belinda Hassan","ALP",2183,38.85,"George Christensen","LNP",3436,61.15,0,0,"Exact"
"Dawson","Imogen Lindenberg","Grn","Belinda Hassan","ALP",3160,78.82,"George Christensen","LNP",849,21.18,0,0,"Exact"
"Dawson","Lachlan Queenan","Ind","Belinda Hassan","ALP",1315,53.07,"George Christensen","LNP",1163,46.93,0,0,"Exact"
"Dawson","Colin Thompson","UAP19","Belinda Hassan","ALP",1217,27.94,"George Christensen","LNP",3138,72.06,0,0,"Exact"
"Deakin","Ellie Jean Sullivan","DHJP","Shireen Morris","ALP",1672,49.38,"Michael Sukkar","Lib46",1714,50.62,0,0,"Exact"
"Deakin","Vickie Janson","Ind","Shireen Morris","ALP",667,41.33,"Michael Sukkar","Lib46",947,58.67,0,0,"Exact"
"Deakin","Sophia Sun","Grn","Shireen Morris","ALP",7411,84.89,"Michael Sukkar","Lib46",1319,15.11,0,0,"Exact"
"Deakin","Milton Wilde","UAP19","Shireen Morris","ALP",552,27.64,"Michael Sukkar","Lib46",1445,72.36,0,0,"Exact"
"Deakin","Vinita Costantino","AJP","Shireen Morris","ALP",1251,63.7,"Michael Sukkar","Lib46",713,36.3,0,0,"Exact"
"Deakin","Joel van der Horst","DLP","Shireen Morris","ALP",780,55.95,"Michael Sukkar","Lib46",614,44.05,0,0,"Exact"
"Dickson","Benedict Coyne","Grn","Ali France","ALP",7995,82.64,"Peter Dutton","LNP",1680,17.36,0,0,"Exact"
"Dickson","Thor Prohaska","Ind","Ali France","ALP",1378,59.86,"Peter Dutton","LNP",924,40.14,0,0,"Exact"
"Dickson","Stephen Austin","UAP19","Ali France","ALP",786,36.12,"Peter Dutton","LNP",1390,63.88,0,0,"Exact"
"Dickson","Carrol Halliwell","ON","Ali France","ALP",1938,38.59,"Peter Dutton","LNP",3084,61.41,0,0,"Exact"
"Dickson","Richelle Simpson","FACN","Ali France","ALP",297,28.45,"Peter Dutton","LNP",747,71.55,0,0,"Exact"
"Dickson","Mauree Brohman","AJP","Ali France","ALP",1216,66.41,"Peter Dutton","LNP",615,33.59,0,0,"Exact"
"Dobell","Aaron Harpley-Carr","UAP19","Emma McBride","ALP",1832,33.86,"Jilly Pilon","Lib46",3579,66.14,0,0,"Exact"
"Dobell","Paula Grundy","CDP","Emma McBride","ALP",388,20.77,"Jilly Pilon","Lib46",1480,79.23,0,0,"Exact"
"Dobell","Scott Rickard","Grn","Emma McBride","ALP",6167,81.37,"Jilly Pilon","Lib46",1412,18.63,0,0,"Exact"
"Dobell","Gregory Stephenson","Ind","Emma McBride","ALP",1764,55.54,"Jilly Pilon","Lib46",1412,44.46,0,0,"Exact"
"Dunkley","Lachlan O'Connell","DHJP","Peta Murphy","ALP",3145,62.56,"Chris Crewther","Lib46",1882,37.44,0,0,"Exact"
"Dunkley","Elizabeth Johnston","AJP","Peta Murphy","ALP",2055,69.4,"Chris Crewther","Lib46",906,30.6,0,0,"Exact"
"Dunkley","Ron Jean","UAP19","Peta Murphy","ALP",907,36.09,"Chris Crewther","Lib46",1606,63.91,0,0,"Exact"
"Dunkley","Emily Green","Grn","Peta Murphy","ALP",6903,84.96,"Chris Crewther","Lib46",1222,15.04,0,0,"Exact"
"Dunkley","Christopher James","FACN","Peta Murphy","ALP",379,28.35,"Chris Crewther","Lib46",958,71.65,0,0,"Exact"
"Dunkley","Yvonne Gentle","RUA","Peta Murphy","ALP",376,39.66,"Chris Crewther","Lib46",572,60.34,0,0,"Exact"
"Durack","Gary Mounsey","WAP19","Sharyn Morrow","ALP",1384,47.81,"Melissa Price","Lib46",1511,52.19,0,0,"Exact"
"Durack","Grahame Gould","ON","Sharyn Morrow","ALP",2554,34.48,"Melissa Price","Lib46",4853,65.52,0,0,"Exact"
"Durack","Johani Mamid","Grn","Sharyn Morrow","ALP",4655,74.04,"Melissa Price","Lib46",1632,25.96,0,0,"Exact"
"Durack","Brenden Hatton","UAP19","Sharyn Morrow","ALP",736,35.33,"Melissa Price","Lib46",1347,64.67,0,0,"Exact"
"Durack","Scott Bourne","NPA","Sharyn Morrow","ALP",1318,16.73,"Melissa Price","Lib46",6560,83.27,0,0,"Exact"
"Eden-Monaro","Pat McGinlay","Grn","Mike Kelly","ALP",7582,87,"Fiona Kotvojs","Lib46",1133,13,0,0,"Exact"
"Eden-Monaro","David Sheldon","Ind","Mike Kelly","ALP",1087,48.38,"Fiona Kotvojs","Lib46",1160,51.62,0,0,"Exact"
"Eden-Monaro","Sophie Wade","NPA","Mike Kelly","ALP",886,12.84,"Fiona Kotvojs","Lib46",6013,87.16,0,0,"Exact"
"Eden-Monaro","Thomas Harris","CDP","Mike Kelly","ALP",230,19.88,"Fiona Kotvojs","Lib46",927,80.12,0,0,"Exact"
"Eden-Monaro","Chandra Singh","UAP19","Mike Kelly","ALP",895,32.57,"Fiona Kotvojs","Lib46",1853,67.43,0,0,"Exact"
"Eden-Monaro","James Holgate","Ind","Mike Kelly","ALP",914,48.54,"Fiona Kotvojs","Lib46",969,51.46,0,0,"Exact"
"Fadden","Jake Welch","LDP","Luz Stanton","ALP",1554,35.39,"Stuart Robert","LNP",2837,64.61,0,0,"Exact"
"Fadden","Darren Eather","ON","Luz Stanton","ALP",3091,37.09,"Stuart Robert","LNP",5243,62.91,0,0,"Exact"
"Fadden","Allan Barber","FACN","Luz Stanton","ALP",434,28.35,"Stuart Robert","LNP",1097,71.65,0,0,"Exact"
"Fadden","Scott Turner","Grn","Luz Stanton","ALP",6417,73.36,"Stuart Robert","LNP",2330,26.64,0,0,"Exact"
"Fadden","Mara Krischker","UAP19","Luz Stanton","ALP",1447,29.13,"Stuart Robert","LNP",3521,70.87,0,0,"Exact"
"Fairfax","Kylie Cowling","UAP19","Julie McGlone","ALP",816,27.32,"Ted O'Brien","LNP",2171,72.68,0,0,"Exact"
"Fairfax","Jake Ryan","FACN","Julie McGlone","ALP",285,18.97,"Ted O'Brien","LNP",1217,81.03,0,0,"Exact"
"Fairfax","Sue Etheridge","Grn","Julie McGlone","ALP",9497,77.27,"Ted O'Brien","LNP",2794,22.73,0,0,"Exact"
"Fairfax","Richard Belcher","SA","Julie McGlone","ALP",720,51.06,"Ted O'Brien","LNP",690,48.94,0,0,"Exact"
"Fairfax","Paul Henselin","ON","Julie McGlone","ALP",2419,31.58,"Ted O'Brien","LNP",5242,68.42,0,0,"Exact"
"Fairfax","Sinim Australie","Ind","Julie McGlone","ALP",690,52.35,"Ted O'Brien","LNP",628,47.65,0,0,"Exact"
"Fairfax","Bertrand Cadart","LDP","Julie McGlone","ALP",293,28.07,"Ted O'Brien","LNP",751,71.93,0,0,"Exact"
"Farrer","Ross Hamilton","SA","Kevin Mack","Ind",843,58.99,"Sussan Ley","Lib46",586,41.01,0,0,"Exact"
"Farrer","Kieran Drabsch","ALP","Kevin Mack","Ind",10184,71.54,"Sussan Ley","Lib46",4052,28.46,0,0,"Exact"
"Farrer","Philip Langfield","CDP","Kevin Mack","Ind",488,36.77,"Sussan Ley","Lib46",839,63.23,0,0,"Exact"
"Farrer","Mark Ellis","LDP","Kevin Mack","Ind",436,40.22,"Sussan Ley","Lib46",648,59.78,0,0,"Exact"
"Farrer","Brian Mills","Ind","Kevin Mack","Ind",891,71,"Sussan Ley","Lib46",364,29,0,0,"Exact"
"Farrer","Mike Rose","UAP19","Kevin Mack","Ind",2046,49.34,"Sussan Ley","Lib46",2101,50.66,0,0,"Exact"
"Farrer","Dean Moss","Grn","Kevin Mack","Ind",3175,70.1,"Sussan Ley","Lib46",1354,29.9,0,0,"Exact"
"Fenner","Glen Hodgson","UAP19","Andrew Leigh","ALP",1464,41.48,"Leanne Castley","Lib46",2065,58.52,0,0,"Exact"
"Fenner","Kagiso Ratlhagane","AUP","Andrew Leigh","ALP",1202,69.76,"Leanne Castley","Lib46",521,30.24,0,0,"Exact"
"Fenner","Andrew Braddock","Grn","Andrew Leigh","ALP",10932,87.51,"Leanne Castley","Lib46",1560,12.49,0,0,"Exact"
"Fisher","Trevor Gray","UAP19","Daniel Parsell","ALP",1237,36.07,"Andrew Wallace","LNP",2192,63.93,0,0,"Exact"
"Fisher","Tracy Burton","Grn","Daniel Parsell","ALP",9573,77.9,"Andrew Wallace","LNP",2716,22.1,0,0,"Exact"
"Fisher","Chris Paterson","ON","Daniel Parsell","ALP",2974,34.6,"Andrew Wallace","LNP",5622,65.4,0,0,"Exact"
"Fisher","Mike Jessop","FACN","Daniel Parsell","ALP",441,27.7,"Andrew Wallace","LNP",1151,72.3,0,0,"Exact"
"Fisher","Paul Monaghan","LAOL","Daniel Parsell","ALP",712,45.52,"Andrew Wallace","LNP",852,54.48,0,0,"Exact"
"Flinders","Harry Dreger","Ind","Josh Sinclair","ALP",287,30.53,"Greg Hunt","Lib46",653,69.47,0,0,"Exact"
"Flinders","James Persson","AJP","Josh Sinclair","ALP",1417,61.5,"Greg Hunt","Lib46",887,38.5,0,0,"Exact"
"Flinders","Reade Smith","SA","Josh Sinclair","ALP",553,51.59,"Greg Hunt","Lib46",519,48.41,0,0,"Exact"
"Flinders","Nathan Lesslie","Grn","Josh Sinclair","ALP",5542,83.98,"Greg Hunt","Lib46",1057,16.02,0,0,"Exact"
"Flinders","Christine McShane","UAP19","Josh Sinclair","ALP",815,33.31,"Greg Hunt","Lib46",1632,66.69,0,0,"Exact"
"Flinders","Julia Banks","Ind","Josh Sinclair","ALP",9838,73.6,"Greg Hunt","Lib46",3529,26.4,0,0,"Exact"
"Flinders","Susie Beveridge","Ind","Josh Sinclair","ALP",575,60.65,"Greg Hunt","Lib46",373,39.35,0,0,"Exact"
"Flynn","Nathan Harris","UAP19","Zac Beers","ALP",1329,34.99,"Ken O'Dowd","LNP",2469,65.01,0,0,"Exact"
"Flynn","Jaiben Baker","Grn","Zac Beers","ALP",2183,79.56,"Ken O'Dowd","LNP",561,20.44,0,0,"Exact"
"Flynn","Murray Peterson","Ind","Zac Beers","ALP",956,47.94,"Ken O'Dowd","LNP",1038,52.06,0,0,"Exact"
"Flynn","Sharon Lohs","ON","Zac Beers","ALP",5475,31.23,"Ken O'Dowd","LNP",12056,68.77,0,0,"Exact"
"Flynn","Duncan Scott","Ind","Zac Beers","ALP",732,52.89,"Ken O'Dowd","LNP",652,47.11,0,0,"Exact"
"Flynn","Marcus Hiesler","FACN","Zac Beers","ALP",682,27.46,"Ken O'Dowd","LNP",1802,72.54,0,0,"Exact"
"Forde","Ian Bowron","ON","Des Hardman","ALP",3529,32.65,"Bert van Manen","LNP",7278,67.35,0,0,"Exact"
"Forde","Kirsty Petersen","Grn","Des Hardman","ALP",5536,69.31,"Bert van Manen","LNP",2451,30.69,0,0,"Exact"
"Forde","Paul Creighton","UAP19","Des Hardman","ALP",1130,30.57,"Bert van Manen","LNP",2566,69.43,0,0,"Exact"
"Forde","Les Innes","FACN","Des Hardman","ALP",696,31.39,"Bert van Manen","LNP",1521,68.61,0,0,"Exact"
"Forrest","Nerilee Boshammer","Grn","Wayne Sanford","ALP",8248,70.83,"Nola Marino","Lib46",3397,29.17,0,0,"Exact"
"Forrest","Mark McCall","SFF","Wayne Sanford","ALP",1086,37.7,"Nola Marino","Lib46",1795,62.3,0,0,"Exact"
"Forrest","Kalven Jamieson","ON","Wayne Sanford","ALP",1923,35.8,"Nola Marino","Lib46",3448,64.2,0,0,"Exact"
"Forrest","Alexander Marsden","Ind","Wayne Sanford","ALP",616,49.76,"Nola Marino","Lib46",622,50.24,0,0,"Exact"
"Forrest","Ian Molyneux","WAP19","Wayne Sanford","ALP",536,45.93,"Nola Marino","Lib46",631,54.07,0,0,"Exact"
"Forrest","Dale Bromley","UAP19","Wayne Sanford","ALP",522,33.38,"Nola Marino","Lib46",1042,66.62,0,0,"Exact"
"Fowler","Francesca Mocanu","CDP","Chris Hayes","ALP",2631,56.67,"Wayne Blewitt","Lib46",2012,43.33,0,0,"Exact"
"Fowler","Joshua Jabbour","UAP19","Chris Hayes","ALP",1834,50.61,"Wayne Blewitt","Lib46",1790,49.39,0,0,"Exact"
"Fowler","Seamus Lee","Grn","Chris Hayes","ALP",3448,74.42,"Wayne Blewitt","Lib46",1185,25.58,0,0,"Exact"
"Franklin","Kit Darko","Grn","Julie Collins","ALP",10010,87.65,"Dean Young","Lib46",1410,12.35,0,0,"Exact"
"Franklin","Darren Hawes","FACN","Julie Collins","ALP",469,37.31,"Dean Young","Lib46",788,62.69,0,0,"Exact"
"Franklin","Darren Winter","UAP19","Julie Collins","ALP",2316,49.23,"Dean Young","Lib46",2388,50.77,0,0,"Exact"
"Fraser","Vinh Chau","UAP19","Daniel Mulino","ALP",2466,33.72,"Peter Bain","Lib46",4848,66.28,0,0,"Exact"
"Fraser","Tony Dobran","GAP","Daniel Mulino","ALP",871,52.6,"Peter Bain","Lib46",785,47.4,0,0,"Exact"
"Fraser","Rebecca Scorgie","Grn","Daniel Mulino","ALP",6221,81.37,"Peter Bain","Lib46",1424,18.63,0,0,"Exact"
"Fraser","Van Tran","Ind","Daniel Mulino","ALP",3136,59.1,"Peter Bain","Lib46",2170,40.9,0,0,"Exact"
"Fremantle","Janetia Knapp","WAP19","Josh Wilson","ALP",1473,63.14,"Nicole Robins","Lib46",860,36.86,0,0,"Exact"
"Fremantle","Brett Weary","ON","Josh Wilson","ALP",1459,41.87,"Nicole Robins","Lib46",2026,58.13,0,0,"Exact"
"Fremantle","Fatima Lever","UAP19","Josh Wilson","ALP",690,39.05,"Nicole Robins","Lib46",1077,60.95,0,0,"Exact"
"Fremantle","Sam Wainwright","SAl","Josh Wilson","ALP",860,86.87,"Nicole Robins","Lib46",130,13.13,0,0,"Exact"
"Fremantle","Jesse Hutchinson","Grn","Josh Wilson","ALP",12404,85.11,"Nicole Robins","Lib46",2170,14.89,0,0,"Exact"
"Fremantle","Laetisia Mulder","ACh","Josh Wilson","ALP",330,22.66,"Nicole Robins","Lib46",1126,77.34,0,0,"Exact"
"Gellibrand","Bernadette Thomas","Grn","Tim Watts","ALP",14046,86.16,"Anthony Mitchell","Lib46",2257,13.84,0,0,"Exact"
"Gellibrand","Lisa Bentley","UAP19","Tim Watts","ALP",1890,35.06,"Anthony Mitchell","Lib46",3501,64.94,0,0,"Exact"
"Gilmore","Carmel McCallum","Grn","Fiona Phillips","ALP",9365,87.2,"Warren Mundine","Lib46",1375,12.8,0,0,"Exact"
"Gilmore","Grant Schultz","Ind","Fiona Phillips","ALP",4099,54.04,"Warren Mundine","Lib46",3486,45.96,0,0,"Exact"
"Gilmore","Milton Leslight","UAP19","Fiona Phillips","ALP",1572,43.21,"Warren Mundine","Lib46",2066,56.79,0,0,"Exact"
"Gilmore","Serah Kolukulapally","CDP","Fiona Phillips","ALP",445,24.02,"Warren Mundine","Lib46",1408,75.98,0,0,"Exact"
"Gilmore","Katrina Hodgkinson","NPA","Fiona Phillips","ALP",2199,16.33,"Warren Mundine","Lib46",11263,83.67,0,0,"Exact"
"Gippsland","David Snelling","SFF","Antoinette Holm","ALP",2559,37.24,"Darren Chester","NPA",4313,62.76,0,0,"Exact"
"Gippsland","Neville Tickner","FACN","Antoinette Holm","ALP",434,21.24,"Darren Chester","NPA",1609,78.76,0,0,"Exact"
"Gippsland","Kerri Brewer","UAP19","Antoinette Holm","ALP",1221,28.68,"Darren Chester","NPA",3036,71.32,0,0,"Exact"
"Gippsland","Sonia Buckley","Ind","Antoinette Holm","ALP",1190,39.11,"Darren Chester","NPA",1853,60.89,0,0,"Exact"
"Gippsland","Deb Foskey","Grn","Antoinette Holm","ALP",4392,75.27,"Darren Chester","NPA",1443,24.73,0,0,"Exact"
"Goldstein","Wayne Connolly","UAP19","Daniel Pollock","ALP",698,35.89,"Tim Wilson","Lib46",1247,64.11,0,0,"Exact"
"Goldstein","Brandon Hoult","SA","Daniel Pollock","ALP",917,55.47,"Tim Wilson","Lib46",736,44.53,0,0,"Exact"
"Goldstein","Sue Pennicuik","Grn","Daniel Pollock","ALP",11544,82.75,"Tim Wilson","Lib46",2407,17.25,0,0,"Exact"
"Goldstein","John Casley","Ind","Daniel Pollock","ALP",651,48.26,"Tim Wilson","Lib46",698,51.74,0,0,"Exact"
"Gorton","Richard Turton","UAP19","Brendan O'Connor","ALP",4021,53.81,"Nathan Di Noia","Lib46",3452,46.19,0,0,"Exact"
"Gorton","Jarrod Bingham","Ind","Brendan O'Connor","ALP",4950,59.19,"Nathan Di Noia","Lib46",3413,40.81,0,0,"Exact"
"Gorton","Harkirat Singh","Grn","Brendan O'Connor","ALP",5492,81.6,"Nathan Di Noia","Lib46",1238,18.4,0,0,"Exact"
"Grayndler","Majella Morello","Sci","Anthony Albanese","ALP",837,32.03,"Jim Casey","Grn",1776,67.97,0,0,"Exact"
"Grayndler","Derek Henderson","Lib46","Anthony Albanese","ALP",12643,60.65,"Jim Casey","Grn",8203,39.35,0,0,"Exact"
"Grayndler","Paris King-Orsborn","UAP19","Anthony Albanese","ALP",695,60.17,"Jim Casey","Grn",460,39.83,0,0,"Exact"
"Grayndler","Gui Dong Cao","CDP","Anthony Albanese","ALP",626,72.37,"Jim Casey","Grn",239,27.63,0,0,"Exact"
"Greenway","Graham McFarland","ABFA","Michelle Rowland","ALP",744,35.91,"Allan Green","Lib46",1328,64.09,0,0,"Exact"
"Greenway","Damien Atkins","Grn","Michelle Rowland","ALP",4015,76.39,"Allan Green","Lib46",1241,23.61,0,0,"Exact"
"Greenway","Scott Feeney","UAP19","Michelle Rowland","ALP",1074,37.64,"Allan Green","Lib46",1779,62.36,0,0,"Exact"
"Greenway","Osbourn Rajadurai","CDP","Michelle Rowland","ALP",691,25.92,"Allan Green","Lib46",1975,74.08,0,0,"Exact"
"Grey","Jacqui Edgecombe","AJP","Karin Bolton","ALP",1857,69.27,"Rowan Ramsey","Lib46",824,30.73,0,0,"Exact"
"Grey","David Stone","ON","Karin Bolton","ALP",3745,41.66,"Rowan Ramsey","Lib46",5245,58.34,0,0,"Exact"
"Grey","Richard Carmody","Ind","Karin Bolton","ALP",928,51.64,"Rowan Ramsey","Lib46",869,48.36,0,0,"Exact"
"Grey","Alexander Warren","UAP19","Karin Bolton","ALP",1442,37.06,"Rowan Ramsey","Lib46",2449,62.94,0,0,"Exact"
"Grey","Andrea Broadfoot","CA19","Karin Bolton","ALP",3069,57.64,"Rowan Ramsey","Lib46",2255,42.36,0,0,"Exact"
"Grey","Candace Champion","Grn","Karin Bolton","ALP",3290,69.12,"Rowan Ramsey","Lib46",1470,30.88,0,0,"Exact"
"Griffith","Max Chandler-Mather","Grn","Terri Butler","ALP",20346,86.35,"Olivia Roberts","LNP",3216,13.65,0,0,"Exact"
"Griffith","Christian Julius","UAP19","Terri Butler","ALP",460,31.86,"Olivia Roberts","LNP",984,68.14,0,0,"Exact"
"Griffith","Julie Darlington","ON","Terri Butler","ALP",755,35.8,"Olivia Roberts","LNP",1354,64.2,0,0,"Exact"
"Griffith","Tony Murray","FACN","Terri Butler","ALP",262,30.82,"Olivia Roberts","LNP",588,69.18,0,0,"Exact"
"Groom","Alyce Nelligan","Grn","Troy Kay","ALP",5327,70.11,"John McVeigh","LNP",2271,29.89,0,0,"Exact"
"Groom","David Kin","ON","Troy Kay","ALP",3399,27.21,"John McVeigh","LNP",9094,72.79,0,0,"Exact"
"Groom","Perry Adrelius","FACN","Troy Kay","ALP",502,17.59,"John McVeigh","LNP",2352,82.41,0,0,"Exact"
"Groom","Kenneth Law","UAP19","Troy Kay","ALP",1135,29.99,"John McVeigh","LNP",2649,70.01,0,0,"Exact"
"Hasluck","Fiona White-Hartig","SFF","James Martin","ALP",895,36.74,"Ken Wyatt","Lib46",1541,63.26,0,0,"Exact"
"Hasluck","Stephen Phelan","WAP19","James Martin","ALP",723,46.89,"Ken Wyatt","Lib46",819,53.11,0,0,"Exact"
"Hasluck","Brady Williams","ACh","James Martin","ALP",261,15.54,"Ken Wyatt","Lib46",1418,84.46,0,0,"Exact"
"Hasluck","Tim Orr","ON","James Martin","ALP",1605,36.11,"Ken Wyatt","Lib46",2840,63.89,0,0,"Exact"
"Hasluck","Mike Dale","UAP19","James Martin","ALP",582,30.31,"Ken Wyatt","Lib46",1338,69.69,0,0,"Exact"
"Hasluck","Lee-Anne Miles","Grn","James Martin","ALP",7705,79.84,"Ken Wyatt","Lib46",1946,20.16,0,0,"Exact"
"Herbert","Amy Lohse","ON","Cathy O'Toole","ALP",3411,33.48,"Phillip Thompson","LNP",6778,66.52,0,0,"Exact"
"Herbert","Greg Dowling","UAP19","Cathy O'Toole","ALP",1322,25.23,"Phillip Thompson","LNP",3917,74.77,0,0,"Exact"
"Herbert","Nanette Radeck","KAP","Cathy O'Toole","ALP",3417,37.94,"Phillip Thompson","LNP",5590,62.06,0,0,"Exact"
"Herbert","Sam Blackadder","Grn","Cathy O'Toole","ALP",5456,81.18,"Phillip Thompson","LNP",1265,18.82,0,0,"Exact"
"Herbert","Tamara Durant","FACN","Cathy O'Toole","ALP",372,22.26,"Phillip Thompson","LNP",1299,77.74,0,0,"Exact"
"Herbert","Mackenzie Severns","AJP","Cathy O'Toole","ALP",905,57.1,"Phillip Thompson","LNP",680,42.9,0,0,"Exact"
"Higgins","Jason Ball","Grn","Fiona McLeod","ALP",18834,83.44,"Katie Allen","Lib46",3739,16.56,0,0,"Exact"
"Higgins","Michaela Moran","SA","Fiona McLeod","ALP",650,48.58,"Katie Allen","Lib46",688,51.42,0,0,"Exact"
"Higgins","Alicia Walker","AJP","Fiona McLeod","ALP",1010,58.42,"Katie Allen","Lib46",719,41.58,0,0,"Exact"
"Higgins","Tim Ryan","UAP19","Fiona McLeod","ALP",347,27.78,"Katie Allen","Lib46",902,72.22,0,0,"Exact"
"Hindmarsh","Rajan Vaid","FACN","Mark Butler","ALP",1040,50.68,"Jake Hall-Evans","Lib46",1012,49.32,0,0,"Exact"
"Hindmarsh","Rose Morris","UAP19","Mark Butler","ALP",1857,39.27,"Jake Hall-Evans","Lib46",2872,60.73,0,0,"Exact"
"Hindmarsh","Alison Kelty","AJP","Mark Butler","ALP",2092,64.99,"Jake Hall-Evans","Lib46",1127,35.01,0,0,"Exact"
"Hindmarsh","Matt Farrell","Grn","Mark Butler","ALP",9667,80.79,"Jake Hall-Evans","Lib46",2299,19.21,0,0,"Exact"
"Hinkler","Damian Huxham","ON","Richard Pascoe","ALP",3936,28.89,"Keith Pitt","LNP",9689,71.11,0,0,"Exact"
"Hinkler","Anne Jackson","Grn","Richard Pascoe","ALP",2560,74.81,"Keith Pitt","LNP",862,25.19,0,0,"Exact"
"Hinkler","David Norman","Ind","Richard Pascoe","ALP",678,51.09,"Keith Pitt","LNP",649,48.91,0,0,"Exact"
"Hinkler","Moe Turaga","Ind","Richard Pascoe","ALP",1480,57.3,"Keith Pitt","LNP",1103,42.7,0,0,"Exact"
"Hinkler","Aaron Erskine","FACN","Richard Pascoe","ALP",399,27.12,"Keith Pitt","LNP",1072,72.88,0,0,"Exact"
"Hinkler","Joseph Ellul","UAP19","Richard Pascoe","ALP",1240,30.78,"Keith Pitt","LNP",2789,69.22,0,0,"Exact"
"Hinkler","Amy Byrnes","AJP","Richard Pascoe","ALP",818,58.81,"Keith Pitt","LNP",573,41.19,0,0,"Exact"
"Hinkler","Adrian Wone","Ind","Richard Pascoe","ALP",462,62.86,"Keith Pitt","LNP",273,37.14,0,0,"Exact"
"Holt","Jess Wheelock","Grn","Anthony Byrne","ALP",5163,76.66,"Jennifer van den Broek","Lib46",1572,23.34,0,0,"Exact"
"Holt","Jatinder Singh","UAP19","Anthony Byrne","ALP",2383,40,"Jennifer van den Broek","Lib46",3575,60,0,0,"Exact"
"Hotham","Jin Luan","UAP19","Clare O'Neil","ALP",1501,43.1,"George Hua","Lib46",1982,56.9,0,0,"Exact"
"Hotham","Jess Gonsalvez","Grn","Clare O'Neil","ALP",7336,84.11,"George Hua","Lib46",1386,15.89,0,0,"Exact"
"Hotham","Peter Dorian","RUA","Clare O'Neil","ALP",443,39.07,"George Hua","Lib46",691,60.93,0,0,"Exact"
"Hotham","Dennis Bilic","SA","Clare O'Neil","ALP",1007,56.83,"George Hua","Lib46",765,43.17,0,0,"Exact"
"Hughes","Mitchell Shakespeare","Grn","Diedree Steinwall","ALP",5501,82.96,"Craig Kelly","Lib46",1130,17.04,0,0,"Exact"
"Hughes","Gae Constable","AJP","Diedree Steinwall","ALP",1495,61.3,"Craig Kelly","Lib46",944,38.7,0,0,"Exact"
"Hughes","Terry Keep","UAP19","Diedree Steinwall","ALP",739,31.23,"Craig Kelly","Lib46",1627,68.77,0,0,"Exact"
"Hughes","Matt Bryan","Ind","Diedree Steinwall","ALP",1048,52.72,"Craig Kelly","Lib46",940,47.28,0,0,"Exact"
"Hughes","Leo-Ning Liu","CDP","Diedree Steinwall","ALP",471,21.25,"Craig Kelly","Lib46",1745,78.75,0,0,"Exact"
"Hume","Lynda Abdo","UAP19","Aoife Champion","ALP",1774,35.92,"Angus Taylor","Lib46",3165,64.08,0,0,"Exact"
"Hume","Tanya Hargraves","FACN","Aoife Champion","ALP",714,28.64,"Angus Taylor","Lib46",1779,71.36,0,0,"Exact"
"Hume","David Powell","Grn","Aoife Champion","ALP",3891,74.48,"Angus Taylor","Lib46",1333,25.52,0,0,"Exact"
"Hume","Huw Kingston","Ind","Aoife Champion","ALP",3915,64.52,"Angus Taylor","Lib46",2153,35.48,0,0,"Exact"
"Hume","Ian Nebauer","CDP","Aoife Champion","ALP",398,20.88,"Angus Taylor","Lib46",1508,79.12,0,0,"Exact"
"Hunter","Stuart Bonds","ON","Joel Fitzgibbon","ALP",6549,29.73,"Josh Angus","NPA",15480,70.27,0,0,"Exact"
"Hunter","James Murphy","AJP","Joel Fitzgibbon","ALP",1655,50.66,"Josh Angus","NPA",1612,49.34,0,0,"Exact"
"Hunter","Paul Davies","UAP19","Joel Fitzgibbon","ALP",1314,29.82,"Josh Angus","NPA",3093,70.18,0,0,"Exact"
"Hunter","Janet Murray","Grn","Joel Fitzgibbon","ALP",5297,75.6,"Josh Angus","NPA",1710,24.4,0,0,"Exact"
"Hunter","Richard Stretton","CDP","Joel Fitzgibbon","ALP",510,21.65,"Josh Angus","NPA",1846,78.35,0,0,"Exact"
"Hunter","Max Boddy","SEP","Joel Fitzgibbon","ALP",394,57.35,"Josh Angus","NPA",293,42.65,0,0,"Exact"
"Indi","Helen Robinson","Grn","Helen Haines","Ind",3568,83.85,"Steve Martin","Lib46",687,16.15,0,0,"Exact"
"Indi","Jason Whalley","DHJP","Helen Haines","Ind",1917,66.31,"Steve Martin","Lib46",974,33.69,0,0,"Exact"
"Indi","Mark Byatt","NPA","Helen Haines","Ind",1814,19.02,"Steve Martin","Lib46",7724,80.98,0,0,"Exact"
"Indi","Shane Wheatland","UAP19","Helen Haines","Ind",1969,49.47,"Steve Martin","Lib46",2011,50.53,0,0,"Exact"
"Indi","Eric Kerr","ALP","Helen Haines","Ind",9954,81.58,"Steve Martin","Lib46",2248,18.42,0,0,"Exact"
"Isaacs","Kim Samiotis","Grn","Mark Dreyfus","ALP",7580,70.04,"Jeremy Hearn","Lib46",3242,29.96,0,0,"Exact"
"Isaacs","Ash Puvimanasinghe","RUA","Mark Dreyfus","ALP",369,32.31,"Jeremy Hearn","Lib46",773,67.69,0,0,"Exact"
"Isaacs","Bronwyn Currie","AJP","Mark Dreyfus","ALP",2194,60.83,"Jeremy Hearn","Lib46",1413,39.17,0,0,"Exact"
"Isaacs","Anthony Seals","UAP19","Mark Dreyfus","ALP",1138,29.85,"Jeremy Hearn","Lib46",2675,70.15,0,0,"Exact"
"Jagajaga","Maria Rigoni","UAP19","Kate Thwaites","ALP",1595,43.67,"Richard Welch","Lib46",2057,56.33,0,0,"Exact"
"Jagajaga","Jeff Truscott","RUA","Kate Thwaites","ALP",544,40.45,"Richard Welch","Lib46",801,59.55,0,0,"Exact"
"Jagajaga","Paul Kennedy","Grn","Kate Thwaites","ALP",12079,86.72,"Richard Welch","Lib46",1850,13.28,0,0,"Exact"
"Kennedy","Sue Bertuch","UAP19","Bob Katter","KAP",4214,68.81,"Frank Beveridge","LNP",1910,31.19,0,0,"Exact"
"Kennedy","Lyle Burness","Grn","Bob Katter","KAP",2877,60.56,"Frank Beveridge","LNP",1874,39.44,0,0,"Exact"
"Kennedy","Ian Hackwell","FACN","Bob Katter","KAP",1867,73.74,"Frank Beveridge","LNP",665,26.26,0,0,"Exact"
"Kennedy","Brett McGuire","ALP","Bob Katter","KAP",11608,74.35,"Frank Beveridge","LNP",4004,25.65,0,0,"Exact"
"Kingsford Smith","James Cruz","Grn","Matt Thistlethwaite","ALP",9981,87.41,"Amanda Wilmot","Lib46",1437,12.59,0,0,"Exact"
"Kingsford Smith","Adrian Manson","CDP","Matt Thistlethwaite","ALP",412,30.32,"Amanda Wilmot","Lib46",947,69.68,0,0,"Exact"
"Kingsford Smith","Petra Campbell","SA","Matt Thistlethwaite","ALP",833,61.89,"Amanda Wilmot","Lib46",513,38.11,0,0,"Exact"
"Kingsford Smith","James Jansson","Sci","Matt Thistlethwaite","ALP",1073,67.27,"Amanda Wilmot","Lib46",522,32.73,0,0,"Exact"
"Kingsford Smith","Adam Watson","UAP19","Matt Thistlethwaite","ALP",573,34.75,"Amanda Wilmot","Lib46",1076,65.25,0,0,"Exact"
"Kingston","Nikki Mortier","Grn","Amanda Rishworth","ALP",7852,80.42,"Laura Curran","Lib46",1912,19.58,0,0,"Exact"
"Kingston","Kellie Somers","AJP","Amanda Rishworth","ALP",2293,61.28,"Laura Curran","Lib46",1449,38.72,0,0,"Exact"
"Kingston","Jodie Hoskin","UAP19","Amanda Rishworth","ALP",1908,36.2,"Laura Curran","Lib46",3362,63.8,0,0,"Exact"
"Kooyong","Steven D'Elia","UAP19","Julian Burnside","Grn",249,21.01,"Josh Frydenberg","Lib46",936,78.99,0,0,"Exact"
"Kooyong","Oliver Yates","Ind","Julian Burnside","Grn",7097,79.83,"Josh Frydenberg","Lib46",1793,20.17,0,0,"Exact"
"Kooyong","Angelina Zubac","Ind","Julian Burnside","Grn",284,52.69,"Josh Frydenberg","Lib46",255,47.31,0,0,"Exact"
"Kooyong","Jana Stewart","ALP","Julian Burnside","Grn",13896,83.38,"Josh Frydenberg","Lib46",2770,16.62,0,0,"Exact"
"Kooyong","Davina Hinkley","AJP","Julian Burnside","Grn",846,75.74,"Josh Frydenberg","Lib46",271,24.26,0,0,"Exact"
"Kooyong","Bill Chandler","Ind","Julian Burnside","Grn",463,69.21,"Josh Frydenberg","Lib46",206,30.79,0,0,"Exact"
"Lalor","Susan Jakobi","AFP","Joanne Ryan","ALP",1707,41.7,"Gayle Murphy","Lib46",2387,58.3,0,0,"Exact"
"Lalor","Jeffrey Robinson","UAP19","Joanne Ryan","ALP",1801,40.46,"Gayle Murphy","Lib46",2650,59.54,0,0,"Exact"
"Lalor","Jay Dessi","Grn","Joanne Ryan","ALP",5712,78.54,"Gayle Murphy","Lib46",1561,21.46,0,0,"Exact"
"Lalor","Aijaz Moinuddin","Ind","Joanne Ryan","ALP",789,70.51,"Gayle Murphy","Lib46",330,29.49,0,0,"Exact"
"La Trobe","Amy Gregorovich","Grn","Simon Curtis","ALP",5812,74.97,"Jason Wood","Lib46",1940,25.03,0,0,"Exact"
"La Trobe","Norman Baker","RUA","Simon Curtis","ALP",289,30.52,"Jason Wood","Lib46",658,69.48,0,0,"Exact"
"La Trobe","Esther Baker","ON","Simon Curtis","ALP",1895,39.51,"Jason Wood","Lib46",2901,60.49,0,0,"Exact"
"La Trobe","Duncan Dean","UAP19","Simon Curtis","ALP",792,31.6,"Jason Wood","Lib46",1714,68.4,0,0,"Exact"
"La Trobe","Asher Calwell-Browne","DHJP","Simon Curtis","ALP",2085,59.15,"Jason Wood","Lib46",1440,40.85,0,0,"Exact"
"Leichhardt","Jo Ashby","FACN","Elida Faith","ALP",935,47.32,"Warren Entsch","LNP",1041,52.68,0,0,"Exact"
"Leichhardt","Chad Anderson","Ind","Elida Faith","ALP",1470,57.38,"Warren Entsch","LNP",1092,42.62,0,0,"Exact"
"Leichhardt","Ross Macdonald","ON","Elida Faith","ALP",1926,35.48,"Warren Entsch","LNP",3502,64.52,0,0,"Exact"
"Leichhardt","Daniel McCarthy","KAP","Elida Faith","ALP",2453,33.52,"Warren Entsch","LNP",4865,66.48,0,0,"Exact"
"Leichhardt","Jen Sackley","UAP19","Elida Faith","ALP",1147,32.2,"Warren Entsch","LNP",2415,67.8,0,0,"Exact"
"Leichhardt","Gary Oliver","Grn","Elida Faith","ALP",7370,78.91,"Warren Entsch","LNP",1970,21.09,0,0,"Exact"
"Lilley","Tracey Bell-Henselin","ON","Anika Wells","ALP",1551,30.03,"Brad Carswell","LNP",3614,69.97,0,0,"Exact"
"Lilley","Don Coles","FACN","Anika Wells","ALP",312,27.01,"Brad Carswell","LNP",843,72.99,0,0,"Exact"
"Lilley","Mike Crook","SAl","Anika Wells","ALP",534,71.87,"Brad Carswell","LNP",209,28.13,0,0,"Exact"
"Lilley","John Meyer","Grn","Anika Wells","ALP",11384,84.08,"Brad Carswell","LNP",2155,15.92,0,0,"Exact"
"Lilley","David McClaer","UAP19","Anika Wells","ALP",702,32.25,"Brad Carswell","LNP",1475,67.75,0,0,"Exact"
"Lindsay","Brandon Lees","FACN","Diane Beamer","ALP",1036,43.64,"Melissa McIntosh","Lib46",1338,56.36,0,0,"Exact"
"Lindsay","Nick Best","Grn","Diane Beamer","ALP",3701,77.41,"Melissa McIntosh","Lib46",1080,22.59,0,0,"Exact"
"Lindsay","Christopher Buttel","UAP19","Diane Beamer","ALP",1079,38.11,"Melissa McIntosh","Lib46",1752,61.89,0,0,"Exact"
"Lindsay","Mark Tyndall","Ind","Diane Beamer","ALP",1488,53.43,"Melissa McIntosh","Lib46",1297,46.57,0,0,"Exact"
"Lindsay","Geoff Brown","SA","Diane Beamer","ALP",771,58.14,"Melissa McIntosh","Lib46",555,41.86,0,0,"Exact"
"Lindsay","Mark Moody-Basedow","CDP","Diane Beamer","ALP",453,22.68,"Melissa McIntosh","Lib46",1544,77.32,0,0,"Exact"
"Lindsay","Jim Saleam","AFP","Diane Beamer","ALP",571,41.62,"Melissa McIntosh","Lib46",801,58.38,0,0,"Exact"
"Lingiari","George Hanna","Grn","Warren Snowdon","ALP",3214,80.53,"Jacinta Price","CLP",777,19.47,0,0,"Exact"
"Lingiari","Daniel Hodgson","UAP19","Warren Snowdon","ALP",459,33.58,"Jacinta Price","CLP",908,66.42,0,0,"Exact"
"Lingiari","Regina McCarthy","RUA","Warren Snowdon","ALP",667,48.33,"Jacinta Price","CLP",713,51.67,0,0,"Exact"
"Lingiari","Hamish MacFarlane","Ind","Warren Snowdon","ALP",825,38.86,"Jacinta Price","CLP",1298,61.14,0,0,"Exact"
"Longman","Bailey Maher","UAP19","Susan Lamb","ALP",1198,35.83,"Terry Young","LNP",2146,64.17,0,0,"Exact"
"Longman","Jono Young","AUP","Susan Lamb","ALP",542,56.17,"Terry Young","LNP",423,43.83,0,0,"Exact"
"Longman","Peter Schuback","AFP","Susan Lamb","ALP",559,52.29,"Terry Young","LNP",510,47.71,0,0,"Exact"
"Longman","Matthew Thomson","ON","Susan Lamb","ALP",4466,33.94,"Terry Young","LNP",8694,66.06,0,0,"Exact"
"Longman","Dave Paulke","FACN","Susan Lamb","ALP",604,30.71,"Terry Young","LNP",1363,69.29,0,0,"Exact"
"Longman","Simone Dejun","Grn","Susan Lamb","ALP",5194,77.71,"Terry Young","LNP",1490,22.29,0,0,"Exact"
"Lyne","Garry Bourke","UAP19","Phil Costa","ALP",1085,26.48,"David Gillespie","NPA",3013,73.52,0,0,"Exact"
"Lyne","Ryan Goldspring","FACN","Phil Costa","ALP",370,18.63,"David Gillespie","NPA",1616,81.37,0,0,"Exact"
"Lyne","Dean McCrae","LDP","Phil Costa","ALP",980,16.71,"David Gillespie","NPA",4884,83.29,0,0,"Exact"
"Lyne","Ed Caruana","AWP19","Phil Costa","ALP",692,41.29,"David Gillespie","NPA",984,58.71,0,0,"Exact"
"Lyne","Jeremy Miller","Ind","Phil Costa","ALP",2569,49.7,"David Gillespie","NPA",2600,50.3,0,0,"Exact"
"Lyne","Catherine Zhao","CDP","Phil Costa","ALP",247,16.54,"David Gillespie","NPA",1246,83.46,0,0,"Exact"
"Lyne","Stuart Watson","Grn","Phil Costa","ALP",4924,74.73,"David Gillespie","NPA",1665,25.27,0,0,"Exact"
"Lyons","Deanna Hutchinson","NPA","Brian Mitchell","ALP",2819,25.12,"Jessica Whelan","Lib46",8403,74.88,0,0,"Exact"
"Lyons","Gary Whisson","Grn","Brian Mitchell","ALP",6002,88.72,"Jessica Whelan","Lib46",763,11.28,0,0,"Exact"
"Lyons","Tennille Murtagh","ON","Brian Mitchell","ALP",2662,45.74,"Jessica Whelan","Lib46",3158,54.26,0,0,"Exact"
"Lyons","Mick Warne","UAP19","Brian Mitchell","ALP",1917,43.92,"Jessica Whelan","Lib46",2448,56.08,0,0,"Exact"
"Macarthur","James Gent","CDP","Mike Freelander","ALP",1502,40.54,"Riley Munro","Lib46",2203,59.46,0,0,"Exact"
"Macarthur","Matt Stellino","AJP","Mike Freelander","ALP",1311,62.25,"Riley Munro","Lib46",795,37.75,0,0,"Exact"
"Macarthur","Shane Norman","ON","Mike Freelander","ALP",3410,39.86,"Riley Munro","Lib46",5145,60.14,0,0,"Exact"
"Macarthur","Nathan Murphy","UAP19","Mike Freelander","ALP",989,39.47,"Riley Munro","Lib46",1517,60.53,0,0,"Exact"
"Macarthur","Jayden Rivera","Grn","Mike Freelander","ALP",3359,76.39,"Riley Munro","Lib46",1038,23.61,0,0,"Exact"
"Mackellar","David Lyon","UAP19","Declan Steele","ALP",860,37.12,"Jason Falinski","Lib46",1457,62.88,0,0,"Exact"
"Mackellar","Suzanne Daly","SA","Declan Steele","ALP",1402,54.98,"Jason Falinski","Lib46",1148,45.02,0,0,"Exact"
"Mackellar","Alice Thompson","Ind","Declan Steele","ALP",7613,63.57,"Jason Falinski","Lib46",4362,36.43,0,0,"Exact"
"Mackellar","Pru Wawn","Grn","Declan Steele","ALP",9361,82.97,"Jason Falinski","Lib46",1922,17.03,0,0,"Exact"
"Mackellar","Greg Levett","CDP","Declan Steele","ALP",254,18.13,"Jason Falinski","Lib46",1147,81.87,0,0,"Exact"
"Macnamara","Ruby O'Rourke","Ind","Josh Burns","ALP",497,44.86,"Kate Ashmor","Lib46",611,55.14,0,0,"Exact"
"Macnamara","Steph Hodgins-May","Grn","Josh Burns","ALP",20587,87.48,"Kate Ashmor","Lib46",2947,12.52,0,0,"Exact"
"Macnamara","Steven Armstrong","SA","Josh Burns","ALP",532,54.62,"Kate Ashmor","Lib46",442,45.38,0,0,"Exact"
"Macnamara","Chris Wallis","Ind","Josh Burns","ALP",478,52.07,"Kate Ashmor","Lib46",440,47.93,0,0,"Exact"
"Macnamara","Craig McPherson","AJP","Josh Burns","ALP",1301,67.8,"Kate Ashmor","Lib46",618,32.2,0,0,"Exact"
"Macnamara","Christine Kay","RUA","Josh Burns","ALP",95,26.03,"Kate Ashmor","Lib46",270,73.97,0,0,"Exact"
"Macnamara","Helen Paton","UAP19","Josh Burns","ALP",268,23.59,"Kate Ashmor","Lib46",868,76.41,0,0,"Exact"
"Macquarie","Kingsley Liu","Grn","Susan Templeman","ALP",7901,89.08,"Sarah Richards","Lib46",969,10.92,0,0,"Exact"
"Macquarie","Greg Keightley","AJP","Susan Templeman","ALP",2350,65.08,"Sarah Richards","Lib46",1261,34.92,0,0,"Exact"
"Macquarie","Tony Pettitt","UAP19","Susan Templeman","ALP",1304,33.63,"Sarah Richards","Lib46",2573,66.37,0,0,"Exact"
"Makin","Lyn Gaston","AJP","Tony Zappia","ALP",2424,62.7,"Hemant Dave","Lib46",1442,37.3,0,0,"Exact"
"Makin","Stephanie Stewart","Grn","Tony Zappia","ALP",7098,77.06,"Hemant Dave","Lib46",2113,22.94,0,0,"Exact"
"Makin","Rachel Collis","UAP19","Tony Zappia","ALP",2538,36.92,"Hemant Dave","Lib46",4336,63.08,0,0,"Exact"
"Mallee","Serge Petrovich","Lib46","Carole Hart","ALP",1857,10.51,"Anne Webster","NPA",15808,89.49,0,0,"Exact"
"Mallee","Cecila Moar","Ind","Carole Hart","ALP",1068,38.68,"Anne Webster","NPA",1693,61.32,0,0,"Exact"
"Mallee","Jason Modica","Ind","Carole Hart","ALP",5217,59.32,"Anne Webster","NPA",3578,40.68,0,0,"Exact"
"Mallee","Rick Grosvenor","FACN","Carole Hart","ALP",246,18.79,"Anne Webster","NPA",1063,81.21,0,0,"Exact"
"Mallee","Chris Lahy","CEC","Carole Hart","ALP",195,46.88,"Anne Webster","NPA",221,53.13,0,0,"Exact"
"Mallee","Philip Mollison","RUA","Carole Hart","ALP",317,34.49,"Anne Webster","NPA",602,65.51,0,0,"Exact"
"Mallee","Leigh Firman","Sci","Carole Hart","ALP",276,55.53,"Anne Webster","NPA",221,44.47,0,0,"Exact"
"Mallee","Ray Kingston","Ind","Carole Hart","ALP",2757,31.98,"Anne Webster","NPA",5864,68.02,0,0,"Exact"
"Mallee","Dan Straub","SFF","Carole Hart","ALP",1784,32.37,"Anne Webster","NPA",3728,67.63,0,0,"Exact"
"Mallee","Rick Millar","UAP19","Carole Hart","ALP",860,27.12,"Anne Webster","NPA",2311,72.88,0,0,"Exact"
"Mallee","Nicole Rowan","Grn","Carole Hart","ALP",2385,72.34,"Anne Webster","NPA",912,27.66,0,0,"Exact"
"Maranoa","Linda Little","ALP","Rosemary Moulden","ON",5047,34.98,"David Littleproud","LNP",9380,65.02,0,0,"Exact"
"Maranoa","Anthony Wallis","KAP","Rosemary Moulden","ON",2394,56.4,"David Littleproud","LNP",1851,43.6,0,0,"Exact"
"Maranoa","Julie Saunders","UAP19","Rosemary Moulden","ON",2033,60.38,"David Littleproud","LNP",1334,39.62,0,0,"Exact"
"Maranoa","Darren Christiansen","FACN","Rosemary Moulden","ON",1543,76.01,"David Littleproud","LNP",487,23.99,0,0,"Exact"
"Maranoa","Emmeline Chidley","Grn","Rosemary Moulden","ON",940,29.59,"David Littleproud","LNP",2237,70.41,0,0,"Exact"
"Maribyrnong","Sarwar Hasan","UAP19","Bill Shorten","ALP",1500,41.47,"Christine Stow","Lib46",2117,58.53,0,0,"Exact"
"Maribyrnong","James Williams","Grn","Bill Shorten","ALP",12780,85.52,"Christine Stow","Lib46",2163,14.48,0,0,"Exact"
"Mayo","Anne Bourne","Grn","Rebekha Sharkie","CA19",8029,76.94,"Georgina Downer","Lib46",2407,23.06,0,0,"Exact"
"Mayo","Helen Dowland","AJP","Rebekha Sharkie","CA19",1555,67.55,"Georgina Downer","Lib46",747,32.45,0,0,"Exact"
"Mayo","Michael Cane","UAP19","Rebekha Sharkie","CA19",1669,46.4,"Georgina Downer","Lib46",1928,53.6,0,0,"Exact"
"Mayo","Saskia Gerhardy","ALP","Rebekha Sharkie","CA19",12346,80.22,"Georgina Downer","Lib46",3044,19.78,0,0,"Exact"
"McEwen","Neil Barker","Grn","Rob Mitchell","ALP",6982,86.99,"Phillip Fusco","Lib46",1044,13.01,0,0,"Exact"
"McEwen","Ruth Parramore","AJP","Rob Mitchell","ALP",1989,68.82,"Phillip Fusco","Lib46",901,31.18,0,0,"Exact"
"McEwen","Deb Butler","DHJP","Rob Mitchell","ALP",2119,54.64,"Phillip Fusco","Lib46",1759,45.36,0,0,"Exact"
"McEwen","Robert Hyndman","Ind","Rob Mitchell","ALP",715,46.07,"Phillip Fusco","Lib46",837,53.93,0,0,"Exact"
"McEwen","Ronnie Graham","ON","Rob Mitchell","ALP",2140,37.59,"Phillip Fusco","Lib46",3553,62.41,0,0,"Exact"
"McEwen","Chris Hayman","UAP19","Rob Mitchell","ALP",1036,34.35,"Phillip Fusco","Lib46",1980,65.65,0,0,"Exact"
"McMahon","Meg Wrightson","UAP19","Chris Bowen","ALP",2034,61.1,"Vivek Singha","Lib46",1295,38.9,0,0,"Exact"
"McMahon","Damian Commane","ON","Chris Bowen","ALP",2708,38.43,"Vivek Singha","Lib46",4338,61.57,0,0,"Exact"
"McMahon","Zeeshan Francis","CDP","Chris Bowen","ALP",992,32.98,"Vivek Singha","Lib46",2016,67.02,0,0,"Exact"
"McMahon","Astrid O'Neill","Grn","Chris Bowen","ALP",3279,77.74,"Vivek Singha","Lib46",939,22.26,0,0,"Exact"
"McPherson","Scott Crowe","LDP","Aaron Santelises","ALP",839,26.04,"Karen Andrews","LNP",2383,73.96,0,0,"Exact"
"McPherson","Michael Kaff","Ind","Aaron Santelises","ALP",867,52.61,"Karen Andrews","LNP",781,47.39,0,0,"Exact"
"McPherson","Alan Quinn","Grn","Aaron Santelises","ALP",8049,79.17,"Karen Andrews","LNP",2118,20.83,0,0,"Exact"
"McPherson","Sean Gaffy","FACN","Aaron Santelises","ALP",186,21.99,"Karen Andrews","LNP",660,78.01,0,0,"Exact"
"McPherson","Renee Stewart","AJP","Aaron Santelises","ALP",1342,56.7,"Karen Andrews","LNP",1025,43.3,0,0,"Exact"
"McPherson","Fiona MacKenzie","UAP19","Aaron Santelises","ALP",834,27.1,"Karen Andrews","LNP",2244,72.9,0,0,"Exact"
"McPherson","John Spellman","ON","Aaron Santelises","ALP",1721,31.75,"Karen Andrews","LNP",3700,68.25,0,0,"Exact"
"Melbourne","Judy Ryan","REAS","Adam Bandt","Grn",3911,82.23,"Lauren Sherson","Lib46",845,17.77,0,0,"Exact"
"Melbourne","David Blake","Ind","Adam Bandt","Grn",555,48.09,"Lauren Sherson","Lib46",599,51.91,0,0,"Exact"
"Melbourne","Lawrence Pope","AJP","Adam Bandt","Grn",1428,77.23,"Lauren Sherson","Lib46",421,22.77,0,0,"Exact"
"Melbourne","Luke Creasey","ALP","Adam Bandt","Grn",14770,80.4,"Lauren Sherson","Lib46",3601,19.6,0,0,"Exact"
"Melbourne","Tony Pecora","UAP19","Adam Bandt","Grn",312,28.92,"Lauren Sherson","Lib46",767,71.08,0,0,"Exact"
"Menzies","Teresa Kelleher","DLP","Stella Yee","ALP",1655,54.69,"Kevin Andrews","Lib46",1371,45.31,0,0,"Exact"
"Menzies","Rachel Payne","REAS","Stella Yee","ALP",1365,67.27,"Kevin Andrews","Lib46",664,32.73,0,0,"Exact"
"Menzies","Brett Fuller","UAP19","Stella Yee","ALP",738,28.33,"Kevin Andrews","Lib46",1867,71.67,0,0,"Exact"
"Menzies","Robert Humphreys","Grn","Stella Yee","ALP",8461,82.43,"Kevin Andrews","Lib46",1803,17.57,0,0,"Exact"
"Mitchell","Roy Hoppenbrouwer","UAP19","Immanuel Selvaraj","ALP",712,26.32,"Alex Hawke","Lib46",1993,73.68,0,0,"Exact"
"Mitchell","Craig Hall","CDP","Immanuel Selvaraj","ALP",542,17.17,"Alex Hawke","Lib46",2614,82.83,0,0,"Exact"
"Mitchell","Lawrence Murphy","Grn","Immanuel Selvaraj","ALP",6066,76.25,"Alex Hawke","Lib46",1889,23.75,0,0,"Exact"
"Monash","John Verhoeven","Ind","Jessica O'Donnell","ALP",1554,57.07,"Russell Broadbent","Lib46",1169,42.93,0,0,"Exact"
"Monash","Michael Fozard","Ind","Jessica O'Donnell","ALP",1596,55.61,"Russell Broadbent","Lib46",1274,44.39,0,0,"Exact"
"Monash","Jeff Waddell","ON","Jessica O'Donnell","ALP",2975,38.86,"Russell Broadbent","Lib46",4681,61.14,0,0,"Exact"
"Monash","William Hornstra","Grn","Jessica O'Donnell","ALP",5900,83.72,"Russell Broadbent","Lib46",1147,16.28,0,0,"Exact"
"Monash","Matthew Sherry","UAP19","Jessica O'Donnell","ALP",1169,29.02,"Russell Broadbent","Lib46",2859,70.98,0,0,"Exact"
"Moncrieff","Karla Freeman","AJP","Tracey Bell","ALP",1635,46.04,"Angie Bell","LNP",1916,53.96,0,0,"Exact"
"Moncrieff","Vanessa Sibson","ON","Tracey Bell","ALP",1984,33.51,"Angie Bell","LNP",3936,66.49,0,0,"Exact"
"Moncrieff","Sally Spain","Grn","Tracey Bell","ALP",6622,74.4,"Angie Bell","LNP",2278,25.6,0,0,"Exact"
"Moncrieff","Garry Eilola","UAP19","Tracey Bell","ALP",946,27.67,"Angie Bell","LNP",2473,72.33,0,0,"Exact"
"Moncrieff","Darren Long","FACN","Tracey Bell","ALP",264,22.92,"Angie Bell","LNP",888,77.08,0,0,"Exact"
"Moncrieff","Sly Gryphon","LDP","Tracey Bell","ALP",567,31.52,"Angie Bell","LNP",1232,68.48,0,0,"Exact"
"Moore","Tyler Walsh","ON","Tony O'Gorman","ALP",1311,31.87,"Ian Goodenough","Lib46",2802,68.13,0,0,"Exact"
"Moore","Daniel Vujcich","Grn","Tony O'Gorman","ALP",8263,76.97,"Ian Goodenough","Lib46",2472,23.03,0,0,"Exact"
"Moore","Rex Host","ACh","Tony O'Gorman","ALP",232,18.43,"Ian Goodenough","Lib46",1027,81.57,0,0,"Exact"
"Moore","Jen Jacobs","WAP19","Tony O'Gorman","ALP",673,47.13,"Ian Goodenough","Lib46",755,52.87,0,0,"Exact"
"Moore","Ziggi Murphy","Ind","Tony O'Gorman","ALP",1300,54.39,"Ian Goodenough","Lib46",1090,45.61,0,0,"Exact"
"Moore","Rod Chilcott","UAP19","Tony O'Gorman","ALP",505,31.74,"Ian Goodenough","Lib46",1086,68.26,0,0,"Exact"
"Moreton","Aaron Nieass","FACN","Graham Perrett","ALP",547,35.04,"Angela Owen","LNP",1014,64.96,0,0,"Exact"
"Moreton","Patsy O'Brien","Grn","Graham Perrett","ALP",12951,85.27,"Angela Owen","LNP",2238,14.73,0,0,"Exact"
"Moreton","William Lawrence","ON","Graham Perrett","ALP",1059,35.28,"Angela Owen","LNP",1943,64.72,0,0,"Exact"
"Moreton","Jenny-Rebecca Brown","UAP19","Graham Perrett","ALP",624,30.97,"Angela Owen","LNP",1391,69.03,0,0,"Exact"
"Newcastle","John MacKenzie","Grn","Sharon Claydon","ALP",14038,87.53,"Katrina Wark","Lib46",2000,12.47,0,0,"Exact"
"Newcastle","Pam Wise","CDP","Sharon Claydon","ALP",487,25.26,"Katrina Wark","Lib46",1441,74.74,0,0,"Exact"
"Newcastle","Geoff Scully","UAP19","Sharon Claydon","ALP",1386,39.93,"Katrina Wark","Lib46",2085,60.07,0,0,"Exact"
"Newcastle","B. J. Futter","GAP","Sharon Claydon","ALP",561,51.66,"Katrina Wark","Lib46",525,48.34,0,0,"Exact"
"Newcastle","Darren Brollo","AJP","Sharon Claydon","ALP",2175,65.91,"Katrina Wark","Lib46",1125,34.09,0,0,"Exact"
"New England","Natasha Ledger","Ind","Adam Blakester","Ind",2094,68.19,"Barnaby Joyce","NPA",977,31.81,0,0,"Exact"
"New England","Julie Collins","CDP","Adam Blakester","Ind",855,38.6,"Barnaby Joyce","NPA",1360,61.4,0,0,"Exact"
"New England","Yvonne Langenberg","ALP","Adam Blakester","Ind",9273,74.72,"Barnaby Joyce","NPA",3137,25.28,0,0,"Exact"
"New England","Tony Lonergan","Grn","Adam Blakester","Ind",3369,78.15,"Barnaby Joyce","NPA",942,21.85,0,0,"Exact"
"New England","Rob Taber","Ind","Adam Blakester","Ind",2777,75.01,"Barnaby Joyce","NPA",925,24.99,0,0,"Exact"
"New England","Cindy Duncan","UAP19","Adam Blakester","Ind",2511,56.31,"Barnaby Joyce","NPA",1948,43.69,0,0,"Exact"
"Nicholls","Jeremy Parker","Ind","Bill Lodwick","ALP",577,32.56,"Damian Drum","NPA",1195,67.44,0,0,"Exact"
"Nicholls","Andrew Bock","Ind","Bill Lodwick","ALP",1853,40.45,"Damian Drum","NPA",2728,59.55,0,0,"Exact"
"Nicholls","Stewart Hine","UAP19","Bill Lodwick","ALP",1135,22.36,"Damian Drum","NPA",3942,77.64,0,0,"Exact"
"Nicholls","Nickee Freedman","Grn","Bill Lodwick","ALP",2837,70.73,"Damian Drum","NPA",1174,29.27,0,0,"Exact"
"Nicholls","Rikkie-Lee Tyrrell","ON","Bill Lodwick","ALP",3010,27.99,"Damian Drum","NPA",7744,72.01,0,0,"Exact"
"Nicholls","Nigel Hicks","Ind","Bill Lodwick","ALP",655,37.45,"Damian Drum","NPA",1094,62.55,0,0,"Exact"
"North Sydney","David Vernon","CDP","Brett Stone","ALP",462,27.83,"Trent Zimmerman","Lib46",1198,72.17,0,0,"Exact"
"North Sydney","Peter Vagg","UAP19","Brett Stone","ALP",325,26.02,"Trent Zimmerman","Lib46",924,73.98,0,0,"Exact"
"North Sydney","Daniel Keogh","Grn","Brett Stone","ALP",10868,82.38,"Trent Zimmerman","Lib46",2325,17.62,0,0,"Exact"
"North Sydney","Arthur Chesterfield-Evans","Ind","Brett Stone","ALP",2591,60.33,"Trent Zimmerman","Lib46",1704,39.67,0,0,"Exact"
"North Sydney","Greg Graham","SA","Brett Stone","ALP",903,49.32,"Trent Zimmerman","Lib46",928,50.68,0,0,"Exact"
"O'Connor","John Hassell","NPA","Shelley Payne","ALP",1914,17.73,"Rick Wilson","Lib46",8881,82.27,0,0,"Exact"
"O'Connor","Nelson Gilmour","Grn","Shelley Payne","ALP",5755,79.43,"Rick Wilson","Lib46",1490,20.57,0,0,"Exact"
"O'Connor","Anthony Fels","UAP19","Shelley Payne","ALP",587,36.73,"Rick Wilson","Lib46",1011,63.27,0,0,"Exact"
"O'Connor","Ian 't Hart","ACh","Shelley Payne","ALP",328,12.98,"Rick Wilson","Lib46",2199,87.02,0,0,"Exact"
"O'Connor","Peter Swift","WAP19","Shelley Payne","ALP",651,50.9,"Rick Wilson","Lib46",628,49.1,0,0,"Exact"
"O'Connor","Dean Smith","ON","Shelley Payne","ALP",2690,37.09,"Rick Wilson","Lib46",4562,62.91,0,0,"Exact"
"O'Connor","Nicholas Robinson","GAP","Shelley Payne","ALP",368,41.68,"Rick Wilson","Lib46",515,58.32,0,0,"Exact"
"Oxley","Steven Purcell","Grn","Milton Dick","ALP",8332,79.09,"Russell Bauer","LNP",2203,20.91,0,0,"Exact"
"Oxley","Ian Ferguson","UAP19","Milton Dick","ALP",908,38.34,"Russell Bauer","LNP",1460,61.66,0,0,"Exact"
"Oxley","Janet Lindbom","ON","Milton Dick","ALP",2427,42.57,"Russell Bauer","LNP",3274,57.43,0,0,"Exact"
"Oxley","Mike Head","SEP","Milton Dick","ALP",433,66.21,"Russell Bauer","LNP",221,33.79,0,0,"Exact"
"Oxley","Scott Moerland","FACN","Milton Dick","ALP",449,30.46,"Russell Bauer","LNP",1025,69.54,0,0,"Exact"
"Page","Fiona Leviny","Ind","Patrick Deegan","ALP",2259,43.11,"Kevin Hogan","NPA",2981,56.89,0,0,"Exact"
"Page","Alison Waters","AJP","Patrick Deegan","ALP",1366,51.63,"Kevin Hogan","NPA",1280,48.37,0,0,"Exact"
"Page","Peter Walker","CDP","Patrick Deegan","ALP",319,16.01,"Kevin Hogan","NPA",1673,83.99,0,0,"Exact"
"Page","John Mudge","UAP19","Patrick Deegan","ALP",801,23.15,"Kevin Hogan","NPA",2659,76.85,0,0,"Exact"
"Page","Dan Reid","Grn","Patrick Deegan","ALP",10604,83.93,"Kevin Hogan","NPA",2030,16.07,0,0,"Exact"
"Parkes","Daniel Jones","LDP","Jack Ayoub","ALP",1403,18.54,"Mark Coulton","NPA",6165,81.46,0,0,"Exact"
"Parkes","David Paull","Grn","Jack Ayoub","ALP",2481,63.27,"Mark Coulton","NPA",1440,36.73,0,0,"Exact"
"Parkes","Will Landers","Ind","Jack Ayoub","ALP",3248,48.26,"Mark Coulton","NPA",3482,51.74,0,0,"Exact"
"Parkes","Petrus Van Der Steen","UAP19","Jack Ayoub","ALP",1826,30.92,"Mark Coulton","NPA",4080,69.08,0,0,"Exact"
"Parramatta","Gary Loke","UAP19","Julie Owens","ALP",973,44.51,"Charles Camenzuli","Lib46",1213,55.49,0,0,"Exact"
"Parramatta","Phil Bradley","Grn","Julie Owens","ALP",5072,82.73,"Charles Camenzuli","Lib46",1059,17.27,0,0,"Exact"
"Parramatta","Asma Payara","CDP","Julie Owens","ALP",614,24.31,"Charles Camenzuli","Lib46",1912,75.69,0,0,"Exact"
"Parramatta","Oscar Grenfell","SEP","Julie Owens","ALP",472,67.24,"Charles Camenzuli","Lib46",230,32.76,0,0,"Exact"
"Paterson","Neil Turner","ON","Meryl Swanson","ALP",6874,45.02,"Sachin Joshi","Lib46",8395,54.98,0,0,"Exact"
"Paterson","Graham Burston","UAP19","Meryl Swanson","ALP",1628,41.87,"Sachin Joshi","Lib46",2260,58.13,0,0,"Exact"
"Paterson","Jan Davis","Grn","Meryl Swanson","ALP",6050,81.33,"Sachin Joshi","Lib46",1389,18.67,0,0,"Exact"
"Paterson","Christopher Vale","CDP","Meryl Swanson","ALP",508,27.08,"Sachin Joshi","Lib46",1368,72.92,0,0,"Exact"
"Pearce","Sandy Old","ON","Kim Travers","ALP",3296,40.2,"Christian Porter","Lib46",4903,59.8,0,0,"Exact"
"Pearce","Michael Calautti","WAP19","Kim Travers","ALP",652,49.96,"Christian Porter","Lib46",653,50.04,0,0,"Exact"
"Pearce","Magdeleen Strauss","ACh","Kim Travers","ALP",310,19.27,"Christian Porter","Lib46",1299,80.73,0,0,"Exact"
"Pearce","Eugene Marshall","Grn","Kim Travers","ALP",6519,75.14,"Christian Porter","Lib46",2157,24.86,0,0,"Exact"
"Pearce","Steve Blythe","NPA","Kim Travers","ALP",223,16.62,"Christian Porter","Lib46",1119,83.38,0,0,"Exact"
"Pearce","Rob Forster","UAP19","Kim Travers","ALP",816,32.71,"Christian Porter","Lib46",1679,67.29,0,0,"Exact"
"Pearce","Ross Williamson","SFF","Kim Travers","ALP",859,40.42,"Christian Porter","Lib46",1266,59.58,0,0,"Exact"
"Pearce","Colin Butland","Ind","Kim Travers","ALP",743,51.03,"Christian Porter","Lib46",713,48.97,0,0,"Exact"
"Perth","Jane Boxall","WAP19","Patrick Gorman","ALP",1228,55.27,"Jim Grayden","Lib46",994,44.73,0,0,"Exact"
"Perth","Gary Davies","Sci","Patrick Gorman","ALP",821,61.78,"Jim Grayden","Lib46",508,38.22,0,0,"Exact"
"Perth","Chas Hopkins","UAP19","Patrick Gorman","ALP",489,29.44,"Jim Grayden","Lib46",1172,70.56,0,0,"Exact"
"Perth","Caroline Perks","Grn","Patrick Gorman","ALP",14304,86.42,"Jim Grayden","Lib46",2248,13.58,0,0,"Exact"
"Perth","Mel Lownds","ON","Patrick Gorman","ALP",803,34.42,"Jim Grayden","Lib46",1530,65.58,0,0,"Exact"
"Perth","Curtis Greening","FLUX","Patrick Gorman","ALP",324,53.82,"Jim Grayden","Lib46",278,46.18,0,0,"Exact"
"Petrie","Troy Hopkins","UAP19","Corinne Mulholland","ALP",1033,30.73,"Luke Howarth","LNP",2328,69.27,0,0,"Exact"
"Petrie","Nikhil Aai Reddy","ON","Corinne Mulholland","ALP",2616,34.25,"Luke Howarth","LNP",5022,65.75,0,0,"Exact"
"Petrie","Neville Fowler","FACN","Corinne Mulholland","ALP",471,31.53,"Luke Howarth","LNP",1023,68.47,0,0,"Exact"
"Petrie","Jason Kennedy","Grn","Corinne Mulholland","ALP",6798,76.58,"Luke Howarth","LNP",2079,23.42,0,0,"Exact"
"Rankin","Shyamal Reddy","UAP19","Jim Chalmers","ALP",1409,44.96,"Clinton Pattison","LNP",1725,55.04,0,0,"Exact"
"Rankin","Neil Cotter","Grn","Jim Chalmers","ALP",6192,80.32,"Clinton Pattison","LNP",1517,19.68,0,0,"Exact"
"Rankin","Jesse Schneider","ON","Jim Chalmers","ALP",3229,44.47,"Clinton Pattison","LNP",4032,55.53,0,0,"Exact"
"Rankin","Peter Andrews","FACN","Jim Chalmers","ALP",492,30.89,"Clinton Pattison","LNP",1101,69.11,0,0,"Exact"
"Rankin","Ric Davies","LDP","Jim Chalmers","ALP",755,31.74,"Clinton Pattison","LNP",1624,68.26,0,0,"Exact"
"Rankin","Yusuf Mohammad","Ind","Jim Chalmers","ALP",660,64.45,"Clinton Pattison","LNP",364,35.55,0,0,"Exact"
"Reid","Keith Piper","CDP","Sam Crosby","ALP",796,34.09,"Fiona Martin","Lib46",1539,65.91,0,0,"Exact"
"Reid","Charles Jago","Grn","Sam Crosby","ALP",6441,85.03,"Fiona Martin","Lib46",1134,14.97,0,0,"Exact"
"Reid","Young Lee","UAP19","Sam Crosby","ALP",640,35.61,"Fiona Martin","Lib46",1157,64.39,0,0,"Exact"
"Reid","Rohan Laxmanalal","AJP","Sam Crosby","ALP",1135,60.99,"Fiona Martin","Lib46",726,39.01,0,0,"Exact"
"Richmond","Ronald McDonald","SA","Justine Elliot","ALP",1886,59.8,"Matthew Fraser","NPA",1268,40.2,0,0,"Exact"
"Richmond","Hamish Mitchell","UAP19","Justine Elliot","ALP",1155,29.52,"Matthew Fraser","NPA",2758,70.48,0,0,"Exact"
"Richmond","Morgan Cox","CDP","Justine Elliot","ALP",313,23.39,"Matthew Fraser","NPA",1025,76.61,0,0,"Exact"
"Richmond","Ray Karam","Ind","Justine Elliot","ALP",677,43.23,"Matthew Fraser","NPA",889,56.77,0,0,"Exact"
"Richmond","Tom Barnett","IMO","Justine Elliot","ALP",750,63.61,"Matthew Fraser","NPA",429,36.39,0,0,"Exact"
"Richmond","Michael Lyon","Grn","Justine Elliot","ALP",17663,86.65,"Matthew Fraser","NPA",2721,13.35,0,0,"Exact"
"Riverina","Michael Bayles","Grn","Mark Jeffreson","ALP",4167,66.63,"Michael McCormack","NPA",2087,33.37,0,0,"Exact"
"Riverina","Richard Foley","UAP19","Mark Jeffreson","ALP",3258,30.13,"Michael McCormack","NPA",7556,69.87,0,0,"Exact"
"Robertson","Judy Singer","SA","Anne Charlton","ALP",777,45.2,"Lucy Wicks","Lib46",942,54.8,0,0,"Exact"
"Robertson","Robert Marks","UAP19","Anne Charlton","ALP",789,29.2,"Lucy Wicks","Lib46",1913,70.8,0,0,"Exact"
"Robertson","Fiona Stucken","CDP","Anne Charlton","ALP",221,16.35,"Lucy Wicks","Lib46",1131,83.65,0,0,"Exact"
"Robertson","David Abrahams","Ind","Anne Charlton","ALP",1776,60.93,"Lucy Wicks","Lib46",1139,39.07,0,0,"Exact"
"Robertson","Cath Connor","Grn","Anne Charlton","ALP",6408,84.3,"Lucy Wicks","Lib46",1193,15.7,0,0,"Exact"
"Robertson","Sean Bremner Young","AJP","Anne Charlton","ALP",1229,61.45,"Lucy Wicks","Lib46",771,38.55,0,0,"Exact"
"Ryan","Larry Crouch","UAP19","Peter Cossar","ALP",426,28.82,"Julian Simmonds","LNP",1052,71.18,0,0,"Exact"
"Ryan","Joanne Webb","AJP","Peter Cossar","ALP",1080,58.25,"Julian Simmonds","LNP",774,41.75,0,0,"Exact"
"Ryan","Rodney Miles","ON","Peter Cossar","ALP",587,28.22,"Julian Simmonds","LNP",1493,71.78,0,0,"Exact"
"Ryan","Jake Schoermer","Grn","Peter Cossar","ALP",16564,84.42,"Julian Simmonds","LNP",3057,15.58,0,0,"Exact"
"Ryan","Andrew Banks","FACN","Peter Cossar","ALP",186,19.29,"Julian Simmonds","LNP",778,80.71,0,0,"Exact"
"Scullin","Firas Hasan","UAP19","Andrew Giles","ALP",2117,45.77,"Gurpal Singh","Lib46",2508,54.23,0,0,"Exact"
"Scullin","Cynthia Smith","Grn","Andrew Giles","ALP",4963,80.99,"Gurpal Singh","Lib46",1165,19.01,0,0,"Exact"
"Scullin","Rod Whitfield","AJP","Andrew Giles","ALP",2398,68.51,"Gurpal Singh","Lib46",1102,31.49,0,0,"Exact"
"Scullin","Yassin Albarri","Ind","Andrew Giles","ALP",842,52.46,"Gurpal Singh","Lib46",763,47.54,0,0,"Exact"
"Shortland","Susan Newbury","SA","Pat Conroy","ALP",1980,63.93,"Nell McGill","Lib46",1117,36.07,0,0,"Exact"
"Shortland","Xing Yu","CDP","Pat Conroy","ALP",491,24.43,"Nell McGill","Lib46",1519,75.57,0,0,"Exact"
"Shortland","Dani Rifai","UAP19","Pat Conroy","ALP",1864,41.13,"Nell McGill","Lib46",2668,58.87,0,0,"Exact"
"Shortland","Wylie Campbell","Grn","Pat Conroy","ALP",6782,82.15,"Nell McGill","Lib46",1474,17.85,0,0,"Exact"
"Shortland","Bryan McGrath","AJP","Pat Conroy","ALP",2194,61.01,"Nell McGill","Lib46",1402,38.99,0,0,"Exact"
"Solomon","Lorraine Gimini","RUA","Luke Gosling","ALP",432,33.83,"Kathy Ganley","CLP",845,66.17,0,0,"Exact"
"Solomon","Tim Parish","Grn","Luke Gosling","ALP",5213,79.94,"Kathy Ganley","CLP",1308,20.06,0,0,"Exact"
"Solomon","Raj Samson","UAP19","Luke Gosling","ALP",444,28.05,"Kathy Ganley","CLP",1139,71.95,0,0,"Exact"
"Solomon","Sue Fraser-Adams","Ind","Luke Gosling","ALP",1094,40.76,"Kathy Ganley","CLP",1590,59.24,0,0,"Exact"
"Spence","Ron Fiedler","UAP19","Nick Champion","ALP",2879,40.23,"Kathleen Bourne","Lib46",4278,59.77,0,0,"Exact"
"Spence","Daniel Jury","Grn","Nick Champion","ALP",5499,75.02,"Kathleen Bourne","Lib46",1831,24.98,0,0,"Exact"
"Spence","Rita Kuhlmann","AJP","Nick Champion","ALP",2184,60.23,"Kathleen Bourne","Lib46",1442,39.77,0,0,"Exact"
"Spence","Nathan Herbert","Ind","Nick Champion","ALP",2821,51.54,"Kathleen Bourne","Lib46",2652,48.46,0,0,"Exact"
"Stirling","Angus Young","ON","Melita Markey","ALP",985,31.48,"Vince Connelly","Lib46",2144,68.52,0,0,"Exact"
"Stirling","Judith Cullity","Grn","Melita Markey","ALP",8212,78.67,"Vince Connelly","Lib46",2227,21.33,0,0,"Exact"
"Stirling","Dorothy Hutton","UAP19","Melita Markey","ALP",472,29.93,"Vince Connelly","Lib46",1105,70.07,0,0,"Exact"
"Stirling","Elizabeth Re","WAP19","Melita Markey","ALP",816,46.63,"Vince Connelly","Lib46",934,53.37,0,0,"Exact"
"Stirling","Kevin Host","ACh","Melita Markey","ALP",382,25.4,"Vince Connelly","Lib46",1122,74.6,0,0,"Exact"
"Sturt","Paul Boundy","Grn","Cressida O'Hanlon","ALP",9904,80.76,"James Stevens","Lib46",2359,19.24,0,0,"Exact"
"Sturt","Harbinda Roberts","AJP","Cressida O'Hanlon","ALP",1134,60.77,"James Stevens","Lib46",732,39.23,0,0,"Exact"
"Sturt","Hedley Harding","UAP19","Cressida O'Hanlon","ALP",759,28.57,"James Stevens","Lib46",1898,71.43,0,0,"Exact"
"Sturt","Colin Thomas","CPP19","Cressida O'Hanlon","ALP",666,54.63,"James Stevens","Lib46",553,45.37,0,0,"Exact"
"Sturt","Angela Fulco","AUP","Cressida O'Hanlon","ALP",386,68.32,"James Stevens","Lib46",179,31.68,0,0,"Exact"
"Sturt","Nick Larcombe","Ind","Cressida O'Hanlon","ALP",1713,58.95,"James Stevens","Lib46",1193,41.05,0,0,"Exact"
"Swan","Steve Klomp","ACh","Hannah Beazley","ALP",267,18.41,"Steve Irons","Lib46",1183,81.59,0,0,"Exact"
"Swan","Virginia Thomas-Wurth","AJP","Hannah Beazley","ALP",832,63.8,"Steve Irons","Lib46",472,36.2,0,0,"Exact"
"Swan","Carmel Addink","FACN","Hannah Beazley","ALP",180,30.05,"Steve Irons","Lib46",419,69.95,0,0,"Exact"
"Swan","Sharron Hawkins Zeeb","WAP19","Hannah Beazley","ALP",533,48.37,"Steve Irons","Lib46",569,51.63,0,0,"Exact"
"Swan","Liberty Cramer","Grn","Hannah Beazley","ALP",8649,83.43,"Steve Irons","Lib46",1718,16.57,0,0,"Exact"
"Swan","Michael Chehoff","AFP","Hannah Beazley","ALP",119,47.41,"Steve Irons","Lib46",132,52.59,0,0,"Exact"
"Swan","Peter McLernon","UAP19","Hannah Beazley","ALP",434,29.28,"Steve Irons","Lib46",1048,70.72,0,0,"Exact"
"Swan","Tshung-Hui Chang","ON","Hannah Beazley","ALP",837,41.07,"Steve Irons","Lib46",1201,58.93,0,0,"Exact"
"Sydney","Aaron Hammond","Sci","Tanya Plibersek","ALP",2352,72.59,"Jacqui Munro","Lib46",888,27.41,0,0,"Exact"
"Sydney","Adam Holt","UAP19","Tanya Plibersek","ALP",456,33.38,"Jacqui Munro","Lib46",910,66.62,0,0,"Exact"
"Sydney","Matthew Thompson","Grn","Tanya Plibersek","ALP",15176,88.57,"Jacqui Munro","Lib46",1958,11.43,0,0,"Exact"
"Sydney","Rebecca Reddin","CDP","Tanya Plibersek","ALP",276,27.74,"Jacqui Munro","Lib46",719,72.26,0,0,"Exact"
"Tangney","Scott Rafferty","ON","Marion Boswell","ALP",609,35.16,"Ben Morton","Lib46",1123,64.84,0,0,"Exact"
"Tangney","Jillian Horton","Ind","Marion Boswell","ALP",1184,61.25,"Ben Morton","Lib46",749,38.75,0,0,"Exact"
"Tangney","Mark Staer","ACh","Marion Boswell","ALP",250,14.75,"Ben Morton","Lib46",1445,85.25,0,0,"Exact"
"Tangney","Paul Waddy","Ind","Marion Boswell","ALP",143,46.58,"Ben Morton","Lib46",164,53.42,0,0,"Exact"
"Tangney","Martin Spencer","Grn","Marion Boswell","ALP",7545,80.96,"Ben Morton","Lib46",1774,19.04,0,0,"Exact"
"Tangney","Chris Fernandez","UAP19","Marion Boswell","ALP",290,29.93,"Ben Morton","Lib46",679,70.07,0,0,"Exact"
"Tangney","Gavin Waugh","WAP19","Marion Boswell","ALP",479,44.35,"Ben Morton","Lib46",601,55.65,0,0,"Exact"
"Wannon","Zephlyn Taylor","Grn","Maurice Billi","ALP",5372,81.52,"Dan Tehan","Lib46",1218,18.48,0,0,"Exact"
"Wannon","Joshua Wallace","UAP19","Maurice Billi","ALP",2316,37.01,"Dan Tehan","Lib46",3942,62.99,0,0,"Exact"
"Wannon","Alex Dyson","Ind","Maurice Billi","ALP",6318,58.52,"Dan Tehan","Lib46",4479,41.48,0,0,"Exact"
"Warringah","Heather Barnes","AJP","Zali Steggall","Ind",832,64.45,"Tony Abbott","Lib46",459,35.55,0,0,"Exact"
"Warringah","Susan Moylan","Ind","Zali Steggall","Ind",832,74.89,"Tony Abbott","Lib46",279,25.11,0,0,"Exact"
"Warringah","Dean Harris","ALP","Zali Steggall","Ind",5233,85.91,"Tony Abbott","Lib46",858,14.09,0,0,"Exact"
"Warringah","Emanuele Paletto","SA","Zali Steggall","Ind",438,64.6,"Tony Abbott","Lib46",240,35.4,0,0,"Exact"
"Warringah","Suellen Wrightson","UAP19","Zali Steggall","Ind",243,38.88,"Tony Abbott","Lib46",382,61.12,0,0,"Exact"
"Warringah","Brian Clare","FACN","Zali Steggall","Ind",81,32.4,"Tony Abbott","Lib46",169,67.6,0,0,"Exact"
"Warringah","Jason Blaiklock","CDP","Zali Steggall","Ind",148,32.1,"Tony Abbott","Lib46",313,67.9,0,0,"Exact"
"Warringah","Kristyn Glanville","Grn","Zali Steggall","Ind",4887,86.54,"Tony Abbott","Lib46",760,13.46,0,0,"Exact"
"Watson","Dean Wrightson","UAP19","Tony Burke","ALP",2083,58.69,"Mohammad Zaman","Lib46",1466,41.31,0,0,"Exact"
"Watson","Karl Schubert","CDP","Tony Burke","ALP",1391,30.76,"Mohammad Zaman","Lib46",3131,69.24,0,0,"Exact"
"Watson","Raymond Zeng","Sci","Tony Burke","ALP",1357,72.26,"Mohammad Zaman","Lib46",521,27.74,0,0,"Exact"
"Watson","Emmet de Bhaldraithe","Grn","Tony Burke","ALP",5137,85.87,"Mohammad Zaman","Lib46",845,14.13,0,0,"Exact"
"Wentworth","Matthew Drake-Brockman","Ind","Kerryn Phelps","Ind",279,54.07,"Dave Sharma","Lib46",237,45.93,0,0,"Exact"
"Wentworth","Tim Murray","ALP","Kerryn Phelps","Ind",8259,84.07,"Dave Sharma","Lib46",1565,15.93,0,0,"Exact"
"Wentworth","Mike Bloomfield","UAP19","Kerryn Phelps","Ind",205,32.8,"Dave Sharma","Lib46",420,67.2,0,0,"Exact"
"Wentworth","Paul Treacy","CDP","Kerryn Phelps","Ind",93,26.88,"Dave Sharma","Lib46",253,73.12,0,0,"Exact"
"Wentworth","Dominic Wy Kanak","Grn","Kerryn Phelps","Ind",5759,85.2,"Dave Sharma","Lib46",1000,14.8,0,0,"Exact"
"Werriwa","Narelle Storey","CDP","Anne Stanley","ALP",1030,21.28,"Shayne Miller","Lib46",3811,78.72,0,0,"Exact"
"Werriwa","Signe Westerberg","Grn","Anne Stanley","ALP",3643,72,"Shayne Miller","Lib46",1417,28,0,0,"Exact"
"Werriwa","Michael White","Ind","Anne Stanley","ALP",1059,49.6,"Shayne Miller","Lib46",1076,50.4,0,0,"Exact"
"Werriwa","Ignatius Tsiriplis","UAP19","Anne Stanley","ALP",1536,38.82,"Shayne Miller","Lib46",2421,61.18,0,0,"Exact"
"Whitlam","Angelo Cuda","UAP19","Stephen Jones","ALP",2520,27.78,"Stephen Wentworth","NPA",6551,72.22,0,0,"Exact"
"Whitlam","Frank Nero","CDP","Stephen Jones","ALP",871,20.67,"Stephen Wentworth","NPA",3343,79.33,0,0,"Exact"
"Whitlam","Jamie Dixon","Grn","Stephen Jones","ALP",7270,76.84,"Stephen Wentworth","NPA",2191,23.16,0,0,"Exact"
"Whitlam","Ken Davis","SA","Stephen Jones","ALP",1778,48.34,"Stephen Wentworth","NPA",1900,51.66,0,0,"Exact"
"Wide Bay","Daniel Bryar","Grn","Jason Scanes","ALP",7480,80.17,"Llew O'Brien","LNP",1850,19.83,0,0,"Exact"
"Wide Bay","Andrew Schebella","UAP19","Jason Scanes","ALP",1109,32.76,"Llew O'Brien","LNP",2276,67.24,0,0,"Exact"
"Wide Bay","Tim Jerome","Ind","Jason Scanes","ALP",2005,47.51,"Llew O'Brien","LNP",2215,52.49,0,0,"Exact"
"Wide Bay","Jasmine Smith","FACN","Jason Scanes","ALP",490,22.8,"Llew O'Brien","LNP",1659,77.2,0,0,"Exact"
"Wide Bay","Aaron Vico","ON","Jason Scanes","ALP",3091,30.41,"Llew O'Brien","LNP",7075,69.59,0,0,"Exact"
"Wills","Chris Miles","AJP","Peter Khalil","ALP",1117,31.06,"Adam Pulford","Grn",2479,68.94,0,0,"Exact"
"Wills","Sue Bolton","VNS","Peter Khalil","ALP",1384,31.86,"Adam Pulford","Grn",2960,68.14,0,0,"Exact"
"Wills","Peter Killin","Lib46","Peter Khalil","ALP",8876,51.48,"Adam Pulford","Grn",8365,48.52,0,0,"Exact"
"Wills","Manju Venkat","UAP19","Peter Khalil","ALP",2166,72.71,"Adam Pulford","Grn",813,27.29,0,0,"Exact"
"Wright","David Wright","UAP19","Pam McCreadie","ALP",1832,38.59,"Scott Buchholz","LNP",2915,61.41,0,0,"Exact"
"Wright","Shannon Girard","Grn","Pam McCreadie","ALP",5401,77.7,"Scott Buchholz","LNP",1550,22.3,0,0,"Exact"
"Wright","Innes Larkin","Ind","Pam McCreadie","ALP",2937,56.86,"Scott Buchholz","LNP",2228,43.14,0,0,"Exact"
"Wright","Rod Smith","FACN","Pam McCreadie","ALP",510,23.57,"Scott Buchholz","LNP",1654,76.43,0,0,"Exact"
"Wright","Matthew Tomlinson","KAP","Pam McCreadie","ALP",897,34.33,"Scott Buchholz","LNP",1716,65.67,0,0,"Exact"
"Wright","Chris O'Callaghan","ON","Pam McCreadie","ALP",4590,33.81,"Scott Buchholz","LNP",8986,66.19,0,0,"Exact"
