"Seat","From_candidate","From_party","To_candidate1","To_party1","Votes1","Vote_perc1","To_candidate2","To_party2","Votes2","Vote_perc2","Exhausted","Exhausted_perc","Calc_type"
"Darwin","Clem Foster","ALP","Max Poulter","ALP",3887,75.17,"Aubrey Luck","Lib46",1284,24.83,0,0,"Exact"
"Deakin","Eric Butler","Ind","Gordon Bryant","ALP",963,40.74,"Frank Davis","Lib46",1401,59.26,0,0,"Exact"
"Leichhardt","Richard Anear","CPA","Harry Bruce","ALP",1256,94.51,"Tom Gilmore","CP",73,5.49,0,0,"Exact"
"Maranoa","Charles Russell","Ind","Alfred Dohring","ALP",1747,18.39,"Wilfred Brimblecombe","CP",7755,81.61,0,0,"Exact"
"Perth","James Kelly","CPA","Tom Burke","ALP",425,79.89,"Billy Snedden","Lib46",107,20.11,0,0,"Exact"
"Wills","Doris Blackburn","Ind ALP","Bill Bryson","ALP",5546,73.02,"Baden Grafen","Lib46",2049,26.98,0,0,"Exact"
