"Seat","From_candidate","From_party","To_candidate1","To_party1","Votes1","Vote_perc1","To_candidate2","To_party2","Votes2","Vote_perc2","Exhausted","Exhausted_perc","Calc_type"
"Adelaide","Peter Solly","Grn","Kate Ellis","ALP",7191,83.22,"Tracy Marsh","Lib46",1450,16.78,0,0,"Exact"
"Adelaide","Sandy Biar","AD","Kate Ellis","ALP",958,70.81,"Tracy Marsh","Lib46",395,29.19,0,0,"Exact"
"Adelaide","Dennis Slape","FFP","Kate Ellis","ALP",945,52.47,"Tracy Marsh","Lib46",856,47.53,0,0,"Exact"
"Aston","Rachal Aza","AD","Gerry Raleigh","ALP",603,48.39,"Chris Pearce","Lib46",643,51.61,0,0,"Exact"
"Aston","Doug Mitchell","CEC","Gerry Raleigh","ALP",110,44.9,"Chris Pearce","Lib46",135,55.1,0,0,"Exact"
"Aston","Peter Lake","FFP","Gerry Raleigh","ALP",971,32.61,"Chris Pearce","Lib46",2007,67.39,0,0,"Exact"
"Aston","Adam Pepper","Grn","Gerry Raleigh","ALP",3553,79.1,"Chris Pearce","Lib46",939,20.9,0,0,"Exact"
"Ballarat","Belinda Coates","Grn","Catherine King","ALP",5662,80.79,"Samantha McIntosh","Lib46",1346,19.21,0,0,"Exact"
"Ballarat","Dale Butterfield","FFP","Catherine King","ALP",1203,37.51,"Samantha McIntosh","Lib46",2004,62.49,0,0,"Exact"
"Banks","Huu Khoa Nguyen","CEC","Daryl Melham","ALP",471,32.94,"Bruce Morrow","Lib46",959,67.06,0,0,"Exact"
"Banks","Don Nguyen","LDP","Daryl Melham","ALP",235,47.76,"Bruce Morrow","Lib46",257,52.24,0,0,"Exact"
"Banks","Susan Roberts","Grn","Daryl Melham","ALP",3657,79.29,"Bruce Morrow","Lib46",955,20.71,0,0,"Exact"
"Banks","Stephen Chavura","CDP","Daryl Melham","ALP",970,30.5,"Bruce Morrow","Lib46",2210,69.5,0,0,"Exact"
"Barker","Justin Sneath","AD","Karen Lock","ALP",1459,73.54,"Patrick Secker","Lib46",525,26.46,0,0,"Exact"
"Barker","Andrew Jennings","Grn","Karen Lock","ALP",3404,70.98,"Patrick Secker","Lib46",1392,29.02,0,0,"Exact"
"Barker","Deb Thiele","NPA","Karen Lock","ALP",2982,30.76,"Patrick Secker","Lib46",6713,69.24,0,0,"Exact"
"Barker","Phil Cornish","FFP","Karen Lock","ALP",2076,38.32,"Patrick Secker","Lib46",3342,61.68,0,0,"Exact"
"Barton","Michele McKenzie","Grn","Robert McClelland","ALP",4798,70.73,"John La Mela","Lib46",1986,29.27,0,0,"Exact"
"Barton","Chris Svolos","CDP","Robert McClelland","ALP",812,32.94,"John La Mela","Lib46",1653,67.06,0,0,"Exact"
"Bass","Sven Wiener","Ind","Jodie Campbell","ALP",780,69.46,"Michael Ferguson","Lib46",343,30.54,0,0,"Exact"
"Bass","Adrian Watts","CEC","Jodie Campbell","ALP",155,70.78,"Michael Ferguson","Lib46",64,29.22,0,0,"Exact"
"Bass","Tom Millen","Grn","Jodie Campbell","ALP",7271,74.61,"Michael Ferguson","Lib46",2474,25.39,0,0,"Exact"
"Bass","Ixa De Haan","FFP","Jodie Campbell","ALP",411,44.19,"Michael Ferguson","Lib46",519,55.81,0,0,"Exact"
"Bass","Shem Bennett","LDP","Jodie Campbell","ALP",172,60.35,"Michael Ferguson","Lib46",113,39.65,0,0,"Exact"
"Batman","Darren Hassan","AD","Martin Ferguson","ALP",1259,77.76,"Jonathan Peart","Lib46",360,22.24,0,0,"Exact"
"Batman","Peter Kerin","FFP","Martin Ferguson","ALP",1018,48.71,"Jonathan Peart","Lib46",1072,51.29,0,0,"Exact"
"Batman","Patricia Carey","Grn","Martin Ferguson","ALP",12554,91.81,"Jonathan Peart","Lib46",1120,8.19,0,0,"Exact"
"Batman","Robert Barwick","CEC","Martin Ferguson","ALP",121,42.01,"Jonathan Peart","Lib46",167,57.99,0,0,"Exact"
"Bendigo","Terry Jarvis","FFP","Steve Gibbons","ALP",1015,31.82,"Peter Kennedy","Lib46",2175,68.18,0,0,"Exact"
"Bendigo","Clinton Gale","LDP","Steve Gibbons","ALP",136,64.76,"Peter Kennedy","Lib46",74,35.24,0,0,"Exact"
"Bendigo","Toby Byrne","Grn","Steve Gibbons","ALP",5667,86.9,"Peter Kennedy","Lib46",854,13.1,0,0,"Exact"
"Bendigo","Peter Consandine","Ind","Steve Gibbons","ALP",166,54.61,"Peter Kennedy","Lib46",138,45.39,0,0,"Exact"
"Bendigo","Edward Guymer","AD","Steve Gibbons","ALP",372,64.47,"Peter Kennedy","Lib46",205,35.53,0,0,"Exact"
"Bendigo","Adam Veitch","Ind","Steve Gibbons","ALP",193,58.31,"Peter Kennedy","Lib46",138,41.69,0,0,"Exact"
"Bendigo","Eril Rathjen","Ind","Steve Gibbons","ALP",545,29.22,"Peter Kennedy","Lib46",1320,70.78,0,0,"Exact"
"Bennelong","Lindsay Peters","Grn","Maxine McKew","ALP",3793,78.84,"John Howard","Lib46",1018,21.16,0,0,"Exact"
"Bennelong","Peter Goldfinch","AD","Maxine McKew","ALP",382,62.62,"John Howard","Lib46",228,37.38,0,0,"Exact"
"Bennelong","David Leyonhjelm","LDP","Maxine McKew","ALP",34,38.2,"John Howard","Lib46",55,61.8,0,0,"Exact"
"Bennelong","Gavin Spencer","CEC","Maxine McKew","ALP",26,37.14,"John Howard","Lib46",44,62.86,0,0,"Exact"
"Bennelong","Victor Waterson","ON","Maxine McKew","ALP",108,41.38,"John Howard","Lib46",153,58.62,0,0,"Exact"
"Bennelong","Lorraine Markwell","FFP","Maxine McKew","ALP",136,47.06,"John Howard","Lib46",153,52.94,0,0,"Exact"
"Bennelong","Graeme Cordiner","Ind","Maxine McKew","ALP",135,56.49,"John Howard","Lib46",104,43.51,0,0,"Exact"
"Bennelong","David Allen","Ind","Maxine McKew","ALP",58,47.15,"John Howard","Lib46",65,52.85,0,0,"Exact"
"Bennelong","Yusuf Tahir","Ind","Maxine McKew","ALP",58,59.79,"John Howard","Lib46",39,40.21,0,0,"Exact"
"Bennelong","Margherita Tracanelli","CCC","Maxine McKew","ALP",184,68.4,"John Howard","Lib46",85,31.6,0,0,"Exact"
"Bennelong","Robyn Peebles","CDP","Maxine McKew","ALP",363,32.44,"John Howard","Lib46",756,67.56,0,0,"Exact"
"Berowra","Sam Ellis","FFP","Michael Colnan","ALP",375,35.75,"Philip Ruddock","Lib46",674,64.25,0,0,"Exact"
"Berowra","Mick Gallagher","Ind","Michael Colnan","ALP",735,50.48,"Philip Ruddock","Lib46",721,49.52,0,0,"Exact"
"Berowra","Wendy McMurdo","Grn","Michael Colnan","ALP",6279,82.05,"Philip Ruddock","Lib46",1374,17.95,0,0,"Exact"
"Berowra","Rob McFarlane","AD","Michael Colnan","ALP",634,65.09,"Philip Ruddock","Lib46",340,34.91,0,0,"Exact"
"Berowra","Ray Levick","CDP","Michael Colnan","ALP",637,29.98,"Philip Ruddock","Lib46",1488,70.02,0,0,"Exact"
"Blair","Peter Luxton","Grn","Shayne Neumann","ALP",2416,74.06,"Cameron Thompson","Lib46",846,25.94,0,0,"Exact"
"Blair","Bevan Smith","FFP","Shayne Neumann","ALP",771,44.88,"Cameron Thompson","Lib46",947,55.12,0,0,"Exact"
"Blair","David White","AD","Shayne Neumann","ALP",463,62.99,"Cameron Thompson","Lib46",272,37.01,0,0,"Exact"
"Blair","Robert Thies","CEC","Shayne Neumann","ALP",85,59.44,"Cameron Thompson","Lib46",58,40.56,0,0,"Exact"
"Blair","Doug Swanborough","LDP","Shayne Neumann","ALP",116,59.18,"Cameron Thompson","Lib46",80,40.82,0,0,"Exact"
"Blair","Dale Chorley","Ind","Shayne Neumann","ALP",855,59.83,"Cameron Thompson","Lib46",574,40.17,0,0,"Exact"
"Blaxland","John Ky","Grn","Jason Clare","ALP",2797,55.9,"Mark Majewski","Lib46",2207,44.1,0,0,"Exact"
"Blaxland","Bob Vinnicombe","ON","Jason Clare","ALP",404,33.61,"Mark Majewski","Lib46",798,66.39,0,0,"Exact"
"Blaxland","Gabrielle Kent","FFP","Jason Clare","ALP",536,45.31,"Mark Majewski","Lib46",647,54.69,0,0,"Exact"
"Blaxland","Chris McLachlan","CDP","Jason Clare","ALP",669,36.16,"Mark Majewski","Lib46",1181,63.84,0,0,"Exact"
"Blaxland","Harry Stavrinos","Ind","Jason Clare","ALP",702,45.73,"Mark Majewski","Lib46",833,54.27,0,0,"Exact"
"Blaxland","Raul Bassi","SAl","Jason Clare","ALP",350,67.05,"Mark Majewski","Lib46",172,32.95,0,0,"Exact"
"Bonner","Lisa Charles","LDP","Kerry Rea","ALP",111,52.36,"Ross Vasta","Lib46",101,47.64,0,0,"Exact"
"Bonner","Stephen Gellatly","FFP","Kerry Rea","ALP",496,30.77,"Ross Vasta","Lib46",1116,69.23,0,0,"Exact"
"Bonner","Vicki Stocks","AD","Kerry Rea","ALP",534,63.8,"Ross Vasta","Lib46",303,36.2,0,0,"Exact"
"Bonner","Shane Boese","FP","Kerry Rea","ALP",489,48.42,"Ross Vasta","Lib46",521,51.58,0,0,"Exact"
"Bonner","David Wyatt","Grn","Kerry Rea","ALP",3162,77.23,"Ross Vasta","Lib46",932,22.77,0,0,"Exact"
"Boothby","Ray McGhee","Ind","Nicole Cornes","ALP",2509,57.15,"Andrew Southcott","Lib46",1881,42.85,0,0,"Exact"
"Boothby","Craig Bossie","AD","Nicole Cornes","ALP",933,67.61,"Andrew Southcott","Lib46",447,32.39,0,0,"Exact"
"Boothby","Barbara Pannach","ON","Nicole Cornes","ALP",160,51.78,"Andrew Southcott","Lib46",149,48.22,0,0,"Exact"
"Boothby","David Humphreys","LDP","Nicole Cornes","ALP",79,51.3,"Andrew Southcott","Lib46",75,48.7,0,0,"Exact"
"Boothby","Jodi Kirkby","Grn","Nicole Cornes","ALP",7218,79,"Andrew Southcott","Lib46",1919,21,0,0,"Exact"
"Boothby","Andrew Cole","FFP","Nicole Cornes","ALP",675,30.92,"Andrew Southcott","Lib46",1508,69.08,0,0,"Exact"
"Bowman","Alan Lucas","FFP","Jason Young","ALP",750,31.19,"Andrew Laming","Lib46",1655,68.81,0,0,"Exact"
"Bowman","Brad Scott","Grn","Jason Young","ALP",3417,76.36,"Andrew Laming","Lib46",1058,23.64,0,0,"Exact"
"Bowman","Dave Chidgey","ON","Jason Young","ALP",217,50.12,"Andrew Laming","Lib46",216,49.88,0,0,"Exact"
"Bowman","Paul Holland","AD","Jason Young","ALP",418,61.83,"Andrew Laming","Lib46",258,38.17,0,0,"Exact"
"Braddon","Wayne De Bomford","FFP","Sid Sidebottom","ALP",750,35.13,"Mark Baker","Lib46",1385,64.87,0,0,"Exact"
"Braddon","Paul O'Halloran","Grn","Sid Sidebottom","ALP",4007,74.31,"Mark Baker","Lib46",1385,25.69,0,0,"Exact"
"Braddon","Stephen Dick","CEC","Sid Sidebottom","ALP",176,56.23,"Mark Baker","Lib46",137,43.77,0,0,"Exact"
"Braddon","Peter Cunningham","LDP","Sid Sidebottom","ALP",204,63.55,"Mark Baker","Lib46",117,36.45,0,0,"Exact"
"Bradfield","Susie Gemmell","Grn","Victoria Brookman","ALP",7460,78.57,"Brendan Nelson","Lib46",2035,21.43,0,0,"Exact"
"Bradfield","James Turnbull","FFP","Victoria Brookman","ALP",291,38.34,"Brendan Nelson","Lib46",468,61.66,0,0,"Exact"
"Bradfield","Witold Wiszniewski","CDP","Victoria Brookman","ALP",448,30.56,"Brendan Nelson","Lib46",1018,69.44,0,0,"Exact"
"Bradfield","Robert Butler","CEC","Victoria Brookman","ALP",111,38.95,"Brendan Nelson","Lib46",174,61.05,0,0,"Exact"
"Brand","Brent Tremain","CDP","Gary Gray","ALP",880,42.7,"Phil Edman","Lib46",1181,57.3,0,0,"Exact"
"Brand","Andrew Newhouse","FFP","Gary Gray","ALP",768,51.82,"Phil Edman","Lib46",714,48.18,0,0,"Exact"
"Brand","Rob Totten","CEC","Gary Gray","ALP",195,66.1,"Phil Edman","Lib46",100,33.9,0,0,"Exact"
"Brand","Huw Grossmith","LDP","Gary Gray","ALP",235,67.14,"Phil Edman","Lib46",115,32.86,0,0,"Exact"
"Brand","Robin Scott","ON","Gary Gray","ALP",737,55.79,"Phil Edman","Lib46",584,44.21,0,0,"Exact"
"Brand","Dawn Jecks","Grn","Gary Gray","ALP",5013,70.51,"Phil Edman","Lib46",2097,29.49,0,0,"Exact"
"Brisbane","Ewan Saunders","SAl","Arch Bevis","ALP",330,58.3,"Ted O'Brien","Lib46",236,41.7,0,0,"Exact"
"Brisbane","Nick Contarino","CEC","Arch Bevis","ALP",73,53.28,"Ted O'Brien","Lib46",64,46.72,0,0,"Exact"
"Brisbane","Elizabeth Guthrie","Grn","Arch Bevis","ALP",8121,82.18,"Ted O'Brien","Lib46",1761,17.82,0,0,"Exact"
"Brisbane","Mark White","FFP","Arch Bevis","ALP",424,35.84,"Ted O'Brien","Lib46",759,64.16,0,0,"Exact"
"Brisbane","Don Sinnamon","AD","Arch Bevis","ALP",863,68.17,"Ted O'Brien","Lib46",403,31.83,0,0,"Exact"
"Bruce","Bronwyn Rawlins","FFP","Alan Griffin","ALP",808,35.21,"Angela Randall","Lib46",1487,64.79,0,0,"Exact"
"Bruce","Richard Grossi","AD","Alan Griffin","ALP",578,57.11,"Angela Randall","Lib46",434,42.89,0,0,"Exact"
"Bruce","Sandra Herrmann","CDP","Alan Griffin","ALP",251,37.02,"Angela Randall","Lib46",427,62.98,0,0,"Exact"
"Bruce","Neil Smith","ON","Alan Griffin","ALP",217,50.12,"Angela Randall","Lib46",216,49.88,0,0,"Exact"
"Bruce","Rob Cassidy","Grn","Alan Griffin","ALP",3358,81.86,"Angela Randall","Lib46",744,18.14,0,0,"Exact"
"Calare","David Simpson","CEC","Michael Allen","ALP",573,72.17,"John Cobb","NPA",221,27.83,0,0,"Exact"
"Calare","Jeremy Buckingham","Grn","Michael Allen","ALP",1535,65.29,"John Cobb","NPA",816,34.71,0,0,"Exact"
"Calare","Gavin Priestley","Ind","Michael Allen","ALP",8889,46.7,"John Cobb","NPA",10146,53.3,0,0,"Exact"
"Calwell","Arthur Buller","FFP","Maria Vamvakinou","ALP",2108,56.26,"Dianne Livett","Lib46",1639,43.74,0,0,"Exact"
"Calwell","Philip Cutler","Ind","Maria Vamvakinou","ALP",378,60.58,"Dianne Livett","Lib46",246,39.42,0,0,"Exact"
"Calwell","Sleiman Yohanna","CEC","Maria Vamvakinou","ALP",1356,74.63,"Dianne Livett","Lib46",461,25.37,0,0,"Exact"
"Calwell","Vanessa Musolino","AD","Maria Vamvakinou","ALP",547,68.46,"Dianne Livett","Lib46",252,31.54,0,0,"Exact"
"Calwell","Brook Shaune","Grn","Maria Vamvakinou","ALP",3059,81.33,"Dianne Livett","Lib46",702,18.67,0,0,"Exact"
"Calwell","Don Hampshire","Ind","Maria Vamvakinou","ALP",225,57.54,"Dianne Livett","Lib46",166,42.46,0,0,"Exact"
"Calwell","Frank Gaglioti","SEP","Maria Vamvakinou","ALP",182,66.67,"Dianne Livett","Lib46",91,33.33,0,0,"Exact"
"Canberra","Amanda Bresnan","Grn","Annette Ellis","ALP",11811,79.39,"Natalie Colbert","Lib46",3067,20.61,0,0,"Exact"
"Canberra","John Holder","CEC","Annette Ellis","ALP",508,53.31,"Natalie Colbert","Lib46",445,46.69,0,0,"Exact"
"Canning","Brian McCarthy","CEC","John Hughes","ALP",163,62.45,"Don Randall","Lib46",98,37.55,0,0,"Exact"
"Canning","Denise Hardie","Grn","John Hughes","ALP",4803,75.09,"Don Randall","Lib46",1593,24.91,0,0,"Exact"
"Canning","Kevin Swarts","CDP","John Hughes","ALP",392,16.15,"Don Randall","Lib46",2035,83.85,0,0,"Exact"
"Canning","Rodney Grasso","FFP","John Hughes","ALP",435,39.12,"Don Randall","Lib46",677,60.88,0,0,"Exact"
"Canning","Brian Deane","ON","John Hughes","ALP",617,48.81,"Don Randall","Lib46",647,51.19,0,0,"Exact"
"Capricornia","Scott Kilpatrick","Lib46","Kirsten Livermore","ALP",2262,14.67,"Robert Mills","NPA",13154,85.33,0,0,"Exact"
"Capricornia","Bob Oakes","Ind","Kirsten Livermore","ALP",838,45.08,"Robert Mills","NPA",1021,54.92,0,0,"Exact"
"Capricornia","Bill Ingrey","CEC","Kirsten Livermore","ALP",110,49.55,"Robert Mills","NPA",112,50.45,0,0,"Exact"
"Capricornia","Paul Bambrick","Grn","Kirsten Livermore","ALP",1816,73.2,"Robert Mills","NPA",665,26.8,0,0,"Exact"
"Capricornia","Anton Prange","AD","Kirsten Livermore","ALP",241,57.11,"Robert Mills","NPA",181,42.89,0,0,"Exact"
"Capricornia","Jon Eaton","FFP","Kirsten Livermore","ALP",580,38.46,"Robert Mills","NPA",928,61.54,0,0,"Exact"
"Casey","Tony Inglese","AD","Dympna Beard","ALP",722,46.7,"Tony Smith","Lib46",824,53.3,0,0,"Exact"
"Casey","George Moran","CDP","Dympna Beard","ALP",156,29.27,"Tony Smith","Lib46",377,70.73,0,0,"Exact"
"Casey","Salore Craig","Grn","Dympna Beard","ALP",4983,81.53,"Tony Smith","Lib46",1129,18.47,0,0,"Exact"
"Casey","Daniel Harrison","FFP","Dympna Beard","ALP",1002,28.62,"Tony Smith","Lib46",2499,71.38,0,0,"Exact"
"Charlton","Stuart Ulrich","Ind","Greg Combet","ALP",1280,63.75,"Lindsay Paterson","Lib46",728,36.25,0,0,"Exact"
"Charlton","Suzanne Pritchard","Grn","Greg Combet","ALP",5220,77.82,"Lindsay Paterson","Lib46",1488,22.18,0,0,"Exact"
"Charlton","David Stow","CEC","Greg Combet","ALP",166,56.46,"Lindsay Paterson","Lib46",128,43.54,0,0,"Exact"
"Charlton","Terry Cook","SEP","Greg Combet","ALP",271,67.08,"Lindsay Paterson","Lib46",133,32.92,0,0,"Exact"
"Charlton","Patrick Barry","Ind","Greg Combet","ALP",633,50.52,"Lindsay Paterson","Lib46",620,49.48,0,0,"Exact"
"Charlton","Jim Kendall","CDP","Greg Combet","ALP",572,28.5,"Lindsay Paterson","Lib46",1435,71.5,0,0,"Exact"
"Chifley","James Cogan","SEP","Roger Price","ALP",227,21.23,"Jess Diaz","Lib46",842,78.77,0,0,"Exact"
"Chifley","Evan Jewell","FFP","Roger Price","ALP",476,46.85,"Jess Diaz","Lib46",540,53.15,0,0,"Exact"
"Chifley","Wayne Hyland","Ind","Roger Price","ALP",208,42.98,"Jess Diaz","Lib46",276,57.02,0,0,"Exact"
"Chifley","Dave Vincent","CDP","Roger Price","ALP",1286,46.75,"Jess Diaz","Lib46",1465,53.25,0,0,"Exact"
"Chifley","Louise Kedwell","ON","Roger Price","ALP",609,51.48,"Jess Diaz","Lib46",574,48.52,0,0,"Exact"
"Chifley","Amarjit Tanda","Ind","Roger Price","ALP",184,63.89,"Jess Diaz","Lib46",104,36.11,0,0,"Exact"
"Chifley","John Forrester","Grn","Roger Price","ALP",2218,76.56,"Jess Diaz","Lib46",679,23.44,0,0,"Exact"
"Chisholm","Gary Ong","FFP","Anna Burke","ALP",885,45.31,"Myles King","Lib46",1068,54.69,0,0,"Exact"
"Chisholm","Daniel Berk","AD","Anna Burke","ALP",699,66.38,"Myles King","Lib46",354,33.62,0,0,"Exact"
"Chisholm","Lars Thrystrup","CEC","Anna Burke","ALP",68,45.33,"Myles King","Lib46",82,54.67,0,0,"Exact"
"Chisholm","Alistair McCaskill","Grn","Anna Burke","ALP",5742,84.88,"Myles King","Lib46",1023,15.12,0,0,"Exact"
"Cook","Graeme Strang","Ind","Mark Buttigieg","ALP",518,74.75,"Scott Morrison","Lib46",175,25.25,0,0,"Exact"
"Cook","Ari Katsoulas","FFP","Mark Buttigieg","ALP",338,56.71,"Scott Morrison","Lib46",258,43.29,0,0,"Exact"
"Cook","Patricia Poulos","Ind","Mark Buttigieg","ALP",241,61.17,"Scott Morrison","Lib46",153,38.83,0,0,"Exact"
"Cook","Naomi Waizer","Grn","Mark Buttigieg","ALP",4432,82.97,"Scott Morrison","Lib46",910,17.03,0,0,"Exact"
"Cook","Beth Smith","CDP","Mark Buttigieg","ALP",515,26.7,"Scott Morrison","Lib46",1414,73.3,0,0,"Exact"
"Cook","Richard Putral","ON","Mark Buttigieg","ALP",431,38.62,"Scott Morrison","Lib46",685,61.38,0,0,"Exact"
"Corangamite","Gabrielle Killeen","AD","Darren Cheeseman","ALP",1047,69.25,"Stewart McArthur","Lib46",465,30.75,0,0,"Exact"
"Corangamite","Jan Edwards","FFP","Darren Cheeseman","ALP",1001,31.12,"Stewart McArthur","Lib46",2216,68.88,0,0,"Exact"
"Corangamite","Fiona Nelson","Grn","Darren Cheeseman","ALP",5966,82.84,"Stewart McArthur","Lib46",1236,17.16,0,0,"Exact"
"Corangamite","Sukrit Sabhlok","LDP","Darren Cheeseman","ALP",68,40.24,"Stewart McArthur","Lib46",101,59.76,0,0,"Exact"
"Corio","Darrin Welden","LDP","Richard Marles","ALP",148,18.71,"Angelo Kakouros","Lib46",643,81.29,0,0,"Exact"
"Corio","Ross Russell","CEC","Richard Marles","ALP",66,34.74,"Angelo Kakouros","Lib46",124,65.26,0,0,"Exact"
"Corio","Chris Johnston","SAl","Richard Marles","ALP",216,65.06,"Angelo Kakouros","Lib46",116,34.94,0,0,"Exact"
"Corio","Gordon Alderson","FFP","Richard Marles","ALP",940,28.56,"Angelo Kakouros","Lib46",2351,71.44,0,0,"Exact"
"Corio","Gavan O'Connor","Ind","Richard Marles","ALP",5232,49.69,"Angelo Kakouros","Lib46",5298,50.31,0,0,"Exact"
"Corio","Erica Menheere-Thompson","AD","Richard Marles","ALP",445,70.86,"Angelo Kakouros","Lib46",183,29.14,0,0,"Exact"
"Corio","Rob Leach","Grn","Richard Marles","ALP",4114,83.79,"Angelo Kakouros","Lib46",796,16.21,0,0,"Exact"
"Cowan","Ken Lee","LDP","Liz Prime","ALP",238,23.73,"Luke Simpkins","Lib46",765,76.27,0,0,"Exact"
"Cowan","Roger Blakeway","CEC","Liz Prime","ALP",76,38.97,"Luke Simpkins","Lib46",119,61.03,0,0,"Exact"
"Cowan","Johannes Hermann","Grn","Liz Prime","ALP",3371,70.55,"Luke Simpkins","Lib46",1407,29.45,0,0,"Exact"
"Cowan","Martin Firth","CDP","Liz Prime","ALP",372,23.48,"Luke Simpkins","Lib46",1212,76.52,0,0,"Exact"
"Cowan","Norm Ramsey","Ind","Liz Prime","ALP",293,52.51,"Luke Simpkins","Lib46",265,47.49,0,0,"Exact"
"Cowan","Dave Tierney","ON","Liz Prime","ALP",397,50.7,"Luke Simpkins","Lib46",386,49.3,0,0,"Exact"
"Cowan","Rhonda Hamersley","FFP","Liz Prime","ALP",595,40.98,"Luke Simpkins","Lib46",857,59.02,0,0,"Exact"
"Cowper","John Carty","Grn","Paul Sekfy","ALP",7818,83.53,"Luke Hartsuyker","NPA",1541,16.47,0,0,"Exact"
"Cowper","Flavia Arapi-Nunez","FFP","Paul Sekfy","ALP",382,50.33,"Luke Hartsuyker","NPA",377,49.67,0,0,"Exact"
"Cowper","Leon Belgrave","LDP","Paul Sekfy","ALP",202,41.14,"Luke Hartsuyker","NPA",289,58.86,0,0,"Exact"
"Cowper","Deborah Lions","CDP","Paul Sekfy","ALP",656,27.02,"Luke Hartsuyker","NPA",1772,72.98,0,0,"Exact"
"Cunningham","Michael Organ","Grn","Sharon Bird","ALP",10289,83.47,"Colin Fowler","Lib46",2037,16.53,0,0,"Exact"
"Cunningham","Jess Moore","SAl","Sharon Bird","ALP",596,84.42,"Colin Fowler","Lib46",110,15.58,0,0,"Exact"
"Cunningham","Jemma Tribe","FFP","Sharon Bird","ALP",626,52.04,"Colin Fowler","Lib46",577,47.96,0,0,"Exact"
"Cunningham","Nolene Norsworthy","CDP","Sharon Bird","ALP",779,34.9,"Colin Fowler","Lib46",1453,65.1,0,0,"Exact"
"Cunningham","John Flanagan","NCP01","Sharon Bird","ALP",257,52.56,"Colin Fowler","Lib46",232,47.44,0,0,"Exact"
"Curtin","Lee Hemsley","Grn","Peter Grant","ALP",8604,80.8,"Julie Bishop","Lib46",2045,19.2,0,0,"Exact"
"Curtin","Gail Forder","CDP","Peter Grant","ALP",281,27.99,"Julie Bishop","Lib46",723,72.01,0,0,"Exact"
"Curtin","Bev Custers","FFP","Peter Grant","ALP",150,38.07,"Julie Bishop","Lib46",244,61.93,0,0,"Exact"
"Curtin","Albert Caine","ON","Peter Grant","ALP",140,42.55,"Julie Bishop","Lib46",189,57.45,0,0,"Exact"
"Curtin","Shahar Helel","Ind","Peter Grant","ALP",238,53.48,"Julie Bishop","Lib46",207,46.52,0,0,"Exact"
"Dawson","Peter Bell","Grn","James Bidgood","ALP",2256,64.66,"De-Anne Kelly","NPA",1233,35.34,0,0,"Exact"
"Dawson","Andrew Harris","CEC","James Bidgood","ALP",196,45.37,"De-Anne Kelly","NPA",236,54.63,0,0,"Exact"
"Dawson","Rena Lee","FFP","James Bidgood","ALP",950,39.62,"De-Anne Kelly","NPA",1448,60.38,0,0,"Exact"
"Dawson","Chris Doyle","AD","James Bidgood","ALP",695,57.15,"De-Anne Kelly","NPA",521,42.85,0,0,"Exact"
"Deakin","Nick Stevenson","LDP","Mike Symon","ALP",433,73.89,"Phil Barresi","Lib46",153,26.11,0,0,"Exact"
"Deakin","Fiona Bronte","FFP","Mike Symon","ALP",845,32.64,"Phil Barresi","Lib46",1744,67.36,0,0,"Exact"
"Deakin","Paula Nicholson","AD","Mike Symon","ALP",794,65.89,"Phil Barresi","Lib46",411,34.11,0,0,"Exact"
"Deakin","Bill Pemberton","Grn","Mike Symon","ALP",5796,83.06,"Phil Barresi","Lib46",1182,16.94,0,0,"Exact"
"Denison","Robyn Munro","FFP","Duncan Kerr","ALP",621,45.66,"Leigh Gray","Lib46",739,54.34,0,0,"Exact"
"Denison","Rob Larner","CEC","Duncan Kerr","ALP",94,38.68,"Leigh Gray","Lib46",149,61.32,0,0,"Exact"
"Denison","Susan Austin","SAl","Duncan Kerr","ALP",370,74.9,"Leigh Gray","Lib46",124,25.1,0,0,"Exact"
"Denison","Helen Hutchinson","Grn","Duncan Kerr","ALP",9896,83.17,"Leigh Gray","Lib46",2002,16.83,0,0,"Exact"
"Dickson","Dale Shuttleworth","FFP","Fiona McNamara","ALP",570,26.91,"Peter Dutton","Lib46",1548,73.09,0,0,"Exact"
"Dickson","Brad Cornwell","LDP","Fiona McNamara","ALP",118,45.74,"Peter Dutton","Lib46",140,54.26,0,0,"Exact"
"Dickson","Connie Wood","CDP","Fiona McNamara","ALP",105,32.51,"Peter Dutton","Lib46",218,67.49,0,0,"Exact"
"Dickson","Howard Nielsen","Grn","Fiona McNamara","ALP",3887,77.65,"Peter Dutton","Lib46",1119,22.35,0,0,"Exact"
"Dickson","Peter Kerin","AD","Fiona McNamara","ALP",497,62.36,"Peter Dutton","Lib46",300,37.64,0,0,"Exact"
"Dobell","Hadden Ervin","FFP","Craig Thomson","ALP",930,66.1,"Ken Ticehurst","Lib46",477,33.9,0,0,"Exact"
"Dobell","Michael Darby","CDP","Craig Thomson","ALP",438,28.28,"Ken Ticehurst","Lib46",1111,71.72,0,0,"Exact"
"Dobell","Graeme Bird","LDP","Craig Thomson","ALP",138,75.82,"Ken Ticehurst","Lib46",44,24.18,0,0,"Exact"
"Dobell","Scott Rickard","Grn","Craig Thomson","ALP",3635,82.07,"Ken Ticehurst","Lib46",794,17.93,0,0,"Exact"
"Dobell","Steve Hughes","CEC","Craig Thomson","ALP",116,73.89,"Ken Ticehurst","Lib46",41,26.11,0,0,"Exact"
"Dobell","Doug Eaton","Ind","Craig Thomson","ALP",988,60.28,"Ken Ticehurst","Lib46",651,39.72,0,0,"Exact"
"Dunkley","Neale Adams","Grn","Graham McBride","ALP",5083,75.92,"Bruce Billson","Lib46",1612,24.08,0,0,"Exact"
"Dunkley","Steven Ashdown","FFP","Graham McBride","ALP",770,34.45,"Bruce Billson","Lib46",1465,65.55,0,0,"Exact"
"Dunkley","Karen Bailey","AD","Graham McBride","ALP",803,57.56,"Bruce Billson","Lib46",592,42.44,0,0,"Exact"
"Eden-Monaro","Acacia Rose","Ind","Mike Kelly","ALP",1319,68.56,"Gary Nairn","Lib46",605,31.44,0,0,"Exact"
"Eden-Monaro","Matthew Chivers","CDP","Mike Kelly","ALP",267,29.31,"Gary Nairn","Lib46",644,70.69,0,0,"Exact"
"Eden-Monaro","Peter Harris","FFP","Mike Kelly","ALP",313,47.64,"Gary Nairn","Lib46",344,52.36,0,0,"Exact"
"Eden-Monaro","Tim Quilty","LDP","Mike Kelly","ALP",127,46.69,"Gary Nairn","Lib46",145,53.31,0,0,"Exact"
"Eden-Monaro","Keith Hughes","Grn","Mike Kelly","ALP",5457,86.58,"Gary Nairn","Lib46",846,13.42,0,0,"Exact"
"Fadden","Ken Martin","CEC","Rana Watson","ALP",88,15.12,"Stuart Robert","Lib46",494,84.88,0,0,"Exact"
"Fadden","John Walter","ON","Rana Watson","ALP",268,38.56,"Stuart Robert","Lib46",427,61.44,0,0,"Exact"
"Fadden","Alex Douglas","NPA","Rana Watson","ALP",623,10.09,"Stuart Robert","Lib46",5554,89.91,0,0,"Exact"
"Fadden","Chris Faint","AD","Rana Watson","ALP",252,50,"Stuart Robert","Lib46",252,50,0,0,"Exact"
"Fadden","David Montgomery","Ind","Rana Watson","ALP",503,47.23,"Stuart Robert","Lib46",562,52.77,0,0,"Exact"
"Fadden","Ross Wilson","FFP","Rana Watson","ALP",685,39.3,"Stuart Robert","Lib46",1058,60.7,0,0,"Exact"
"Fadden","Mike Beale","Grn","Rana Watson","ALP",2680,71.5,"Stuart Robert","Lib46",1068,28.5,0,0,"Exact"
"Fairfax","Kevin Watt","CEC","Debbie Blumel","ALP",400,77.82,"Alex Somlyay","Lib46",114,22.18,0,0,"Exact"
"Fairfax","Janette Hashemi","AD","Debbie Blumel","ALP",511,66.88,"Alex Somlyay","Lib46",253,33.12,0,0,"Exact"
"Fairfax","David Norris","Grn","Debbie Blumel","ALP",5538,78.99,"Alex Somlyay","Lib46",1473,21.01,0,0,"Exact"
"Fairfax","Lisa Woods","FFP","Debbie Blumel","ALP",1076,32.74,"Alex Somlyay","Lib46",2211,67.26,0,0,"Exact"
"Fairfax","Kevin Savage","ON","Debbie Blumel","ALP",459,53.31,"Alex Somlyay","Lib46",402,46.69,0,0,"Exact"
"Fairfax","Max Phillips","Ind","Debbie Blumel","ALP",665,51.15,"Alex Somlyay","Lib46",635,48.85,0,0,"Exact"
"Farrer","Rhonda Lever","FFP","Chris Ryan","ALP",1244,46.82,"Sussan Ley","Lib46",1413,53.18,0,0,"Exact"
"Farrer","Douglas Henderson","CCE","Chris Ryan","ALP",601,55.24,"Sussan Ley","Lib46",487,44.76,0,0,"Exact"
"Farrer","Pat Mathers","CEC","Chris Ryan","ALP",193,61.66,"Sussan Ley","Lib46",120,38.34,0,0,"Exact"
"Farrer","Darran Stonehouse","Grn","Chris Ryan","ALP",3217,77.16,"Sussan Ley","Lib46",952,22.84,0,0,"Exact"
"Fisher","Mathew Gray","Grn","Darrell Main","ALP",3508,78.41,"Peter Slipper","Lib46",966,21.59,0,0,"Exact"
"Fisher","Graeme Cumming","FFP","Darrell Main","ALP",561,32.47,"Peter Slipper","Lib46",1167,67.53,0,0,"Exact"
"Fisher","Carolyn Kerr","AD","Darrell Main","ALP",364,55.57,"Peter Slipper","Lib46",291,44.43,0,0,"Exact"
"Fisher","Caroline Hutchinson","Ind","Darrell Main","ALP",5877,55.46,"Peter Slipper","Lib46",4719,44.54,0,0,"Exact"
"Flinders","David Batten","AD","Gary March","ALP",457,55.6,"Greg Hunt","Lib46",365,44.4,0,0,"Exact"
"Flinders","Bob Brown","Grn","Gary March","ALP",5862,77.86,"Greg Hunt","Lib46",1667,22.14,0,0,"Exact"
"Flinders","Cameron Eastman","FFP","Gary March","ALP",666,33.5,"Greg Hunt","Lib46",1322,66.5,0,0,"Exact"
"Flynn","Jason Rose","Lib46","Chris Trevor","ALP",1705,14.39,"Glenn Churchill","NPA",10145,85.61,0,0,"Exact"
"Flynn","Jarrah Job","LDP","Chris Trevor","ALP",119,60.71,"Glenn Churchill","NPA",77,39.29,0,0,"Exact"
"Flynn","Mathew Drysdale","FFP","Chris Trevor","ALP",582,35.02,"Glenn Churchill","NPA",1080,64.98,0,0,"Exact"
"Flynn","Julie Noble","AD","Chris Trevor","ALP",276,51.59,"Glenn Churchill","NPA",259,48.41,0,0,"Exact"
"Flynn","Phillip Costello","Ind","Chris Trevor","ALP",318,41.79,"Glenn Churchill","NPA",443,58.21,0,0,"Exact"
"Flynn","Duncan Scott","Ind","Chris Trevor","ALP",334,41.39,"Glenn Churchill","NPA",473,58.61,0,0,"Exact"
"Flynn","Marella Pettinato","Grn","Chris Trevor","ALP",994,63.03,"Glenn Churchill","NPA",583,36.97,0,0,"Exact"
"Forde","Hajnal Ban","NPA","Brett Raguse","ALP",2232,23.37,"Wendy Creighton","Lib46",7318,76.63,0,0,"Exact"
"Forde","Danny Hope","CEC","Brett Raguse","ALP",113,52.31,"Wendy Creighton","Lib46",103,47.69,0,0,"Exact"
"Forde","Maaz Syed","AD","Brett Raguse","ALP",268,63.96,"Wendy Creighton","Lib46",151,36.04,0,0,"Exact"
"Forde","Andy Grodecki","Grn","Brett Raguse","ALP",2810,74.81,"Wendy Creighton","Lib46",946,25.19,0,0,"Exact"
"Forde","Rod Evans","ON","Brett Raguse","ALP",321,47.84,"Wendy Creighton","Lib46",350,52.16,0,0,"Exact"
"Forde","Chris Coyle","Ind","Brett Raguse","ALP",357,57.3,"Wendy Creighton","Lib46",266,42.7,0,0,"Exact"
"Forde","Iona Abrahamson","FFP","Brett Raguse","ALP",597,34,"Wendy Creighton","Lib46",1159,66,0,0,"Exact"
"Forrest","Leighton Knoll","FFP","Peter MacFarlane","ALP",440,38.26,"Nola Marino","Lib46",710,61.74,0,0,"Exact"
"Forrest","John Lewis","CDP","Peter MacFarlane","ALP",348,21.18,"Nola Marino","Lib46",1295,78.82,0,0,"Exact"
"Forrest","Jodie Yardley","ON","Peter MacFarlane","ALP",431,46.44,"Nola Marino","Lib46",497,53.56,0,0,"Exact"
"Forrest","Noel Brunning","Ind","Peter MacFarlane","ALP",5187,52.27,"Nola Marino","Lib46",4737,47.73,0,0,"Exact"
"Forrest","Ian Tuffnell","CEC","Peter MacFarlane","ALP",75,52.08,"Nola Marino","Lib46",69,47.92,0,0,"Exact"
"Forrest","Kingsley Gibson","Grn","Peter MacFarlane","ALP",5515,77.13,"Nola Marino","Lib46",1635,22.87,0,0,"Exact"
"Fowler","Vlaudin Vega","Grn","Julia Irwin","ALP",2323,54.16,"Rose Torossian","Lib46",1966,45.84,0,0,"Exact"
"Fowler","Paul Termeulen","CDP","Julia Irwin","ALP",803,41.56,"Rose Torossian","Lib46",1129,58.44,0,0,"Exact"
"Franklin","Roger Honey","CEC","Julie Collins","ALP",181,69.08,"Vanessa Goodwin","Lib46",81,30.92,0,0,"Exact"
"Franklin","Gerard Velnaar","Grn","Julie Collins","ALP",7717,78.99,"Vanessa Goodwin","Lib46",2052,21.01,0,0,"Exact"
"Franklin","Matt Holloway","SAl","Julie Collins","ALP",274,75.07,"Vanessa Goodwin","Lib46",91,24.93,0,0,"Exact"
"Franklin","Gino Papiccio","FFP","Julie Collins","ALP",683,45.41,"Vanessa Goodwin","Lib46",821,54.59,0,0,"Exact"
"Fraser","Darren Churchill","AD","Bob McMullan","ALP",1469,58.55,"Troy Williams","Lib46",1040,41.45,0,0,"Exact"
"Fraser","Jim Arnold","CEC","Bob McMullan","ALP",192,56.14,"Troy Williams","Lib46",150,43.86,0,0,"Exact"
"Fraser","Farida Iqbal","SAl","Bob McMullan","ALP",444,82.37,"Troy Williams","Lib46",95,17.63,0,0,"Exact"
"Fraser","Kerri Taranto","Ind","Bob McMullan","ALP",738,57.88,"Troy Williams","Lib46",537,42.12,0,0,"Exact"
"Fraser","Meredith Hunter","Grn","Bob McMullan","ALP",12339,84.83,"Troy Williams","Lib46",2207,15.17,0,0,"Exact"
"Fremantle","Steve Walker","Grn","Melissa Parke","ALP",9402,80.74,"John Jamieson","Lib46",2243,19.26,0,0,"Exact"
"Fremantle","Paul Ellison","CEC","Melissa Parke","ALP",148,61.16,"John Jamieson","Lib46",94,38.84,0,0,"Exact"
"Fremantle","Andriette du Plessis","FFP","Melissa Parke","ALP",543,47.42,"John Jamieson","Lib46",602,52.58,0,0,"Exact"
"Fremantle","Sam Wainwright","SAl","Melissa Parke","ALP",252,69.81,"John Jamieson","Lib46",109,30.19,0,0,"Exact"
"Fremantle","Bill Heggers","CDP","Melissa Parke","ALP",373,27.11,"John Jamieson","Lib46",1003,72.89,0,0,"Exact"
"Fremantle","Sue Bateman","ON","Melissa Parke","ALP",433,43.83,"John Jamieson","Lib46",555,56.17,0,0,"Exact"
"Gellibrand","Ben Courtice","SAl","Nicola Roxon","ALP",477,35.76,"Wayne Tseng","Lib46",857,64.24,0,0,"Exact"
"Gellibrand","Rachel Richards","AD","Nicola Roxon","ALP",586,53.86,"Wayne Tseng","Lib46",502,46.14,0,0,"Exact"
"Gellibrand","Robert Gibson","Grn","Nicola Roxon","ALP",6460,81.79,"Wayne Tseng","Lib46",1438,18.21,0,0,"Exact"
"Gellibrand","Dave O'Neil","Ind","Nicola Roxon","ALP",1046,53.64,"Wayne Tseng","Lib46",904,46.36,0,0,"Exact"
"Gellibrand","Mukesh Garg","FFP","Nicola Roxon","ALP",707,41.59,"Wayne Tseng","Lib46",993,58.41,0,0,"Exact"
"Gellibrand","Rod Doel","CEC","Nicola Roxon","ALP",177,62.11,"Wayne Tseng","Lib46",108,37.89,0,0,"Exact"
"Gilmore","Simon Blake","CCE","Neil Reilly","ALP",198,53.51,"Joanna Gash","Lib46",172,46.49,0,0,"Exact"
"Gilmore","Ben van der Wijngaart","Grn","Neil Reilly","ALP",5206,85.77,"Joanna Gash","Lib46",864,14.23,0,0,"Exact"
"Gilmore","Of The Above None","Ind","Neil Reilly","ALP",433,63.12,"Joanna Gash","Lib46",253,36.88,0,0,"Exact"
"Gilmore","Brett Greenhalgh","FFP","Neil Reilly","ALP",235,57.74,"Joanna Gash","Lib46",172,42.26,0,0,"Exact"
"Gilmore","Warwick Hunt","CEC","Neil Reilly","ALP",33,55.93,"Joanna Gash","Lib46",26,44.07,0,0,"Exact"
"Gilmore","Bohdan Brumerskyj","CDP","Neil Reilly","ALP",341,19.43,"Joanna Gash","Lib46",1414,80.57,0,0,"Exact"
"Gilmore","Kevin Ramsey","LDP","Neil Reilly","ALP",98,64.9,"Joanna Gash","Lib46",53,35.1,0,0,"Exact"
"Gippsland","Helen McAdam","WWW","Jane Rowe","ALP",762,41.75,"Peter McGauran","NPA",1063,58.25,0,0,"Exact"
"Gippsland","Jeff Wrathall","Grn","Jane Rowe","ALP",3714,76.09,"Peter McGauran","NPA",1167,23.91,0,0,"Exact"
"Gippsland","Michael Rowell","FFP","Jane Rowe","ALP",993,26.12,"Peter McGauran","NPA",2809,73.88,0,0,"Exact"
"Gippsland","Ben Buckley","Ind","Jane Rowe","ALP",1178,42.27,"Peter McGauran","NPA",1609,57.73,0,0,"Exact"
"Goldstein","Michael Bailey","AD","Julia Mason","ALP",968,68.07,"Andrew Robb","Lib46",454,31.93,0,0,"Exact"
"Goldstein","Neil Pilling","Grn","Julia Mason","ALP",7357,83.17,"Andrew Robb","Lib46",1489,16.83,0,0,"Exact"
"Goldstein","Joyce Khoo","FFP","Julia Mason","ALP",337,34.74,"Andrew Robb","Lib46",633,65.26,0,0,"Exact"
"Goldstein","Colin Horne","CEC","Julia Mason","ALP",92,49.46,"Andrew Robb","Lib46",94,50.54,0,0,"Exact"
"Gorton","Vern Hughes","DLP","Brendan O'Connor","ALP",2764,78.61,"Susan Jennison","Lib46",752,21.39,0,0,"Exact"
"Gorton","Scott Amberley","FFP","Brendan O'Connor","ALP",1579,42.15,"Susan Jennison","Lib46",2167,57.85,0,0,"Exact"
"Gorton","Huong Truong","Grn","Brendan O'Connor","ALP",4460,77.23,"Susan Jennison","Lib46",1315,22.77,0,0,"Exact"
"Grayndler","Pip Hinman","SAl","Anthony Albanese","ALP",723,51.87,"Daniel Caffery","Lib46",671,48.13,0,0,"Exact"
"Grayndler","Ehab Hennien","CDP","Anthony Albanese","ALP",376,36.08,"Daniel Caffery","Lib46",666,63.92,0,0,"Exact"
"Grayndler","Patrick O'Connor","SEP","Anthony Albanese","ALP",212,64.63,"Daniel Caffery","Lib46",116,35.37,0,0,"Exact"
"Grayndler","Saeed Khan","Grn","Anthony Albanese","ALP",14043,89.59,"Daniel Caffery","Lib46",1632,10.41,0,0,"Exact"
"Grayndler","Jeffrey Gabriel","AD","Anthony Albanese","ALP",958,68.09,"Daniel Caffery","Lib46",449,31.91,0,0,"Exact"
"Greenway","F Ivor","Ind","Michael Vassili","ALP",915,68.13,"Louise Markus","Lib46",428,31.87,0,0,"Exact"
"Greenway","Goran Reves","CEC","Michael Vassili","ALP",112,49.12,"Louise Markus","Lib46",116,50.88,0,0,"Exact"
"Greenway","John Phillips","CDP","Michael Vassili","ALP",509,29.75,"Louise Markus","Lib46",1202,70.25,0,0,"Exact"
"Greenway","Leigh Williams","Grn","Michael Vassili","ALP",3496,75.72,"Louise Markus","Lib46",1121,24.28,0,0,"Exact"
"Greenway","Joanne Muller","FFP","Michael Vassili","ALP",636,48.48,"Louise Markus","Lib46",676,51.52,0,0,"Exact"
"Grey","Rosalie Garland","Grn","Karin Bolton","ALP",2509,68.38,"Rowan Ramsey","Lib46",1160,31.62,0,0,"Exact"
"Grey","Wilbur Klein","NPA","Karin Bolton","ALP",610,22.39,"Rowan Ramsey","Lib46",2115,77.61,0,0,"Exact"
"Grey","Mal Holland","FFP","Karin Bolton","ALP",1692,42.21,"Rowan Ramsey","Lib46",2317,57.79,0,0,"Exact"
"Grey","David Wright","Ind","Karin Bolton","ALP",626,59.62,"Rowan Ramsey","Lib46",424,40.38,0,0,"Exact"
"Grey","Gil Robertson","AD","Karin Bolton","ALP",720,65.81,"Rowan Ramsey","Lib46",374,34.19,0,0,"Exact"
"Griffith","Samantha Myers","LDP","Kevin Rudd","ALP",86,47.25,"Craig Thomas","Lib46",96,52.75,0,0,"Exact"
"Griffith","Jim McIlroy","SAl","Kevin Rudd","ALP",252,86.01,"Craig Thomas","Lib46",41,13.99,0,0,"Exact"
"Griffith","Willy Bach","Grn","Kevin Rudd","ALP",5556,85.53,"Craig Thomas","Lib46",940,14.47,0,0,"Exact"
"Griffith","P M Howard","Ind","Kevin Rudd","ALP",892,39.4,"Craig Thomas","Lib46",1372,60.6,0,0,"Exact"
"Griffith","Andrew Hassall","FFP","Kevin Rudd","ALP",264,40.37,"Craig Thomas","Lib46",390,59.63,0,0,"Exact"
"Griffith","Rob Cotterill","AD","Kevin Rudd","ALP",593,72.41,"Craig Thomas","Lib46",226,27.59,0,0,"Exact"
"Groom","Pauline Collins","Grn","Chris Meibusch","ALP",3023,75.05,"Ian Macfarlane","Lib46",1005,24.95,0,0,"Exact"
"Groom","Grahame Volker","Ind","Chris Meibusch","ALP",345,56.01,"Ian Macfarlane","Lib46",271,43.99,0,0,"Exact"
"Groom","Irene Jones","CEC","Chris Meibusch","ALP",136,51.71,"Ian Macfarlane","Lib46",127,48.29,0,0,"Exact"
"Groom","Peter Findlay","FFP","Chris Meibusch","ALP",1225,33.57,"Ian Macfarlane","Lib46",2424,66.43,0,0,"Exact"
"Groom","Rob Berry","Ind","Chris Meibusch","ALP",411,57.48,"Ian Macfarlane","Lib46",304,42.52,0,0,"Exact"
"Groom","Shalina Najeeb","AD","Chris Meibusch","ALP",405,66.61,"Ian Macfarlane","Lib46",203,33.39,0,0,"Exact"
"Groom","Rod Jeanneret","Ind","Chris Meibusch","ALP",243,48.89,"Ian Macfarlane","Lib46",254,51.11,0,0,"Exact"
"Hasluck","Neil Vincent","CEC","Sharryn Jackson","ALP",537,78.17,"Stuart Henry","Lib46",150,21.83,0,0,"Exact"
"Hasluck","Jane Bremmer","Grn","Sharryn Jackson","ALP",4814,76.93,"Stuart Henry","Lib46",1444,23.07,0,0,"Exact"
"Hasluck","Siou Hong Chia","LDP","Sharryn Jackson","ALP",180,61.64,"Stuart Henry","Lib46",112,38.36,0,0,"Exact"
"Hasluck","Steve Bolt","FFP","Sharryn Jackson","ALP",411,47.62,"Stuart Henry","Lib46",452,52.38,0,0,"Exact"
"Hasluck","Bill Gaugg","ON","Sharryn Jackson","ALP",653,58.25,"Stuart Henry","Lib46",468,41.75,0,0,"Exact"
"Hasluck","Rob Merrells","CDP","Sharryn Jackson","ALP",591,26.51,"Stuart Henry","Lib46",1638,73.49,0,0,"Exact"
"Herbert","Ben Thompson","LDP","George Colbran","ALP",147,29.11,"Peter Lindsay","Lib46",358,70.89,0,0,"Exact"
"Herbert","Jenny Stirling","Grn","George Colbran","ALP",3018,71.84,"Peter Lindsay","Lib46",1183,28.16,0,0,"Exact"
"Herbert","Sharon Sheridan","AD","George Colbran","ALP",271,56.93,"Peter Lindsay","Lib46",205,43.07,0,0,"Exact"
"Herbert","Garrie Lynch","Ind","George Colbran","ALP",226,46.41,"Peter Lindsay","Lib46",261,53.59,0,0,"Exact"
"Herbert","Francis Pauler","ON","George Colbran","ALP",319,42.65,"Peter Lindsay","Lib46",429,57.35,0,0,"Exact"
"Herbert","Michael Punshon","FFP","George Colbran","ALP",471,36.71,"Peter Lindsay","Lib46",812,63.29,0,0,"Exact"
"Herbert","Billy Brennan","Ind","George Colbran","ALP",456,50.67,"Peter Lindsay","Lib46",444,49.33,0,0,"Exact"
"Higgins","Michael Wilbur-Ham","Grn","Barbara Norman","ALP",7317,83.37,"Peter Costello","Lib46",1460,16.63,0,0,"Exact"
"Higgins","Penny Badwal","FFP","Barbara Norman","ALP",231,36.84,"Peter Costello","Lib46",396,63.16,0,0,"Exact"
"Higgins","Graeme Meddings","Ind","Barbara Norman","ALP",153,67.4,"Peter Costello","Lib46",74,32.6,0,0,"Exact"
"Higgins","Stephen Mayne","Ind","Barbara Norman","ALP",1146,70.96,"Peter Costello","Lib46",469,29.04,0,0,"Exact"
"Higgins","Mary Dettman","AD","Barbara Norman","ALP",654,66.06,"Peter Costello","Lib46",336,33.94,0,0,"Exact"
"Higgins","Genevieve Forde","Ind","Barbara Norman","ALP",202,76.23,"Peter Costello","Lib46",63,23.77,0,0,"Exact"
"Hindmarsh","Tim White","Grn","Steve Georganas","ALP",4454,70.31,"Rita Bouras","Lib46",1881,29.69,0,0,"Exact"
"Hindmarsh","Heidi Robins","WWW","Steve Georganas","ALP",351,53.02,"Rita Bouras","Lib46",311,46.98,0,0,"Exact"
"Hindmarsh","Richard Bunting","FFP","Steve Georganas","ALP",767,39.84,"Rita Bouras","Lib46",1158,60.16,0,0,"Exact"
"Hindmarsh","James Warry","LDP","Steve Georganas","ALP",96,56.14,"Rita Bouras","Lib46",75,43.86,0,0,"Exact"
"Hindmarsh","Clinton Duncan","Ind","Steve Georganas","ALP",355,57.35,"Rita Bouras","Lib46",264,42.65,0,0,"Exact"
"Hindmarsh","Jen Williams","AD","Steve Georganas","ALP",1096,60.29,"Rita Bouras","Lib46",722,39.71,0,0,"Exact"
"Hinkler","Cameron Rub","FFP","Garry Parr","ALP",1078,37.35,"Paul Neville","NPA",1808,62.65,0,0,"Exact"
"Hinkler","Andrew Dickes","Grn","Garry Parr","ALP",2309,68.25,"Paul Neville","NPA",1074,31.75,0,0,"Exact"
"Hinkler","Robert Bromwich","AD","Garry Parr","ALP",293,46.36,"Paul Neville","NPA",339,53.64,0,0,"Exact"
"Hinkler","Roy Wells","Ind","Garry Parr","ALP",787,41.71,"Paul Neville","NPA",1100,58.29,0,0,"Exact"
"Holt","Yasmin De Zilwa","FFP","Anthony Byrne","ALP",1629,39.97,"Emanuele Cicchiello","Lib46",2447,60.03,0,0,"Exact"
"Holt","Ken Seymour","AD","Anthony Byrne","ALP",749,64.85,"Emanuele Cicchiello","Lib46",406,35.15,0,0,"Exact"
"Holt","Lynette Keleher","Grn","Anthony Byrne","ALP",2964,77.53,"Emanuele Cicchiello","Lib46",859,22.47,0,0,"Exact"
"Holt","Chris Morgan","CEC","Anthony Byrne","ALP",206,59.37,"Emanuele Cicchiello","Lib46",141,40.63,0,0,"Exact"
"Hotham","Matthew Billman","Grn","Simon Crean","ALP",4710,84.53,"Vince Arborea","Lib46",862,15.47,0,0,"Exact"
"Hotham","Mike Woodward","CEC","Simon Crean","ALP",139,57.92,"Vince Arborea","Lib46",101,42.08,0,0,"Exact"
"Hotham","Terry Farrell","DLP","Simon Crean","ALP",345,45.51,"Vince Arborea","Lib46",413,54.49,0,0,"Exact"
"Hotham","Craig Cadby","AD","Simon Crean","ALP",554,69.25,"Vince Arborea","Lib46",246,30.75,0,0,"Exact"
"Hotham","Peter Dorian","FFP","Simon Crean","ALP",639,38.56,"Vince Arborea","Lib46",1018,61.44,0,0,"Exact"
"Hughes","Julie Mezyed","FFP","Greg Holland","ALP",508,49.18,"Danna Vale","Lib46",525,50.82,0,0,"Exact"
"Hughes","Jamie Paterson","Grn","Greg Holland","ALP",3649,78.54,"Danna Vale","Lib46",997,21.46,0,0,"Exact"
"Hughes","John Vanderjagt","CDP","Greg Holland","ALP",713,29.47,"Danna Vale","Lib46",1706,70.53,0,0,"Exact"
"Hume","Cathy Trent","FFP","David Grant","ALP",865,44.18,"Alby Schultz","Lib46",1093,55.82,0,0,"Exact"
"Hume","Geoff Peet","CDP","David Grant","ALP",488,24.28,"Alby Schultz","Lib46",1522,75.72,0,0,"Exact"
"Hume","Jim Clark","Grn","David Grant","ALP",5057,78.84,"Alby Schultz","Lib46",1357,21.16,0,0,"Exact"
"Hume","Lindsay Cosgrove","CEC","David Grant","ALP",245,53.85,"Alby Schultz","Lib46",210,46.15,0,0,"Exact"
"Hunter","Daniel Albury","CEC","Joel Fitzgibbon","ALP",246,19.11,"Beth Black","NPA",1041,80.89,0,0,"Exact"
"Hunter","Jan Davis","Grn","Joel Fitzgibbon","ALP",3085,58.59,"Beth Black","NPA",2180,41.41,0,0,"Exact"
"Hunter","John Harvey","CCC","Joel Fitzgibbon","ALP",1043,41.72,"Beth Black","NPA",1457,58.28,0,0,"Exact"
"Hunter","Bernie Neville","CDP","Joel Fitzgibbon","ALP",569,32.78,"Beth Black","NPA",1167,67.22,0,0,"Exact"
"Indi","Helen Robinson","Grn","Zuvele Leschen","ALP",5177,80.69,"Sophie Mirabella","Lib46",1239,19.31,0,0,"Exact"
"Indi","Sarah Benson","AD","Zuvele Leschen","ALP",815,56.83,"Sophie Mirabella","Lib46",619,43.17,0,0,"Exact"
"Indi","Jeremy Beck","CEC","Zuvele Leschen","ALP",175,49.44,"Sophie Mirabella","Lib46",179,50.56,0,0,"Exact"
"Indi","Jim Rainey","FFP","Zuvele Leschen","ALP",1189,36.79,"Sophie Mirabella","Lib46",2043,63.21,0,0,"Exact"
"Isaacs","Gordon Ford","Ind","Mark Dreyfus","ALP",835,73.44,"Ross Fox","Lib46",302,26.56,0,0,"Exact"
"Isaacs","Robert Norrie","LDP","Mark Dreyfus","ALP",346,70.33,"Ross Fox","Lib46",146,29.67,0,0,"Exact"
"Isaacs","Colin Long","Grn","Mark Dreyfus","ALP",4667,82.81,"Ross Fox","Lib46",969,17.19,0,0,"Exact"
"Isaacs","Jadah Pleiter","FFP","Mark Dreyfus","ALP",969,41.98,"Ross Fox","Lib46",1339,58.02,0,0,"Exact"
"Isaacs","Laura Chipp","AD","Mark Dreyfus","ALP",1258,63.86,"Ross Fox","Lib46",712,36.14,0,0,"Exact"
"Jagajaga","Stephen Lele","CEC","Jenny Macklin","ALP",389,78.43,"Conrad D'Souza","Lib46",107,21.57,0,0,"Exact"
"Jagajaga","Lisa Hodgson","Grn","Jenny Macklin","ALP",7798,86.92,"Conrad D'Souza","Lib46",1173,13.08,0,0,"Exact"
"Jagajaga","Andrew Conlon","FFP","Jenny Macklin","ALP",682,33.03,"Conrad D'Souza","Lib46",1383,66.97,0,0,"Exact"
"Jagajaga","Jason Graham","AD","Jenny Macklin","ALP",607,62,"Conrad D'Souza","Lib46",372,38,0,0,"Exact"
"Kalgoorlie","Ian Burt","CEC","Sharon Thiel","ALP",148,53.82,"Barry Haase","Lib46",127,46.18,0,0,"Exact"
"Kalgoorlie","Ross Patterson","CDP","Sharon Thiel","ALP",316,32.85,"Barry Haase","Lib46",646,67.15,0,0,"Exact"
"Kalgoorlie","Robin Chapple","Grn","Sharon Thiel","ALP",2976,73.57,"Barry Haase","Lib46",1069,26.43,0,0,"Exact"
"Kalgoorlie","Ian Rose","FFP","Sharon Thiel","ALP",366,44.63,"Barry Haase","Lib46",454,55.37,0,0,"Exact"
"Kalgoorlie","Charles Dalton","LDP","Sharon Thiel","ALP",96,54.55,"Barry Haase","Lib46",80,45.45,0,0,"Exact"
"Kalgoorlie","Derek Major","ON","Sharon Thiel","ALP",542,50.42,"Barry Haase","Lib46",533,49.58,0,0,"Exact"
"Kennedy","Ed Morrison","NPA","Alan Neilan","ALP",1756,8.65,"Bob Katter","Ind",18536,91.35,0,0,"Exact"
"Kennedy","Bill Hankin","ON","Alan Neilan","ALP",331,22.97,"Bob Katter","Ind",1110,77.03,0,0,"Exact"
"Kennedy","Keith Douglas","FFP","Alan Neilan","ALP",510,30.47,"Bob Katter","Ind",1164,69.53,0,0,"Exact"
"Kennedy","Frank Reilly","Grn","Alan Neilan","ALP",1712,64.63,"Bob Katter","Ind",937,35.37,0,0,"Exact"
"Kennedy","Nigel Asplin","AD","Alan Neilan","ALP",317,52.48,"Bob Katter","Ind",287,47.52,0,0,"Exact"
"Kingsford Smith","Alex Safari","SEP","Peter Garrett","ALP",876,79.93,"Caroline Beinke","Lib46",220,20.07,0,0,"Exact"
"Kingsford Smith","Sue Mahony","Grn","Peter Garrett","ALP",7650,85.05,"Caroline Beinke","Lib46",1345,14.95,0,0,"Exact"
"Kingsford Smith","Marcus Campbell","CDP","Peter Garrett","ALP",532,37.95,"Caroline Beinke","Lib46",870,62.05,0,0,"Exact"
"Kingston","Barry Becker","Ind","Amanda Rishworth","ALP",307,60.79,"Kym Richardson","Lib46",198,39.21,0,0,"Exact"
"Kingston","Bill Weller","Grn","Amanda Rishworth","ALP",3976,77.47,"Kym Richardson","Lib46",1156,22.53,0,0,"Exact"
"Kingston","Matthew Fowler","AD","Amanda Rishworth","ALP",539,62.75,"Kym Richardson","Lib46",320,37.25,0,0,"Exact"
"Kingston","Robert Brokenshire","FFP","Amanda Rishworth","ALP",1810,35.02,"Kym Richardson","Lib46",3359,64.98,0,0,"Exact"
"Kingston","Alex Kusznir","Ind","Amanda Rishworth","ALP",223,58.68,"Kym Richardson","Lib46",157,41.32,0,0,"Exact"
"Kingston","Lachlan Smith","LDP","Amanda Rishworth","ALP",180,65.93,"Kym Richardson","Lib46",93,34.07,0,0,"Exact"
"Kooyong","John Laidler","FFP","Ken Harvey","ALP",386,30.61,"Petro Georgiou","Lib46",875,69.39,0,0,"Exact"
"Kooyong","David Collyer","AD","Ken Harvey","ALP",559,52.94,"Petro Georgiou","Lib46",497,47.06,0,0,"Exact"
"Kooyong","Pierre Curtis","CEC","Ken Harvey","ALP",60,38.96,"Petro Georgiou","Lib46",94,61.04,0,0,"Exact"
"Kooyong","Peter Campbell","Grn","Ken Harvey","ALP",7549,77.94,"Petro Georgiou","Lib46",2137,22.06,0,0,"Exact"
"Lalor","Steve Gleeson","FFP","Julia Gillard","ALP",1375,32.75,"Peter Curtis","Lib46",2824,67.25,0,0,"Exact"
"Lalor","Libby Krepp","DLP","Julia Gillard","ALP",530,54.7,"Peter Curtis","Lib46",439,45.3,0,0,"Exact"
"Lalor","Jay Tilley","Grn","Julia Gillard","ALP",2950,76.9,"Peter Curtis","Lib46",886,23.1,0,0,"Exact"
"Lalor","Roger Howe","AD","Julia Gillard","ALP",537,61.09,"Peter Curtis","Lib46",342,38.91,0,0,"Exact"
"La Trobe","Bree Taylor","Grn","Rodney Cocks","ALP",6248,82.88,"Jason Wood","Lib46",1291,17.12,0,0,"Exact"
"La Trobe","Jim Zubic","FFP","Rodney Cocks","ALP",765,31.57,"Jason Wood","Lib46",1658,68.43,0,0,"Exact"
"La Trobe","Kurt Beilharz","CEC","Rodney Cocks","ALP",79,56.43,"Jason Wood","Lib46",61,43.57,0,0,"Exact"
"La Trobe","Surome Singh","LDP","Rodney Cocks","ALP",44,51.76,"Jason Wood","Lib46",41,48.24,0,0,"Exact"
"La Trobe","Craig Beale","AD","Rodney Cocks","ALP",622,61.46,"Jason Wood","Lib46",390,38.54,0,0,"Exact"
"Leichhardt","Selwyn Johnston","Ind","Jim Turnour","ALP",986,68.09,"Charlie McKillop","Lib46",462,31.91,0,0,"Exact"
"Leichhardt","Bridgette Lennox","AD","Jim Turnour","ALP",329,69.7,"Charlie McKillop","Lib46",143,30.3,0,0,"Exact"
"Leichhardt","Tony Hudson","Ind","Jim Turnour","ALP",222,69.38,"Charlie McKillop","Lib46",98,30.63,0,0,"Exact"
"Leichhardt","Norman Miller","Ind","Jim Turnour","ALP",775,71.1,"Charlie McKillop","Lib46",315,28.9,0,0,"Exact"
"Leichhardt","Ian Crossland","NPA","Jim Turnour","ALP",819,24.8,"Charlie McKillop","Lib46",2483,75.2,0,0,"Exact"
"Leichhardt","Sue Cory","Grn","Jim Turnour","ALP",4914,79.02,"Charlie McKillop","Lib46",1305,20.98,0,0,"Exact"
"Leichhardt","Ben Jacobsen","FFP","Jim Turnour","ALP",475,43.7,"Charlie McKillop","Lib46",612,56.3,0,0,"Exact"
"Leichhardt","Rata Hami Pugh","Ind","Jim Turnour","ALP",82,58.99,"Charlie McKillop","Lib46",57,41.01,0,0,"Exact"
"Leichhardt","Damien Byrnes","Ind","Jim Turnour","ALP",452,49.29,"Charlie McKillop","Lib46",465,50.71,0,0,"Exact"
"Lilley","Aubrey Clark","LDP","Wayne Swan","ALP",292,64.18,"Scott McConnel","Lib46",163,35.82,0,0,"Exact"
"Lilley","Simon Kean Hammerson","Grn","Wayne Swan","ALP",4416,78.1,"Scott McConnel","Lib46",1238,21.9,0,0,"Exact"
"Lilley","Jennifer Cluse","AD","Wayne Swan","ALP",653,64.33,"Scott McConnel","Lib46",362,35.67,0,0,"Exact"
"Lilley","Karen Gray","FFP","Wayne Swan","ALP",502,36.48,"Scott McConnel","Lib46",874,63.52,0,0,"Exact"
"Lindsay","Grant Bayley","LDP","David Bradbury","ALP",178,25.83,"Karen Chijoff","Lib46",511,74.17,0,0,"Exact"
"Lindsay","Lesley Edwards","Grn","David Bradbury","ALP",2017,73.11,"Karen Chijoff","Lib46",742,26.89,0,0,"Exact"
"Lindsay","Lisa Harrold","Ind","David Bradbury","ALP",469,49.21,"Karen Chijoff","Lib46",484,50.79,0,0,"Exact"
"Lindsay","Iris Muller","FFP","David Bradbury","ALP",499,54.54,"Karen Chijoff","Lib46",416,45.46,0,0,"Exact"
"Lindsay","Andrew Green","CDP","David Bradbury","ALP",821,32.87,"Karen Chijoff","Lib46",1677,67.13,0,0,"Exact"
"Lindsay","Kerry McNally","Ind","David Bradbury","ALP",419,57.55,"Karen Chijoff","Lib46",309,42.45,0,0,"Exact"
"Lingiari","Wayne Wright","Ind","Warren Snowdon","ALP",419,48.5,"Adam Giles","CLP",445,51.5,0,0,"Exact"
"Lingiari","Maurie Ryan","Ind","Warren Snowdon","ALP",657,54.48,"Adam Giles","CLP",549,45.52,0,0,"Exact"
"Lingiari","Emma Young","Grn","Warren Snowdon","ALP",2276,70.44,"Adam Giles","CLP",955,29.56,0,0,"Exact"
"Longman","Liz Oss-Emer","AD","Jon Sullivan","ALP",860,74.59,"Mal Brough","Lib46",293,25.41,0,0,"Exact"
"Longman","Trent MacDonald","LDP","Jon Sullivan","ALP",288,70.24,"Mal Brough","Lib46",122,29.76,0,0,"Exact"
"Longman","Peter Urquhart","FFP","Jon Sullivan","ALP",742,48.66,"Mal Brough","Lib46",783,51.34,0,0,"Exact"
"Longman","Paul Costin","Grn","Jon Sullivan","ALP",2612,74.93,"Mal Brough","Lib46",874,25.07,0,0,"Exact"
"Longman","Dan Winniak","CEC","Jon Sullivan","ALP",90,54.22,"Mal Brough","Lib46",76,45.78,0,0,"Exact"
"Lowe","Marc Rerceretnam","Grn","John Murphy","ALP",5655,83.48,"Jim Tsolakis","Lib46",1119,16.52,0,0,"Exact"
"Lowe","Bill Shailer","CDP","John Murphy","ALP",715,44.25,"Jim Tsolakis","Lib46",901,55.75,0,0,"Exact"
"Lyne","Barry Wright","Ind","James Langley","ALP",332,33.91,"Mark Vaile","NPA",647,66.09,0,0,"Exact"
"Lyne","Susie Russell","Grn","James Langley","ALP",4316,76.4,"Mark Vaile","NPA",1333,23.6,0,0,"Exact"
"Lyne","Stewart Scott-Irving","Ind","James Langley","ALP",165,50,"Mark Vaile","NPA",165,50,0,0,"Exact"
"Lyne","Jamie Harrison","Ind","James Langley","ALP",1941,58.36,"Mark Vaile","NPA",1385,41.64,0,0,"Exact"
"Lyne","Rodger Riach","Ind","James Langley","ALP",141,59.24,"Mark Vaile","NPA",97,40.76,0,0,"Exact"
"Lyne","Graeme Muldoon","CEC","James Langley","ALP",92,50,"Mark Vaile","NPA",92,50,0,0,"Exact"
"Lyne","Robert Waldron","CDP","James Langley","ALP",406,24.18,"Mark Vaile","NPA",1273,75.82,0,0,"Exact"
"Lyons","Ray Williams","CEC","Dick Adams","ALP",603,73.63,"Geoff Page","Lib46",216,26.37,0,0,"Exact"
"Lyons","Karen Cassidy","Grn","Dick Adams","ALP",5486,77.39,"Geoff Page","Lib46",1603,22.61,0,0,"Exact"
"Lyons","Ben Quin","Ind","Dick Adams","ALP",3070,50.39,"Geoff Page","Lib46",3022,49.61,0,0,"Exact"
"Lyons","Amy Parsons","FFP","Dick Adams","ALP",759,53.19,"Geoff Page","Lib46",668,46.81,0,0,"Exact"
"Macarthur","Ben Raue","Grn","Nick Bleasdeale","ALP",2587,77.59,"Pat Farmer","Lib46",747,22.41,0,0,"Exact"
"Macarthur","Samantha Elliott-Halls","AD","Nick Bleasdeale","ALP",372,60.19,"Pat Farmer","Lib46",246,39.81,0,0,"Exact"
"Macarthur","Godwin Goh","CDP","Nick Bleasdeale","ALP",408,30.07,"Pat Farmer","Lib46",949,69.93,0,0,"Exact"
"Macarthur","Andy Thompson","NCP01","Nick Bleasdeale","ALP",150,49.02,"Pat Farmer","Lib46",156,50.98,0,0,"Exact"
"Macarthur","Douglas Rauch","FFP","Nick Bleasdeale","ALP",552,41.72,"Pat Farmer","Lib46",771,58.28,0,0,"Exact"
"Mackellar","Matt McLellan","Ind","Chris Sharpe","ALP",893,54.09,"Bronwyn Bishop","Lib46",758,45.91,0,0,"Exact"
"Mackellar","Michael Hubbard","CDP","Chris Sharpe","ALP",447,22.86,"Bronwyn Bishop","Lib46",1508,77.14,0,0,"Exact"
"Mackellar","John Adams","CCC","Chris Sharpe","ALP",1028,58.01,"Bronwyn Bishop","Lib46",744,41.99,0,0,"Exact"
"Mackellar","Craige McWhirter","Grn","Chris Sharpe","ALP",8136,82.68,"Bronwyn Bishop","Lib46",1704,17.32,0,0,"Exact"
"Mackellar","Clinton Barnes","AD","Chris Sharpe","ALP",595,63.77,"Bronwyn Bishop","Lib46",338,36.23,0,0,"Exact"
"Macquarie","Kirk Fletcher","LDP","Bob Debus","ALP",68,19.15,"Kerry Bartlett","Lib46",287,80.85,0,0,"Exact"
"Macquarie","Robert Gifford","CDP","Bob Debus","ALP",426,25.03,"Kerry Bartlett","Lib46",1276,74.97,0,0,"Exact"
"Macquarie","Charles Liptak","FFP","Bob Debus","ALP",215,46.24,"Kerry Bartlett","Lib46",250,53.76,0,0,"Exact"
"Macquarie","Michael Segedin","CEC","Bob Debus","ALP",59,59.6,"Kerry Bartlett","Lib46",40,40.4,0,0,"Exact"
"Macquarie","Carmel McCallum","Grn","Bob Debus","ALP",8069,88.75,"Kerry Bartlett","Lib46",1023,11.25,0,0,"Exact"
"Macquarie","Tim Williams","Ind","Bob Debus","ALP",2528,60.99,"Kerry Bartlett","Lib46",1617,39.01,0,0,"Exact"
"Makin","Gary Vandersluis","LDP","Tony Zappia","ALP",331,77.34,"Bob Day","Lib46",97,22.66,0,0,"Exact"
"Makin","Aleisha Brown","AD","Tony Zappia","ALP",809,67.53,"Bob Day","Lib46",389,32.47,0,0,"Exact"
"Makin","Andrew Graham","FFP","Tony Zappia","ALP",1229,39.7,"Bob Day","Lib46",1867,60.3,0,0,"Exact"
"Makin","Robert Fechner","ON","Tony Zappia","ALP",266,52.99,"Bob Day","Lib46",236,47.01,0,0,"Exact"
"Makin","Graham Smith","Grn","Tony Zappia","ALP",2821,75.21,"Bob Day","Lib46",930,24.79,0,0,"Exact"
"Mallee","Glenn Coulthard","FFP","John Zigouras","ALP",2067,38.03,"John Forrest","NPA",3368,61.97,0,0,"Exact"
"Mallee","Chris Lahy","CEC","John Zigouras","ALP",315,52.5,"John Forrest","NPA",285,47.5,0,0,"Exact"
"Mallee","Liam Farrelly","Grn","John Zigouras","ALP",2267,65.37,"John Forrest","NPA",1201,34.63,0,0,"Exact"
"Mallee","Vicki McLeod","AD","John Zigouras","ALP",1076,46.32,"John Forrest","NPA",1247,53.68,0,0,"Exact"
"Maranoa","Rod Watson","ON","Mike Bathersby","ALP",1383,49.86,"Bruce Scott","NPA",1391,50.14,0,0,"Exact"
"Maranoa","David Totenhofer","FFP","Mike Bathersby","ALP",1116,36.78,"Bruce Scott","NPA",1918,63.22,0,0,"Exact"
"Maranoa","Alan Dickson","AD","Mike Bathersby","ALP",585,58.27,"Bruce Scott","NPA",419,41.73,0,0,"Exact"
"Maranoa","Bob East","Grn","Mike Bathersby","ALP",1731,65.42,"Bruce Scott","NPA",915,34.58,0,0,"Exact"
"Maribyrnong","Andre Kozlowski","CEC","Bill Shorten","ALP",210,18.4,"Ian Soylemez","Lib46",931,81.6,0,0,"Exact"
"Maribyrnong","Robert Livesay","AD","Bill Shorten","ALP",685,55.15,"Ian Soylemez","Lib46",557,44.85,0,0,"Exact"
"Maribyrnong","Ian Keeling","FFP","Bill Shorten","ALP",820,40.22,"Ian Soylemez","Lib46",1219,59.78,0,0,"Exact"
"Maribyrnong","Bob Muntz","Grn","Bill Shorten","ALP",4414,81.8,"Ian Soylemez","Lib46",982,18.2,0,0,"Exact"
"Mayo","Lynton Vonow","Grn","Mary Brewerton","ALP",7762,78.81,"Alexander Downer","Lib46",2087,21.19,0,0,"Exact"
"Mayo","Trish Nolan","FFP","Mary Brewerton","ALP",1258,34.8,"Alexander Downer","Lib46",2357,65.2,0,0,"Exact"
"Mayo","Andrew Castrique","AD","Mary Brewerton","ALP",903,65.96,"Alexander Downer","Lib46",466,34.04,0,0,"Exact"
"Mayo","Rachael Barons","CCE","Mary Brewerton","ALP",704,60.43,"Alexander Downer","Lib46",461,39.57,0,0,"Exact"
"McEwen","Robert Newnham","LDP","Rob Mitchell","ALP",298,36.97,"Fran Bailey","Lib46",508,63.03,0,0,"Exact"
"McEwen","David Kane","AD","Rob Mitchell","ALP",589,61.93,"Fran Bailey","Lib46",362,38.07,0,0,"Exact"
"McEwen","Steve Meacher","Grn","Rob Mitchell","ALP",7126,84.96,"Fran Bailey","Lib46",1261,15.04,0,0,"Exact"
"McEwen","Ian Cranson","FFP","Rob Mitchell","ALP",849,35.32,"Fran Bailey","Lib46",1555,64.68,0,0,"Exact"
"McEwen","Rod McLennan","CEC","Rob Mitchell","ALP",99,61.11,"Fran Bailey","Lib46",63,38.89,0,0,"Exact"
"McEwen","Darren Trueman","Ind","Rob Mitchell","ALP",491,57.76,"Fran Bailey","Lib46",359,42.24,0,0,"Exact"
"McMillan","Don Walters","AD","Christine Maxfield","ALP",450,37.31,"Russell Broadbent","Lib46",756,62.69,0,0,"Exact"
"McMillan","Theo Alblas","CEC","Christine Maxfield","ALP",115,40.07,"Russell Broadbent","Lib46",172,59.93,0,0,"Exact"
"McMillan","Terry Aeschlimann","FFP","Christine Maxfield","ALP",783,33.04,"Russell Broadbent","Lib46",1587,66.96,0,0,"Exact"
"McMillan","Sandra Betts","Grn","Christine Maxfield","ALP",3776,78.03,"Russell Broadbent","Lib46",1063,21.97,0,0,"Exact"
"McMillan","Ben Fiechtner","LDP","Christine Maxfield","ALP",90,63.83,"Russell Broadbent","Lib46",51,36.17,0,0,"Exact"
"McMillan","Suryan Chandrasegaran","DLP","Christine Maxfield","ALP",486,62.71,"Russell Broadbent","Lib46",289,37.29,0,0,"Exact"
"McPherson","Lori Carnwell","AD","Eddy Sarroff","ALP",300,37.93,"Margaret May","Lib46",491,62.07,0,0,"Exact"
"McPherson","Tyrone Jackson","Ind","Eddy Sarroff","ALP",304,45.65,"Margaret May","Lib46",362,54.35,0,0,"Exact"
"McPherson","Ben O'Callaghan","Grn","Eddy Sarroff","ALP",3439,68.97,"Margaret May","Lib46",1547,31.03,0,0,"Exact"
"McPherson","Kevin Davis","FFP","Eddy Sarroff","ALP",520,40.56,"Margaret May","Lib46",762,59.44,0,0,"Exact"
"McPherson","Geoff Cornell","CEC","Eddy Sarroff","ALP",73,57.48,"Margaret May","Lib46",54,42.52,0,0,"Exact"
"Melbourne","Andrew Reed","CEC","Lindsay Tanner","ALP",103,17.58,"Adam Bandt","Grn",483,82.42,0,0,"Exact"
"Melbourne","Georgia Pearson","FFP","Lindsay Tanner","ALP",446,50.8,"Adam Bandt","Grn",432,49.2,0,0,"Exact"
"Melbourne","Will Marshall","SEP","Lindsay Tanner","ALP",108,25.84,"Adam Bandt","Grn",310,74.16,0,0,"Exact"
"Melbourne","Andrea Del Ciotto","Lib46","Lindsay Tanner","ALP",3297,16.02,"Adam Bandt","Grn",17280,83.98,0,0,"Exact"
"Melbourne","Tim Wright","AD","Lindsay Tanner","ALP",421,33.55,"Adam Bandt","Grn",834,66.45,0,0,"Exact"
"Melbourne","Kylie McGregor","Ind","Lindsay Tanner","ALP",178,33.02,"Adam Bandt","Grn",361,66.98,0,0,"Exact"
"Melbourne Ports","John Mathieson","AD","Michael Danby","ALP",1063,69.61,"Adam Held","Lib46",464,30.39,0,0,"Exact"
"Melbourne Ports","Phillip Walker","Grn","Michael Danby","ALP",11181,86.4,"Adam Held","Lib46",1760,13.6,0,0,"Exact"
"Melbourne Ports","Rebecca Gebbing","FFP","Michael Danby","ALP",308,42.13,"Adam Held","Lib46",423,57.87,0,0,"Exact"
"Melbourne Ports","Aaron Isherwood","CEC","Michael Danby","ALP",83,48.26,"Adam Held","Lib46",89,51.74,0,0,"Exact"
"Menzies","Ken Smithies","FFP","Andrew Campbell","ALP",621,30.5,"Kevin Andrews","Lib46",1415,69.5,0,0,"Exact"
"Menzies","David Ellis","Grn","Andrew Campbell","ALP",4180,79,"Kevin Andrews","Lib46",1111,21,0,0,"Exact"
"Menzies","Philip Nitschke","Ind","Andrew Campbell","ALP",2421,73.43,"Kevin Andrews","Lib46",876,26.57,0,0,"Exact"
"Menzies","Damien Wise","AD","Andrew Campbell","ALP",513,62.41,"Kevin Andrews","Lib46",309,37.59,0,0,"Exact"
"Mitchell","James Fiander","CCC","Nigel Gould","ALP",1247,72.71,"Alex Hawke","Lib46",468,27.29,0,0,"Exact"
"Mitchell","Toni Wright-Turner","Grn","Nigel Gould","ALP",3412,79.31,"Alex Hawke","Lib46",890,20.69,0,0,"Exact"
"Mitchell","Darryl Allen","CDP","Nigel Gould","ALP",614,29.25,"Alex Hawke","Lib46",1485,70.75,0,0,"Exact"
"Mitchell","Jordie Bodlay","Ind","Nigel Gould","ALP",362,44.42,"Alex Hawke","Lib46",453,55.58,0,0,"Exact"
"Mitchell","Jarrod Graetz","FFP","Nigel Gould","ALP",375,36.69,"Alex Hawke","Lib46",647,63.31,0,0,"Exact"
"Moncrieff","Carla Brandon","Grn","Sam Miszkowski","ALP",3315,65.67,"Steven Ciobo","Lib46",1733,34.33,0,0,"Exact"
"Moncrieff","Tim Kirchler","SAl","Sam Miszkowski","ALP",198,62.86,"Steven Ciobo","Lib46",117,37.14,0,0,"Exact"
"Moncrieff","Liz Thompson","CEC","Sam Miszkowski","ALP",110,51.4,"Steven Ciobo","Lib46",104,48.6,0,0,"Exact"
"Moncrieff","James Tayler","FFP","Sam Miszkowski","ALP",497,34.51,"Steven Ciobo","Lib46",943,65.49,0,0,"Exact"
"Moncrieff","Paul Shears","Ind","Sam Miszkowski","ALP",284,50.53,"Steven Ciobo","Lib46",278,49.47,0,0,"Exact"
"Moncrieff","Paul Stevenson","AD","Sam Miszkowski","ALP",458,62.65,"Steven Ciobo","Lib46",273,37.35,0,0,"Exact"
"Moore","Lachlan Dunjey","CDP","Geraldine Burgess","ALP",774,49.74,"Mal Washer","Lib46",782,50.26,0,0,"Exact"
"Moore","George Gault","ON","Geraldine Burgess","ALP",350,48.68,"Mal Washer","Lib46",369,51.32,0,0,"Exact"
"Moore","Annette Pericic-Herrmann","Grn","Geraldine Burgess","ALP",4285,72.55,"Mal Washer","Lib46",1621,27.45,0,0,"Exact"
"Moore","Jack Harvey","CEC","Geraldine Burgess","ALP",59,51.3,"Mal Washer","Lib46",56,48.7,0,0,"Exact"
"Moore","Douglas Croker","FFP","Geraldine Burgess","ALP",325,40.07,"Mal Washer","Lib46",486,59.93,0,0,"Exact"
"Moreton","Emma Hine","Grn","Graham Perrett","ALP",4445,80.12,"Gary Hardgrave","Lib46",1103,19.88,0,0,"Exact"
"Moreton","Shane Brown","LDP","Graham Perrett","ALP",146,51.77,"Gary Hardgrave","Lib46",136,48.23,0,0,"Exact"
"Moreton","Steve Christian","FFP","Graham Perrett","ALP",435,39.08,"Gary Hardgrave","Lib46",678,60.92,0,0,"Exact"
"Moreton","Andrew Lamb","Ind","Graham Perrett","ALP",353,51.99,"Gary Hardgrave","Lib46",326,48.01,0,0,"Exact"
"Moreton","Emad Soliman","AD","Graham Perrett","ALP",768,75.67,"Gary Hardgrave","Lib46",247,24.33,0,0,"Exact"
"Murray","Rob Bryant","Ind","Bob Scates","ALP",2874,65.72,"Sharman Stone","Lib46",1499,34.28,0,0,"Exact"
"Murray","Diane Teasdale","Ind","Bob Scates","ALP",320,52.03,"Sharman Stone","Lib46",295,47.97,0,0,"Exact"
"Murray","Serena Moore","FFP","Bob Scates","ALP",709,26.51,"Sharman Stone","Lib46",1965,73.49,0,0,"Exact"
"Murray","Ian Christoe","Grn","Bob Scates","ALP",1713,72.07,"Sharman Stone","Lib46",664,27.93,0,0,"Exact"
"Murray","Sarina Isgro","AD","Bob Scates","ALP",233,56.01,"Sharman Stone","Lib46",183,43.99,0,0,"Exact"
"Murray","Jeff Davy","CEC","Bob Scates","ALP",80,39.41,"Sharman Stone","Lib46",123,60.59,0,0,"Exact"
"Murray","Paul Merrigan","Ind","Bob Scates","ALP",219,45.25,"Sharman Stone","Lib46",265,54.75,0,0,"Exact"
"Newcastle","Malcolm East","FFP","Sharon Grierson","ALP",1223,63.5,"Krysia Walker","Lib46",703,36.5,0,0,"Exact"
"Newcastle","Aaron Johnson","AD","Sharon Grierson","ALP",601,67.45,"Krysia Walker","Lib46",290,32.55,0,0,"Exact"
"Newcastle","Geoff Payne","SAl","Sharon Grierson","ALP",264,79.28,"Krysia Walker","Lib46",69,20.72,0,0,"Exact"
"Newcastle","Aaron Buman","Ind","Sharon Grierson","ALP",2503,39.46,"Krysia Walker","Lib46",3840,60.54,0,0,"Exact"
"Newcastle","Noel Holt","SEP","Sharon Grierson","ALP",191,68.95,"Krysia Walker","Lib46",86,31.05,0,0,"Exact"
"Newcastle","Charmian Eckersley","Grn","Sharon Grierson","ALP",7302,86.28,"Krysia Walker","Lib46",1161,13.72,0,0,"Exact"
"Newcastle","Joel Curry","Ind","Sharon Grierson","ALP",374,53.35,"Krysia Walker","Lib46",327,46.65,0,0,"Exact"
"Newcastle","Milton Caine","CDP","Sharon Grierson","ALP",331,31.11,"Krysia Walker","Lib46",733,68.89,0,0,"Exact"
"New England","Brian Dettman","ON","Tony Windsor","Ind",807,75.35,"Phil Betts","NPA",264,24.65,0,0,"Exact"
"New England","Richard Witten","CEC","Tony Windsor","Ind",135,60,"Phil Betts","NPA",90,40,0,0,"Exact"
"New England","Luke Brand","ALP","Tony Windsor","Ind",7221,86.29,"Phil Betts","NPA",1147,13.71,0,0,"Exact"
"New England","Bruce Taylor","Grn","Tony Windsor","Ind",2389,82.61,"Phil Betts","NPA",503,17.39,0,0,"Exact"
"North Sydney","Kundan Misra","CEC","Mike Bailey","ALP",64,26.12,"Joe Hockey","Lib46",181,73.88,0,0,"Exact"
"North Sydney","Arie Baalbergen","CDP","Mike Bailey","ALP",188,30.27,"Joe Hockey","Lib46",433,69.73,0,0,"Exact"
"North Sydney","Marcus Aussie-Stone","Ind","Mike Bailey","ALP",257,48.86,"Joe Hockey","Lib46",269,51.14,0,0,"Exact"
"North Sydney","Ted Nixon","Grn","Mike Bailey","ALP",6339,80.74,"Joe Hockey","Lib46",1512,19.26,0,0,"Exact"
"North Sydney","Barry Thompson","CCC","Mike Bailey","ALP",678,60.59,"Joe Hockey","Lib46",441,39.41,0,0,"Exact"
"North Sydney","John Cafferatta","FFP","Mike Bailey","ALP",143,40.63,"Joe Hockey","Lib46",209,59.38,0,0,"Exact"
"O'Connor","Michael Walton","Ind","Dominic Rose","ALP",812,71.99,"Wilson Tuckey","Lib46",316,28.01,0,0,"Exact"
"O'Connor","Stephen Larson","FFP","Dominic Rose","ALP",476,48.03,"Wilson Tuckey","Lib46",515,51.97,0,0,"Exact"
"O'Connor","Ross Paravacini","ON","Dominic Rose","ALP",729,60.05,"Wilson Tuckey","Lib46",485,39.95,0,0,"Exact"
"O'Connor","Philip Gardiner","NPA","Dominic Rose","ALP",2562,19.04,"Wilson Tuckey","Lib46",10897,80.96,0,0,"Exact"
"O'Connor","Mac Forsyth","CDP","Dominic Rose","ALP",427,19.11,"Wilson Tuckey","Lib46",1808,80.89,0,0,"Exact"
"O'Connor","George Giudice","Ind","Dominic Rose","ALP",497,50.41,"Wilson Tuckey","Lib46",489,49.59,0,0,"Exact"
"O'Connor","Judy Sudholz","CEC","Dominic Rose","ALP",119,56.13,"Wilson Tuckey","Lib46",93,43.87,0,0,"Exact"
"O'Connor","Adrian Price","Grn","Dominic Rose","ALP",4154,80.07,"Wilson Tuckey","Lib46",1034,19.93,0,0,"Exact"
"O'Connor","Darius Crowe","Ind","Dominic Rose","ALP",125,52.74,"Wilson Tuckey","Lib46",112,47.26,0,0,"Exact"
"Oxley","Brian Haag","CEC","Bernie Ripoll","ALP",135,46.71,"Scott White","Lib46",154,53.29,0,0,"Exact"
"Oxley","Austin Lund","Grn","Bernie Ripoll","ALP",3058,74.08,"Scott White","Lib46",1070,25.92,0,0,"Exact"
"Oxley","Greg Roy","FFP","Bernie Ripoll","ALP",725,43.1,"Scott White","Lib46",957,56.9,0,0,"Exact"
"Oxley","Murray Henman","AD","Bernie Ripoll","ALP",561,58.99,"Scott White","Lib46",390,41.01,0,0,"Exact"
"Page","Doug Behn","Ind","Janelle Saffin","ALP",988,64.79,"Chris Gulaptis","NPA",537,35.21,0,0,"Exact"
"Page","Mirian Vega","FFP","Janelle Saffin","ALP",417,53.19,"Chris Gulaptis","NPA",367,46.81,0,0,"Exact"
"Page","John Culverwell","CEC","Janelle Saffin","ALP",92,64.34,"Chris Gulaptis","NPA",51,35.66,0,0,"Exact"
"Page","Julia Melland","AD","Janelle Saffin","ALP",595,65.38,"Chris Gulaptis","NPA",315,34.62,0,0,"Exact"
"Page","Theo Jongen","Grn","Janelle Saffin","ALP",6098,87.99,"Chris Gulaptis","NPA",832,12.01,0,0,"Exact"
"Page","Tony Kane","Ind","Janelle Saffin","ALP",436,49.71,"Chris Gulaptis","NPA",441,50.29,0,0,"Exact"
"Page","Rhonda Avasalu","CDP","Janelle Saffin","ALP",362,25.31,"Chris Gulaptis","NPA",1068,74.69,0,0,"Exact"
"Page","Ben Beatty","LDP","Janelle Saffin","ALP",146,31.6,"Chris Gulaptis","NPA",316,68.4,0,0,"Exact"
"Parkes","Tim Horan","Ind","Margaret Patriarca","ALP",6290,36.79,"Mark Coulton","NPA",10808,63.21,0,0,"Exact"
"Parkes","Michael Kiely","CCC","Margaret Patriarca","ALP",383,40.79,"Mark Coulton","NPA",556,59.21,0,0,"Exact"
"Parkes","Bruce Haigh","Ind","Margaret Patriarca","ALP",1022,47.47,"Mark Coulton","NPA",1131,52.53,0,0,"Exact"
"Parkes","Richard Stringer","CEC","Margaret Patriarca","ALP",119,41.46,"Mark Coulton","NPA",168,58.54,0,0,"Exact"
"Parkes","Matt Parmeter","Grn","Margaret Patriarca","ALP",1748,70.03,"Mark Coulton","NPA",748,29.97,0,0,"Exact"
"Parramatta","Rachel Evans","SAl","Julie Owens","ALP",225,22.17,"Colin Robinson","Lib46",790,77.83,0,0,"Exact"
"Parramatta","Chris Gordon","SEP","Julie Owens","ALP",117,44.83,"Colin Robinson","Lib46",144,55.17,0,0,"Exact"
"Parramatta","Graham Nickols","LDP","Julie Owens","ALP",93,33.94,"Colin Robinson","Lib46",181,66.06,0,0,"Exact"
"Parramatta","Astrid O'Neill","Grn","Julie Owens","ALP",3341,77.92,"Colin Robinson","Lib46",947,22.08,0,0,"Exact"
"Parramatta","Alasdair Macdonald","Ind","Julie Owens","ALP",72,41.38,"Colin Robinson","Lib46",102,58.62,0,0,"Exact"
"Parramatta","Rene Hernandez","FFP","Julie Owens","ALP",433,48.76,"Colin Robinson","Lib46",455,51.24,0,0,"Exact"
"Parramatta","Brian Buckley","Ind","Julie Owens","ALP",335,52.43,"Colin Robinson","Lib46",304,47.57,0,0,"Exact"
"Parramatta","Sam Baissari","CDP","Julie Owens","ALP",754,31.38,"Colin Robinson","Lib46",1649,68.62,0,0,"Exact"
"Paterson","Paul Hennelly","FP","Jim Arneman","ALP",601,56.01,"Bob Baldwin","Lib46",472,43.99,0,0,"Exact"
"Paterson","Judy Donnelly","Grn","Jim Arneman","ALP",3617,83.26,"Bob Baldwin","Lib46",727,16.74,0,0,"Exact"
"Paterson","Christopher Stokes","FFP","Jim Arneman","ALP",320,57.25,"Bob Baldwin","Lib46",239,42.75,0,0,"Exact"
"Paterson","Tony King","CEC","Jim Arneman","ALP",196,57.48,"Bob Baldwin","Lib46",145,42.52,0,0,"Exact"
"Paterson","Heather Haynes","CDP","Jim Arneman","ALP",240,23.76,"Bob Baldwin","Lib46",770,76.24,0,0,"Exact"
"Paterson","John Hamberger","ON","Jim Arneman","ALP",423,50.84,"Bob Baldwin","Lib46",409,49.16,0,0,"Exact"
"Pearce","Steve Branwhite","Ind","Christopher Myson","ALP",553,36.07,"Judi Moylan","Lib46",980,63.93,0,0,"Exact"
"Pearce","Paul Mewhor","CDP","Christopher Myson","ALP",331,19.67,"Judi Moylan","Lib46",1352,80.33,0,0,"Exact"
"Pearce","David Gunnyon","ON","Christopher Myson","ALP",646,46.98,"Judi Moylan","Lib46",729,53.02,0,0,"Exact"
"Pearce","David Bolt","FFP","Christopher Myson","ALP",538,43.42,"Judi Moylan","Lib46",701,56.58,0,0,"Exact"
"Pearce","Ron McLean","CEC","Christopher Myson","ALP",124,45.09,"Judi Moylan","Lib46",151,54.91,0,0,"Exact"
"Pearce","Yvonne Dols","Grn","Christopher Myson","ALP",5104,70.14,"Judi Moylan","Lib46",2173,29.86,0,0,"Exact"
"Pearce","Annolies Truman","SAl","Christopher Myson","ALP",254,80.38,"Judi Moylan","Lib46",62,19.62,0,0,"Exact"
"Perth","Stephen Brooks","Ind","Stephen Smith","ALP",996,70.49,"Daniel Nikolic","Lib46",417,29.51,0,0,"Exact"
"Perth","Chris Latham","SAl","Stephen Smith","ALP",372,80.17,"Daniel Nikolic","Lib46",92,19.83,0,0,"Exact"
"Perth","Paul Connelly","CDP","Stephen Smith","ALP",520,32.62,"Daniel Nikolic","Lib46",1074,67.38,0,0,"Exact"
"Perth","Orm Girvan","CEC","Stephen Smith","ALP",101,62.35,"Daniel Nikolic","Lib46",61,37.65,0,0,"Exact"
"Perth","Sharon Fairfull","FFP","Stephen Smith","ALP",428,51.07,"Daniel Nikolic","Lib46",410,48.93,0,0,"Exact"
"Perth","Marie Edmonds","ON","Stephen Smith","ALP",292,46.5,"Daniel Nikolic","Lib46",336,53.5,0,0,"Exact"
"Perth","Damian Douglas-Meyer","Grn","Stephen Smith","ALP",6668,80.14,"Daniel Nikolic","Lib46",1652,19.86,0,0,"Exact"
"Petrie","Terry Jones","Grn","Yvette D'Ath","ALP",2982,76.66,"Teresa Gambaro","Lib46",908,23.34,0,0,"Exact"
"Petrie","Michael Pope","LDP","Yvette D'Ath","ALP",127,58.53,"Teresa Gambaro","Lib46",90,41.47,0,0,"Exact"
"Petrie","Sally Vincent","FFP","Yvette D'Ath","ALP",516,34.04,"Teresa Gambaro","Lib46",1000,65.96,0,0,"Exact"
"Petrie","Bruce Carnwell","AD","Yvette D'Ath","ALP",535,65.72,"Teresa Gambaro","Lib46",279,34.28,0,0,"Exact"
"Petrie","Peter Britt","CDP","Yvette D'Ath","ALP",135,31.4,"Teresa Gambaro","Lib46",295,68.6,0,0,"Exact"
"Port Adelaide","Colin Thomas","Grn","Mark Butler","ALP",6416,80.86,"Brenton Chomel","Lib46",1519,19.14,0,0,"Exact"
"Port Adelaide","Bruce Hambour","FFP","Mark Butler","ALP",2891,55.28,"Brenton Chomel","Lib46",2339,44.72,0,0,"Exact"
"Port Adelaide","Pam Moore","AD","Mark Butler","ALP",1119,61.42,"Brenton Chomel","Lib46",703,38.58,0,0,"Exact"
"Prospect","Carolyn Lever","FFP","Chris Bowen","ALP",918,34.58,"Lily Arthur","Lib46",1737,65.42,0,0,"Exact"
"Prospect","Lizza Gebilagin","Grn","Chris Bowen","ALP",2419,66.86,"Lily Arthur","Lib46",1199,33.14,0,0,"Exact"
"Prospect","Jason Callander","CDP","Chris Bowen","ALP",855,39.09,"Lily Arthur","Lib46",1332,60.91,0,0,"Exact"
"Rankin","Liam Tjia","LDP","Craig Emerson","ALP",225,48.6,"Pete Coulson","Lib46",238,51.4,0,0,"Exact"
"Rankin","Neil Cotter","Grn","Craig Emerson","ALP",2729,72.33,"Pete Coulson","Lib46",1044,27.67,0,0,"Exact"
"Rankin","Bert van Manen","FFP","Craig Emerson","ALP",1051,37.18,"Pete Coulson","Lib46",1776,62.82,0,0,"Exact"
"Rankin","Salam El Marebi","AD","Craig Emerson","ALP",398,67.46,"Pete Coulson","Lib46",192,32.54,0,0,"Exact"
"Rankin","Rob Meyers","CEC","Craig Emerson","ALP",179,65.57,"Pete Coulson","Lib46",94,34.43,0,0,"Exact"
"Reid","Alex Sharah","CDP","Laurie Ferguson","ALP",887,27.98,"Ronney Oueik","Lib46",2283,72.02,0,0,"Exact"
"Reid","Silma Ihram","AD","Laurie Ferguson","ALP",615,54.76,"Ronney Oueik","Lib46",508,45.24,0,0,"Exact"
"Reid","Mark Lipscombe","Grn","Laurie Ferguson","ALP",3029,72.81,"Ronney Oueik","Lib46",1131,27.19,0,0,"Exact"
"Reid","Veronica Lambert","FFP","Laurie Ferguson","ALP",574,44.12,"Ronney Oueik","Lib46",727,55.88,0,0,"Exact"
"Reid","Hal Johnson","CEC","Laurie Ferguson","ALP",221,51.52,"Ronney Oueik","Lib46",208,48.48,0,0,"Exact"
"Richmond","Daniel Farmilo","LDP","Justine Elliot","ALP",529,40.08,"Sue Page","NPA",791,59.92,0,0,"Exact"
"Richmond","Giovanni Ebono","Grn","Justine Elliot","ALP",10747,88.32,"Sue Page","NPA",1421,11.68,0,0,"Exact"
"Richmond","Graham McCallum","CEC","Justine Elliot","ALP",81,46.02,"Sue Page","NPA",95,53.98,0,0,"Exact"
"Richmond","Scott Sledge","AD","Justine Elliot","ALP",622,65.47,"Sue Page","NPA",328,34.53,0,0,"Exact"
"Richmond","Barbara Raymond","CDP","Justine Elliot","ALP",295,28.39,"Sue Page","NPA",744,71.61,0,0,"Exact"
"Riverina","Gary Johnson","CEC","Peter Knox","ALP",403,35.32,"Kay Hull","NPA",738,64.68,0,0,"Exact"
"Riverina","Ray Goodlass","Grn","Peter Knox","ALP",2788,67.51,"Kay Hull","NPA",1342,32.49,0,0,"Exact"
"Riverina","Craig Hesketh","ON","Peter Knox","ALP",828,45.07,"Kay Hull","NPA",1009,54.93,0,0,"Exact"
"Robertson","George Grant","CDP","Belinda Neal","ALP",414,21.46,"Jim Lloyd","Lib46",1515,78.54,0,0,"Exact"
"Robertson","Daniel Le","FFP","Belinda Neal","ALP",327,46.19,"Jim Lloyd","Lib46",381,53.81,0,0,"Exact"
"Robertson","Nicholas Tomlin","CEC","Belinda Neal","ALP",58,41.13,"Jim Lloyd","Lib46",83,58.87,0,0,"Exact"
"Robertson","Helen Ryan","ON","Belinda Neal","ALP",411,44.48,"Jim Lloyd","Lib46",513,55.52,0,0,"Exact"
"Robertson","Mira Wroblewski","Grn","Belinda Neal","ALP",5050,80.43,"Jim Lloyd","Lib46",1229,19.57,0,0,"Exact"
"Ryan","Jim Page","AD","Ross Daniels","ALP",741,61.39,"Michael Johnson","Lib46",466,38.61,0,0,"Exact"
"Ryan","Neville Solomon","CEC","Ross Daniels","ALP",37,41.11,"Michael Johnson","Lib46",53,58.89,0,0,"Exact"
"Ryan","Leisa Schmid","FFP","Ross Daniels","ALP",371,33.13,"Michael Johnson","Lib46",749,66.88,0,0,"Exact"
"Ryan","Charles Worringham","Ind","Ross Daniels","ALP",684,51.51,"Michael Johnson","Lib46",644,48.49,0,0,"Exact"
"Ryan","Evan Jones","Grn","Ross Daniels","ALP",6310,79.54,"Michael Johnson","Lib46",1623,20.46,0,0,"Exact"
"Ryan","Jock Mackenzie","LDP","Ross Daniels","ALP",78,50.32,"Michael Johnson","Lib46",77,49.68,0,0,"Exact"
"Scullin","Tania Byers","FFP","Harry Jenkins","ALP",1355,35.11,"Charles Williams","Lib46",2504,64.89,0,0,"Exact"
"Scullin","Simon Steer","CEC","Harry Jenkins","ALP",115,29.79,"Charles Williams","Lib46",271,70.21,0,0,"Exact"
"Scullin","Peter Hude","AD","Harry Jenkins","ALP",530,61.06,"Charles Williams","Lib46",338,38.94,0,0,"Exact"
"Scullin","Linda Laos","Grn","Harry Jenkins","ALP",4150,84.38,"Charles Williams","Lib46",768,15.62,0,0,"Exact"
"Shortland","Keith Parsons","Grn","Jill Hall","ALP",5602,78.93,"Jon Kealy","Lib46",1495,21.07,0,0,"Exact"
"Shortland","Matthew Reeves","FFP","Jill Hall","ALP",738,44.89,"Jon Kealy","Lib46",906,55.11,0,0,"Exact"
"Shortland","Les Wallace","CDP","Jill Hall","ALP",514,31.06,"Jon Kealy","Lib46",1141,68.94,0,0,"Exact"
"Solomon","Trudy Campbell","CEC","Damian Hale","ALP",131,53.47,"David Tollner","CLP",114,46.53,0,0,"Exact"
"Solomon","Jacques Chester","LDP","Damian Hale","ALP",153,42.74,"David Tollner","CLP",205,57.26,0,0,"Exact"
"Solomon","Maurice Foley","Ind","Damian Hale","ALP",275,50.46,"David Tollner","CLP",270,49.54,0,0,"Exact"
"Solomon","Deborah Hudson","Grn","Damian Hale","ALP",3713,79.47,"David Tollner","CLP",959,20.53,0,0,"Exact"
"Stirling","Sam Ward","LDP","Peter Tinley","ALP",519,77.93,"Michael Keenan","Lib46",147,22.07,0,0,"Exact"
"Stirling","Denise Hynd","WWW","Peter Tinley","ALP",371,62.88,"Michael Keenan","Lib46",219,37.12,0,0,"Exact"
"Stirling","Keith Hallam","CEC","Peter Tinley","ALP",101,63.13,"Michael Keenan","Lib46",59,36.88,0,0,"Exact"
"Stirling","Symia Hopkinson","FFP","Peter Tinley","ALP",268,51.15,"Michael Keenan","Lib46",256,48.85,0,0,"Exact"
"Stirling","Tamara Desiatov","Grn","Peter Tinley","ALP",4731,77.27,"Michael Keenan","Lib46",1392,22.73,0,0,"Exact"
"Stirling","Alex Patrick","ON","Peter Tinley","ALP",257,49.05,"Michael Keenan","Lib46",267,50.95,0,0,"Exact"
"Stirling","Ray Moran","CDP","Peter Tinley","ALP",447,31.77,"Michael Keenan","Lib46",960,68.23,0,0,"Exact"
"Sturt","Carol Jansen","FFP","Mia Handshin","ALP",1369,44.13,"Christopher Pyne","Lib46",1733,55.87,0,0,"Exact"
"Sturt","Paul Rowse","AD","Mia Handshin","ALP",738,69.36,"Christopher Pyne","Lib46",326,30.64,0,0,"Exact"
"Sturt","Sally Reid","Grn","Mia Handshin","ALP",4613,79.45,"Christopher Pyne","Lib46",1193,20.55,0,0,"Exact"
"Sturt","Felicity Tilbrook","LDP","Mia Handshin","ALP",157,48.01,"Christopher Pyne","Lib46",170,51.99,0,0,"Exact"
"Swan","Kim Lisson","Grn","Kim Wilkie","ALP",5377,73.01,"Steve Irons","Lib46",1988,26.99,0,0,"Exact"
"Swan","Damon Fowler","FFP","Kim Wilkie","ALP",207,35.75,"Steve Irons","Lib46",372,64.25,0,0,"Exact"
"Swan","Tasman Gilbert","CDP","Kim Wilkie","ALP",265,21.9,"Steve Irons","Lib46",945,78.1,0,0,"Exact"
"Swan","Linda Ross","Ind","Kim Wilkie","ALP",272,41.46,"Steve Irons","Lib46",384,58.54,0,0,"Exact"
"Swan","Mark Dixon","LDP","Kim Wilkie","ALP",102,41.98,"Steve Irons","Lib46",141,58.02,0,0,"Exact"
"Swan","Norman Gay","CEC","Kim Wilkie","ALP",43,46.74,"Steve Irons","Lib46",49,53.26,0,0,"Exact"
"Swan","Joe Lopez","SEP","Kim Wilkie","ALP",113,71.97,"Steve Irons","Lib46",44,28.03,0,0,"Exact"
"Swan","Joy Harris","ON","Kim Wilkie","ALP",333,51.47,"Steve Irons","Lib46",314,48.53,0,0,"Exact"
"Sydney","Adrian Ford","CEC","Tanya Plibersek","ALP",84,45.65,"Georgina Anderson","Lib46",100,54.35,0,0,"Exact"
"Sydney","Jenny Leong","Grn","Tanya Plibersek","ALP",14056,88.66,"Georgina Anderson","Lib46",1798,11.34,0,0,"Exact"
"Sydney","John Lee","CDP","Tanya Plibersek","ALP",311,42.78,"Georgina Anderson","Lib46",416,57.22,0,0,"Exact"
"Sydney","Jane Ward","Ind","Tanya Plibersek","ALP",603,61.59,"Georgina Anderson","Lib46",376,38.41,0,0,"Exact"
"Sydney","Mayo Materazzo","AD","Tanya Plibersek","ALP",654,74.83,"Georgina Anderson","Lib46",220,25.17,0,0,"Exact"
"Tangney","Christine Ivan","Grn","Mark Reynolds","ALP",4904,71.11,"Dennis Jensen","Lib46",1992,28.89,0,0,"Exact"
"Tangney","Lloyd Boon","ON","Mark Reynolds","ALP",247,40.29,"Dennis Jensen","Lib46",366,59.71,0,0,"Exact"
"Tangney","Lisa Saladine","FFP","Mark Reynolds","ALP",314,38.53,"Dennis Jensen","Lib46",501,61.47,0,0,"Exact"
"Tangney","Katherine Jackson","Ind","Mark Reynolds","ALP",1215,39.58,"Dennis Jensen","Lib46",1855,60.42,0,0,"Exact"
"Tangney","Ka-ren Chew","CDP","Mark Reynolds","ALP",507,27.16,"Dennis Jensen","Lib46",1360,72.84,0,0,"Exact"
"Throsby","Peter Moran","Grn","Jennie George","ALP",5952,81.44,"Stuart Wright","Lib46",1356,18.56,0,0,"Exact"
"Throsby","Scott Deakes","CDP","Jennie George","ALP",872,33.56,"Stuart Wright","Lib46",1726,66.44,0,0,"Exact"
"Wakefield","Bruce Nairn","FFP","Nick Champion","ALP",2463,54.94,"David Fawcett","Lib46",2020,45.06,0,0,"Exact"
"Wakefield","Pauline Edmunds","WWW","Nick Champion","ALP",541,68.22,"David Fawcett","Lib46",252,31.78,0,0,"Exact"
"Wakefield","Peter Fitzpatrick","ON","Nick Champion","ALP",487,58.53,"David Fawcett","Lib46",345,41.47,0,0,"Exact"
"Wakefield","Terry Allen","Grn","Nick Champion","ALP",2678,74.62,"David Fawcett","Lib46",911,25.38,0,0,"Exact"
"Wakefield","Martin Walsh","LDP","Nick Champion","ALP",158,55.63,"David Fawcett","Lib46",126,44.37,0,0,"Exact"
"Wakefield","Felicity Martin","AD","Nick Champion","ALP",566,55.71,"David Fawcett","Lib46",450,44.29,0,0,"Exact"
"Wannon","Lisa Owen","Grn","Antony Moore","ALP",4252,71.43,"David Hawker","Lib46",1701,28.57,0,0,"Exact"
"Wannon","Daniel Pech","FFP","Antony Moore","ALP",1178,32.16,"David Hawker","Lib46",2485,67.84,0,0,"Exact"
"Warringah","Conny Harris","Grn","Hugh Zochling","ALP",8639,81.04,"Tony Abbott","Lib46",2021,18.96,0,0,"Exact"
"Warringah","Georgina Johanson","AD","Hugh Zochling","ALP",706,64.47,"Tony Abbott","Lib46",389,35.53,0,0,"Exact"
"Warringah","Patricia Petersen","Ind","Hugh Zochling","ALP",945,61.81,"Tony Abbott","Lib46",584,38.19,0,0,"Exact"
"Warringah","Brent Middleton","FFP","Hugh Zochling","ALP",214,46.93,"Tony Abbott","Lib46",242,53.07,0,0,"Exact"
"Warringah","Goronwy Price","CCE","Hugh Zochling","ALP",319,51.79,"Tony Abbott","Lib46",297,48.21,0,0,"Exact"
"Warringah","Bill McCudden","CDP","Hugh Zochling","ALP",324,31.76,"Tony Abbott","Lib46",696,68.24,0,0,"Exact"
"Watson","Merry Foy","FFP","Tony Burke","ALP",1541,76.63,"Philip Mansour","Lib46",470,23.37,0,0,"Exact"
"Watson","Ronald Poulsen","Ind","Tony Burke","ALP",268,63.21,"Philip Mansour","Lib46",156,36.79,0,0,"Exact"
"Watson","Josephine Sammut","CDP","Tony Burke","ALP",694,34.91,"Philip Mansour","Lib46",1294,65.09,0,0,"Exact"
"Watson","Christine Donayre","Grn","Tony Burke","ALP",4344,81.93,"Philip Mansour","Lib46",958,18.07,0,0,"Exact"
"Wentworth","Dani Ecuyer","Ind","George Newhouse","ALP",560,72.35,"Malcolm Turnbull","Lib46",214,27.65,0,0,"Exact"
"Wentworth","Susan Jarnason","Grn","George Newhouse","ALP",11496,87.06,"Malcolm Turnbull","Lib46",1709,12.94,0,0,"Exact"
"Wentworth","Dixie Coulton","CCC","George Newhouse","ALP",776,67.13,"Malcolm Turnbull","Lib46",380,32.87,0,0,"Exact"
"Wentworth","James Adams","FFP","George Newhouse","ALP",142,55.69,"Malcolm Turnbull","Lib46",113,44.31,0,0,"Exact"
"Wentworth","John Jamieson","CEC","George Newhouse","ALP",51,65.38,"Malcolm Turnbull","Lib46",27,34.62,0,0,"Exact"
"Wentworth","Jonatan Kelu","LDP","George Newhouse","ALP",64,49.61,"Malcolm Turnbull","Lib46",65,50.39,0,0,"Exact"
"Wentworth","Pat Sheil","Ind","George Newhouse","ALP",149,56.23,"Malcolm Turnbull","Lib46",116,43.77,0,0,"Exact"
"Wentworth","Bradley Moloney","CDP","George Newhouse","ALP",104,32.2,"Malcolm Turnbull","Lib46",219,67.8,0,0,"Exact"
"Wentworth","Pierce Field","AD","George Newhouse","ALP",489,67.82,"Malcolm Turnbull","Lib46",232,32.18,0,0,"Exact"
"Werriwa","Andrew Mills","FFP","Chris Hayes","ALP",1054,54.9,"Rachel Elliott","Lib46",866,45.1,0,0,"Exact"
"Werriwa","Joe Bryant","Ind","Chris Hayes","ALP",1013,50.25,"Rachel Elliott","Lib46",1003,49.75,0,0,"Exact"
"Werriwa","Hany Gayed","CDP","Chris Hayes","ALP",674,37.16,"Rachel Elliott","Lib46",1140,62.84,0,0,"Exact"
"Werriwa","Neerav Bhatt","Grn","Chris Hayes","ALP",2366,78.29,"Rachel Elliott","Lib46",656,21.71,0,0,"Exact"
"Wide Bay","Cate Molloy","Ind","Tony Lawrence","ALP",2656,47.63,"Warren Truss","NPA",2920,52.37,0,0,"Exact"
"Wide Bay","Martin Essenberg","ON","Tony Lawrence","ALP",384,38.55,"Warren Truss","NPA",612,61.45,0,0,"Exact"
"Wide Bay","John Chapman","FFP","Tony Lawrence","ALP",814,29.15,"Warren Truss","NPA",1978,70.85,0,0,"Exact"
"Wide Bay","Katherine Webb","Grn","Tony Lawrence","ALP",4511,68.19,"Warren Truss","NPA",2104,31.81,0,0,"Exact"
"Wide Bay","Terry Shaw","AD","Tony Lawrence","ALP",361,50.21,"Warren Truss","NPA",358,49.79,0,0,"Exact"
"Wills","Edward Clarke","AD","Kelvin Thomson","ALP",1519,75.76,"Claude Tomisich","Lib46",486,24.24,0,0,"Exact"
"Wills","Dave Collis","Grn","Kelvin Thomson","ALP",10714,89.94,"Claude Tomisich","Lib46",1198,10.06,0,0,"Exact"
"Wills","Ihab Kelada","FFP","Kelvin Thomson","ALP",553,44.85,"Claude Tomisich","Lib46",680,55.15,0,0,"Exact"
"Wills","Craig Isherwood","CEC","Kelvin Thomson","ALP",92,40.53,"Claude Tomisich","Lib46",135,59.47,0,0,"Exact"
"Wills","Zane Alcorn","SAl","Kelvin Thomson","ALP",504,80.77,"Claude Tomisich","Lib46",120,19.23,0,0,"Exact"
