"Seat","From_candidate","From_party","To_candidate1","To_party1","Votes1","Vote_perc1","To_candidate2","To_party2","Votes2","Vote_perc2","Exhausted","Exhausted_perc","Calc_type"
"Adelaide","Liah Lazarou","SAl","Kate Ellis","ALP",830,84.69,"Carmen Garcia","Lib46",150,15.31,0,0,"Exact"
"Adelaide","Vince Scali","PUP","Kate Ellis","ALP",976,50.23,"Carmen Garcia","Lib46",967,49.77,0,0,"Exact"
"Adelaide","Peter Lee","FFP","Kate Ellis","ALP",876,40.39,"Carmen Garcia","Lib46",1293,59.61,0,0,"Exact"
"Adelaide","Ruth Beach","Grn","Kate Ellis","ALP",8006,86.54,"Carmen Garcia","Lib46",1245,13.46,0,0,"Exact"
"Aston","Jennifer Speer","RUA","Rupert Evans","ALP",226,38.9,"Alan Tudge","Lib46",355,61.1,0,0,"Exact"
"Aston","Steve Raymond","Grn","Rupert Evans","ALP",4057,80.87,"Alan Tudge","Lib46",960,19.13,0,0,"Exact"
"Aston","Brad Watt","PUP","Rupert Evans","ALP",1421,44.32,"Alan Tudge","Lib46",1785,55.68,0,0,"Exact"
"Aston","Tony Foster","FFP","Rupert Evans","ALP",768,32.51,"Alan Tudge","Lib46",1594,67.49,0,0,"Exact"
"Aston","Charity Jenkins","ASXP","Rupert Evans","ALP",1347,58.69,"Alan Tudge","Lib46",948,41.31,0,0,"Exact"
"Ballarat","Anne Foster","ACh","Catherine King","ALP",255,22.39,"John Fitzgibbon","Lib46",884,77.61,0,0,"Exact"
"Ballarat","Ana Rojas","RUA","Catherine King","ALP",76,33.19,"John Fitzgibbon","Lib46",153,66.81,0,0,"Exact"
"Ballarat","Shane Dunne","KAP","Catherine King","ALP",323,38.04,"John Fitzgibbon","Lib46",526,61.96,0,0,"Exact"
"Ballarat","Joshua Mathieson","ASXP","Catherine King","ALP",1267,59.34,"John Fitzgibbon","Lib46",868,40.66,0,0,"Exact"
"Ballarat","Stephanie Hodgins-May","Grn","Catherine King","ALP",7725,86.69,"John Fitzgibbon","Lib46",1186,13.31,0,0,"Exact"
"Ballarat","Stephen Vereker","DLP","Catherine King","ALP",352,34.44,"John Fitzgibbon","Lib46",670,65.56,0,0,"Exact"
"Ballarat","Gerard Murphy","PUP","Catherine King","ALP",1644,48.41,"John Fitzgibbon","Lib46",1752,51.59,0,0,"Exact"
"Ballarat","Shane Clark","FFP","Catherine King","ALP",518,45.48,"John Fitzgibbon","Lib46",621,54.52,0,0,"Exact"
"Banks","Jake Wellham","PUP","Daryl Melham","ALP",1084,51.01,"David Coleman","Lib46",1041,48.99,0,0,"Exact"
"Banks","Sayed Khedr","Ind","Daryl Melham","ALP",480,62.5,"David Coleman","Lib46",288,37.5,0,0,"Exact"
"Banks","Ross Richardson","KAP","Daryl Melham","ALP",289,52.26,"David Coleman","Lib46",264,47.74,0,0,"Exact"
"Banks","Paul Spight","Grn","Daryl Melham","ALP",3479,82.01,"David Coleman","Lib46",763,17.99,0,0,"Exact"
"Banks","Mark Falanga","CDP","Daryl Melham","ALP",486,24.51,"David Coleman","Lib46",1497,75.49,0,0,"Exact"
"Banks","Robert Haddad","DLP","Daryl Melham","ALP",232,49.36,"David Coleman","Lib46",238,50.64,0,0,"Exact"
"Barker","Mark Keough","Grn","Phil Golding","ALP",4182,80.05,"Tony Pasin","Lib46",1042,19.95,0,0,"Exact"
"Barker","Kristin Lambert","FFP","Phil Golding","ALP",3381,45.89,"Tony Pasin","Lib46",3987,54.11,0,0,"Exact"
"Barker","Balwinder Singh Jhandi","PUP","Phil Golding","ALP",2076,57.3,"Tony Pasin","Lib46",1547,42.7,0,0,"Exact"
"Barker","Miles Hannemann","NPA","Phil Golding","ALP",905,22.51,"Tony Pasin","Lib46",3116,77.49,0,0,"Exact"
"Barker","Richard Sage","Ind","Phil Golding","ALP",3416,51.62,"Tony Pasin","Lib46",3201,48.38,0,0,"Exact"
"Barton","Edward Caruana","PUP","Steve McMahon","ALP",1146,36.8,"Nickolas Varvaris","Lib46",1968,63.2,0,0,"Exact"
"Barton","Michael Nagi","Ind","Steve McMahon","ALP",1135,36.96,"Nickolas Varvaris","Lib46",1936,63.04,0,0,"Exact"
"Barton","Perry Theo","ON","Steve McMahon","ALP",304,44.31,"Nickolas Varvaris","Lib46",382,55.69,0,0,"Exact"
"Barton","Kylie French","CDP","Steve McMahon","ALP",454,29.31,"Nickolas Varvaris","Lib46",1095,70.69,0,0,"Exact"
"Barton","Jackie Brooker","Grn","Steve McMahon","ALP",4064,84.88,"Nickolas Varvaris","Lib46",724,15.12,0,0,"Exact"
"Barton","Rod Wyse","KAP","Steve McMahon","ALP",308,54.32,"Nickolas Varvaris","Lib46",259,45.68,0,0,"Exact"
"Bass","Ray Kroeze","ACh","Geoff Lyons","ALP",200,20.77,"Andrew Nikolic","Lib46",763,79.23,0,0,"Exact"
"Bass","Chris Dobson","PUP","Geoff Lyons","ALP",1858,52.78,"Andrew Nikolic","Lib46",1662,47.22,0,0,"Exact"
"Bass","Christine Bergman","FFP","Geoff Lyons","ALP",671,47.69,"Andrew Nikolic","Lib46",736,52.31,0,0,"Exact"
"Bass","Lucy Landon-Lane","Grn","Geoff Lyons","ALP",4399,85.25,"Andrew Nikolic","Lib46",761,14.75,0,0,"Exact"
"Bass","Jin-oh Choi","SPA10","Geoff Lyons","ALP",263,68.49,"Andrew Nikolic","Lib46",121,31.51,0,0,"Exact"
"Batman","Pat Winterton","RUA","David Feeney","ALP",300,26.76,"Alex Bhathal","Grn",821,73.24,0,0,"Exact"
"Batman","Ken Smithies","FFP","David Feeney","ALP",574,50.98,"Alex Bhathal","Grn",552,49.02,0,0,"Exact"
"Batman","Philip Sutton","Ind","David Feeney","ALP",206,28.37,"Alex Bhathal","Grn",520,71.63,0,0,"Exact"
"Batman","George Souris","Lib46","David Feeney","ALP",13492,67.4,"Alex Bhathal","Grn",6525,32.6,0,0,"Exact"
"Batman","Lianna Sliwczynski","ASXP","David Feeney","ALP",926,40.24,"Alex Bhathal","Grn",1375,59.76,0,0,"Exact"
"Batman","Franco Guardiani","PUP","David Feeney","ALP",1155,51.26,"Alex Bhathal","Grn",1098,48.74,0,0,"Exact"
"Batman","Rosemary Lavin","AJP","David Feeney","ALP",558,44.64,"Alex Bhathal","Grn",692,55.36,0,0,"Exact"
"Bendigo","Sarah Sheedy","NPA","Lisa Chesters","ALP",1355,29.18,"Greg Bickley","Lib46",3289,70.82,0,0,"Exact"
"Bendigo","Lachlan Slade","Grn","Lisa Chesters","ALP",7762,90.26,"Greg Bickley","Lib46",838,9.74,0,0,"Exact"
"Bendigo","Charlie Crutchfield","ASXP","Lisa Chesters","ALP",1421,64.01,"Greg Bickley","Lib46",799,35.99,0,0,"Exact"
"Bendigo","Alan Howard","FFP","Lisa Chesters","ALP",421,40.64,"Greg Bickley","Lib46",615,59.36,0,0,"Exact"
"Bendigo","Rod Leunig","ACA","Lisa Chesters","ALP",201,37.36,"Greg Bickley","Lib46",337,62.64,0,0,"Exact"
"Bendigo","Daniel Abikhair","Ind","Lisa Chesters","ALP",417,76.51,"Greg Bickley","Lib46",128,23.49,0,0,"Exact"
"Bendigo","Matine Rahmani","Ind","Lisa Chesters","ALP",182,70.27,"Greg Bickley","Lib46",77,29.73,0,0,"Exact"
"Bendigo","Sandra Caddy","RUA","Lisa Chesters","ALP",167,33.47,"Greg Bickley","Lib46",332,66.53,0,0,"Exact"
"Bendigo","Anita Donlon","PUP","Lisa Chesters","ALP",1194,51.11,"Greg Bickley","Lib46",1142,48.89,0,0,"Exact"
"Bendigo","Stephen Stingel","KAP","Lisa Chesters","ALP",313,42.01,"Greg Bickley","Lib46",432,57.99,0,0,"Exact"
"Bendigo","Ewan McDonald","ACh","Lisa Chesters","ALP",164,28.92,"Greg Bickley","Lib46",403,71.08,0,0,"Exact"
"Bennelong","Lindsay Peters","Grn","Jason Yat-sen Li","ALP",6379,85.58,"John Alexander","Lib46",1075,14.42,0,0,"Exact"
"Bennelong","Julie Worsley","CDP","Jason Yat-sen Li","ALP",651,30.49,"John Alexander","Lib46",1484,69.51,0,0,"Exact"
"Bennelong","Rob Marks","PUP","Jason Yat-sen Li","ALP",716,45.06,"John Alexander","Lib46",873,54.94,0,0,"Exact"
"Bennelong","Lachlan McCaffrey","DLP","Jason Yat-sen Li","ALP",316,51.22,"John Alexander","Lib46",301,48.78,0,0,"Exact"
"Bennelong","John August","SPA10","Jason Yat-sen Li","ALP",405,67.28,"John Alexander","Lib46",197,32.72,0,0,"Exact"
"Bennelong","Victor Waterson","AFP","Jason Yat-sen Li","ALP",190,38.62,"John Alexander","Lib46",302,61.38,0,0,"Exact"
"Berowra","Mick Gallagher","Ind","Michael Stove","ALP",1621,48.04,"Philip Ruddock","Lib46",1753,51.96,0,0,"Exact"
"Berowra","Leighton Thew","CDP","Michael Stove","ALP",395,18.5,"Philip Ruddock","Lib46",1740,81.5,0,0,"Exact"
"Berowra","John Storey","Grn","Michael Stove","ALP",7199,82.9,"Philip Ruddock","Lib46",1485,17.1,0,0,"Exact"
"Berowra","Deborah Smythe","SPP","Michael Stove","ALP",214,43.5,"Philip Ruddock","Lib46",278,56.5,0,0,"Exact"
"Berowra","Paul Graves","PUP","Michael Stove","ALP",969,41.7,"Philip Ruddock","Lib46",1355,58.3,0,0,"Exact"
"Blair","Elwyn Denman","FFP","Shayne Neumann","ALP",1246,55.21,"Teresa Harding","LNP",1011,44.79,0,0,"Exact"
"Blair","Dale Chorley","KAP","Shayne Neumann","ALP",1319,52.95,"Teresa Harding","LNP",1172,47.05,0,0,"Exact"
"Blair","Anthony Mackin","RUA","Shayne Neumann","ALP",241,47.82,"Teresa Harding","LNP",263,52.18,0,0,"Exact"
"Blair","Anthony Stanton","PUP","Shayne Neumann","ALP",4874,49.71,"Teresa Harding","LNP",4931,50.29,0,0,"Exact"
"Blair","Clare Rudkin","Grn","Shayne Neumann","ALP",2639,78.57,"Teresa Harding","LNP",720,21.43,0,0,"Exact"
"Blair","Shannon Deguara","AIn","Shayne Neumann","ALP",505,49.95,"Teresa Harding","LNP",506,50.05,0,0,"Exact"
"Blaxland","Norm Taleb","KAP","Jason Clare","ALP",454,23.63,"Anthony Khouri","Lib46",1467,76.37,0,0,"Exact"
"Blaxland","Zali Burrows","PUP","Jason Clare","ALP",1034,48.8,"Anthony Khouri","Lib46",1085,51.2,0,0,"Exact"
"Blaxland","Juliat Nasr","CDP","Jason Clare","ALP",585,33.3,"Anthony Khouri","Lib46",1172,66.7,0,0,"Exact"
"Blaxland","John Ky","Grn","Jason Clare","ALP",1892,78.31,"Anthony Khouri","Lib46",524,21.69,0,0,"Exact"
"Blaxland","Boutros Zalloua","DLP","Jason Clare","ALP",492,60.22,"Anthony Khouri","Lib46",325,39.78,0,0,"Exact"
"Bonner","Jeff Penny","FFP","Laura Fraser Hardy","ALP",554,30.97,"Ross Vasta","LNP",1235,69.03,0,0,"Exact"
"Bonner","Jarrod Wirth","UAP13","Laura Fraser Hardy","ALP",174,45.08,"Ross Vasta","LNP",212,54.92,0,0,"Exact"
"Bonner","Dave Nelson","Grn","Laura Fraser Hardy","ALP",4822,82.06,"Ross Vasta","LNP",1054,17.94,0,0,"Exact"
"Bonner","James MacAnally","PUP","Laura Fraser Hardy","ALP",3289,49,"Ross Vasta","LNP",3423,51,0,0,"Exact"
"Boothby","Stephen Thomas","Grn","Annabel Digance","ALP",8687,76.96,"Andrew Southcott","Lib46",2600,23.04,0,0,"Exact"
"Boothby","Sally Cox","PUP","Annabel Digance","ALP",1348,47.55,"Andrew Southcott","Lib46",1487,52.45,0,0,"Exact"
"Boothby","Natasha Edmonds","FFP","Annabel Digance","ALP",1388,37.69,"Andrew Southcott","Lib46",2295,62.31,0,0,"Exact"
"Bowman","Andrew O'Shea","FFP","Darryl Briskey","ALP",633,33.89,"Andrew Laming","LNP",1235,66.11,0,0,"Exact"
"Bowman","Penny Allman-Payne","Grn","Darryl Briskey","ALP",4011,77.16,"Andrew Laming","LNP",1187,22.84,0,0,"Exact"
"Bowman","John Wayne","PUP","Darryl Briskey","ALP",5144,46.56,"Andrew Laming","LNP",5905,53.44,0,0,"Exact"
"Braddon","Melissa Houghton","Grn","Sid Sidebottom","ALP",2918,85.57,"Brett Whiteley","Lib46",492,14.43,0,0,"Exact"
"Braddon","Kevin Morgan","PUP","Sid Sidebottom","ALP",3264,53.29,"Brett Whiteley","Lib46",2861,46.71,0,0,"Exact"
"Braddon","Bernard Shaw","RUA","Sid Sidebottom","ALP",315,43.39,"Brett Whiteley","Lib46",411,56.61,0,0,"Exact"
"Bradfield","Blake Buchanan","PUP","Chris Haviland","ALP",1165,49.24,"Paul Fletcher","Lib46",1201,50.76,0,0,"Exact"
"Bradfield","Paul Harrold","DLP","Chris Haviland","ALP",643,64.82,"Paul Fletcher","Lib46",349,35.18,0,0,"Exact"
"Bradfield","John Archer","CDP","Chris Haviland","ALP",454,27.17,"Paul Fletcher","Lib46",1217,72.83,0,0,"Exact"
"Bradfield","Pippa McInnes","Grn","Chris Haviland","ALP",8931,78.14,"Paul Fletcher","Lib46",2498,21.86,0,0,"Exact"
"Brand","Andrew Newhouse","FFP","Gary Gray","ALP",1285,61.81,"Donna Gordin","Lib46",794,38.19,0,0,"Exact"
"Brand","Craig Lawrence","PUP","Gary Gray","ALP",3328,51.06,"Donna Gordin","Lib46",3190,48.94,0,0,"Exact"
"Brand","Mick Le-Cocq","CEC","Gary Gray","ALP",179,63.93,"Donna Gordin","Lib46",101,36.07,0,0,"Exact"
"Brand","Paul Young","AD","Gary Gray","ALP",366,61.2,"Donna Gordin","Lib46",232,38.8,0,0,"Exact"
"Brand","Gabrielle Iriks","RUA","Gary Gray","ALP",334,51.7,"Donna Gordin","Lib46",312,48.3,0,0,"Exact"
"Brand","Dawn Jecks","Grn","Gary Gray","ALP",4973,78.4,"Donna Gordin","Lib46",1370,21.6,0,0,"Exact"
"Brand","Bob Burdett","ACh","Gary Gray","ALP",382,22.67,"Donna Gordin","Lib46",1303,77.33,0,0,"Exact"
"Brisbane","John Roles","SPP","Fiona McNamara","ALP",203,35.99,"Teresa Gambaro","LNP",361,64.01,0,0,"Exact"
"Brisbane","Tony Rose","SPA10","Fiona McNamara","ALP",387,64.29,"Teresa Gambaro","LNP",215,35.71,0,0,"Exact"
"Brisbane","Connie Cicchini","KAP","Fiona McNamara","ALP",436,45.85,"Teresa Gambaro","LNP",515,54.15,0,0,"Exact"
"Brisbane","Veronica Ford","PUP","Fiona McNamara","ALP",1601,43.95,"Teresa Gambaro","LNP",2042,56.05,0,0,"Exact"
"Brisbane","Rachael Jacobs","Grn","Fiona McNamara","ALP",10646,85.5,"Teresa Gambaro","LNP",1806,14.5,0,0,"Exact"
"Brisbane","Sharyn Joyner","FFP","Fiona McNamara","ALP",276,34.46,"Teresa Gambaro","LNP",525,65.54,0,0,"Exact"
"Bruce","Rebecca Filliponi","FFP","Alan Griffin","ALP",1299,59.42,"Emanuele Cicchiello","Lib46",887,40.58,0,0,"Exact"
"Bruce","Paul Tuyau","PUP","Alan Griffin","ALP",1154,53.11,"Emanuele Cicchiello","Lib46",1019,46.89,0,0,"Exact"
"Bruce","Geraldine Gonsalvez","DLP","Alan Griffin","ALP",601,45.05,"Emanuele Cicchiello","Lib46",733,54.95,0,0,"Exact"
"Bruce","Robert White","RUA","Alan Griffin","ALP",240,36.81,"Emanuele Cicchiello","Lib46",412,63.19,0,0,"Exact"
"Bruce","Lynette Keleher","Grn","Alan Griffin","ALP",4558,83.01,"Emanuele Cicchiello","Lib46",933,16.99,0,0,"Exact"
"Bruce","Kiry Uth","Ind","Alan Griffin","ALP",334,48.97,"Emanuele Cicchiello","Lib46",348,51.03,0,0,"Exact"
"Calare","Billie Kirkland","KAP","Jess Jennings","ALP",481,37.2,"John Cobb","NPA",812,62.8,0,0,"Exact"
"Calare","Ian Lyons","CDP","Jess Jennings","ALP",340,20.88,"John Cobb","NPA",1288,79.12,0,0,"Exact"
"Calare","Macgregor Ross","Ind","Jess Jennings","ALP",1197,50.13,"John Cobb","NPA",1191,49.87,0,0,"Exact"
"Calare","Brian Cain","PUP","Jess Jennings","ALP",1799,41.3,"John Cobb","NPA",2557,58.7,0,0,"Exact"
"Calare","David Mallard","Grn","Jess Jennings","ALP",3149,77.68,"John Cobb","NPA",905,22.32,0,0,"Exact"
"Calare","Anthony Craig","DLP","Jess Jennings","ALP",477,62.85,"John Cobb","NPA",282,37.15,0,0,"Exact"
"Calare","Peter Schultze","AFP","Jess Jennings","ALP",447,44.26,"John Cobb","NPA",563,55.74,0,0,"Exact"
"Calwell","Brett Watson","KAP","Maria Vamvakinou","ALP",1463,76.4,"Ali Khan","Lib46",452,23.6,0,0,"Exact"
"Calwell","Paul Graham","FFP","Maria Vamvakinou","ALP",1414,65.01,"Ali Khan","Lib46",761,34.99,0,0,"Exact"
"Calwell","Bryce Letcher","PUP","Maria Vamvakinou","ALP",2128,57.08,"Ali Khan","Lib46",1600,42.92,0,0,"Exact"
"Calwell","Nevena Spirovska","ASXP","Maria Vamvakinou","ALP",1559,65.86,"Ali Khan","Lib46",808,34.14,0,0,"Exact"
"Calwell","Maria Bengtsson","ACh","Maria Vamvakinou","ALP",1125,53.04,"Ali Khan","Lib46",996,46.96,0,0,"Exact"
"Calwell","Charles Rozario","RUA","Maria Vamvakinou","ALP",212,51.08,"Ali Khan","Lib46",203,48.92,0,0,"Exact"
"Calwell","Omar Jabir Omar","DLP","Maria Vamvakinou","ALP",731,55.8,"Ali Khan","Lib46",579,44.2,0,0,"Exact"
"Calwell","Joanna Nevill","Grn","Maria Vamvakinou","ALP",3455,74.59,"Ali Khan","Lib46",1177,25.41,0,0,"Exact"
"Canberra","Julie Melrose","Grn","Gai Brodtmann","ALP",12629,85.96,"Tom Sefton","Lib46",2062,14.04,0,0,"Exact"
"Canberra","Tony Hanley","PUP","Gai Brodtmann","ALP",1887,50.66,"Tom Sefton","Lib46",1838,49.34,0,0,"Exact"
"Canberra","Damien Maher","BTA","Gai Brodtmann","ALP",3018,63.46,"Tom Sefton","Lib46",1738,36.54,0,0,"Exact"
"Canberra","Nicolle Burt","SPA10","Gai Brodtmann","ALP",927,73.34,"Tom Sefton","Lib46",337,26.66,0,0,"Exact"
"Canning","Damon Pages-Oliver","Grn","Joanne Dean","ALP",5066,77.38,"Don Randall","Lib46",1481,22.62,0,0,"Exact"
"Canning","Derek Bruning","ACh","Joanne Dean","ALP",375,13.68,"Don Randall","Lib46",2367,86.32,0,0,"Exact"
"Canning","James Forsyth","NPA","Joanne Dean","ALP",555,32.51,"Don Randall","Lib46",1152,67.49,0,0,"Exact"
"Canning","Wendy Lamotte","PUP","Joanne Dean","ALP",2848,46.78,"Don Randall","Lib46",3240,53.22,0,0,"Exact"
"Canning","Alice Harper","FFP","Joanne Dean","ALP",635,53.05,"Don Randall","Lib46",562,46.95,0,0,"Exact"
"Canning","Lee Rumble","RUA","Joanne Dean","ALP",310,46.34,"Don Randall","Lib46",359,53.66,0,0,"Exact"
"Canning","Richard Eldridge","KAP","Joanne Dean","ALP",426,54.9,"Don Randall","Lib46",350,45.1,0,0,"Exact"
"Capricornia","Paul Lewis","RUA","Peter Freeleagus","ALP",232,52.85,"Michelle Landry","LNP",207,47.15,0,0,"Exact"
"Capricornia","Derek Ison","PUP","Peter Freeleagus","ALP",3370,49.95,"Michelle Landry","LNP",3377,50.05,0,0,"Exact"
"Capricornia","Paul Bambrick","Grn","Peter Freeleagus","ALP",2217,76.19,"Michelle Landry","LNP",693,23.81,0,0,"Exact"
"Capricornia","Bruce Diamond","Ind","Peter Freeleagus","ALP",912,51.32,"Michelle Landry","LNP",865,48.68,0,0,"Exact"
"Capricornia","Hazel Alley","FFP","Peter Freeleagus","ALP",1044,31.89,"Michelle Landry","LNP",2230,68.11,0,0,"Exact"
"Capricornia","Robbie Williams","KAP","Peter Freeleagus","ALP",2579,54.78,"Michelle Landry","LNP",2129,45.22,0,0,"Exact"
"Casey","Steve Meacher","Grn","Cathy Farrell","ALP",8523,88.4,"Tony Smith","Lib46",1118,11.6,0,0,"Exact"
"Casey","Gary Coombes","FFP","Cathy Farrell","ALP",935,39.45,"Tony Smith","Lib46",1435,60.55,0,0,"Exact"
"Casey","Jeffrey Leake","ACA","Cathy Farrell","ALP",418,42.39,"Tony Smith","Lib46",568,57.61,0,0,"Exact"
"Casey","Mike Brown","ACh","Cathy Farrell","ALP",289,25.67,"Tony Smith","Lib46",837,74.33,0,0,"Exact"
"Casey","Jeanette McRae","Ind","Cathy Farrell","ALP",879,64.73,"Tony Smith","Lib46",479,35.27,0,0,"Exact"
"Casey","Paul Barbieri","RUA","Cathy Farrell","ALP",185,41.48,"Tony Smith","Lib46",261,58.52,0,0,"Exact"
"Casey","Milton Wilde","PUP","Cathy Farrell","ALP",2034,46.09,"Tony Smith","Lib46",2379,53.91,0,0,"Exact"
"Charlton","Steve Camilleri","CDP","Pat Conroy","ALP",719,26.92,"Kevin Baker","Lib46",1952,73.08,0,0,"Exact"
"Charlton","Dessie Kocher","Grn","Pat Conroy","ALP",4656,80,"Kevin Baker","Lib46",1164,20,0,0,"Exact"
"Charlton","Brian Burston","ON","Pat Conroy","ALP",1062,46.87,"Kevin Baker","Lib46",1204,53.13,0,0,"Exact"
"Charlton","Bronwyn Reid","PUP","Pat Conroy","ALP",3869,41.11,"Kevin Baker","Lib46",5543,58.89,0,0,"Exact"
"Charlton","Trevor Anthoney","BTA","Pat Conroy","ALP",742,50.82,"Kevin Baker","Lib46",718,49.18,0,0,"Exact"
"Chifley","Ammar Khan","Ind","Ed Husic","ALP",1252,71.58,"Isabelle White","Lib46",497,28.42,0,0,"Exact"
"Chifley","Michael Wright","DLP","Ed Husic","ALP",447,55.19,"Isabelle White","Lib46",363,44.81,0,0,"Exact"
"Chifley","Dave Vincent","CDP","Ed Husic","ALP",863,30.15,"Isabelle White","Lib46",1999,69.85,0,0,"Exact"
"Chifley","Alex Norwick","AFP","Ed Husic","ALP",171,43.18,"Isabelle White","Lib46",225,56.82,0,0,"Exact"
"Chifley","Ben Hammond","Grn","Ed Husic","ALP",1688,76.8,"Isabelle White","Lib46",510,23.2,0,0,"Exact"
"Chifley","Elizabeth Power","ON","Ed Husic","ALP",668,47.65,"Isabelle White","Lib46",734,52.35,0,0,"Exact"
"Chifley","Christopher Buttel","PUP","Ed Husic","ALP",1698,50.52,"Isabelle White","Lib46",1663,49.48,0,0,"Exact"
"Chisholm","Josh Fergeus","Grn","Anna Burke","ALP",7153,87.95,"John Nguyen","Lib46",980,12.05,0,0,"Exact"
"Chisholm","Luzio Grossi","ASXP","Anna Burke","ALP",1220,69.24,"John Nguyen","Lib46",542,30.76,0,0,"Exact"
"Chisholm","Melanie Vassiliou","RUA","Anna Burke","ALP",310,47.69,"John Nguyen","Lib46",340,52.31,0,0,"Exact"
"Chisholm","Brian Woods","PUP","Anna Burke","ALP",653,46.48,"John Nguyen","Lib46",752,53.52,0,0,"Exact"
"Chisholm","Martin Myszka","FFP","Anna Burke","ALP",329,34.67,"John Nguyen","Lib46",620,65.33,0,0,"Exact"
"Chisholm","Vidura Jayaratne","SPA10","Anna Burke","ALP",255,73.91,"John Nguyen","Lib46",90,26.09,0,0,"Exact"
"Chisholm","Pat Shea","DLP","Anna Burke","ALP",496,57.67,"John Nguyen","Lib46",364,42.33,0,0,"Exact"
"Cook","Matt Palise","PUP","Peter Scaysbrook","ALP",1700,45.15,"Scott Morrison","Lib46",2065,54.85,0,0,"Exact"
"Cook","Beth Smith","CDP","Peter Scaysbrook","ALP",497,25.09,"Scott Morrison","Lib46",1484,74.91,0,0,"Exact"
"Cook","Jim Saleam","AFP","Peter Scaysbrook","ALP",289,46.84,"Scott Morrison","Lib46",328,53.16,0,0,"Exact"
"Cook","Mithra Cox","Grn","Peter Scaysbrook","ALP",5035,83.11,"Scott Morrison","Lib46",1023,16.89,0,0,"Exact"
"Cook","Graeme Strang","Ind","Peter Scaysbrook","ALP",684,51.78,"Scott Morrison","Lib46",637,48.22,0,0,"Exact"
"Corangamite","Lloyd Davies","Grn","Darren Cheeseman","ALP",9491,86.23,"Sarah Henderson","Lib46",1516,13.77,0,0,"Exact"
"Corangamite","Helen Rashleigh","RUA","Darren Cheeseman","ALP",118,43.22,"Sarah Henderson","Lib46",155,56.78,0,0,"Exact"
"Corangamite","Alan Barron","ACh","Darren Cheeseman","ALP",166,33.27,"Sarah Henderson","Lib46",333,66.73,0,0,"Exact"
"Corangamite","Adrian Whitehead","Ind","Darren Cheeseman","ALP",438,63.11,"Sarah Henderson","Lib46",256,36.89,0,0,"Exact"
"Corangamite","Peter Wray","FFP","Darren Cheeseman","ALP",322,35.46,"Sarah Henderson","Lib46",586,64.54,0,0,"Exact"
"Corangamite","Jayden Millard","ASXP","Darren Cheeseman","ALP",1084,62.8,"Sarah Henderson","Lib46",642,37.2,0,0,"Exact"
"Corangamite","Warren Jackman","ACA","Darren Cheeseman","ALP",158,38.73,"Sarah Henderson","Lib46",250,61.27,0,0,"Exact"
"Corangamite","Buddy Rojek","PUP","Darren Cheeseman","ALP",1056,52.12,"Sarah Henderson","Lib46",970,47.88,0,0,"Exact"
"Corangamite","Andrew Black","NPA","Darren Cheeseman","ALP",119,19.9,"Sarah Henderson","Lib46",479,80.1,0,0,"Exact"
"Corangamite","Nick Steel","APP13","Darren Cheeseman","ALP",64,41.03,"Sarah Henderson","Lib46",92,58.97,0,0,"Exact"
"Corio","Tony Harrington","PUP","Richard Marles","ALP",3068,59.9,"Peter Read","Lib46",2054,40.1,0,0,"Exact"
"Corio","Yann Legrand","RUA","Richard Marles","ALP",195,53.57,"Peter Read","Lib46",169,46.43,0,0,"Exact"
"Corio","Brendan Fenn","FFP","Richard Marles","ALP",695,47.57,"Peter Read","Lib46",766,52.43,0,0,"Exact"
"Corio","Sue Bull","SAl","Richard Marles","ALP",527,77.61,"Peter Read","Lib46",152,22.39,0,0,"Exact"
"Corio","Patrick Atherton","ACh","Richard Marles","ALP",179,32.6,"Peter Read","Lib46",370,67.4,0,0,"Exact"
"Corio","Greg Lacey","Grn","Richard Marles","ALP",5460,82.82,"Peter Read","Lib46",1133,17.18,0,0,"Exact"
"Corio","Stephanie Asher","Ind","Richard Marles","ALP",1121,57.25,"Peter Read","Lib46",837,42.75,0,0,"Exact"
"Corio","Justine Martin","ASXP","Richard Marles","ALP",1605,64.41,"Peter Read","Lib46",887,35.59,0,0,"Exact"
"Cowan","David Kingston","ACh","Tristan Cockman","ALP",509,28.25,"Luke Simpkins","Lib46",1293,71.75,0,0,"Exact"
"Cowan","Sheila Mundy","RUA","Tristan Cockman","ALP",364,41.89,"Luke Simpkins","Lib46",505,58.11,0,0,"Exact"
"Cowan","Adam Collins","Grn","Tristan Cockman","ALP",5095,76.31,"Luke Simpkins","Lib46",1582,23.69,0,0,"Exact"
"Cowan","Che Tam Nguyen","FFP","Tristan Cockman","ALP",682,47.3,"Luke Simpkins","Lib46",760,52.7,0,0,"Exact"
"Cowan","Vimal Sharma","PUP","Tristan Cockman","ALP",2003,44.5,"Luke Simpkins","Lib46",2498,55.5,0,0,"Exact"
"Cowper","Carol Vernon","Grn","Alfredo Navarro","ALP",8133,76.12,"Luke Hartsuyker","NPA",2552,23.88,0,0,"Exact"
"Cowper","Bethany McAlpine","CDP","Alfredo Navarro","ALP",461,20.73,"Luke Hartsuyker","NPA",1763,79.27,0,0,"Exact"
"Cowper","Rod Jeanneret","PUP","Alfredo Navarro","ALP",2571,44.8,"Luke Hartsuyker","NPA",3168,55.2,0,0,"Exact"
"Cunningham","Christopher Atlee","PUP","Sharon Bird","ALP",2054,48.3,"Philip Clifford","Lib46",2199,51.7,0,0,"Exact"
"Cunningham","Helen Wilson","Grn","Sharon Bird","ALP",9363,87.26,"Philip Clifford","Lib46",1367,12.74,0,0,"Exact"
"Cunningham","Rob George","CDP","Sharon Bird","ALP",641,29.08,"Philip Clifford","Lib46",1563,70.92,0,0,"Exact"
"Cunningham","John Bursill","KAP","Sharon Bird","ALP",485,54.74,"Philip Clifford","Lib46",401,45.26,0,0,"Exact"
"Cunningham","John Flanagan","NCP01","Sharon Bird","ALP",530,59.09,"Philip Clifford","Lib46",367,40.91,0,0,"Exact"
"Curtin","Jennifer Whately","RUA","Daryl Tan","ALP",424,59.89,"Julie Bishop","Lib46",284,40.11,0,0,"Exact"
"Curtin","Judith Cullity","Grn","Daryl Tan","ALP",10738,82.7,"Julie Bishop","Lib46",2247,17.3,0,0,"Exact"
"Curtin","Gail Forder","ACh","Daryl Tan","ALP",287,27.13,"Julie Bishop","Lib46",771,72.87,0,0,"Exact"
"Curtin","Glenn Baker","PUP","Daryl Tan","ALP",991,44.3,"Julie Bishop","Lib46",1246,55.7,0,0,"Exact"
"Dawson","Jonathon Dykyj","Grn","Bronwyn Taha","ALP",2964,67.42,"George Christensen","LNP",1432,32.58,0,0,"Exact"
"Dawson","Lindsay Temple","FFP","Bronwyn Taha","ALP",694,41.73,"George Christensen","LNP",969,58.27,0,0,"Exact"
"Dawson","Ian Ferguson","PUP","Bronwyn Taha","ALP",4070,46.37,"George Christensen","LNP",4707,53.63,0,0,"Exact"
"Dawson","Andrew Harris","CEC","Bronwyn Taha","ALP",167,48.41,"George Christensen","LNP",178,51.59,0,0,"Exact"
"Dawson","Justin Englert","KAP","Bronwyn Taha","ALP",3247,54.99,"George Christensen","LNP",2658,45.01,0,0,"Exact"
"Deakin","Ian Dobby","ACh","Mike Symon","ALP",365,21.5,"Michael Sukkar","Lib46",1333,78.5,0,0,"Exact"
"Deakin","Yasmin De Zilwa","RUA","Mike Symon","ALP",98,29.97,"Michael Sukkar","Lib46",229,70.03,0,0,"Exact"
"Deakin","Toni Smith","ACA","Mike Symon","ALP",77,29.5,"Michael Sukkar","Lib46",184,70.5,0,0,"Exact"
"Deakin","Mario Guardiani","PUP","Mike Symon","ALP",820,42.07,"Michael Sukkar","Lib46",1129,57.93,0,0,"Exact"
"Deakin","Steve Raskovy","KAP","Mike Symon","ALP",117,39.93,"Michael Sukkar","Lib46",176,60.07,0,0,"Exact"
"Deakin","John Carbonari","AFP","Mike Symon","ALP",87,41.04,"Michael Sukkar","Lib46",125,58.96,0,0,"Exact"
"Deakin","Mike Barclay","Ind","Mike Symon","ALP",798,52.53,"Michael Sukkar","Lib46",721,47.47,0,0,"Exact"
"Deakin","Stephen Barber","ASXP","Mike Symon","ALP",1199,64.6,"Michael Sukkar","Lib46",657,35.4,0,0,"Exact"
"Deakin","Hannah Westbrook","FFP","Mike Symon","ALP",397,33.08,"Michael Sukkar","Lib46",803,66.92,0,0,"Exact"
"Deakin","Brendan Powell","Grn","Mike Symon","ALP",8473,88.63,"Michael Sukkar","Lib46",1087,11.37,0,0,"Exact"
"Denison","Tanya Denison","Lib46","Jane Austin","ALP",2466,16.38,"Andrew Wilkie","Ind",12592,83.62,0,0,"Exact"
"Denison","Anna Reynolds","Grn","Jane Austin","ALP",2196,42.78,"Andrew Wilkie","Ind",2937,57.22,0,0,"Exact"
"Denison","Wayne Williams","DLP","Jane Austin","ALP",257,46.39,"Andrew Wilkie","Ind",297,53.61,0,0,"Exact"
"Denison","Bob Butler","ASXP","Jane Austin","ALP",379,43.22,"Andrew Wilkie","Ind",498,56.78,0,0,"Exact"
"Denison","Brandon Hoult","SPP","Jane Austin","ALP",36,29.03,"Andrew Wilkie","Ind",88,70.97,0,0,"Exact"
"Denison","Trevlyn McCallum","FFP","Jane Austin","ALP",239,40.3,"Andrew Wilkie","Ind",354,59.7,0,0,"Exact"
"Denison","Debra Thurley","PUP","Jane Austin","ALP",644,40.86,"Andrew Wilkie","Ind",932,59.14,0,0,"Exact"
"Denison","Graeme Devlin","RUA","Jane Austin","ALP",95,53.07,"Andrew Wilkie","Ind",84,46.93,0,0,"Exact"
"Dickson","Geoffrey Taylor","RUA","Michael Gilliver","ALP",189,32.31,"Peter Dutton","LNP",396,67.69,0,0,"Exact"
"Dickson","Michael McDowell","FFP","Michael Gilliver","ALP",556,36.06,"Peter Dutton","LNP",986,63.94,0,0,"Exact"
"Dickson","Tyrone D'Lisle","Grn","Michael Gilliver","ALP",4529,82.24,"Peter Dutton","LNP",978,17.76,0,0,"Exact"
"Dickson","Mark Taverner","PUP","Michael Gilliver","ALP",4109,48.97,"Peter Dutton","LNP",4281,51.03,0,0,"Exact"
"Dickson","Jim Cornwell","KAP","Michael Gilliver","ALP",870,51.27,"Peter Dutton","LNP",827,48.73,0,0,"Exact"
"Dobell","Greg Owen","CEC","Emma McBride","ALP",573,80.59,"Karen McNamara","Lib46",138,19.41,0,0,"Exact"
"Dobell","Craig Thomson","Ind","Emma McBride","ALP",2733,79.36,"Karen McNamara","Lib46",711,20.64,0,0,"Exact"
"Dobell","Christian Kunde","BTA","Emma McBride","ALP",418,67.2,"Karen McNamara","Lib46",204,32.8,0,0,"Exact"
"Dobell","Nathan Bracken","Ind","Emma McBride","ALP",3324,46.88,"Karen McNamara","Lib46",3766,53.12,0,0,"Exact"
"Dobell","Kate McGill","PUP","Emma McBride","ALP",1509,51.68,"Karen McNamara","Lib46",1411,48.32,0,0,"Exact"
"Dobell","Hadden Ervin","CDP","Emma McBride","ALP",279,22.32,"Karen McNamara","Lib46",971,77.68,0,0,"Exact"
"Dobell","Sue Wynn","Grn","Emma McBride","ALP",3403,80.3,"Karen McNamara","Lib46",835,19.7,0,0,"Exact"
"Dunkley","Simon Tiller","Grn","Sonya Kilkenny","ALP",7048,85.96,"Bruce Billson","Lib46",1151,14.04,0,0,"Exact"
"Dunkley","Kate Ryder","PUP","Sonya Kilkenny","ALP",1752,47.26,"Bruce Billson","Lib46",1955,52.74,0,0,"Exact"
"Dunkley","Cameron Eastman","FFP","Sonya Kilkenny","ALP",588,34.96,"Bruce Billson","Lib46",1094,65.04,0,0,"Exact"
"Dunkley","Rod Burt","Ind","Sonya Kilkenny","ALP",432,58.38,"Bruce Billson","Lib46",308,41.62,0,0,"Exact"
"Dunkley","Yvonne Gentle","RUA","Sonya Kilkenny","ALP",170,35.64,"Bruce Billson","Lib46",307,64.36,0,0,"Exact"
"Dunkley","Eloise Palmi","ASXP","Sonya Kilkenny","ALP",1645,63.54,"Bruce Billson","Lib46",944,36.46,0,0,"Exact"
"Dunkley","Roy Broff","Ind","Sonya Kilkenny","ALP",283,54.84,"Bruce Billson","Lib46",233,45.16,0,0,"Exact"
"Durack","Des Headland","PUP","Shane Van Styn","NPA",2623,52.48,"Melissa Price","Lib46",2375,47.52,0,0,"Exact"
"Durack","Ian James","Grn","Shane Van Styn","NPA",3721,71.19,"Melissa Price","Lib46",1506,28.81,0,0,"Exact"
"Durack","Shane Foreman","RUA","Shane Van Styn","NPA",467,57.65,"Melissa Price","Lib46",343,42.35,0,0,"Exact"
"Durack","Judy Sudholz","CEC","Shane Van Styn","NPA",105,59.32,"Melissa Price","Lib46",72,40.68,0,0,"Exact"
"Durack","Grahame Gould","ACh","Shane Van Styn","NPA",463,47.63,"Melissa Price","Lib46",509,52.37,0,0,"Exact"
"Durack","Ian Rose","FFP","Shane Van Styn","NPA",416,54.52,"Melissa Price","Lib46",347,45.48,0,0,"Exact"
"Durack","Daron Keogh","ALP","Shane Van Styn","NPA",8600,57.26,"Melissa Price","Lib46",6418,42.74,0,0,"Exact"
"Durack","Aaron Todd","KAP","Shane Van Styn","NPA",531,67.82,"Melissa Price","Lib46",252,32.18,0,0,"Exact"
"Eden-Monaro","Martin Tye","SPP","Mike Kelly","ALP",333,55.41,"Peter Hendy","Lib46",268,44.59,0,0,"Exact"
"Eden-Monaro","Dean Lynch","PUP","Mike Kelly","ALP",2151,46.21,"Peter Hendy","Lib46",2504,53.79,0,0,"Exact"
"Eden-Monaro","Catherine Moore","Grn","Mike Kelly","ALP",5954,88.54,"Peter Hendy","Lib46",771,11.46,0,0,"Exact"
"Eden-Monaro","Costas Goumas","CEC","Mike Kelly","ALP",95,53.07,"Peter Hendy","Lib46",84,46.93,0,0,"Exact"
"Eden-Monaro","Andrew Thaler","Ind","Mike Kelly","ALP",692,56.58,"Peter Hendy","Lib46",531,43.42,0,0,"Exact"
"Eden-Monaro","Warren Catton","CDP","Mike Kelly","ALP",251,29.15,"Peter Hendy","Lib46",610,70.85,0,0,"Exact"
"Fadden","Petrina Maizey","Grn","Nicole Lessio","ALP",3251,81.38,"Stuart Robert","LNP",744,18.62,0,0,"Exact"
"Fadden","Jeremy Fredericks","FFP","Nicole Lessio","ALP",627,48.05,"Stuart Robert","LNP",678,51.95,0,0,"Exact"
"Fadden","Jim MacAnally","PUP","Nicole Lessio","ALP",5517,46.92,"Stuart Robert","LNP",6242,53.08,0,0,"Exact"
"Fadden","Billy Lawrence","KAP","Nicole Lessio","ALP",657,60.39,"Stuart Robert","LNP",431,39.61,0,0,"Exact"
"Fadden","Maurie Carroll","Ind","Nicole Lessio","ALP",429,60.25,"Stuart Robert","LNP",283,39.75,0,0,"Exact"
"Fadden","Stewart Boyd","ON","Nicole Lessio","ALP",278,54.51,"Stuart Robert","LNP",232,45.49,0,0,"Exact"
"Fairfax","Mike Holt","ON","Clive Palmer","PUP",502,70.8,"Ted O'Brien","LNP",207,29.2,0,0,"Exact"
"Fairfax","Trudy Byrnes","Ind","Clive Palmer","PUP",561,55.22,"Ted O'Brien","LNP",455,44.78,0,0,"Exact"
"Fairfax","Angela Meyer","FFP","Clive Palmer","PUP",580,40.96,"Ted O'Brien","LNP",836,59.04,0,0,"Exact"
"Fairfax","Elaine Hughes","ALP","Clive Palmer","PUP",12534,81.24,"Ted O'Brien","LNP",2895,18.76,0,0,"Exact"
"Fairfax","David Knobel","Grn","Clive Palmer","PUP",4606,65.37,"Ted O'Brien","LNP",2440,34.63,0,0,"Exact"
"Fairfax","Ray Sawyer","KAP","Clive Palmer","PUP",1138,70.12,"Ted O'Brien","LNP",485,29.88,0,0,"Exact"
"Farrer","Narelle Davis","RUA","Gavin Hickey","ALP",428,26,"Sussan Ley","Lib46",1218,74,0,0,"Exact"
"Farrer","Brendan Cattell","DLP","Gavin Hickey","ALP",862,57.12,"Sussan Ley","Lib46",647,42.88,0,0,"Exact"
"Farrer","Ken Trewin","KAP","Gavin Hickey","ALP",844,27.31,"Sussan Ley","Lib46",2247,72.69,0,0,"Exact"
"Farrer","Ron Emmerton","PUP","Gavin Hickey","ALP",1619,47.73,"Sussan Ley","Lib46",1773,52.27,0,0,"Exact"
"Farrer","Tracey Powell","BTA","Gavin Hickey","ALP",568,54.2,"Sussan Ley","Lib46",480,45.8,0,0,"Exact"
"Farrer","Frank Horwill","CDP","Gavin Hickey","ALP",231,23.52,"Sussan Ley","Lib46",751,76.48,0,0,"Exact"
"Farrer","Chris Sobey","Grn","Gavin Hickey","ALP",2775,76.17,"Sussan Ley","Lib46",868,23.83,0,0,"Exact"
"Fisher","Mark Meldon","KAP","Bill Gissane","ALP",1153,45.75,"Mal Brough","LNP",1367,54.25,0,0,"Exact"
"Fisher","Mark Maguire","AIn","Bill Gissane","ALP",447,50.22,"Mal Brough","LNP",443,49.78,0,0,"Exact"
"Fisher","Tony Moore","FFP","Bill Gissane","ALP",466,29.25,"Mal Brough","LNP",1127,70.75,0,0,"Exact"
"Fisher","Bill Schoch","PUP","Bill Gissane","ALP",6792,50.09,"Mal Brough","LNP",6767,49.91,0,0,"Exact"
"Fisher","Rod Christensen","RUA","Bill Gissane","ALP",104,34.1,"Mal Brough","LNP",201,65.9,0,0,"Exact"
"Fisher","Jarreau Terry","Ind","Bill Gissane","ALP",547,57.16,"Mal Brough","LNP",410,42.84,0,0,"Exact"
"Fisher","Peter Slipper","Ind","Bill Gissane","ALP",692,57.33,"Mal Brough","LNP",515,42.67,0,0,"Exact"
"Fisher","Garry Claridge","Grn","Bill Gissane","ALP",4835,81.84,"Mal Brough","LNP",1073,18.16,0,0,"Exact"
"Flinders","Linda Clark","PUP","Joshua Sinclair","ALP",3044,53.98,"Greg Hunt","Lib46",2595,46.02,0,0,"Exact"
"Flinders","Paul Madigan","Ind","Joshua Sinclair","ALP",423,59.75,"Greg Hunt","Lib46",285,40.25,0,0,"Exact"
"Flinders","John Zabaneh","NCP01","Joshua Sinclair","ALP",133,61.86,"Greg Hunt","Lib46",82,38.14,0,0,"Exact"
"Flinders","Angela Dorian","RUA","Joshua Sinclair","ALP",231,48.02,"Greg Hunt","Lib46",250,51.98,0,0,"Exact"
"Flinders","Ashleigh Belsar","ACh","Joshua Sinclair","ALP",203,38.81,"Greg Hunt","Lib46",320,61.19,0,0,"Exact"
"Flinders","Denis McCormack","Ind","Joshua Sinclair","ALP",308,64.44,"Greg Hunt","Lib46",170,35.56,0,0,"Exact"
"Flinders","David Clark","FFP","Joshua Sinclair","ALP",478,43.81,"Greg Hunt","Lib46",613,56.19,0,0,"Exact"
"Flinders","Martin Rush","Grn","Joshua Sinclair","ALP",7387,80.75,"Greg Hunt","Lib46",1761,19.25,0,0,"Exact"
"Flynn","Craig Tomsett","Ind","Chris Trevor","ALP",580,36.87,"Ken O'Dowd","LNP",993,63.13,0,0,"Exact"
"Flynn","Duncan Scott","Ind","Chris Trevor","ALP",333,42.05,"Ken O'Dowd","LNP",459,57.95,0,0,"Exact"
"Flynn","Kingsley Dickins","RUA","Chris Trevor","ALP",183,31.34,"Ken O'Dowd","LNP",401,68.66,0,0,"Exact"
"Flynn","Serena Thompson","Grn","Chris Trevor","ALP",1391,73.6,"Ken O'Dowd","LNP",499,26.4,0,0,"Exact"
"Flynn","Renae Moldre","FFP","Chris Trevor","ALP",478,37.14,"Ken O'Dowd","LNP",809,62.86,0,0,"Exact"
"Flynn","Steve Ensby","PUP","Chris Trevor","ALP",3708,46.89,"Ken O'Dowd","LNP",4200,53.11,0,0,"Exact"
"Flynn","Richard Love","KAP","Chris Trevor","ALP",1907,53.93,"Ken O'Dowd","LNP",1629,46.07,0,0,"Exact"
"Forde","Jonathan Jennings","RUA","Peter Beattie","ALP",206,27.65,"Bert van Manen","LNP",539,72.35,0,0,"Exact"
"Forde","Keith Douglas","AVP","Peter Beattie","ALP",124,47.33,"Bert van Manen","LNP",138,52.67,0,0,"Exact"
"Forde","Blair Brewster","PUP","Peter Beattie","ALP",4171,44.16,"Bert van Manen","LNP",5274,55.84,0,0,"Exact"
"Forde","Joshua Sloss","Ind","Peter Beattie","ALP",347,49.71,"Bert van Manen","LNP",351,50.29,0,0,"Exact"
"Forde","Jan Pukallus","CEC","Peter Beattie","ALP",49,37.69,"Bert van Manen","LNP",81,62.31,0,0,"Exact"
"Forde","Sally Spain","Grn","Peter Beattie","ALP",2372,75.02,"Bert van Manen","LNP",790,24.98,0,0,"Exact"
"Forde","Amanda Best","FFP","Peter Beattie","ALP",695,40.86,"Bert van Manen","LNP",1006,59.14,0,0,"Exact"
"Forde","Paul Hunter","KAP","Peter Beattie","ALP",846,51.21,"Bert van Manen","LNP",806,48.79,0,0,"Exact"
"Forrest","Bev Custers","FFP","John Borlini","ALP",543,42.76,"Nola Marino","Lib46",727,57.24,0,0,"Exact"
"Forrest","Mark Morien","RUA","John Borlini","ALP",225,38.73,"Nola Marino","Lib46",356,61.27,0,0,"Exact"
"Forrest","Wayne Barnett","ACh","John Borlini","ALP",254,18.49,"Nola Marino","Lib46",1120,81.51,0,0,"Exact"
"Forrest","Gordon Tayler","Grn","John Borlini","ALP",6274,77.11,"Nola Marino","Lib46",1862,22.89,0,0,"Exact"
"Forrest","Ian Tuffnell","CEC","John Borlini","ALP",101,49.51,"Nola Marino","Lib46",103,50.49,0,0,"Exact"
"Forrest","Michael Rose","NPA","John Borlini","ALP",1344,25.18,"Nola Marino","Lib46",3994,74.82,0,0,"Exact"
"Forrest","Edward Dabrowski","PUP","John Borlini","ALP",1905,44.29,"Nola Marino","Lib46",2396,55.71,0,0,"Exact"
"Fowler","Matt Attia","CDP","Chris Hayes","ALP",1130,31.75,"Andrew Nguyen","Lib46",2429,68.25,0,0,"Exact"
"Fowler","Ben Silaphet","Grn","Chris Hayes","ALP",1767,65.83,"Andrew Nguyen","Lib46",917,34.17,0,0,"Exact"
"Fowler","Darren McLean","KAP","Chris Hayes","ALP",360,42.45,"Andrew Nguyen","Lib46",488,57.55,0,0,"Exact"
"Fowler","Brad Pastoors","PUP","Chris Hayes","ALP",1497,55,"Andrew Nguyen","Lib46",1225,45,0,0,"Exact"
"Franklin","Marti Zucco","PUP","Julie Collins","ALP",2164,52.68,"Bernadette Black","Lib46",1944,47.32,0,0,"Exact"
"Franklin","Josh Downes","FFP","Julie Collins","ALP",450,35.6,"Bernadette Black","Lib46",814,64.4,0,0,"Exact"
"Franklin","Sarah Ugalde","KAP","Julie Collins","ALP",230,48.12,"Bernadette Black","Lib46",248,51.88,0,0,"Exact"
"Franklin","Rosalie Woodruff","Grn","Julie Collins","ALP",7244,88.33,"Bernadette Black","Lib46",957,11.67,0,0,"Exact"
"Franklin","Olwyn Bowden","RUA","Julie Collins","ALP",122,36.97,"Bernadette Black","Lib46",208,63.03,0,0,"Exact"
"Fraser","Darren Churchill","AD","Andrew Leigh","ALP",1213,49.63,"Elizabeth Lee","Lib46",1231,50.37,0,0,"Exact"
"Fraser","Freddy Alcazar","PUP","Andrew Leigh","ALP",1537,50.18,"Elizabeth Lee","Lib46",1526,49.82,0,0,"Exact"
"Fraser","Jill Ross","RUA","Andrew Leigh","ALP",591,39.19,"Elizabeth Lee","Lib46",917,60.81,0,0,"Exact"
"Fraser","Sam Huggins","BTA","Andrew Leigh","ALP",3371,66.11,"Elizabeth Lee","Lib46",1728,33.89,0,0,"Exact"
"Fraser","Adam Verwey","Grn","Andrew Leigh","ALP",15839,89.66,"Elizabeth Lee","Lib46",1826,10.34,0,0,"Exact"
"Fremantle","Richard McNaught","KAP","Melissa Parke","ALP",272,25.64,"Matthew Hanssen","Lib46",789,74.36,0,0,"Exact"
"Fremantle","Jordon Steele-John","Grn","Melissa Parke","ALP",8693,83.96,"Matthew Hanssen","Lib46",1661,16.04,0,0,"Exact"
"Fremantle","Owen Mulder","ACh","Melissa Parke","ALP",306,26.31,"Matthew Hanssen","Lib46",857,73.69,0,0,"Exact"
"Fremantle","Teresa van Lieshout","APP13","Melissa Parke","ALP",81,39.51,"Matthew Hanssen","Lib46",124,60.49,0,0,"Exact"
"Fremantle","Vashil Sharma","PUP","Melissa Parke","ALP",1558,45.15,"Matthew Hanssen","Lib46",1893,54.85,0,0,"Exact"
"Fremantle","Jim McCourt","FFP","Melissa Parke","ALP",361,44.51,"Matthew Hanssen","Lib46",450,55.49,0,0,"Exact"
"Fremantle","Ron Rowlands","CEC","Melissa Parke","ALP",70,53.44,"Matthew Hanssen","Lib46",61,46.56,0,0,"Exact"
"Fremantle","Philip Scott","RUA","Melissa Parke","ALP",188,45.19,"Matthew Hanssen","Lib46",228,54.81,0,0,"Exact"
"Fremantle","Sam Wainwright","SAl","Melissa Parke","ALP",622,83.71,"Matthew Hanssen","Lib46",121,16.29,0,0,"Exact"
"Gellibrand","Kerry Arch","FFP","Tim Watts","ALP",791,34.91,"David McConnell","Lib46",1475,65.09,0,0,"Exact"
"Gellibrand","Anthony O'Neill","ACh","Tim Watts","ALP",395,40.85,"David McConnell","Lib46",572,59.15,0,0,"Exact"
"Gellibrand","Dwayne Singleton","PUP","Tim Watts","ALP",1666,48.81,"David McConnell","Lib46",1747,51.19,0,0,"Exact"
"Gellibrand","Rod Swift","Grn","Tim Watts","ALP",13198,90.26,"David McConnell","Lib46",1425,9.74,0,0,"Exact"
"Gellibrand","Allan Cashion","ASXP","Tim Watts","ALP",1853,72.95,"David McConnell","Lib46",687,27.05,0,0,"Exact"
"Gilmore","Steve Ryan","CDP","Neil Reilly","ALP",1214,40.07,"Ann Sudmalis","Lib46",1816,59.93,0,0,"Exact"
"Gilmore","Terry Barratt","Grn","Neil Reilly","ALP",7112,84.29,"Ann Sudmalis","Lib46",1326,15.71,0,0,"Exact"
"Gilmore","Lyndal Harris","PUP","Neil Reilly","ALP",2836,49.53,"Ann Sudmalis","Lib46",2890,50.47,0,0,"Exact"
"Gippsland","Peter Gardner","Ind","Jeff McNeill","ALP",1300,65.26,"Darren Chester","NPA",692,34.74,0,0,"Exact"
"Gippsland","Douglas Leitch","ASXP","Jeff McNeill","ALP",1106,52.64,"Darren Chester","NPA",995,47.36,0,0,"Exact"
"Gippsland","Angie Foster","FFP","Jeff McNeill","ALP",550,34.57,"Darren Chester","NPA",1041,65.43,0,0,"Exact"
"Gippsland","Peter Dorian","RUA","Jeff McNeill","ALP",131,35.69,"Darren Chester","NPA",236,64.31,0,0,"Exact"
"Gippsland","Sav Mangion","ACA","Jeff McNeill","ALP",189,30.34,"Darren Chester","NPA",434,69.66,0,0,"Exact"
"Gippsland","Deborah Gravenall","PUP","Jeff McNeill","ALP",1335,35.27,"Darren Chester","NPA",2450,64.73,0,0,"Exact"
"Gippsland","Mark Guerin","SPA10","Jeff McNeill","ALP",121,60.2,"Darren Chester","NPA",80,39.8,0,0,"Exact"
"Gippsland","Scott Campbell-Smith","Grn","Jeff McNeill","ALP",4038,80.13,"Darren Chester","NPA",1001,19.87,0,0,"Exact"
"Gippsland","Ben Buckley","LDP","Jeff McNeill","ALP",964,20.44,"Darren Chester","NPA",3752,79.56,0,0,"Exact"
"Goldstein","Keith Ryder","PUP","Daniel Guttmann","ALP",898,43.93,"Andrew Robb","Lib46",1146,56.07,0,0,"Exact"
"Goldstein","Rose Read","Grn","Daniel Guttmann","ALP",12255,85.06,"Andrew Robb","Lib46",2153,14.94,0,0,"Exact"
"Goldstein","Lynette Hannie","RUA","Daniel Guttmann","ALP",246,40.73,"Andrew Robb","Lib46",358,59.27,0,0,"Exact"
"Goldstein","Ian Joyner","FFP","Daniel Guttmann","ALP",313,41.68,"Andrew Robb","Lib46",438,58.32,0,0,"Exact"
"Gorton","Dinesh Jayasuriya","Grn","Brendan O'Connor","ALP",4731,84.53,"Phil Humphreys","Lib46",866,15.47,0,0,"Exact"
"Gorton","Rhiannon Hunter","ASXP","Brendan O'Connor","ALP",2049,71.89,"Phil Humphreys","Lib46",801,28.11,0,0,"Exact"
"Gorton","Mabor Chadhuol","ACh","Brendan O'Connor","ALP",532,47,"Phil Humphreys","Lib46",600,53,0,0,"Exact"
"Gorton","Michael Deverala","DLP","Brendan O'Connor","ALP",1691,70.69,"Phil Humphreys","Lib46",701,29.31,0,0,"Exact"
"Gorton","Graham Macardy","KAP","Brendan O'Connor","ALP",570,52.29,"Phil Humphreys","Lib46",520,47.71,0,0,"Exact"
"Gorton","Anthony Barnes","PUP","Brendan O'Connor","ALP",2568,49.03,"Phil Humphreys","Lib46",2670,50.97,0,0,"Exact"
"Gorton","Scott Amberley","FFP","Brendan O'Connor","ALP",1343,52.92,"Phil Humphreys","Lib46",1195,47.08,0,0,"Exact"
"Grayndler","Joshua Green","CDP","Anthony Albanese","ALP",529,28.94,"Cedric Spencer","Lib46",1299,71.06,0,0,"Exact"
"Grayndler","Joel Scully","BTA","Anthony Albanese","ALP",686,58.58,"Cedric Spencer","Lib46",485,41.42,0,0,"Exact"
"Grayndler","Hall Greenland","Grn","Anthony Albanese","ALP",18677,91.12,"Cedric Spencer","Lib46",1821,8.88,0,0,"Exact"
"Grayndler","Mohanas Balasingham","PUP","Anthony Albanese","ALP",712,46.78,"Cedric Spencer","Lib46",810,53.22,0,0,"Exact"
"Greenway","Jamie Cavanough","AVP","Michelle Rowland","ALP",249,45.69,"Jaymes Diaz","Lib46",296,54.31,0,0,"Exact"
"Greenway","Jodie Wootton","PUP","Michelle Rowland","ALP",1758,50.47,"Jaymes Diaz","Lib46",1725,49.53,0,0,"Exact"
"Greenway","Tom Lillicrap","ASXP","Michelle Rowland","ALP",902,59.5,"Jaymes Diaz","Lib46",614,40.5,0,0,"Exact"
"Greenway","Anthony Belcastro","KAP","Michelle Rowland","ALP",375,55.07,"Jaymes Diaz","Lib46",306,44.93,0,0,"Exact"
"Greenway","Allan Green","CDP","Michelle Rowland","ALP",1064,32.71,"Jaymes Diaz","Lib46",2189,67.29,0,0,"Exact"
"Greenway","Chris Brentin","Grn","Michelle Rowland","ALP",2619,82.49,"Jaymes Diaz","Lib46",556,17.51,0,0,"Exact"
"Greenway","Maree Nichols","RUA","Michelle Rowland","ALP",353,51.84,"Jaymes Diaz","Lib46",328,48.16,0,0,"Exact"
"Grey","Kristian Rees","PUP","Ben Browne","ALP",2302,51.65,"Rowan Ramsey","Lib46",2155,48.35,0,0,"Exact"
"Grey","Cheryl Kaminski","FFP","Ben Browne","ALP",2072,42.48,"Rowan Ramsey","Lib46",2806,57.52,0,0,"Exact"
"Grey","Alison Sentance","Grn","Ben Browne","ALP",2410,73.27,"Rowan Ramsey","Lib46",879,26.73,0,0,"Exact"
"Grey","Greg Fidge","Ind","Ben Browne","ALP",1332,53.54,"Rowan Ramsey","Lib46",1156,46.46,0,0,"Exact"
"Griffith","Sherrilyn Church","RUA","Kevin Rudd","ALP",251,60.05,"Bill Glasson","LNP",167,39.95,0,0,"Exact"
"Griffith","Jan McNicol","SPP","Kevin Rudd","ALP",87,52.73,"Bill Glasson","LNP",78,47.27,0,0,"Exact"
"Griffith","Greg Sowden","Ind","Kevin Rudd","ALP",358,50.78,"Bill Glasson","LNP",347,49.22,0,0,"Exact"
"Griffith","Luke Murray","KAP","Kevin Rudd","ALP",321,53.95,"Bill Glasson","LNP",274,46.05,0,0,"Exact"
"Griffith","Liam Flenady","SAl","Kevin Rudd","ALP",330,87.53,"Bill Glasson","LNP",47,12.47,0,0,"Exact"
"Griffith","Anne Reid","SPA10","Kevin Rudd","ALP",323,72.58,"Bill Glasson","LNP",122,27.42,0,0,"Exact"
"Griffith","Geoff Ebbs","Grn","Kevin Rudd","ALP",7694,87.44,"Bill Glasson","LNP",1105,12.56,0,0,"Exact"
"Griffith","Karin Hunter","PUP","Kevin Rudd","ALP",1344,46.3,"Bill Glasson","LNP",1559,53.7,0,0,"Exact"
"Griffith","Adam Kertesz","FFP","Kevin Rudd","ALP",219,34.06,"Bill Glasson","LNP",424,65.94,0,0,"Exact"
"Groom","Robert Thies","CEC","Troy Murray","ALP",511,68.78,"Ian Macfarlane","LNP",232,31.22,0,0,"Exact"
"Groom","Chris Whitty","KAP","Troy Murray","ALP",1641,50.6,"Ian Macfarlane","LNP",1602,49.4,0,0,"Exact"
"Groom","Trevor Smith","Grn","Troy Murray","ALP",2957,77.35,"Ian Macfarlane","LNP",866,22.65,0,0,"Exact"
"Groom","Rick Armitage","RUA","Troy Murray","ALP",294,24.3,"Ian Macfarlane","LNP",916,75.7,0,0,"Exact"
"Groom","Ewan Mathieson","PUP","Troy Murray","ALP",3904,47.47,"Ian Macfarlane","LNP",4321,52.53,0,0,"Exact"
"Groom","Alex Todd","FFP","Troy Murray","ALP",752,32.11,"Ian Macfarlane","LNP",1590,67.89,0,0,"Exact"
"Hasluck","Chris Munro","ASXP","Adrian Evans","ALP",1300,58.14,"Ken Wyatt","Lib46",936,41.86,0,0,"Exact"
"Hasluck","Daniel Stevens","KAP","Adrian Evans","ALP",266,46.75,"Ken Wyatt","Lib46",303,53.25,0,0,"Exact"
"Hasluck","Robin Scott","PUP","Adrian Evans","ALP",2689,45.69,"Ken Wyatt","Lib46",3196,54.31,0,0,"Exact"
"Hasluck","Peter Langlands","Grn","Adrian Evans","ALP",5193,79.33,"Ken Wyatt","Lib46",1353,20.67,0,0,"Exact"
"Hasluck","Jason Whittaker","ACh","Adrian Evans","ALP",464,21.78,"Ken Wyatt","Lib46",1666,78.22,0,0,"Exact"
"Hasluck","Kyran Sharrin","FFP","Adrian Evans","ALP",713,52.23,"Ken Wyatt","Lib46",652,47.77,0,0,"Exact"
"Herbert","Gail Hamilton","Grn","Cathy O'Toole","ALP",3247,72.75,"Ewen Jones","LNP",1216,27.25,0,0,"Exact"
"Herbert","Steve Moir","ON","Cathy O'Toole","ALP",270,38.03,"Ewen Jones","LNP",440,61.97,0,0,"Exact"
"Herbert","Nino Marolla","RUA","Cathy O'Toole","ALP",148,26.96,"Ewen Jones","LNP",401,73.04,0,0,"Exact"
"Herbert","Bronwyn Walker","KAP","Cathy O'Toole","ALP",3914,56.81,"Ewen Jones","LNP",2976,43.19,0,0,"Exact"
"Herbert","Michael Punshon","FFP","Cathy O'Toole","ALP",384,34.72,"Ewen Jones","LNP",722,65.28,0,0,"Exact"
"Herbert","Costa George","ASXP","Cathy O'Toole","ALP",894,56.73,"Ewen Jones","LNP",682,43.27,0,0,"Exact"
"Herbert","Margaret Bell","AVP","Cathy O'Toole","ALP",178,46.48,"Ewen Jones","LNP",205,53.52,0,0,"Exact"
"Herbert","Martin Brewster","PUP","Cathy O'Toole","ALP",3278,43.29,"Ewen Jones","LNP",4295,56.71,0,0,"Exact"
"Higgins","Jamie Baldwin","FFP","Wesa Chau","ALP",284,38.27,"Kelly O'Dwyer","Lib46",458,61.73,0,0,"Exact"
"Higgins","Leanne Price","RUA","Wesa Chau","ALP",175,49.44,"Kelly O'Dwyer","Lib46",179,50.56,0,0,"Exact"
"Higgins","Phillip Dall","PUP","Wesa Chau","ALP",632,45.63,"Kelly O'Dwyer","Lib46",753,54.37,0,0,"Exact"
"Higgins","James Harrison","Grn","Wesa Chau","ALP",12113,82.58,"Kelly O'Dwyer","Lib46",2556,17.42,0,0,"Exact"
"Higgins","Graeme Weber","Ind","Wesa Chau","ALP",753,45.28,"Kelly O'Dwyer","Lib46",910,54.72,0,0,"Exact"
"Hindmarsh","Andrew Payne","Grn","Steve Georganas","ALP",6414,76.72,"Matt Williams","Lib46",1946,23.28,0,0,"Exact"
"Hindmarsh","George Melissourgos","PUP","Steve Georganas","ALP",1107,47.47,"Matt Williams","Lib46",1225,52.53,0,0,"Exact"
"Hindmarsh","David McCabe","DLP","Steve Georganas","ALP",511,61.27,"Matt Williams","Lib46",323,38.73,0,0,"Exact"
"Hindmarsh","Kym McKay","KAP","Steve Georganas","ALP",318,53.09,"Matt Williams","Lib46",281,46.91,0,0,"Exact"
"Hindmarsh","Bob Randall","FFP","Steve Georganas","ALP",1249,43.32,"Matt Williams","Lib46",1634,56.68,0,0,"Exact"
"Hinkler","David Dalgleish","KAP","Leanne Donaldson","ALP",2384,61.33,"Keith Pitt","LNP",1503,38.67,0,0,"Exact"
"Hinkler","Reid Schirmer","Ind","Leanne Donaldson","ALP",376,53.26,"Keith Pitt","LNP",330,46.74,0,0,"Exact"
"Hinkler","Troy Sullivan","FFP","Leanne Donaldson","ALP",626,39.37,"Keith Pitt","LNP",964,60.63,0,0,"Exact"
"Hinkler","Mark Simpson","Grn","Leanne Donaldson","ALP",1750,75.82,"Keith Pitt","LNP",558,24.18,0,0,"Exact"
"Hinkler","Rob Messenger","PUP","Leanne Donaldson","ALP",6208,41.41,"Keith Pitt","LNP",8782,58.59,0,0,"Exact"
"Holt","Bobby Singh","PUP","Anthony Byrne","ALP",2186,44.33,"Ricardo Balancy","Lib46",2745,55.67,0,0,"Exact"
"Holt","Jackie McCullough","Grn","Anthony Byrne","ALP",2571,74.11,"Ricardo Balancy","Lib46",898,25.89,0,0,"Exact"
"Holt","Pam Keenan","FFP","Anthony Byrne","ALP",1116,50,"Ricardo Balancy","Lib46",1116,50,0,0,"Exact"
"Holt","Jonathan Eli","RUA","Anthony Byrne","ALP",455,48.77,"Ricardo Balancy","Lib46",478,51.23,0,0,"Exact"
"Holt","Lachlan Smith","ASXP","Anthony Byrne","ALP",1579,62.81,"Ricardo Balancy","Lib46",935,37.19,0,0,"Exact"
"Holt","Michael Palma","DLP","Anthony Byrne","ALP",1314,71.61,"Ricardo Balancy","Lib46",521,28.39,0,0,"Exact"
"Holt","Vivian Hill","ACh","Anthony Byrne","ALP",519,42.13,"Ricardo Balancy","Lib46",713,57.87,0,0,"Exact"
"Hotham","Stephen Nowland","FFP","Clare O'Neil","ALP",916,50.39,"Fazal Cader","Lib46",902,49.61,0,0,"Exact"
"Hotham","Lorna Wyatt","Grn","Clare O'Neil","ALP",5858,79.95,"Fazal Cader","Lib46",1469,20.05,0,0,"Exact"
"Hotham","Sam Porter","PUP","Clare O'Neil","ALP",1359,45.59,"Fazal Cader","Lib46",1622,54.41,0,0,"Exact"
"Hotham","Peter Vassiliou","RUA","Clare O'Neil","ALP",587,42.17,"Fazal Cader","Lib46",805,57.83,0,0,"Exact"
"Hughes","John Peters","PUP","Alison Megarrity","ALP",2665,51.01,"Craig Kelly","Lib46",2559,48.99,0,0,"Exact"
"Hughes","Peter Colsell","CDP","Alison Megarrity","ALP",660,25.77,"Craig Kelly","Lib46",1901,74.23,0,0,"Exact"
"Hughes","Signe Westerberg","Grn","Alison Megarrity","ALP",3109,78.75,"Craig Kelly","Lib46",839,21.25,0,0,"Exact"
"Hume","Lindsay Cosgrove","CEC","Michael Pilbrow","ALP",944,74.16,"Angus Taylor","Lib46",329,25.84,0,0,"Exact"
"Hume","Bruce Nicholson","KAP","Michael Pilbrow","ALP",1004,60.55,"Angus Taylor","Lib46",654,39.45,0,0,"Exact"
"Hume","James Harker-Mortlock","Ind","Michael Pilbrow","ALP",1153,55.01,"Angus Taylor","Lib46",943,44.99,0,0,"Exact"
"Hume","Jason Cornelius","PUP","Michael Pilbrow","ALP",2182,54.35,"Angus Taylor","Lib46",1833,45.65,0,0,"Exact"
"Hume","Adrian Van Der Byl","CDP","Michael Pilbrow","ALP",340,24.34,"Angus Taylor","Lib46",1057,75.66,0,0,"Exact"
"Hume","Zaza Chevalier","Grn","Michael Pilbrow","ALP",4384,84.02,"Angus Taylor","Lib46",834,15.98,0,0,"Exact"
"Hume","Lynette Styles","ON","Michael Pilbrow","ALP",1338,53.07,"Angus Taylor","Lib46",1183,46.93,0,0,"Exact"
"Hunter","David Atwell","Grn","Joel Fitzgibbon","ALP",2937,57.97,"Michael Johnsen","NPA",2129,42.03,0,0,"Exact"
"Hunter","Ann Lawler","CEC","Joel Fitzgibbon","ALP",309,37.09,"Michael Johnsen","NPA",524,62.91,0,0,"Exact"
"Hunter","Bill Fox","ON","Joel Fitzgibbon","ALP",1300,40.06,"Michael Johnsen","NPA",1945,59.94,0,0,"Exact"
"Hunter","Jennifer Stefanac","PUP","Joel Fitzgibbon","ALP",2826,43.13,"Michael Johnsen","NPA",3726,56.87,0,0,"Exact"
"Hunter","Richard Stretton","CDP","Joel Fitzgibbon","ALP",512,27.92,"Michael Johnsen","NPA",1322,72.08,0,0,"Exact"
"Indi","Robert Dudley","RUA","Cathy McGowan","Ind",679,68.93,"Sophie Mirabella","Lib46",306,31.07,0,0,"Exact"
"Indi","Rick Leeworthy","FFP","Cathy McGowan","Ind",644,48.42,"Sophie Mirabella","Lib46",686,51.58,0,0,"Exact"
"Indi","Helma Aschenbrenner","ASXP","Cathy McGowan","Ind",942,67.19,"Sophie Mirabella","Lib46",460,32.81,0,0,"Exact"
"Indi","William Hayes","BTA","Cathy McGowan","Ind",322,65.85,"Sophie Mirabella","Lib46",167,34.15,0,0,"Exact"
"Indi","Robyn Walsh","ALP","Cathy McGowan","Ind",9207,88.74,"Sophie Mirabella","Lib46",1168,11.26,0,0,"Exact"
"Indi","Jenny O'Connor","Grn","Cathy McGowan","Ind",2663,87.57,"Sophie Mirabella","Lib46",378,12.43,0,0,"Exact"
"Indi","Phil Rourke","KAP","Cathy McGowan","Ind",360,58.54,"Sophie Mirabella","Lib46",255,41.46,0,0,"Exact"
"Indi","Robert Murphy","PUP","Cathy McGowan","Ind",1525,63.09,"Sophie Mirabella","Lib46",892,36.91,0,0,"Exact"
"Indi","Jennifer Podesta","Ind","Cathy McGowan","Ind",636,75.62,"Sophie Mirabella","Lib46",205,24.38,0,0,"Exact"
"Isaacs","John Elliott","FFP","Mark Dreyfus","ALP",1555,62.13,"Garry Spencer","Lib46",948,37.87,0,0,"Exact"
"Isaacs","James Leach","DLP","Mark Dreyfus","ALP",726,63.46,"Garry Spencer","Lib46",418,36.54,0,0,"Exact"
"Isaacs","Nadia Seaman","RUA","Mark Dreyfus","ALP",310,55.56,"Garry Spencer","Lib46",248,44.44,0,0,"Exact"
"Isaacs","Avtar Gill","PUP","Mark Dreyfus","ALP",1600,56.22,"Garry Spencer","Lib46",1246,43.78,0,0,"Exact"
"Isaacs","Karen Dobby","ACh","Mark Dreyfus","ALP",360,48.45,"Garry Spencer","Lib46",383,51.55,0,0,"Exact"
"Isaacs","Sandra Miles","Grn","Mark Dreyfus","ALP",4976,81.31,"Garry Spencer","Lib46",1144,18.69,0,0,"Exact"
"Isaacs","Laith Graham","ASXP","Mark Dreyfus","ALP",1340,64.02,"Garry Spencer","Lib46",753,35.98,0,0,"Exact"
"Jagajaga","Nick Wallis","ASXP","Jenny Macklin","ALP",1822,71.03,"Nick McGowan","Lib46",743,28.97,0,0,"Exact"
"Jagajaga","Tahlia Eadie","FFP","Jenny Macklin","ALP",621,41.68,"Nick McGowan","Lib46",869,58.32,0,0,"Exact"
"Jagajaga","Kitten Snape","PUP","Jenny Macklin","ALP",1205,49.14,"Nick McGowan","Lib46",1247,50.86,0,0,"Exact"
"Jagajaga","Chris Kearney","Grn","Jenny Macklin","ALP",10208,86.05,"Nick McGowan","Lib46",1655,13.95,0,0,"Exact"
"Kennedy","George Brazier","PUP","Bob Katter","KAP",4421,68.87,"Noeline Ikin","LNP",1998,31.13,0,0,"Exact"
"Kennedy","Chester Tuxford","Ind","Bob Katter","KAP",386,67.6,"Noeline Ikin","LNP",185,32.4,0,0,"Exact"
"Kennedy","Jenny Stirling","Grn","Bob Katter","KAP",1871,68.61,"Noeline Ikin","LNP",856,31.39,0,0,"Exact"
"Kennedy","Pam Hecht","RUA","Bob Katter","KAP",234,46.06,"Noeline Ikin","LNP",274,53.94,0,0,"Exact"
"Kennedy","Dan Vogler","FFP","Bob Katter","KAP",633,59.49,"Noeline Ikin","LNP",431,40.51,0,0,"Exact"
"Kennedy","Andrew Turnour","ALP","Bob Katter","KAP",11660,84.63,"Noeline Ikin","LNP",2117,15.37,0,0,"Exact"
"Kingsford Smith","Jacquie Shiha","CDP","Matt Thistlethwaite","ALP",695,50.4,"Michael Feneley","Lib46",684,49.6,0,0,"Exact"
"Kingsford Smith","Danielle Somerfield","RUA","Matt Thistlethwaite","ALP",184,51.54,"Michael Feneley","Lib46",173,48.46,0,0,"Exact"
"Kingsford Smith","Diane Happ","PUP","Matt Thistlethwaite","ALP",779,48.36,"Michael Feneley","Lib46",832,51.64,0,0,"Exact"
"Kingsford Smith","Geordie Lucas","Fut","Matt Thistlethwaite","ALP",453,65.37,"Michael Feneley","Lib46",240,34.63,0,0,"Exact"
"Kingsford Smith","James Macdonald","Grn","Matt Thistlethwaite","ALP",7123,84.49,"Michael Feneley","Lib46",1308,15.51,0,0,"Exact"
"Kingston","Andy Snoswell","RUA","Amanda Rishworth","ALP",422,35.43,"Damien Mills","Lib46",769,64.57,0,0,"Exact"
"Kingston","Palitja Moore","Grn","Amanda Rishworth","ALP",4799,79.17,"Damien Mills","Lib46",1263,20.83,0,0,"Exact"
"Kingston","Mitchell Frost","PUP","Amanda Rishworth","ALP",1811,48.83,"Damien Mills","Lib46",1898,51.17,0,0,"Exact"
"Kingston","Geoff Doecke","FFP","Amanda Rishworth","ALP",2144,41.49,"Damien Mills","Lib46",3024,58.51,0,0,"Exact"
"Kooyong","Tiffany Harrison","Ind","John Kennedy","ALP",708,48.36,"Josh Frydenberg","Lib46",756,51.64,0,0,"Exact"
"Kooyong","Luke McNamara","PUP","John Kennedy","ALP",578,41.11,"Josh Frydenberg","Lib46",828,58.89,0,0,"Exact"
"Kooyong","Tim Kriedeman","RUA","John Kennedy","ALP",102,31.19,"Josh Frydenberg","Lib46",225,68.81,0,0,"Exact"
"Kooyong","Helen McLeod","Grn","John Kennedy","ALP",12404,85.39,"Josh Frydenberg","Lib46",2122,14.61,0,0,"Exact"
"Kooyong","Angelina Zubac","Ind","John Kennedy","ALP",361,58.13,"Josh Frydenberg","Lib46",260,41.87,0,0,"Exact"
"Kooyong","Jaxon Calder","FFP","John Kennedy","ALP",314,38.06,"Josh Frydenberg","Lib46",511,61.94,0,0,"Exact"
"Lalor","Marion Vale","RUA","Joanne Ryan","ALP",1199,71.2,"Nihal Samara","Lib46",485,28.8,0,0,"Exact"
"Lalor","Geoff Rogers","ACh","Joanne Ryan","ALP",652,42.48,"Nihal Samara","Lib46",883,57.52,0,0,"Exact"
"Lalor","Jonathan Page","SPP","Joanne Ryan","ALP",230,64.07,"Nihal Samara","Lib46",129,35.93,0,0,"Exact"
"Lalor","Michael Freeman","DLP","Joanne Ryan","ALP",1183,66.91,"Nihal Samara","Lib46",585,33.09,0,0,"Exact"
"Lalor","Nathan Mullins","Ind","Joanne Ryan","ALP",1229,66.72,"Nihal Samara","Lib46",613,33.28,0,0,"Exact"
"Lalor","Beck Sheffield-Brotherton","Grn","Joanne Ryan","ALP",4860,86.55,"Nihal Samara","Lib46",755,13.45,0,0,"Exact"
"Lalor","Joe Zappia","PUP","Joanne Ryan","ALP",2999,55.37,"Nihal Samara","Lib46",2417,44.63,0,0,"Exact"
"Lalor","Angel Harwood","ASXP","Joanne Ryan","ALP",2201,73.27,"Nihal Samara","Lib46",803,26.73,0,0,"Exact"
"Lalor","Daryl Pollard","FFP","Joanne Ryan","ALP",1304,49.15,"Nihal Samara","Lib46",1349,50.85,0,0,"Exact"
"La Trobe","Michael Schilling","Grn","Laura Smyth","ALP",7452,83.68,"Jason Wood","Lib46",1453,16.32,0,0,"Exact"
"La Trobe","Martin Leahy","ASXP","Laura Smyth","ALP",1565,63.23,"Jason Wood","Lib46",910,36.77,0,0,"Exact"
"La Trobe","Rachel Jenkins","DLP","Laura Smyth","ALP",571,48.89,"Jason Wood","Lib46",597,51.11,0,0,"Exact"
"La Trobe","Daniel Martin","FFP","Laura Smyth","ALP",621,36.96,"Jason Wood","Lib46",1059,63.04,0,0,"Exact"
"La Trobe","Jason Kennedy","PUP","Laura Smyth","ALP",1880,41.65,"Jason Wood","Lib46",2634,58.35,0,0,"Exact"
"La Trobe","Kevin Seaman","RUA","Laura Smyth","ALP",291,40.93,"Jason Wood","Lib46",420,59.07,0,0,"Exact"
"Leichhardt","Frank Miles","FFP","Billy Gordon","ALP",594,31.66,"Warren Entsch","LNP",1282,68.34,0,0,"Exact"
"Leichhardt","Dale Edwards","RUA","Billy Gordon","ALP",171,35.92,"Warren Entsch","LNP",305,64.08,0,0,"Exact"
"Leichhardt","George Ryan","KAP","Billy Gordon","ALP",1759,47.84,"Warren Entsch","LNP",1918,52.16,0,0,"Exact"
"Leichhardt","Bruce Gibson","PUP","Billy Gordon","ALP",3013,41.13,"Warren Entsch","LNP",4313,58.87,0,0,"Exact"
"Leichhardt","Johanna Kloot","Grn","Billy Gordon","ALP",4534,80.3,"Warren Entsch","LNP",1112,19.7,0,0,"Exact"
"Lilley","James Ryan","KAP","Wayne Swan","ALP",826,43.5,"Rod McGarvie","LNP",1073,56.5,0,0,"Exact"
"Lilley","Nic Forster","Grn","Wayne Swan","ALP",5622,81.38,"Rod McGarvie","LNP",1286,18.62,0,0,"Exact"
"Lilley","Benedict Figueroa","PUP","Wayne Swan","ALP",2952,47.67,"Rod McGarvie","LNP",3241,52.33,0,0,"Exact"
"Lilley","Allan Vincent","FFP","Wayne Swan","ALP",441,34,"Rod McGarvie","LNP",856,66,0,0,"Exact"
"Lilley","Nick Contarino","CEC","Wayne Swan","ALP",168,48.84,"Rod McGarvie","LNP",176,51.16,0,0,"Exact"
"Lindsay","Jeffrey Lawson","ON","David Bradbury","ALP",1198,63.02,"Fiona Scott","Lib46",703,36.98,0,0,"Exact"
"Lindsay","David Lenton","Grn","David Bradbury","ALP",2205,82.31,"Fiona Scott","Lib46",474,17.69,0,0,"Exact"
"Lindsay","Mick Saunders","AFP","David Bradbury","ALP",334,54.75,"Fiona Scott","Lib46",276,45.25,0,0,"Exact"
"Lindsay","Andrew Wilcox","PUP","David Bradbury","ALP",2366,52.38,"Fiona Scott","Lib46",2151,47.62,0,0,"Exact"
"Lindsay","Geoff Brown","SPP","David Bradbury","ALP",221,54.17,"Fiona Scott","Lib46",187,45.83,0,0,"Exact"
"Lindsay","Andrew Green","CDP","David Bradbury","ALP",676,27.6,"Fiona Scott","Lib46",1773,72.4,0,0,"Exact"
"Lingiari","Peter Flynn","CEC","Warren Snowdon","ALP",242,14.77,"Tina McFarlane","CLP",1397,85.23,0,0,"Exact"
"Lingiari","Barbara Shaw","Grn","Warren Snowdon","ALP",2608,73.01,"Tina McFarlane","CLP",964,26.99,0,0,"Exact"
"Lingiari","Alf Gould","Ind","Warren Snowdon","ALP",305,40.78,"Tina McFarlane","CLP",443,59.22,0,0,"Exact"
"Lingiari","Regina McCarthy","RUA","Warren Snowdon","ALP",385,41.98,"Tina McFarlane","CLP",532,58.02,0,0,"Exact"
"Lingiari","Trevor Hedland","PUP","Warren Snowdon","ALP",790,41.19,"Tina McFarlane","CLP",1128,58.81,0,0,"Exact"
"Lingiari","Kenny Lechleitner","FNPP","Warren Snowdon","ALP",791,59.03,"Tina McFarlane","CLP",549,40.97,0,0,"Exact"
"Longman","Brad Kennedy","KAP","Michael Caisley","ALP",1163,49.2,"Wyatt Roy","LNP",1201,50.8,0,0,"Exact"
"Longman","Clem van der Weegen","PUP","Michael Caisley","ALP",4736,44.2,"Wyatt Roy","LNP",5978,55.8,0,0,"Exact"
"Longman","Caleb Wells","Ind","Michael Caisley","ALP",490,54.75,"Wyatt Roy","LNP",405,45.25,0,0,"Exact"
"Longman","Will Smith","FFP","Michael Caisley","ALP",639,32.32,"Wyatt Roy","LNP",1338,67.68,0,0,"Exact"
"Longman","Ayla Goeytes","ASXP","Michael Caisley","ALP",796,62.04,"Wyatt Roy","LNP",487,37.96,0,0,"Exact"
"Longman","Helen Fairweather","Grn","Michael Caisley","ALP",2592,78.45,"Wyatt Roy","LNP",712,21.55,0,0,"Exact"
"Lyne","John Klose","CDP","Peter Alley","ALP",742,36.12,"David Gillespie","NPA",1312,63.88,0,0,"Exact"
"Lyne","Craig Huth","ON","Peter Alley","ALP",883,39.99,"David Gillespie","NPA",1325,60.01,0,0,"Exact"
"Lyne","Brian Buckley Clare","KAP","Peter Alley","ALP",347,42.63,"David Gillespie","NPA",467,57.37,0,0,"Exact"
"Lyne","Ian Oxenford","Grn","Peter Alley","ALP",4228,79.18,"David Gillespie","NPA",1112,20.82,0,0,"Exact"
"Lyne","Troy Wilkie","PUP","Peter Alley","ALP",1923,40.68,"David Gillespie","NPA",2804,59.32,0,0,"Exact"
"Lyne","Michael Gough","CEC","Peter Alley","ALP",131,41.19,"David Gillespie","NPA",187,58.81,0,0,"Exact"
"Lyne","Steve Attkins","Ind","Peter Alley","ALP",3782,57.64,"David Gillespie","NPA",2779,42.36,0,0,"Exact"
"Lyons","Gaye James","FFP","Dick Adams","ALP",731,42.82,"Eric Hutchinson","Lib46",976,57.18,0,0,"Exact"
"Lyons","Quentin Von Stieglitz","PUP","Dick Adams","ALP",2381,50.69,"Eric Hutchinson","Lib46",2316,49.31,0,0,"Exact"
"Lyons","Pip Brinklow","Grn","Dick Adams","ALP",4609,82.85,"Eric Hutchinson","Lib46",954,17.15,0,0,"Exact"
"Lyons","Julian Rogers","RUA","Dick Adams","ALP",269,45.67,"Eric Hutchinson","Lib46",320,54.33,0,0,"Exact"
"Macarthur","Mick Williams","KAP","Ian Fulton","ALP",590,33.7,"Russell Matheson","Lib46",1161,66.3,0,0,"Exact"
"Macarthur","Sarah Ramsay","CDP","Ian Fulton","ALP",610,27.87,"Russell Matheson","Lib46",1579,72.13,0,0,"Exact"
"Macarthur","Rob Grosche","PUP","Ian Fulton","ALP",2472,50.28,"Russell Matheson","Lib46",2444,49.72,0,0,"Exact"
"Macarthur","Patrick Darley-Jones","Grn","Ian Fulton","ALP",3137,79.84,"Russell Matheson","Lib46",792,20.16,0,0,"Exact"
"Mackellar","Jonathan King","Grn","Chris Hedge","ALP",10366,80.71,"Bronwyn Bishop","Lib46",2477,19.29,0,0,"Exact"
"Mackellar","Debra Drummond","PUP","Chris Hedge","ALP",1731,45.9,"Bronwyn Bishop","Lib46",2040,54.1,0,0,"Exact"
"Mackellar","Silvana Nero","CDP","Chris Hedge","ALP",507,28.31,"Bronwyn Bishop","Lib46",1284,71.69,0,0,"Exact"
"Macquarie","Tony Piper","CDP","Susan Templeman","ALP",564,20.74,"Louise Markus","Lib46",2156,79.26,0,0,"Exact"
"Macquarie","Teresa Elaro","DLP","Susan Templeman","ALP",315,63.13,"Louise Markus","Lib46",184,36.87,0,0,"Exact"
"Macquarie","Philip Maxwell","PUP","Susan Templeman","ALP",1717,46.02,"Louise Markus","Lib46",2014,53.98,0,0,"Exact"
"Macquarie","Matt Hodgson","AFP","Susan Templeman","ALP",352,46.93,"Louise Markus","Lib46",398,53.07,0,0,"Exact"
"Macquarie","Danielle Wheeler","Grn","Susan Templeman","ALP",8997,90.1,"Louise Markus","Lib46",989,9.9,0,0,"Exact"
"Macquarie","Mark Littlejohn","ASXP","Susan Templeman","ALP",1120,63.06,"Louise Markus","Lib46",656,36.94,0,0,"Exact"
"Makin","Andrew Graham","PUP","Tony Zappia","ALP",2004,52.49,"Sue Lawrie","Lib46",1814,47.51,0,0,"Exact"
"Makin","Robert Jameson","KAP","Tony Zappia","ALP",358,50.78,"Sue Lawrie","Lib46",347,49.22,0,0,"Exact"
"Makin","Ami Harrison","Grn","Tony Zappia","ALP",4192,77.21,"Sue Lawrie","Lib46",1237,22.79,0,0,"Exact"
"Makin","Mark Potter","FFP","Tony Zappia","ALP",2177,36.95,"Sue Lawrie","Lib46",3714,63.05,0,0,"Exact"
"Mallee","Mark Cory","PUP","Andrew Broad","NPA",1634,56.68,"Chris Crewther","Lib46",1249,43.32,0,0,"Exact"
"Mallee","Amy Mulcahy","ASXP","Andrew Broad","NPA",1148,54.2,"Chris Crewther","Lib46",970,45.8,0,0,"Exact"
"Mallee","Vince Cirillo","KAP","Andrew Broad","NPA",1309,40.97,"Chris Crewther","Lib46",1886,59.03,0,0,"Exact"
"Mallee","Chris Lahy","CEC","Andrew Broad","NPA",110,45.64,"Chris Crewther","Lib46",131,54.36,0,0,"Exact"
"Mallee","Allen Ridgeway","Ind","Andrew Broad","NPA",347,58.32,"Chris Crewther","Lib46",248,41.68,0,0,"Exact"
"Mallee","Jan Macallister","Grn","Andrew Broad","NPA",1748,66.29,"Chris Crewther","Lib46",889,33.71,0,0,"Exact"
"Mallee","Tim Middleton","RUA","Andrew Broad","NPA",555,71.89,"Chris Crewther","Lib46",217,28.11,0,0,"Exact"
"Mallee","Neil Buller","FFP","Andrew Broad","NPA",792,58.41,"Chris Crewther","Lib46",564,41.59,0,0,"Exact"
"Mallee","Michael Coldham","ACA","Andrew Broad","NPA",243,63.28,"Chris Crewther","Lib46",141,36.72,0,0,"Exact"
"Mallee","Lydia Senior","ALP","Andrew Broad","NPA",7087,47.18,"Chris Crewther","Lib46",7933,52.82,0,0,"Exact"
"Maranoa","John Spellman","FFP","Nick Cedric-Thompson","ALP",1221,49.21,"Bruce Scott","LNP",1260,50.79,0,0,"Exact"
"Maranoa","Grant Newson","Grn","Nick Cedric-Thompson","ALP",2048,74.15,"Bruce Scott","LNP",714,25.85,0,0,"Exact"
"Maranoa","George Clouston","RUA","Nick Cedric-Thompson","ALP",259,30.08,"Bruce Scott","LNP",602,69.92,0,0,"Exact"
"Maranoa","John Bjelke-Petersen","PUP","Nick Cedric-Thompson","ALP",4727,37.8,"Bruce Scott","LNP",7779,62.2,0,0,"Exact"
"Maranoa","Rowell Walton","KAP","Nick Cedric-Thompson","ALP",2017,40.12,"Bruce Scott","LNP",3010,59.88,0,0,"Exact"
"Maribyrnong","Richard Keech","Grn","Bill Shorten","ALP",7693,86.24,"Ted Hatzakortzian","Lib46",1227,13.76,0,0,"Exact"
"Maribyrnong","Joe Paterno","ACh","Bill Shorten","ALP",444,50,"Ted Hatzakortzian","Lib46",444,50,0,0,"Exact"
"Maribyrnong","Philip Cutler","PUP","Bill Shorten","ALP",1266,51.26,"Ted Hatzakortzian","Lib46",1204,48.74,0,0,"Exact"
"Maribyrnong","Marguerita Kavanagh","DLP","Bill Shorten","ALP",631,50.16,"Ted Hatzakortzian","Lib46",627,49.84,0,0,"Exact"
"Maribyrnong","Amy Myers","ASXP","Bill Shorten","ALP",1482,64.07,"Ted Hatzakortzian","Lib46",831,35.93,0,0,"Exact"
"Maribyrnong","Hayleigh Carlson","FFP","Bill Shorten","ALP",494,52.33,"Ted Hatzakortzian","Lib46",450,47.67,0,0,"Exact"
"Maribyrnong","Jeff Truscott","RUA","Bill Shorten","ALP",148,37.47,"Ted Hatzakortzian","Lib46",247,62.53,0,0,"Exact"
"Mayo","Bruce Hicks","FFP","Norah Fahy","ALP",2462,37.73,"Jamie Briggs","Lib46",4063,62.27,0,0,"Exact"
"Mayo","Bikkar Singh Brar","PUP","Norah Fahy","ALP",1798,52.36,"Jamie Briggs","Lib46",1636,47.64,0,0,"Exact"
"Mayo","Ian Grosser","Grn","Norah Fahy","ALP",10684,82.62,"Jamie Briggs","Lib46",2247,17.38,0,0,"Exact"
"McEwen","Barry Newton","FFP","Rob Mitchell","ALP",1079,37.13,"Donna Petrovich","Lib46",1827,62.87,0,0,"Exact"
"McEwen","Trevor Dance","PUP","Rob Mitchell","ALP",2881,42.23,"Donna Petrovich","Lib46",3941,57.77,0,0,"Exact"
"McEwen","Ferdie Verdan","RUA","Rob Mitchell","ALP",159,34.34,"Donna Petrovich","Lib46",304,65.66,0,0,"Exact"
"McEwen","Ian Cranson","ACA","Rob Mitchell","ALP",272,39.65,"Donna Petrovich","Lib46",414,60.35,0,0,"Exact"
"McEwen","Bruce Stevens","KAP","Rob Mitchell","ALP",362,36.31,"Donna Petrovich","Lib46",635,63.69,0,0,"Exact"
"McEwen","Vicki Nash","ASXP","Rob Mitchell","ALP",1885,57.89,"Donna Petrovich","Lib46",1371,42.11,0,0,"Exact"
"McEwen","Neil Barker","Grn","Rob Mitchell","ALP",6058,84.29,"Donna Petrovich","Lib46",1129,15.71,0,0,"Exact"
"McMahon","Matthew Dobrincic","PUP","Chris Bowen","ALP",1408,49.2,"Ray King","Lib46",1454,50.8,0,0,"Exact"
"McMahon","Astrid O'Neill","Grn","Chris Bowen","ALP",1877,77.88,"Ray King","Lib46",533,22.12,0,0,"Exact"
"McMahon","Manny Poularas","CDP","Chris Bowen","ALP",942,40.55,"Ray King","Lib46",1381,59.45,0,0,"Exact"
"McMillan","David Amor","KAP","Anthony Naus","ALP",656,29,"Russell Broadbent","Lib46",1606,71,0,0,"Exact"
"McMillan","Gary Patton","SOL","Anthony Naus","ALP",83,39.71,"Russell Broadbent","Lib46",126,60.29,0,0,"Exact"
"McMillan","Ben Staggard","ASXP","Anthony Naus","ALP",1134,52.31,"Russell Broadbent","Lib46",1034,47.69,0,0,"Exact"
"McMillan","Malcolm McKelvie","Grn","Anthony Naus","ALP",5758,80.45,"Russell Broadbent","Lib46",1399,19.55,0,0,"Exact"
"McMillan","John Parker","Ind","Anthony Naus","ALP",761,61.12,"Russell Broadbent","Lib46",484,38.88,0,0,"Exact"
"McMillan","Andrew Kis-Rigo","DLP","Anthony Naus","ALP",535,32.6,"Russell Broadbent","Lib46",1106,67.4,0,0,"Exact"
"McMillan","Matthew Sherry","PUP","Anthony Naus","ALP",1843,42.08,"Russell Broadbent","Lib46",2537,57.92,0,0,"Exact"
"McMillan","Norman Baker","RUA","Anthony Naus","ALP",148,23.6,"Russell Broadbent","Lib46",479,76.4,0,0,"Exact"
"McMillan","Leigh Gatt","Ind","Anthony Naus","ALP",349,50.22,"Russell Broadbent","Lib46",346,49.78,0,0,"Exact"
"McMillan","Ross Fisher","ACA","Anthony Naus","ALP",309,37.59,"Russell Broadbent","Lib46",513,62.41,0,0,"Exact"
"McMillan","Luke Conlon","FFP","Anthony Naus","ALP",744,39.3,"Russell Broadbent","Lib46",1149,60.7,0,0,"Exact"
"McPherson","Simon Green","FFP","Gail Hislop","ALP",1385,44.91,"Karen Andrews","LNP",1699,55.09,0,0,"Exact"
"McPherson","Susie Douglas","PUP","Gail Hislop","ALP",5610,42.49,"Karen Andrews","LNP",7593,57.51,0,0,"Exact"
"McPherson","Charles Blake","AVP","Gail Hislop","ALP",288,58.66,"Karen Andrews","LNP",203,41.34,0,0,"Exact"
"McPherson","David Wyatt","Grn","Gail Hislop","ALP",4534,79.7,"Karen Andrews","LNP",1155,20.3,0,0,"Exact"
"Melbourne","Anthony Main","Ind","Cath Bowtell","ALP",200,17.54,"Adam Bandt","Grn",940,82.46,0,0,"Exact"
"Melbourne","Sean Armistead","Lib46","Cath Bowtell","ALP",12795,66.29,"Adam Bandt","Grn",6506,33.71,0,0,"Exact"
"Melbourne","Kate Borland","Ind","Cath Bowtell","ALP",141,31.83,"Adam Bandt","Grn",302,68.17,0,0,"Exact"
"Melbourne","Noelle Walker","FFP","Cath Bowtell","ALP",262,57.84,"Adam Bandt","Grn",191,42.16,0,0,"Exact"
"Melbourne","Martin Vrbnjak","PUP","Cath Bowtell","ALP",352,45.13,"Adam Bandt","Grn",428,54.87,0,0,"Exact"
"Melbourne","Michael Bayliss","SPP","Cath Bowtell","ALP",75,43.35,"Adam Bandt","Grn",98,56.65,0,0,"Exact"
"Melbourne","Michael Murphy","DLP","Cath Bowtell","ALP",265,59.95,"Adam Bandt","Grn",177,40.05,0,0,"Exact"
"Melbourne","Nyree Walshe","AJP","Cath Bowtell","ALP",168,26.75,"Adam Bandt","Grn",460,73.25,0,0,"Exact"
"Melbourne","Josh Davidson","BTA","Cath Bowtell","ALP",126,42.42,"Adam Bandt","Grn",171,57.58,0,0,"Exact"
"Melbourne","Joyce Khoo","RUA","Cath Bowtell","ALP",96,58.18,"Adam Bandt","Grn",69,41.82,0,0,"Exact"
"Melbourne","Royston Wilding","SPA10","Cath Bowtell","ALP",74,32.17,"Adam Bandt","Grn",156,67.83,0,0,"Exact"
"Melbourne","James Mangisi","ASXP","Cath Bowtell","ALP",615,37.94,"Adam Bandt","Grn",1006,62.06,0,0,"Exact"
"Melbourne","Frazer Kirkman","Ind","Cath Bowtell","ALP",64,34.97,"Adam Bandt","Grn",119,65.03,0,0,"Exact"
"Melbourne","Paul Cummins","AIn","Cath Bowtell","ALP",96,56.47,"Adam Bandt","Grn",74,43.53,0,0,"Exact"
"Melbourne Ports","Melissa Star","ASXP","Michael Danby","ALP",2178,70.51,"Kevin Ekendahl","Lib46",911,29.49,0,0,"Exact"
"Melbourne Ports","Robert Keenan","FFP","Michael Danby","ALP",247,50.41,"Kevin Ekendahl","Lib46",243,49.59,0,0,"Exact"
"Melbourne Ports","Toby Stodart","PUP","Michael Danby","ALP",518,46.17,"Kevin Ekendahl","Lib46",604,53.83,0,0,"Exact"
"Melbourne Ports","Vince Stefano","DLP","Michael Danby","ALP",322,59.63,"Kevin Ekendahl","Lib46",218,40.37,0,0,"Exact"
"Melbourne Ports","Ann Birrell","Grn","Michael Danby","ALP",14217,86.94,"Kevin Ekendahl","Lib46",2136,13.06,0,0,"Exact"
"Melbourne Ports","Margaret Quinn","RUA","Michael Danby","ALP",93,46.27,"Kevin Ekendahl","Lib46",108,53.73,0,0,"Exact"
"Melbourne Ports","Steven Armstrong","SPP","Michael Danby","ALP",168,51.85,"Kevin Ekendahl","Lib46",156,48.15,0,0,"Exact"
"Menzies","Richard Cranston","Grn","Manoj Kumar","ALP",6014,78.48,"Kevin Andrews","Lib46",1649,21.52,0,0,"Exact"
"Menzies","Agostino Guardiani","PUP","Manoj Kumar","ALP",1166,49.55,"Kevin Andrews","Lib46",1187,50.45,0,0,"Exact"
"Menzies","Ramon Robinson","Ind","Manoj Kumar","ALP",744,57.81,"Kevin Andrews","Lib46",543,42.19,0,0,"Exact"
"Menzies","Phil Baker","RUA","Manoj Kumar","ALP",189,37.2,"Kevin Andrews","Lib46",319,62.8,0,0,"Exact"
"Menzies","Andrew Conlon","FFP","Manoj Kumar","ALP",670,34.95,"Kevin Andrews","Lib46",1247,65.05,0,0,"Exact"
"Mitchell","Darryl Allen","CDP","Andrew Punch","ALP",530,18.97,"Alex Hawke","Lib46",2264,81.03,0,0,"Exact"
"Mitchell","Michael Bellstedt","Grn","Andrew Punch","ALP",4252,76.56,"Alex Hawke","Lib46",1302,23.44,0,0,"Exact"
"Mitchell","Murray Schultz","PUP","Andrew Punch","ALP",1069,38.29,"Alex Hawke","Lib46",1723,61.71,0,0,"Exact"
"Mitchell","Nathan Dodd","DLP","Andrew Punch","ALP",557,56.43,"Alex Hawke","Lib46",430,43.57,0,0,"Exact"
"Moncrieff","Barrie Nicholson","FFP","Jason Munro","ALP",495,28.38,"Steven Ciobo","LNP",1249,71.62,0,0,"Exact"
"Moncrieff","Peter Spajic","CEC","Jason Munro","ALP",125,37.88,"Steven Ciobo","LNP",205,62.12,0,0,"Exact"
"Moncrieff","Grant Pforr","PUP","Jason Munro","ALP",4160,38.23,"Steven Ciobo","LNP",6722,61.77,0,0,"Exact"
"Moncrieff","Veronica Beric","ON","Jason Munro","ALP",249,41.5,"Steven Ciobo","LNP",351,58.5,0,0,"Exact"
"Moncrieff","Toni McPherson","Grn","Jason Munro","ALP",3898,76.03,"Steven Ciobo","LNP",1229,23.97,0,0,"Exact"
"Moore","Gary Morris","PUP","Jason Lawrance","ALP",2525,43.95,"Ian Goodenough","Lib46",3220,56.05,0,0,"Exact"
"Moore","Rex Host","ACh","Jason Lawrance","ALP",406,25.34,"Ian Goodenough","Lib46",1196,74.66,0,0,"Exact"
"Moore","Louahna Lloyd","Grn","Jason Lawrance","ALP",6534,76.52,"Ian Goodenough","Lib46",2005,23.48,0,0,"Exact"
"Moore","Mary Pritchett","RUA","Jason Lawrance","ALP",326,44.17,"Ian Goodenough","Lib46",412,55.83,0,0,"Exact"
"Moore","Josh Catalano","Sprt","Jason Lawrance","ALP",619,46.75,"Ian Goodenough","Lib46",705,53.25,0,0,"Exact"
"Moreton","Wayne Grunert","CEC","Graham Perrett","ALP",115,55.29,"Malcolm Cole","LNP",93,44.71,0,0,"Exact"
"Moreton","Chris Mallcott","KAP","Graham Perrett","ALP",520,48.6,"Malcolm Cole","LNP",550,51.4,0,0,"Exact"
"Moreton","Haydon Muscat","Fut","Graham Perrett","ALP",322,66.94,"Malcolm Cole","LNP",159,33.06,0,0,"Exact"
"Moreton","Carolyn Ferrando","FFP","Graham Perrett","ALP",432,34.56,"Malcolm Cole","LNP",818,65.44,0,0,"Exact"
"Moreton","Jeremy Davey","PUP","Graham Perrett","ALP",2062,49.72,"Malcolm Cole","LNP",2085,50.28,0,0,"Exact"
"Moreton","Bruce Fry","RUA","Graham Perrett","ALP",114,37.62,"Malcolm Cole","LNP",189,62.38,0,0,"Exact"
"Moreton","Elissa Jenkins","Grn","Graham Perrett","ALP",7006,85.09,"Malcolm Cole","LNP",1228,14.91,0,0,"Exact"
"Murray","Tristram Chellew","ASXP","Rod Higgins","ALP",868,37.14,"Sharman Stone","Lib46",1469,62.86,0,0,"Exact"
"Murray","Michael Bourke","KAP","Rod Higgins","ALP",753,31.08,"Sharman Stone","Lib46",1670,68.92,0,0,"Exact"
"Murray","Wendy Buck","Ind","Rod Higgins","ALP",529,44.98,"Sharman Stone","Lib46",647,55.02,0,0,"Exact"
"Murray","Damien Stevens","Grn","Rod Higgins","ALP",2614,75.01,"Sharman Stone","Lib46",871,24.99,0,0,"Exact"
"Murray","Catriona Thoolen","PUP","Rod Higgins","ALP",1335,45.04,"Sharman Stone","Lib46",1629,54.96,0,0,"Exact"
"Murray","Fern Summer","BTA","Rod Higgins","ALP",460,46.65,"Sharman Stone","Lib46",526,53.35,0,0,"Exact"
"Murray","Raymond Hungerford","RUA","Rod Higgins","ALP",143,25.4,"Sharman Stone","Lib46",420,74.6,0,0,"Exact"
"Murray","Alan Walker","FFP","Rod Higgins","ALP",551,34.68,"Sharman Stone","Lib46",1038,65.32,0,0,"Exact"
"Murray","Jeff Davy","CEC","Rod Higgins","ALP",194,61.39,"Sharman Stone","Lib46",122,38.61,0,0,"Exact"
"Newcastle","Michael Chehoff","AFP","Sharon Claydon","ALP",264,28.63,"Jaimie Abbott","Lib46",658,71.37,0,0,"Exact"
"Newcastle","Zane Alcorn","SAl","Sharon Claydon","ALP",461,74.84,"Jaimie Abbott","Lib46",155,25.16,0,0,"Exact"
"Newcastle","Yegon McLellan","PUP","Sharon Claydon","ALP",1684,47.87,"Jaimie Abbott","Lib46",1834,52.13,0,0,"Exact"
"Newcastle","Rod Holding","Ind","Sharon Claydon","ALP",346,51.34,"Jaimie Abbott","Lib46",328,48.66,0,0,"Exact"
"Newcastle","Susanna Scurry","Ind","Sharon Claydon","ALP",610,59.45,"Jaimie Abbott","Lib46",416,40.55,0,0,"Exact"
"Newcastle","Milton Caine","CDP","Sharon Claydon","ALP",304,27.86,"Jaimie Abbott","Lib46",787,72.14,0,0,"Exact"
"Newcastle","Lawrence Higgins","AIn","Sharon Claydon","ALP",196,53.41,"Jaimie Abbott","Lib46",171,46.59,0,0,"Exact"
"Newcastle","Michael Osborne","Grn","Sharon Claydon","ALP",9042,88.15,"Jaimie Abbott","Lib46",1216,11.85,0,0,"Exact"
"New England","Phillip Girle","PUP","Rob Taber","Ind",2909,61.29,"Barnaby Joyce","NPA",1837,38.71,0,0,"Exact"
"New England","Brian Dettmann","ON","Rob Taber","Ind",928,59.26,"Barnaby Joyce","NPA",638,40.74,0,0,"Exact"
"New England","Pat Schultz","Grn","Rob Taber","Ind",3401,81.29,"Barnaby Joyce","NPA",783,18.71,0,0,"Exact"
"New England","Jamie McIntyre","Ind","Rob Taber","Ind",3740,61.73,"Barnaby Joyce","NPA",2319,38.27,0,0,"Exact"
"New England","Richard Witten","CEC","Rob Taber","Ind",203,57.51,"Barnaby Joyce","NPA",150,42.49,0,0,"Exact"
"New England","Stephen Hewitt","ALP","Rob Taber","Ind",8159,75.37,"Barnaby Joyce","NPA",2666,24.63,0,0,"Exact"
"New England","Aaron Evans","CDP","Rob Taber","Ind",529,35.36,"Barnaby Joyce","NPA",967,64.64,0,0,"Exact"
"North Sydney","Raheam Khan","PUP","Peter Hayes","ALP",576,38.58,"Joe Hockey","Lib46",917,61.42,0,0,"Exact"
"North Sydney","Alison Haines","Grn","Peter Hayes","ALP",11186,82.38,"Joe Hockey","Lib46",2393,17.62,0,0,"Exact"
"North Sydney","Angus McCaffrey","DLP","Peter Hayes","ALP",414,54.05,"Joe Hockey","Lib46",352,45.95,0,0,"Exact"
"North Sydney","Maureen Guthrie","CDP","Peter Hayes","ALP",271,30.38,"Joe Hockey","Lib46",621,69.62,0,0,"Exact"
"O'Connor","Michael Salt","ALP","Chub Witham","NPA",9374,65.86,"Rick Wilson","Lib46",4860,34.14,0,0,"Exact"
"O'Connor","Jean Robinson","CEC","Chub Witham","NPA",290,71.25,"Rick Wilson","Lib46",117,28.75,0,0,"Exact"
"O'Connor","Phillip Bouwman","KAP","Chub Witham","NPA",442,66.97,"Rick Wilson","Lib46",218,33.03,0,0,"Exact"
"O'Connor","Vanessa Korber","RUA","Chub Witham","NPA",401,67.39,"Rick Wilson","Lib46",194,32.61,0,0,"Exact"
"O'Connor","Diane Evers","Grn","Chub Witham","NPA",4612,81.96,"Rick Wilson","Lib46",1015,18.04,0,0,"Exact"
"O'Connor","Mike Walsh","ACh","Chub Witham","NPA",780,37.52,"Rick Wilson","Lib46",1299,62.48,0,0,"Exact"
"O'Connor","Steven Fuhrmann","FFP","Chub Witham","NPA",394,56.45,"Rick Wilson","Lib46",304,43.55,0,0,"Exact"
"O'Connor","Jane Mouritz","Ind","Chub Witham","NPA",1006,70.3,"Rick Wilson","Lib46",425,29.7,0,0,"Exact"
"O'Connor","Michael Lucas","PUP","Chub Witham","NPA",2257,63.03,"Rick Wilson","Lib46",1324,36.97,0,0,"Exact"
"Oxley","Frank Karg","DLP","Bernie Ripoll","ALP",548,50.98,"Andrew Nguyen","LNP",527,49.02,0,0,"Exact"
"Oxley","Martin Stephenson","Grn","Bernie Ripoll","ALP",3150,77.36,"Andrew Nguyen","LNP",922,22.64,0,0,"Exact"
"Oxley","Kathleen Hewlett","KAP","Bernie Ripoll","ALP",721,48.1,"Andrew Nguyen","LNP",778,51.9,0,0,"Exact"
"Oxley","Scott Moerland","RUA","Bernie Ripoll","ALP",167,41.75,"Andrew Nguyen","LNP",233,58.25,0,0,"Exact"
"Oxley","Ricky Tang","PUP","Bernie Ripoll","ALP",2771,51.62,"Andrew Nguyen","LNP",2597,48.38,0,0,"Exact"
"Oxley","Carrie McCormack","FFP","Bernie Ripoll","ALP",711,45.84,"Andrew Nguyen","LNP",840,54.16,0,0,"Exact"
"Page","Carol Ordish","CDP","Janelle Saffin","ALP",353,25.32,"Kevin Hogan","NPA",1041,74.68,0,0,"Exact"
"Page","Stephen Janes","PUP","Janelle Saffin","ALP",1673,40.46,"Kevin Hogan","NPA",2462,59.54,0,0,"Exact"
"Page","Desley Banks","Grn","Janelle Saffin","ALP",4880,87.13,"Kevin Hogan","NPA",721,12.87,0,0,"Exact"
"Page","Rod Smith","ON","Janelle Saffin","ALP",559,40.48,"Kevin Hogan","NPA",822,59.52,0,0,"Exact"
"Parkes","Matt Parmeter","Grn","Brendan Byron","ALP",2958,63.06,"Mark Coulton","NPA",1733,36.94,0,0,"Exact"
"Parkes","Neil Gorman","PUP","Brendan Byron","ALP",2668,39.68,"Mark Coulton","NPA",4056,60.32,0,0,"Exact"
"Parkes","Michelle Ryan","CDP","Brendan Byron","ALP",588,24.98,"Mark Coulton","NPA",1766,75.02,0,0,"Exact"
"Parramatta","Miechele Williams","DLP","Julie Owens","ALP",1299,79.89,"Martin Zaiter","Lib46",327,20.11,0,0,"Exact"
"Parramatta","Gary Loke","PUP","Julie Owens","ALP",1007,57.22,"Martin Zaiter","Lib46",753,42.78,0,0,"Exact"
"Parramatta","Kalpesh Patel","Ind","Julie Owens","ALP",714,59.3,"Martin Zaiter","Lib46",490,40.7,0,0,"Exact"
"Parramatta","Phil Bradley","Grn","Julie Owens","ALP",3513,82.45,"Martin Zaiter","Lib46",748,17.55,0,0,"Exact"
"Parramatta","Tania Rollinson","ON","Julie Owens","ALP",371,45.13,"Martin Zaiter","Lib46",451,54.87,0,0,"Exact"
"Parramatta","Alex Sharah","CDP","Julie Owens","ALP",600,30.66,"Martin Zaiter","Lib46",1357,69.34,0,0,"Exact"
"Paterson","Anna Balfour","CDP","Bay Marshall","ALP",745,40.18,"Bob Baldwin","Lib46",1109,59.82,0,0,"Exact"
"Paterson","Jayson Packett","PUP","Bay Marshall","ALP",2891,53.04,"Bob Baldwin","Lib46",2560,46.96,0,0,"Exact"
"Paterson","Peter Davis","CEC","Bay Marshall","ALP",246,63.08,"Bob Baldwin","Lib46",144,36.92,0,0,"Exact"
"Paterson","Bob Holz","RUA","Bay Marshall","ALP",468,53.36,"Bob Baldwin","Lib46",409,46.64,0,0,"Exact"
"Paterson","John Brown","Grn","Bay Marshall","ALP",4876,83.9,"Bob Baldwin","Lib46",936,16.1,0,0,"Exact"
"Pearce","Sarah Nielsen-Harvey","Grn","Madeleine West","ALP",7922,80.01,"Christian Porter","Lib46",1979,19.99,0,0,"Exact"
"Pearce","Craig McAllister","NPA","Madeleine West","ALP",1328,30.7,"Christian Porter","Lib46",2998,69.3,0,0,"Exact"
"Pearce","Norman Gay","CEC","Madeleine West","ALP",277,63.1,"Christian Porter","Lib46",162,36.9,0,0,"Exact"
"Pearce","Eddie Richards","KAP","Madeleine West","ALP",417,57.36,"Christian Porter","Lib46",310,42.64,0,0,"Exact"
"Pearce","Matthew Corica","AD","Madeleine West","ALP",326,56.99,"Christian Porter","Lib46",246,43.01,0,0,"Exact"
"Pearce","Danielle Canas","ACh","Madeleine West","ALP",430,24.63,"Christian Porter","Lib46",1316,75.37,0,0,"Exact"
"Pearce","Diane Davies","RUA","Madeleine West","ALP",377,47.66,"Christian Porter","Lib46",414,52.34,0,0,"Exact"
"Pearce","Frank Hough","PUP","Madeleine West","ALP",3081,46.77,"Christian Porter","Lib46",3506,53.23,0,0,"Exact"
"Perth","Paul Connelly","ACh","Alannah MacTiernan","ALP",864,45.69,"Darryl Moore","Lib46",1027,54.31,0,0,"Exact"
"Perth","Ant Clark","Ind","Alannah MacTiernan","ALP",616,60.1,"Darryl Moore","Lib46",409,39.9,0,0,"Exact"
"Perth","Jonathan Hallett","Grn","Alannah MacTiernan","ALP",7484,85.04,"Darryl Moore","Lib46",1317,14.96,0,0,"Exact"
"Perth","Evelyn Edney","RUA","Alannah MacTiernan","ALP",208,49.29,"Darryl Moore","Lib46",214,50.71,0,0,"Exact"
"Perth","Lesley Croll","FFP","Alannah MacTiernan","ALP",347,51.87,"Darryl Moore","Lib46",322,48.13,0,0,"Exact"
"Perth","Gabriel Harfouche","PUP","Alannah MacTiernan","ALP",1345,46.43,"Darryl Moore","Lib46",1552,53.57,0,0,"Exact"
"Petrie","Elise Jennings","RUA","Yvette D'Ath","ALP",236,25.65,"Luke Howarth","LNP",684,74.35,0,0,"Exact"
"Petrie","Thor Prohaska","PUP","Yvette D'Ath","ALP",3784,44.93,"Luke Howarth","LNP",4638,55.07,0,0,"Exact"
"Petrie","John Marshall","Grn","Yvette D'Ath","ALP",2876,77.13,"Luke Howarth","LNP",853,22.87,0,0,"Exact"
"Petrie","Chris Thomson","KAP","Yvette D'Ath","ALP",632,47.31,"Luke Howarth","LNP",704,52.69,0,0,"Exact"
"Petrie","Tasman Spence","FFP","Yvette D'Ath","ALP",594,33.48,"Luke Howarth","LNP",1180,66.52,0,0,"Exact"
"Petrie","Geoff Cornell","CEC","Yvette D'Ath","ALP",99,51.56,"Luke Howarth","LNP",93,48.44,0,0,"Exact"
"Port Adelaide","Bruce Hambour","FFP","Mark Butler","ALP",2923,42.72,"Nigel McKenna","Lib46",3920,57.28,0,0,"Exact"
"Port Adelaide","Chandy Huynh","PUP","Mark Butler","ALP",2579,49.34,"Nigel McKenna","Lib46",2648,50.66,0,0,"Exact"
"Port Adelaide","Terry Cooksley","AFP","Mark Butler","ALP",468,41.94,"Nigel McKenna","Lib46",648,58.06,0,0,"Exact"
"Port Adelaide","Dusan Popovic","Grn","Mark Butler","ALP",6267,80,"Nigel McKenna","Lib46",1567,20,0,0,"Exact"
"Rankin","Neil Cotter","Grn","Jim Chalmers","ALP",3516,79.82,"David Lin","LNP",889,20.18,0,0,"Exact"
"Rankin","Chris Claydon","KAP","Jim Chalmers","ALP",996,58.69,"David Lin","LNP",701,41.31,0,0,"Exact"
"Rankin","Bill Rogan","PUP","Jim Chalmers","ALP",4946,53.6,"David Lin","LNP",4282,46.4,0,0,"Exact"
"Rankin","Chris Lawrie","FFP","Jim Chalmers","ALP",1024,40.73,"David Lin","LNP",1490,59.27,0,0,"Exact"
"Reid","Raymond Palmer","AIn","John Murphy","ALP",726,59.75,"Craig Laundy","Lib46",489,40.25,0,0,"Exact"
"Reid","Pauline Tyrrell","Grn","John Murphy","ALP",5067,84.9,"Craig Laundy","Lib46",901,15.1,0,0,"Exact"
"Reid","Bishrul Izadeen","KAP","John Murphy","ALP",171,57.58,"Craig Laundy","Lib46",126,42.42,0,0,"Exact"
"Reid","Nadeem Ashraf","PUP","John Murphy","ALP",673,51.85,"Craig Laundy","Lib46",625,48.15,0,0,"Exact"
"Reid","Emily Dunn","DLP","John Murphy","ALP",340,58.62,"Craig Laundy","Lib46",240,41.38,0,0,"Exact"
"Reid","Bill Shailer","CDP","John Murphy","ALP",388,31.83,"Craig Laundy","Lib46",831,68.17,0,0,"Exact"
"Richmond","John Ordish","CDP","Justine Elliot","ALP",292,23.86,"Matthew Fraser","NPA",932,76.14,0,0,"Exact"
"Richmond","Kev Skinner","Ind","Justine Elliot","ALP",737,37.39,"Matthew Fraser","NPA",1234,62.61,0,0,"Exact"
"Richmond","Dawn Walker","Grn","Justine Elliot","ALP",13289,88.11,"Matthew Fraser","NPA",1794,11.89,0,0,"Exact"
"Richmond","Phil Allen","PUP","Justine Elliot","ALP",2286,35.95,"Matthew Fraser","NPA",4073,64.05,0,0,"Exact"
"Riverina","Andrew Lamont","BTA","Tim Kurylowicz","ALP",631,26.24,"Michael McCormack","NPA",1774,73.76,0,0,"Exact"
"Riverina","Lorraine Sharp","AFP","Tim Kurylowicz","ALP",383,29.76,"Michael McCormack","NPA",904,70.24,0,0,"Exact"
"Riverina","Paul Funnell","DLP","Tim Kurylowicz","ALP",1308,41.7,"Michael McCormack","NPA",1829,58.3,0,0,"Exact"
"Riverina","Keith Pech","CDP","Tim Kurylowicz","ALP",280,21.31,"Michael McCormack","NPA",1034,78.69,0,0,"Exact"
"Riverina","Norm Dunn","KAP","Tim Kurylowicz","ALP",346,33.14,"Michael McCormack","NPA",698,66.86,0,0,"Exact"
"Riverina","Ros Prangnell","Grn","Tim Kurylowicz","ALP",2257,71.22,"Michael McCormack","NPA",912,28.78,0,0,"Exact"
"Riverina","Lex Stewart","PUP","Tim Kurylowicz","ALP",1768,38.9,"Michael McCormack","NPA",2777,61.1,0,0,"Exact"
"Riverina","Kim Heath","RUA","Tim Kurylowicz","ALP",418,40.19,"Michael McCormack","NPA",622,59.81,0,0,"Exact"
"Robertson","Jake Cassar","Ind","Deborah O'Neill","ALP",1359,54.8,"Lucy Wicks","Lib46",1121,45.2,0,0,"Exact"
"Robertson","Paul Sheeran","DLP","Deborah O'Neill","ALP",291,61.39,"Lucy Wicks","Lib46",183,38.61,0,0,"Exact"
"Robertson","Steve Whitaker","PUP","Deborah O'Neill","ALP",1014,48.7,"Lucy Wicks","Lib46",1068,51.3,0,0,"Exact"
"Robertson","Holly Beecham","CDP","Deborah O'Neill","ALP",268,24.04,"Lucy Wicks","Lib46",847,75.96,0,0,"Exact"
"Robertson","Lawrie McKinna","Ind","Deborah O'Neill","ALP",3361,43.3,"Lucy Wicks","Lib46",4402,56.7,0,0,"Exact"
"Robertson","Kate Da Costa","Grn","Deborah O'Neill","ALP",4250,85.58,"Lucy Wicks","Lib46",716,14.42,0,0,"Exact"
"Robertson","Douglas McFarland","AIn","Deborah O'Neill","ALP",309,60.59,"Lucy Wicks","Lib46",201,39.41,0,0,"Exact"
"Ryan","Charles Worringham","Grn","Damien Hamwood","ALP",11217,84.75,"Jane Prentice","LNP",2018,15.25,0,0,"Exact"
"Ryan","Craig Gunnis","PUP","Damien Hamwood","ALP",1953,42.85,"Jane Prentice","LNP",2605,57.15,0,0,"Exact"
"Ryan","Peter Walker","KAP","Damien Hamwood","ALP",533,46.75,"Jane Prentice","LNP",607,53.25,0,0,"Exact"
"Ryan","Michael Sweedman","SPA10","Damien Hamwood","ALP",538,70.7,"Jane Prentice","LNP",223,29.3,0,0,"Exact"
"Ryan","Lisa Demedio","FFP","Damien Hamwood","ALP",375,30.92,"Jane Prentice","LNP",838,69.08,0,0,"Exact"
"Scullin","Peter Cooper","PUP","Andrew Giles","ALP",3635,60.67,"Jag Chugha","Lib46",2356,39.33,0,0,"Exact"
"Scullin","Katie Conlon","FFP","Andrew Giles","ALP",1312,54.8,"Jag Chugha","Lib46",1082,45.2,0,0,"Exact"
"Scullin","Nathan Rolph","ASXP","Andrew Giles","ALP",1623,66.16,"Jag Chugha","Lib46",830,33.84,0,0,"Exact"
"Scullin","Domenic Greco","KAP","Andrew Giles","ALP",543,52.98,"Jag Chugha","Lib46",482,47.02,0,0,"Exact"
"Scullin","Rose Ljubicic","Grn","Andrew Giles","ALP",5635,83.11,"Jag Chugha","Lib46",1145,16.89,0,0,"Exact"
"Shortland","Andrew Weatherstone","CDP","Jill Hall","ALP",334,30.9,"John Church","Lib46",747,69.1,0,0,"Exact"
"Shortland","Jane Oakley","Grn","Jill Hall","ALP",4200,80.8,"John Church","Lib46",998,19.2,0,0,"Exact"
"Shortland","Phil Baldwin","PUP","Jill Hall","ALP",2804,52.5,"John Church","Lib46",2537,47.5,0,0,"Exact"
"Solomon","Krystal Metcalf","ASXP","Luke Gosling","ALP",1185,64.16,"Natasha Griggs","CLP",662,35.84,0,0,"Exact"
"Solomon","Trudy Campbell","CEC","Luke Gosling","ALP",132,60.83,"Natasha Griggs","CLP",85,39.17,0,0,"Exact"
"Solomon","Todd Williams","Grn","Luke Gosling","ALP",3702,86.72,"Natasha Griggs","CLP",567,13.28,0,0,"Exact"
"Solomon","Martin Burgess","VEP","Luke Gosling","ALP",349,58.46,"Natasha Griggs","CLP",248,41.54,0,0,"Exact"
"Solomon","Paul Sellick","RUA","Luke Gosling","ALP",203,38.52,"Natasha Griggs","CLP",324,61.48,0,0,"Exact"
"Solomon","Stephen Spain","PUP","Luke Gosling","ALP",1171,43.52,"Natasha Griggs","CLP",1520,56.48,0,0,"Exact"
"Solomon","Eileen Cummings","FNPP","Luke Gosling","ALP",290,61.7,"Natasha Griggs","CLP",180,38.3,0,0,"Exact"
"Stirling","Tim Clifford","Grn","Dan Caddy","ALP",6852,73.21,"Michael Keenan","Lib46",2507,26.79,0,0,"Exact"
"Stirling","Kevin Host","ACh","Dan Caddy","ALP",368,21.6,"Michael Keenan","Lib46",1336,78.4,0,0,"Exact"
"Stirling","Matueny Luke","FFP","Dan Caddy","ALP",235,34.26,"Michael Keenan","Lib46",451,65.74,0,0,"Exact"
"Stirling","Wayne Thompson","PUP","Dan Caddy","ALP",1346,40.28,"Michael Keenan","Lib46",1996,59.72,0,0,"Exact"
"Stirling","Kim Mubarak","Ind","Dan Caddy","ALP",437,48.5,"Michael Keenan","Lib46",464,51.5,0,0,"Exact"
"Stirling","Alison Rowe","RUA","Dan Caddy","ALP",208,41.77,"Michael Keenan","Lib46",290,58.23,0,0,"Exact"
"Sturt","Kylie Barnes","FFP","Rick Sarre","ALP",1315,36.89,"Christopher Pyne","Lib46",2250,63.11,0,0,"Exact"
"Sturt","Gabriella Scali","PUP","Rick Sarre","ALP",1454,53.59,"Christopher Pyne","Lib46",1259,46.41,0,0,"Exact"
"Sturt","Anne Walker","Grn","Rick Sarre","ALP",7249,81.43,"Christopher Pyne","Lib46",1653,18.57,0,0,"Exact"
"Swan","Troy Ellis","APP13","John Bissett","ALP",144,20.06,"Steve Irons","Lib46",574,79.94,0,0,"Exact"
"Swan","Steve Klomp","ACh","John Bissett","ALP",346,23.62,"Steve Irons","Lib46",1119,76.38,0,0,"Exact"
"Swan","Paul Davies","RUA","John Bissett","ALP",196,40.16,"Steve Irons","Lib46",292,59.84,0,0,"Exact"
"Swan","Ken Duncan","PUP","John Bissett","ALP",1527,44.09,"Steve Irons","Lib46",1936,55.91,0,0,"Exact"
"Swan","Moyna Rapp","FFP","John Bissett","ALP",376,47.18,"Steve Irons","Lib46",421,52.82,0,0,"Exact"
"Swan","Noel Avery","KAP","John Bissett","ALP",219,52.02,"Steve Irons","Lib46",202,47.98,0,0,"Exact"
"Swan","Gerard Siero","Grn","John Bissett","ALP",7716,81.69,"Steve Irons","Lib46",1730,18.31,0,0,"Exact"
"Sydney","Jane Ward","Ind","Tanya Plibersek","ALP",567,40.27,"Sean O'Connor","Lib46",841,59.73,0,0,"Exact"
"Sydney","Peter Boyle","SAl","Tanya Plibersek","ALP",466,76.02,"Sean O'Connor","Lib46",147,23.98,0,0,"Exact"
"Sydney","Lesley Mason","CDP","Tanya Plibersek","ALP",203,28.08,"Sean O'Connor","Lib46",520,71.92,0,0,"Exact"
"Sydney","Joanna Rzetelski","Ind","Tanya Plibersek","ALP",294,48.84,"Sean O'Connor","Lib46",308,51.16,0,0,"Exact"
"Sydney","Tim Kelly","PUP","Tanya Plibersek","ALP",587,46.55,"Sean O'Connor","Lib46",674,53.45,0,0,"Exact"
"Sydney","Leah Gartner","BTA","Tanya Plibersek","ALP",484,61.19,"Sean O'Connor","Lib46",307,38.81,0,0,"Exact"
"Sydney","Dianne Hiles","Grn","Tanya Plibersek","ALP",13814,90.45,"Sean O'Connor","Lib46",1459,9.55,0,0,"Exact"
"Tangney","Stephen Carson","RUA","Luke Willis","ALP",241,26.14,"Dennis Jensen","Lib46",681,73.86,0,0,"Exact"
"Tangney","Wayne Driver","PUP","Luke Willis","ALP",1613,43.15,"Dennis Jensen","Lib46",2125,56.85,0,0,"Exact"
"Tangney","John Wieske","ACh","Luke Willis","ALP",527,23.57,"Dennis Jensen","Lib46",1709,76.43,0,0,"Exact"
"Tangney","Peter Best","Grn","Luke Willis","ALP",7005,78.87,"Dennis Jensen","Lib46",1877,21.13,0,0,"Exact"
"Throsby","May King","PUP","Stephen Jones","ALP",1739,44.76,"Larissa Mallinson","Lib46",2146,55.24,0,0,"Exact"
"Throsby","Peter Moran","Grn","Stephen Jones","ALP",3717,80.58,"Larissa Mallinson","Lib46",896,19.42,0,0,"Exact"
"Throsby","John Kadwell","CDP","Stephen Jones","ALP",478,24.66,"Larissa Mallinson","Lib46",1460,75.34,0,0,"Exact"
"Throsby","Brian Boulton","DLP","Stephen Jones","ALP",255,62.65,"Larissa Mallinson","Lib46",152,37.35,0,0,"Exact"
"Throsby","Glenn Turner","KAP","Stephen Jones","ALP",259,54.76,"Larissa Mallinson","Lib46",214,45.24,0,0,"Exact"
"Throsby","Wayne Hartman","NCP01","Stephen Jones","ALP",254,58.39,"Larissa Mallinson","Lib46",181,41.61,0,0,"Exact"
"Throsby","Paul Matters","Ind","Stephen Jones","ALP",1049,53.85,"Larissa Mallinson","Lib46",899,46.15,0,0,"Exact"
"Throsby","Gary Anderson","NPA","Stephen Jones","ALP",2612,30.59,"Larissa Mallinson","Lib46",5927,69.41,0,0,"Exact"
"Throsby","Elrond Veness","BTA","Stephen Jones","ALP",410,60.56,"Larissa Mallinson","Lib46",267,39.44,0,0,"Exact"
"Wakefield","Sherree Clay","Grn","Nick Champion","ALP",3636,77.64,"Tom Zorich","Lib46",1047,22.36,0,0,"Exact"
"Wakefield","Mark Aldridge","Ind","Nick Champion","ALP",1972,52.88,"Tom Zorich","Lib46",1757,47.12,0,0,"Exact"
"Wakefield","Tony Musolino","KAP","Nick Champion","ALP",470,48.76,"Tom Zorich","Lib46",494,51.24,0,0,"Exact"
"Wakefield","Dino Musolino","PUP","Nick Champion","ALP",2084,53.57,"Tom Zorich","Lib46",1806,46.43,0,0,"Exact"
"Wakefield","Paul Coombe","FFP","Nick Champion","ALP",2625,48.29,"Tom Zorich","Lib46",2811,51.71,0,0,"Exact"
"Wannon","Tess Corbett","ACh","Michael Barling","ALP",710,60.84,"Dan Tehan","Lib46",457,39.16,0,0,"Exact"
"Wannon","Tim Emanuelle","Grn","Michael Barling","ALP",4656,82.15,"Dan Tehan","Lib46",1012,17.85,0,0,"Exact"
"Wannon","Chris Johnson","ASXP","Michael Barling","ALP",1470,59.88,"Dan Tehan","Lib46",985,40.12,0,0,"Exact"
"Wannon","Craig Haberfield","FFP","Michael Barling","ALP",678,34.64,"Dan Tehan","Lib46",1279,65.36,0,0,"Exact"
"Wannon","Bradley Ferguson","PUP","Michael Barling","ALP",1660,47.17,"Dan Tehan","Lib46",1859,52.83,0,0,"Exact"
"Warringah","Brodie Stewart","PUP","Jules Zanetti","ALP",1029,52.47,"Tony Abbott","Lib46",932,47.53,0,0,"Exact"
"Warringah","Mike Bloomfield","RUA","Jules Zanetti","ALP",258,54.66,"Tony Abbott","Lib46",214,45.34,0,0,"Exact"
"Warringah","Will Kitching","Grn","Jules Zanetti","ALP",11797,85.04,"Tony Abbott","Lib46",2076,14.96,0,0,"Exact"
"Warringah","Ula Falanga","CDP","Jules Zanetti","ALP",197,31.27,"Tony Abbott","Lib46",433,68.73,0,0,"Exact"
"Warringah","Mike Cottee","SPP","Jules Zanetti","ALP",413,55.51,"Tony Abbott","Lib46",331,44.49,0,0,"Exact"
"Watson","Barbara Bloch","Grn","Tony Burke","ALP",3295,79,"Ron Delezio","Lib46",876,21,0,0,"Exact"
"Watson","Stephen Rawson","DLP","Tony Burke","ALP",457,50.95,"Ron Delezio","Lib46",440,49.05,0,0,"Exact"
"Watson","John Nasser","PUP","Tony Burke","ALP",1123,57.01,"Ron Delezio","Lib46",847,42.99,0,0,"Exact"
"Watson","Paul Kamlade","RUA","Tony Burke","ALP",215,57.18,"Ron Delezio","Lib46",161,42.82,0,0,"Exact"
"Watson","David Fraser","CDP","Tony Burke","ALP",679,36.25,"Ron Delezio","Lib46",1194,63.75,0,0,"Exact"
"Wentworth","Marsha Foxman","PUP","Di Smith","ALP",381,38.18,"Malcolm Turnbull","Lib46",617,61.82,0,0,"Exact"
"Wentworth","Beresford Thomas","CDP","Di Smith","ALP",100,23.2,"Malcolm Turnbull","Lib46",331,76.8,0,0,"Exact"
"Wentworth","Pat Sheil","Ind","Di Smith","ALP",565,53.61,"Malcolm Turnbull","Lib46",489,46.39,0,0,"Exact"
"Wentworth","Matthew Robertson","Grn","Di Smith","ALP",10839,80.56,"Malcolm Turnbull","Lib46",2616,19.44,0,0,"Exact"
"Werriwa","John Ramsay","CDP","Laurie Ferguson","ALP",701,23.88,"Kent Johns","Lib46",2235,76.12,0,0,"Exact"
"Werriwa","Michael Byrne","DLP","Laurie Ferguson","ALP",924,59.15,"Kent Johns","Lib46",638,40.85,0,0,"Exact"
"Werriwa","Marella Harris","ON","Laurie Ferguson","ALP",662,43.58,"Kent Johns","Lib46",857,56.42,0,0,"Exact"
"Werriwa","Daniel Griffiths","Grn","Laurie Ferguson","ALP",1887,74.53,"Kent Johns","Lib46",645,25.47,0,0,"Exact"
"Werriwa","Katryna Thirup","PUP","Laurie Ferguson","ALP",1775,52.78,"Kent Johns","Lib46",1588,47.22,0,0,"Exact"
"Werriwa","Kerryn Ball","KAP","Laurie Ferguson","ALP",360,54.79,"Kent Johns","Lib46",297,45.21,0,0,"Exact"
"Wide Bay","Gordon Dale","KAP","Lucy Stanton","ALP",2939,58.52,"Warren Truss","LNP",2083,41.48,0,0,"Exact"
"Wide Bay","Joy Ringrose","Grn","Lucy Stanton","ALP",4382,78.31,"Warren Truss","LNP",1214,21.69,0,0,"Exact"
"Wide Bay","Stephen Anderson","PUP","Lucy Stanton","ALP",5789,42.65,"Warren Truss","LNP",7785,57.35,0,0,"Exact"
"Wide Bay","John Chapman","FFP","Lucy Stanton","ALP",465,36.16,"Warren Truss","LNP",821,63.84,0,0,"Exact"
"Wide Bay","Grace Dickins","RUA","Lucy Stanton","ALP",212,41.01,"Warren Truss","LNP",305,58.99,0,0,"Exact"
"Wills","Dean O'Callaghan","Ind","Kelvin Thomson","ALP",444,21.76,"Tim Read","Grn",1596,78.24,0,0,"Exact"
"Wills","Adrian Trajstman","ASXP","Kelvin Thomson","ALP",840,35.55,"Tim Read","Grn",1523,64.45,0,0,"Exact"
"Wills","Margarita Windisch","SAl","Kelvin Thomson","ALP",192,18.75,"Tim Read","Grn",832,81.25,0,0,"Exact"
"Wills","Concetta Giglia","FFP","Kelvin Thomson","ALP",737,57.35,"Tim Read","Grn",548,42.65,0,0,"Exact"
"Wills","Anne Murray-Dufoulon","PUP","Kelvin Thomson","ALP",1201,55.65,"Tim Read","Grn",957,44.35,0,0,"Exact"
"Wills","Shilpa Hegde","Lib46","Kelvin Thomson","ALP",14773,71.33,"Tim Read","Grn",5937,28.67,0,0,"Exact"
"Wright","Stephen Lynch","FFP","Sharon Murakami","ALP",1086,52.04,"Scott Buchholz","LNP",1001,47.96,0,0,"Exact"
"Wright","Tony Maunder","RUA","Sharon Murakami","ALP",251,44.42,"Scott Buchholz","LNP",314,55.58,0,0,"Exact"
"Wright","Judith Summers","Grn","Sharon Murakami","ALP",3588,82.33,"Scott Buchholz","LNP",770,17.67,0,0,"Exact"
"Wright","David Nuendorf","KAP","Sharon Murakami","ALP",1999,46.14,"Scott Buchholz","LNP",2333,53.86,0,0,"Exact"
"Wright","Angie Ison","PUP","Sharon Murakami","ALP",5542,47.4,"Scott Buchholz","LNP",6149,52.6,0,0,"Exact"
"Wright","Matthew Wright","Ind","Sharon Murakami","ALP",1077,59.5,"Scott Buchholz","LNP",733,40.5,0,0,"Exact"
