"Seat","TPP_ALP","TPP_ALP_perc","TPP_LNP","TPP_LNP_perc","TPP_est_type"
"Adelaide",19693,50.87,19018,49.13,"exact"
"Angas",20178,49.69,20428,50.31,"exact"
"Balaclava",15379,30.25,35458,69.75,"exact"
"Ballaarat",19121,51.31,18147,48.69,"exact"
"Barker",15209,38.44,24356,61.56,"exact"
"Barton",25112,48.97,26172,51.03,"exact"
"Bass",7610,39.71,11555,60.29,"estimate"
"Batman",32427,59.02,22513,40.98,"exact"
"Bendigo",17507,46.49,20154,53.51,"exact"
"Boothby",17409,42.45,23602,57.55,"exact"
"Bourke",32325,62.5,19399,37.5,"exact"
"Brisbane",16910,44.58,21025,55.42,"estimate"
"Calare",14730,40.24,21875,59.76,"estimate"
"Capricornia",22524,51.93,20846,48.07,"exact"
"Cook",25764,67.81,12229,32.19,"exact"
"Corangamite",17297,44.52,21557,55.48,"exact"
"Corio",18915,43.29,24775,56.71,"exact"
"Cowper",10510,29.96,24571,70.04,"exact"
"Dalley",24455,64.09,13702,35.91,"exact"
"Darling",20965,65.5,11043,34.5,"exact"
"Darling Downs",13803,36.86,23648,63.14,"exact"
"Darwin",7945,39.51,12164,60.49,"exact"
"Denison",9882,47.82,10782,52.18,"exact"
"East Sydney",18822,53.79,16169,46.21,"exact"
"Echuca",13451,34.69,25321,65.31,"exact"
"Eden-Monaro",12828,35.44,23371,64.56,"exact"
"Fawkner",17809,40.63,26028,59.37,"exact"
"Flinders",19748,37.32,33173,62.68,"exact"
"Forrest",13976,39.11,21760,60.89,"exact"
"Franklin",8609,44.39,10787,55.61,"exact"
"Fremantle",19193,54.25,16187,45.75,"guess"
"Gippsland",15213,36.86,26055,63.14,"exact"
"Grey",16427,52.64,14780,47.36,"exact"
"Gwydir",15996,46.88,18124,53.12,"exact"
"Henty",21272,35.26,39053,64.74,"estimate"
"Herbert",22117,49.7,22385,50.3,"exact"
"Hindmarsh",29097,65.24,15504,34.76,"exact"
"Hume",20122,53.8,17278,46.2,"estimate"
"Hunter",31244,71.34,12550,28.66,"exact"
"Indi",16153,43.29,21161,56.71,"exact"
"Kalgoorlie",14245,57.62,10476,42.38,"exact"
"Kennedy",15004,53.69,12940,46.31,"guess"
"Kooyong",17664,32.34,36954,67.66,"exact"
"Lang",17941,44.08,22756,55.92,"exact"
"Lilley",15228,35.25,27966,64.75,"exact"
"Macquarie",17553,48.75,18456,51.25,"exact"
"Maranoa",13024,47.38,14463,52.62,"exact"
"Maribyrnong",28621,59.5,19483,40.5,"exact"
"Martin",17263,35.24,31730,64.76,"exact"
"Melbourne",26607,67.04,13082,32.96,"exact"
"Melbourne Ports",29416,67.7,14035,32.3,"exact"
"Moreton",14907,36.76,25650,63.24,"exact"
"Newcastle",27291,62.5,16378,37.5,"exact"
"New England",14824,41.5,20896,58.5,"exact"
"Northern Territory",853,62.45,513,37.55,"exact"
"North Sydney",13500,28.51,33855,71.49,"exact"
"Oxley",20233,44.32,25421,55.68,"exact"
"Parkes",16808,37.25,28320,62.75,"exact"
"Parramatta",15809,34.28,30309,65.72,"exact"
"Perth",12768,37.24,21517,62.76,"exact"
"Reid",27027,54.74,22343,45.26,"exact"
"Richmond",11942,32.28,25056,67.72,"exact"
"Riverina",17249,45.71,20490,54.29,"exact"
"Robertson",13586,37.36,22777,62.64,"exact"
"South Sydney",22393,51.12,21411,48.88,"exact"
"Swan",12773,33.83,24978,66.17,"exact"
"Wakefield",11842,35.15,21846,64.85,"exact"
"Wannon",18065,45.99,21218,54.01,"exact"
"Warringah",8455,19.85,34132,80.15,"exact"
"Wentworth",15436,35.58,27945,64.42,"exact"
"Werriwa",20799,53.74,17904,46.26,"exact"
"West Sydney",24604,74.02,8634,25.98,"exact"
"Wide Bay",14231,35.48,25877,64.52,"exact"
"Wilmot",7905,43.01,10476,56.99,"exact"
"Wimmera",15574,37.73,25708,62.27,"guess"
"Yarra",31451,74.77,10610,25.23,"exact"
