"Seat","TPP_ALP","TPP_ALP_perc","TPP_LNP","TPP_LNP_perc","TPP_est_type"
"Adelaide",18931,56.79,14406,43.21,"estimate"
"Angas",14336,35.39,26172,64.61,"guess"
"Australian Capital Territory",8964,64.19,5002,35.81,"estimate"
"Balaclava",13365,34.78,25062,65.22,"exact"
"Ballaarat",20997,52.63,18900,47.37,"exact"
"Banks",36496,65.48,19242,34.52,"estimate"
"Barker",16107,37.15,27255,62.85,"exact"
"Barton",23303,54.75,19260,45.25,"exact"
"Bass",16623,51.04,15946,48.96,"exact"
"Batman",21871,59.46,14912,40.54,"estimate"
"Bendigo",23272,55.78,18448,44.22,"exact"
"Bennelong",18263,42.87,24338,57.13,"exact"
"Blaxland",28635,67.33,13898,32.67,"estimate"
"Boothby",15930,41.71,22263,58.29,"exact"
"Bowman",19809,46.19,23079,53.81,"estimate"
"Bradfield",10016,22.58,34332,77.42,"guess"
"Brisbane",17564,58.19,12619,41.81,"estimate"
"Burke",24648,71.99,9589,28.01,"estimate"
"Calare",17096,43.78,21956,56.22,"estimate"
"Canning",14714,38.81,23196,61.19,"exact"
"Capricornia",14833,44.66,18383,55.34,"estimate"
"Chisholm",14390,34.96,26775,65.04,"exact"
"Cook",28170,87.56,4004,12.44,"guess"
"Corangamite",16407,42.44,22253,57.56,"exact"
"Corio",21487,48.62,22703,51.38,"exact"
"Cowper",15141,40.9,21880,59.1,"estimate"
"Cunningham",29434,66.75,14660,33.25,"estimate"
"Curtin",15089,38.65,23950,61.35,"exact"
"Dalley",25690,75.77,8215,24.23,"estimate"
"Darebin",28810,64.97,15534,35.03,"exact"
"Darling",23875,70.45,10012,29.55,"exact"
"Darling Downs",13331,34.96,24801,65.04,"exact"
"Darwin",16117,49.49,16447,50.51,"exact"
"Dawson",15802,44.35,19828,55.65,"exact"
"Deakin",27375,47.81,29886,52.19,"exact"
"Denison",12856,46.83,14598,53.17,"estimate"
"East Sydney",20759,62.42,12495,37.58,"estimate"
"Eden-Monaro",20824,52.1,19149,47.9,"exact"
"Evans",15876,44.99,19413,55.01,"exact"
"Farrer",17005,42.86,22668,57.14,"exact"
"Fawkner",18038,50.16,17920,49.84,"exact"
"Fisher",12774,30.43,29202,69.57,"exact"
"Flinders",22707,48.37,24235,51.63,"exact"
"Forrest",17331,42.3,23643,57.7,"exact"
"Franklin",17396,45.97,20447,54.03,"exact"
"Fremantle",26672,55.75,21174,44.25,"estimate"
"Gellibrand",27641,71.88,10815,28.12,"estimate"
"Gippsland",14537,39.59,22185,60.41,"exact"
"Grayndler",26846,77.85,7639,22.15,"estimate"
"Grey",22749,58.33,16253,41.67,"exact"
"Griffith",16003,50.37,15768,49.63,"exact"
"Gwydir",17731,46.87,20101,53.13,"exact"
"Henty",16667,41.27,23715,58.73,"estimate"
"Herbert",21920,58.52,15536,41.48,"estimate"
"Higgins",12108,34.64,22849,65.36,"exact"
"Higinbotham",25537,45.51,30579,54.49,"exact"
"Hindmarsh",29083,70.07,12421,29.93,"guess"
"Hoddle",24368,78.76,6571,21.24,"estimate"
"Hume",20249,52.03,18672,47.97,"estimate"
"Hunter",33473,75.74,10723,24.26,"estimate"
"Indi",15361,39.54,23492,60.46,"exact"
"Isaacs",15240,44.1,19315,55.9,"exact"
"Kalgoorlie",15654,59.93,10467,40.07,"guess"
"Kennedy",17585,60.15,11650,39.85,"exact"
"Kingsford-Smith",18302,54.25,15435,45.75,"exact"
"Kingston",31602,54.97,25888,45.03,"exact"
"Kooyong",12861,30.29,29598,69.71,"estimate"
"Lalor",30232,58.33,21598,41.67,"exact"
"Lang",23472,54.61,19509,45.39,"exact"
"La Trobe",27895,44.45,34860,55.55,"estimate"
"Lawson",19303,49.66,19565,50.34,"exact"
"Leichhardt",19608,52.93,17439,47.07,"estimate"
"Lilley",17824,41.84,24777,58.16,"exact"
"Lowe",15602,42.19,21380,57.81,"exact"
"Lyne",15194,38.03,24763,61.97,"guess"
"Macarthur",18643,42.43,25297,57.57,"exact"
"Mackellar",18716,39.21,29022,60.79,"estimate"
"Macquarie",23337,62.91,13759,37.09,"estimate"
"Mallee",12991,35.67,23426,64.33,"guess"
"Maranoa",15514,45.79,18364,54.21,"exact"
"Maribyrnong",28337,65.84,14701,34.16,"estimate"
"Martin",22310,61.51,13962,38.49,"estimate"
"McMillan",19295,46.37,22314,53.63,"exact"
"McPherson",11052,32.22,23250,67.78,"guess"
"Melbourne",22125,70.65,9192,29.35,"exact"
"Melbourne Ports",23345,71.51,9303,28.49,"estimate"
"Mitchell",24071,49.4,24657,50.6,"estimate"
"Moore",17143,42.96,22760,57.04,"exact"
"Moreton",24391,43.97,31085,56.03,"estimate"
"Murray",15181,38.23,24531,61.77,"guess"
"Newcastle",21654,60.03,14417,39.97,"estimate"
"New England",16444,42.94,21852,57.06,"exact"
"Northern Territory",4021,77.57,1163,22.43,"exact"
"North Sydney",16916,46.1,19780,53.9,"exact"
"Oxley",16315,43.71,21011,56.29,"estimate"
"Parkes",19307,55.99,15173,44.01,"exact"
"Parramatta",18760,40.17,27941,59.83,"exact"
"Paterson",18255,45.5,21870,54.5,"exact"
"Perth",16390,53.21,14414,46.79,"estimate"
"Petrie",21774,44.91,26706,55.09,"exact"
"Phillip",19826,58.87,13849,41.13,"exact"
"Port Adelaide",37936,75.27,12464,24.73,"guess"
"Reid",36404,69.99,15612,30.01,"estimate"
"Richmond",10962,29,26838,71,"guess"
"Riverina",18384,47.21,20554,52.79,"estimate"
"Robertson",23800,49.71,24082,50.29,"exact"
"Ryan",18514,41.46,26140,58.54,"exact"
"Shortland",27226,64.41,15044,35.59,"exact"
"St George",20173,52.73,18084,47.27,"exact"
"Sturt",25857,53.04,22890,46.96,"exact"
"Swan",27449,51.28,26081,48.72,"estimate"
"Wakefield",15509,40.27,23002,59.73,"estimate"
"Wannon",18509,50.02,18492,49.98,"exact"
"Warringah",12214,32.06,25884,67.94,"estimate"
"Watson",25507,63.21,14846,36.79,"exact"
"Wentworth",9590,27.54,25227,72.46,"guess"
"Werriwa",35794,60.82,23060,39.18,"estimate"
"West Sydney",22939,78.38,6327,21.62,"guess"
"Wide Bay",18991,45.67,22592,54.33,"estimate"
"Wills",27538,62.4,16595,37.6,"exact"
"Wilmot",19193,56.2,14959,43.8,"exact"
"Wimmera",12407,35.35,22686,64.65,"exact"
"Yarra",21941,64.94,11847,35.06,"estimate"
