"Seat","TPP_ALP","TPP_ALP_perc","TPP_LNP","TPP_LNP_perc","TPP_est_type"
"Adelaide",14256,47.18,15961,52.82,"exact"
"Angas",12464,29.3,30070,70.7,"exact"
"Australian Capital Territory",24304,55.24,19691,44.76,"estimate"
"Balaclava",12497,31.95,26616,68.05,"estimate"
"Ballaarat",15568,36.16,27491,63.84,"exact"
"Banks",31974,52.83,28552,47.17,"exact"
"Barker",16484,32.54,34179,67.46,"estimate"
"Barton",22241,47.8,24289,52.2,"exact"
"Bass",21646,58.21,15538,41.79,"estimate"
"Batman",23547,60.9,15116,39.1,"estimate"
"Bendigo",24182,53.87,20711,46.13,"estimate"
"Bennelong",18011,34.17,34695,65.83,"estimate"
"Blaxland",25328,56.75,19306,43.25,"estimate"
"Bonython",43747,53.99,37284,46.01,"estimate"
"Boothby",12993,30.15,30095,69.85,"estimate"
"Bowman",21760,43.06,28771,56.94,"estimate"
"Braddon",21380,56.84,16231,43.16,"estimate"
"Bradfield",9319,16.48,47229,83.52,"estimate"
"Brisbane",17516,50.9,16895,49.1,"exact"
"Bruce",38813,35.25,71288,64.75,"estimate"
"Calare",12521,31.12,27717,68.88,"estimate"
"Canning",12429,30.19,28736,69.81,"exact"
"Capricornia",20954,53.83,17973,46.17,"estimate"
"Chisholm",11820,30.65,26740,69.35,"estimate"
"Corangamite",12602,26.83,34370,73.17,"estimate"
"Corio",20905,42.09,28767,57.91,"exact"
"Cowper",13766,35.55,24956,64.45,"estimate"
"Cunningham",33807,57.55,24934,42.45,"estimate"
"Curtin",12899,32.02,27387,67.98,"estimate"
"Dalley",19356,62.39,11668,37.61,"estimate"
"Darebin",29258,57.19,21900,42.81,"exact"
"Darling",20848,60.32,13714,39.68,"exact"
"Darling Downs",14106,32.1,29836,67.9,"estimate"
"Dawson",22663,56.27,17610,43.73,"estimate"
"Deakin",29436,37.54,48985,62.46,"estimate"
"Denison",15408,47.42,17082,52.58,"exact"
"East Sydney",15965,56.24,12422,43.76,"estimate"
"Eden-Monaro",20535,49.25,21159,50.75,"exact"
"Evans",14307,38.78,22582,61.22,"estimate"
"Farrer",10901,25.28,32221,74.72,"estimate"
"Fawkner",10823,33.39,21592,66.61,"estimate"
"Fisher",12939,28.68,32175,71.32,"estimate"
"Flinders",26057,41,37498,59,"estimate"
"Forrest",16527,40.52,24266,59.48,"estimate"
"Franklin",21368,47.83,23309,52.17,"exact"
"Fremantle",31099,59.39,21263,40.61,"estimate"
"Gellibrand",22669,62.96,13337,37.04,"estimate"
"Gippsland",10609,23.82,33935,76.18,"estimate"
"Grayndler",17580,60.18,11632,39.82,"estimate"
"Grey",21967,46.97,24797,53.03,"exact"
"Griffith",18545,48.94,19346,51.06,"exact"
"Gwydir",15895,38.69,25184,61.31,"exact"
"Henty",18456,39.91,27783,60.09,"exact"
"Herbert",23945,48.88,25041,51.12,"exact"
"Higgins",10278,27.19,27520,72.81,"estimate"
"Higinbotham",22398,37.68,37041,62.32,"estimate"
"Hindmarsh",26435,51.55,24843,48.45,"estimate"
"Hughes",36241,48.05,39188,51.95,"exact"
"Hume",16685,43.4,21764,56.6,"estimate"
"Hunter",33712,73.41,12208,26.59,"estimate"
"Indi",10389,24.03,32837,75.97,"estimate"
"Isaacs",12420,36.3,21792,63.7,"estimate"
"Kalgoorlie",18703,60.49,12217,39.51,"estimate"
"Kennedy",16658,48.51,17683,51.49,"exact"
"Kingsford-Smith",22244,51.35,21076,48.65,"estimate"
"Kingston",27427,41.82,38154,58.18,"estimate"
"Kooyong",13405,28.51,33613,71.49,"estimate"
"Lalor",48265,49.29,49650,50.71,"exact"
"Lang",22847,51.58,21452,48.42,"estimate"
"La Trobe",31787,39.41,48873,60.59,"exact"
"Lawson",14792,38.64,23495,61.36,"estimate"
"Leichhardt",25060,56.93,18962,43.07,"estimate"
"Lilley",19460,41.91,26972,58.09,"estimate"
"Lowe",13885,37.61,23029,62.39,"estimate"
"Lyne",14465,33.47,28750,66.53,"estimate"
"Macarthur",23473,36.66,40548,63.34,"estimate"
"Mackellar",19534,28.63,48697,71.37,"estimate"
"Macquarie",24820,54.27,20917,45.73,"estimate"
"Mallee",7917,20.34,31015,79.66,"estimate"
"Maranoa",12575,33.05,25474,66.95,"estimate"
"Maribyrnong",17859,42.36,24300,57.64,"exact"
"McMillan",17335,38.23,28011,61.77,"estimate"
"McPherson",22841,34.61,43146,65.39,"estimate"
"Melbourne",15786,58.08,11394,41.92,"estimate"
"Melbourne Ports",18227,63.22,10605,36.78,"estimate"
"Mitchell",34551,38.62,54918,61.38,"estimate"
"Moore",15591,37.68,25791,62.32,"exact"
"Moreton",25866,39.99,38810,60.01,"estimate"
"Murray",10889,23.18,36095,76.82,"estimate"
"Newcastle",20739,59.04,14389,40.96,"estimate"
"New England",12529,30.73,28245,69.27,"exact"
"Northern Territory",6734,48.26,7221,51.74,"exact"
"North Sydney",11165,31.08,24753,68.92,"estimate"
"Oxley",26698,59.45,18208,40.55,"estimate"
"Parkes",16626,44.31,20899,55.69,"estimate"
"Parramatta",21471,36.83,36818,63.17,"estimate"
"Paterson",12553,31.09,27818,68.91,"estimate"
"Perth",11475,42.97,15231,57.03,"estimate"
"Petrie",27231,40.75,39596,59.25,"estimate"
"Phillip",14207,39.4,21846,60.6,"estimate"
"Port Adelaide",25818,62.41,15553,37.59,"estimate"
"Reid",29658,53.44,25840,46.56,"estimate"
"Richmond",10344,26.2,29136,73.8,"estimate"
"Riverina",13367,32.13,28230,67.87,"estimate"
"Robertson",24461,41.07,35093,58.93,"estimate"
"Ryan",17570,32.43,36608,67.57,"estimate"
"Scullin",15893,59.36,10881,40.64,"estimate"
"Shortland",32518,57.17,24356,42.83,"estimate"
"St George",16582,40.93,23932,59.07,"estimate"
"Stirling",33998,51.26,32330,48.74,"exact"
"Sturt",16320,32.92,33257,67.08,"estimate"
"Swan",24670,46.45,28440,53.55,"exact"
"Wakefield",13737,30.52,31280,69.48,"exact"
"Wannon",14945,34.33,28589,65.67,"estimate"
"Warringah",10863,24.78,32970,75.22,"estimate"
"Watson",21960,63.41,12672,36.59,"estimate"
"Wentworth",7225,20.4,28197,79.6,"estimate"
"Werriwa",48810,59.17,33683,40.83,"estimate"
"West Sydney",16897,65.96,8719,34.04,"estimate"
"Wide Bay",23871,55.85,18871,44.15,"estimate"
"Wills",19375,56.31,15033,43.69,"estimate"
"Wilmot",19535,56.81,14854,43.19,"estimate"
"Wimmera",11280,29.4,27089,70.6,"estimate"
"Yarra",16094,54.73,13313,45.27,"estimate"
