"Seat","TPP_ALP","TPP_ALP_perc","TPP_LNP","TPP_LNP_perc","TPP_est_type"
"Adelaide",43249,64.66,23642,35.34,"estimate"
"Balaclava",31819,42.39,43236,57.61,"estimate"
"Ballaarat",27594,56.88,20917,43.12,"estimate"
"Barker",29292,48.35,31294,51.65,"exact"
"Barton",52264,75.6,16865,24.4,"estimate"
"Bass",15845,61.8,9794,38.2,"estimate"
"Batman",44781,68.46,20634,31.54,"estimate"
"Bendigo",21303,47.67,23386,52.33,"exact"
"Boothby",37190,50.89,35892,49.11,"exact"
"Bourke",42919,65.4,22705,34.6,"estimate"
"Brisbane",40442,66.2,20651,33.8,"estimate"
"Calare",31526,63.32,18261,36.68,"estimate"
"Capricornia",32396,55.86,25597,44.14,"exact"
"Cook",52115,90.51,5464,9.48999999999999,"guess"
"Corangamite",21503,46.9,24342,53.1,"exact"
"Corio",39645,67.85,18790,32.15,"estimate"
"Cowper",24995,47.4,27736,52.6,"exact"
"Dalley",45307,76.83,13667,23.17,"guess"
"Darling",34641,76.17,10835,23.83,"guess"
"Darling Downs",25531,47.49,28232,52.51,"exact"
"Darwin",13239,48.51,14055,51.49,"exact"
"Deakin",25654,43.31,33577,56.69,"exact"
"Denison",16493,59.11,11411,40.89,"exact"
"East Sydney",37859,71.47,15114,28.53,"estimate"
"Eden-Monaro",28778,59.48,19604,40.52,"estimate"
"Fawkner",30109,41.99,41602,58.01,"exact"
"Flinders",29379,48.24,31518,51.76,"exact"
"Forrest",26732,59.1,18503,40.9,"estimate"
"Franklin",17653,60.46,11546,39.54,"estimate"
"Fremantle",49357,72.8,18437,27.2,"estimate"
"Gippsland",23643,47.64,25985,52.36,"exact"
"Grey",25735,52.5,23285,47.5,"exact"
"Griffith",42191,63.55,24201,36.45,"estimate"
"Gwydir",30810,64.54,16926,35.46,"estimate"
"Henty",35894,48.6,37962,51.4,"guess"
"Herbert",39768,65.93,20551,34.07,"estimate"
"Hindmarsh",56359,76.79,17030,23.21,"exact"
"Hume",28879,56.33,22386,43.67,"estimate"
"Hunter",48482,86.43,7610,13.57,"guess"
"Indi",20298,40.47,29859,59.53,"estimate"
"Kalgoorlie",26293,75.87,8361,24.13,"estimate"
"Kennedy",32060,70.71,13278,29.29,"estimate"
"Kooyong",29955,38.29,48286,61.71,"estimate"
"Lang",47715,70.37,20095,29.63,"estimate"
"Lilley",34051,50.36,33569,49.64,"exact"
"Macquarie",38719,68.09,18148,31.91,"estimate"
"Maranoa",25914,49.01,26963,50.99,"exact"
"Maribyrnong",53017,74,18625,26,"estimate"
"Martin",34091,57.09,25619,42.91,"estimate"
"Melbourne",44066,74.46,15116,25.54,"estimate"
"Melbourne Ports",47149,72.79,17629,27.21,"exact"
"Moreton",28681,43.9,36644,56.1,"estimate"
"Newcastle",50066,78.12,14020,21.88,"guess"
"New England",23296,48.91,24337,51.09,"exact"
"Northern Territory",1884,77.85,536,22.15,"guess"
"North Sydney",31880,46.92,36066,53.08,"exact"
"Parkes",34625,56.2,26983,43.8,"estimate"
"Parramatta",26892,40.72,39150,59.28,"exact"
"Perth",33581,56.03,26351,43.97,"exact"
"Reid",47799,74.5,16362,25.5,"estimate"
"Richmond",19601,36.4,34246,63.6,"exact"
"Riverina",29005,63.18,16904,36.82,"estimate"
"Robertson",34498,59.14,23838,40.86,"estimate"
"Swan",34860,67.95,16445,32.05,"estimate"
"Wakefield",26444,51.18,25229,48.82,"exact"
"Wannon",28004,56.2,21821,43.8,"estimate"
"Warringah",27828,39.51,42600,60.49,"exact"
"Watson",42528,62.83,25165,37.17,"estimate"
"Wentworth",34536,48.37,36871,51.63,"exact"
"Werriwa",48048,71.22,19416,28.78,"guess"
"West Sydney",43382,87.89,5978,12.11,"guess"
"Wide Bay",23374,43.51,30342,56.49,"exact"
"Wilmot",11642,48.3,12463,51.7,"exact"
"Wimmera",18446,43.4,24055,56.6,"guess"
"Yarra",43646,71.8,17145,28.2,"estimate"
