"Seat","TPP_ALP","TPP_ALP_perc","TPP_LNP","TPP_LNP_perc","TPP_est_type"
"Adelaide",20323,54.7,16829,45.3,"estimate"
"Angas",10692,27.89,27645,72.11,"estimate"
"Australian Capital Territory",9588,64.56,5263,35.44,"exact"
"Balaclava",11010,27.06,29673,72.94,"estimate"
"Ballaarat",17354,42.12,23852,57.88,"exact"
"Banks",25980,62.04,15895,37.96,"estimate"
"Barker",12398,32.29,25993,67.71,"exact"
"Barton",21340,50.27,21114,49.73,"exact"
"Bass",18858,57.5,13937,42.5,"estimate"
"Batman",22146,51.72,20674,48.28,"exact"
"Bendigo",21075,51.22,20070,48.78,"exact"
"Bennelong",16607,39.32,25628,60.68,"exact"
"Blaxland",25577,62.46,15371,37.54,"exact"
"Bonython",24350,69.43,10723,30.57,"exact"
"Boothby",15134,37.71,24993,62.29,"estimate"
"Bowman",18646,45.32,22500,54.68,"exact"
"Braddon",12990,41.13,18590,58.87,"exact"
"Bradfield",8174,19.73,33259,80.27,"guess"
"Brisbane",22583,55.23,18306,44.77,"estimate"
"Bruce",19630,44.28,24705,55.72,"exact"
"Calare",15189,38.8,23956,61.2,"exact"
"Canning",12105,35.54,21955,64.46,"guess"
"Capricornia",16583,45.5,19864,54.5,"estimate"
"Chisholm",11138,27.49,29376,72.51,"estimate"
"Corangamite",11794,29.47,28228,70.53,"estimate"
"Corio",17338,42.79,23182,57.21,"exact"
"Cowper",14652,38.23,23670,61.77,"guess"
"Cunningham",26646,65.82,13835,34.18,"estimate"
"Curtin",12244,32.23,25747,67.77,"guess"
"Dalley",30718,76.37,9505,23.63,"estimate"
"Darebin",24948,58.75,17516,41.25,"exact"
"Darling",23428,67.5,11282,32.5,"exact"
"Darling Downs",14603,36.9,24974,63.1,"guess"
"Dawson",13541,38.84,21324,61.16,"exact"
"Deakin",14830,36.55,25745,63.45,"estimate"
"Denison",14349,41.13,20540,58.87,"estimate"
"East Sydney",27328,69.96,11735,30.04,"estimate"
"Eden-Monaro",22064,55.53,17665,44.47,"estimate"
"Evans",16179,39.07,25236,60.93,"exact"
"Farrer",13361,34.11,25805,65.89,"exact"
"Fawkner",12802,33.49,25425,66.51,"estimate"
"Fisher",12076,30.1,28039,69.9,"guess"
"Flinders",14538,35.87,25993,64.13,"estimate"
"Forrest",14664,41.8,20418,58.2,"guess"
"Franklin",12101,41.9,16779,58.1,"estimate"
"Fremantle",22946,59.48,15632,40.52,"estimate"
"Gellibrand",26387,66.66,13199,33.34,"estimate"
"Gippsland",10896,27.96,28068,72.04,"estimate"
"Grayndler",26888,66.86,13325,33.14,"estimate"
"Grey",21836,56.74,16646,43.26,"exact"
"Griffith",20936,51.27,19896,48.73,"exact"
"Gwydir",16162,42.05,22271,57.95,"exact"
"Henty",15222,36.86,26074,63.14,"estimate"
"Herbert",20660,55.65,16466,44.35,"estimate"
"Higgins",10114,25.57,29445,74.43,"estimate"
"Higinbotham",17486,41.79,24360,58.21,"estimate"
"Hindmarsh",24730,62.53,14819,37.47,"estimate"
"Hughes",22165,52.19,20305,47.81,"exact"
"Hume",18779,47.82,20494,52.18,"exact"
"Hunter",30964,76.78,9364,23.22,"estimate"
"Indi",11394,28.8,28167,71.2,"estimate"
"Isaacs",13822,36.45,24102,63.55,"estimate"
"Kalgoorlie",15814,56.73,12063,43.27,"guess"
"Kennedy",17366,58.23,12457,41.77,"exact"
"Kingsford-Smith",22572,55,18471,45,"estimate"
"Kingston",21429,51.56,20129,48.44,"exact"
"Kooyong",10852,25.48,31739,74.52,"estimate"
"Lalor",21821,50.94,21013,49.06,"exact"
"Lang",25175,60.34,16550,39.66,"exact"
"La Trobe",15156,35.7,27293,64.3,"estimate"
"Lawson",16845,43.33,22030,56.67,"exact"
"Leichhardt",19188,51.7,17927,48.3,"exact"
"Lilley",16742,41.93,23186,58.07,"exact"
"Lowe",16508,39.69,25080,60.31,"exact"
"Lyne",14976,38.17,24254,61.83,"estimate"
"Macarthur",16756,42.01,23127,57.99,"exact"
"Mackellar",14869,36.12,26296,63.88,"estimate"
"Macquarie",23277,57.91,16921,42.09,"estimate"
"Mallee",9169,24.73,27904,75.27,"estimate"
"Maranoa",14784,42.9,19680,57.1,"guess"
"Maribyrnong",20108,49.86,20222,50.14,"exact"
"McMillan",14757,38.01,24063,61.99,"estimate"
"McPherson",14220,34.88,26546,65.12,"estimate"
"Melbourne",23843,62.82,14110,37.18,"estimate"
"Melbourne Ports",23292,60.81,15011,39.19,"estimate"
"Mitchell",16239,40.28,24077,59.72,"exact"
"Moore",11805,36.57,20477,63.43,"guess"
"Moreton",19329,47.83,21080,52.17,"estimate"
"Murray",11644,29.22,28200,70.78,"estimate"
"Newcastle",24730,61.49,15489,38.51,"estimate"
"New England",15511,39.59,23666,60.41,"exact"
"Northern Territory",2935,62.16,1786,37.84,"guess"
"North Sydney",15322,37.66,25359,62.34,"exact"
"Oxley",15510,39.09,24168,60.91,"estimate"
"Parkes",20895,50.73,20295,49.27,"exact"
"Parramatta",15631,37.68,25854,62.32,"exact"
"Paterson",15601,39.77,23623,60.23,"exact"
"Perth",16536,48.48,17575,51.52,"exact"
"Petrie",17740,43.2,23328,56.8,"exact"
"Phillip",20225,48.89,21142,51.11,"exact"
"Port Adelaide",27145,70.09,11586,29.91,"guess"
"Reid",29606,71.72,11671,28.28,"estimate"
"Richmond",10238,26.14,28923,73.86,"guess"
"Riverina",15324,40.68,22347,59.32,"exact"
"Robertson",16586,42.26,22660,57.74,"exact"
"Ryan",16341,39.24,25306,60.76,"exact"
"Scullin",21871,57.57,16118,42.43,"estimate"
"Shortland",26066,63.2,15179,36.8,"exact"
"St George",20142,47.6,22171,52.4,"exact"
"Stirling",19257,52.81,17206,47.19,"exact"
"Sturt",16022,39.73,24306,60.27,"exact"
"Swan",16314,42.28,22268,57.72,"exact"
"Wakefield",13718,35.13,25331,64.87,"estimate"
"Wannon",16572,40.66,24183,59.34,"exact"
"Warringah",10301,25.19,30595,74.81,"guess"
"Watson",31667,78.25,8803,21.75,"estimate"
"Wentworth",9605,24.69,29300,75.31,"guess"
"Werriwa",21903,56.42,16921,43.58,"exact"
"West Sydney",30104,78.35,8320,21.65,"estimate"
"Wide Bay",17724,44.78,21859,55.22,"exact"
"Wills",22269,54.37,18687,45.63,"exact"
"Wilmot",18075,56.51,13911,43.49,"estimate"
"Wimmera",12873,33.01,26118,66.99,"estimate"
"Yarra",21623,55.93,17040,44.07,"estimate"
