"Seat","TPP_ALP","TPP_ALP_perc","TPP_LNP","TPP_LNP_perc","TPP_est_type"
"Adelaide",15239,40.36,22523,59.64,"exact"
"Angas",11390,23.19,37719,76.81,"exact"
"Balaclava",12549,22.71,42710,77.29,"estimate"
"Ballaarat",14418,36.71,24859,63.29,"exact"
"Barker",14050,29.4,33742,70.6,"estimate"
"Barton",31234,46.78,35538,53.22,"exact"
"Bass",7841,35.5,14247,64.5,"exact"
"Batman",30432,49.22,31393,50.78,"exact"
"Bendigo",16167,40.54,23710,59.46,"exact"
"Boothby",11651,26.22,32783,73.78,"estimate"
"Bourke",28897,51.13,27624,48.87,"exact"
"Brisbane",20691,50.66,20151,49.34,"exact"
"Calare",16351,39.58,24958,60.42,"estimate"
"Capricornia",28449,58.79,19944,41.21,"exact"
"Cook",28891,71.5,11514,28.5,"estimate"
"Corangamite",15321,37.09,25985,62.91,"exact"
"Corio",19925,39.43,30613,60.57,"exact"
"Cowper",10539,26.04,29934,73.96,"estimate"
"Dalley",23784,64.04,13355,35.96,"exact"
"Darling",22828,63.86,12917,36.14,"exact"
"Darling Downs",18041,41.79,25133,58.21,"guess"
"Darwin",6962,30.12,16149,69.88,"exact"
"Denison",9868,44.96,12078,55.04,"exact"
"East Sydney",18549,48.33,19831,51.67,"exact"
"Echuca",11303,27.85,29279,72.15,"guess"
"Eden-Monaro",14861,36.39,25980,63.61,"exact"
"Fawkner",12588,29.79,29665,70.21,"estimate"
"Flinders",21004,31.68,45304,68.32,"exact"
"Forrest",14101,36.57,24456,63.43,"guess"
"Franklin",8663,37.88,14208,62.12,"estimate"
"Fremantle",20271,44.45,25328,55.55,"exact"
"Gippsland",10062,22.83,34005,77.17,"guess"
"Grey",14469,42.52,19560,57.48,"exact"
"Gwydir",17013,42.38,23134,57.62,"estimate"
"Henty",18835,25.03,56404,74.97,"exact"
"Herbert",31866,56.3,24733,43.7,"exact"
"Hindmarsh",30219,58.99,21009,41.01,"estimate"
"Hume",18314,43.8,23501,56.2,"estimate"
"Hunter",31765,65.93,16412,34.07,"guess"
"Indi",14945,37.04,25405,62.96,"exact"
"Kalgoorlie",16042,59.81,10781,40.19,"estimate"
"Kennedy",17605,60.17,11655,39.83,"exact"
"Kooyong",15557,23.52,50590,76.48,"exact"
"Lang",19811,45.84,23404,54.16,"exact"
"Lilley",23936,42.29,32659,57.71,"guess"
"Macquarie",19524,49.42,19980,50.58,"exact"
"Maranoa",15119,48.15,16278,51.85,"exact"
"Maribyrnong",26746,49.58,27195,50.42,"exact"
"Martin",21328,33.74,41886,66.26,"exact"
"Melbourne",22224,62.04,13599,37.96,"exact"
"Melbourne Ports",24810,61.12,15780,38.88,"estimate"
"Moreton",20753,43.43,27037,56.57,"guess"
"Newcastle",28925,57.62,21271,42.38,"guess"
"New England",12557,31.51,27293,68.49,"guess"
"Northern Territory",891,60.14,590,39.86,"guess"
"North Sydney",15590,28.48,39147,71.52,"estimate"
"Oxley",30193,56.01,23716,43.99,"estimate"
"Parkes",21333,37.02,36288,62.98,"estimate"
"Parramatta",21205,33.17,42732,66.83,"estimate"
"Perth",14459,39.55,22102,60.45,"exact"
"Reid",38974,55.3,31499,44.7,"exact"
"Richmond",12611,30.91,28188,69.09,"guess"
"Riverina",16403,38.03,26726,61.97,"estimate"
"Robertson",14069,34.12,27160,65.88,"estimate"
"South Sydney",24397,44.93,29897,55.07,"exact"
"Swan",17861,37.27,30060,62.73,"estimate"
"Wakefield",7456,21.53,27170,78.47,"guess"
"Wannon",16058,37.69,26546,62.31,"exact"
"Warringah",8957,18.22,40212,81.78,"guess"
"Wentworth",15471,28.71,38423,71.29,"guess"
"Werriwa",21942,48.27,23518,51.73,"exact"
"West Sydney",23127,74.74,7816,25.26,"estimate"
"Wide Bay",17575,38.22,28415,61.78,"guess"
"Wilmot",6038,28.78,14946,71.22,"estimate"
"Wimmera",13149,28.86,32408,71.14,"guess"
"Yarra",24064,63.13,14053,36.87,"estimate"
