"Seat","TPP_ALP","TPP_ALP_perc","TPP_LNP","TPP_LNP_perc","TPP_est_type"
"Adelaide",24619,61.81,15211,38.19,"estimate"
"Angas",14544,36.86,24915,63.14,"estimate"
"Australian Capital Territory",6702,59.98,4472,40.02,"estimate"
"Balaclava",14796,36.13,26157,63.87,"exact"
"Ballaarat",19522,49.58,19851,50.42,"exact"
"Banks",26440,62.79,15670,37.21,"estimate"
"Barker",13856,34.3,26536,65.7,"estimate"
"Barton",21681,53.25,19037,46.75,"exact"
"Bass",15312,49.4,15686,50.6,"exact"
"Batman",22662,58.41,16139,41.59,"exact"
"Bendigo",20258,50.19,20106,49.81,"exact"
"Bennelong",15952,40.36,23568,59.64,"exact"
"Blaxland",28599,72.62,10785,27.38,"estimate"
"Boothby",15714,38.69,24897,61.31,"exact"
"Bowman",17408,46.26,20224,53.74,"estimate"
"Bradfield",10027,25.17,29810,74.83,"estimate"
"Brisbane",20445,56.61,15668,43.39,"estimate"
"Burke",26858,68.48,12360,31.52,"estimate"
"Calare",16139,42.99,21399,57.01,"exact"
"Canning",11199,33.94,21800,66.06,"estimate"
"Capricornia",15450,47.56,17033,52.44,"estimate"
"Chisholm",14361,34.87,26819,65.13,"estimate"
"Cook",30160,82.29,6491,17.71,"estimate"
"Corangamite",15476,41.07,22210,58.93,"estimate"
"Corio",19783,49.7,20018,50.3,"exact"
"Cowper",14134,38.28,22791,61.72,"exact"
"Cunningham",25066,66.77,12475,33.23,"estimate"
"Curtin",15781,38.83,24857,61.17,"exact"
"Dalley",27501,72.96,10190,27.04,"exact"
"Darebin",24719,62.73,14688,37.27,"exact"
"Darling",21877,66.99,10781,33.01,"estimate"
"Darling Downs",13155,36.42,22969,63.58,"estimate"
"Darwin",12602,43.37,16455,56.63,"exact"
"Dawson",13487,40.78,19583,59.22,"estimate"
"Deakin",18784,44.41,23517,55.59,"exact"
"Denison",13394,44.91,16431,55.09,"exact"
"East Sydney",23272,59,16174,41,"estimate"
"Eden-Monaro",19004,50.92,18317,49.08,"exact"
"Evans",16588,43.42,21616,56.58,"exact"
"Farrer",15574,41.21,22222,58.79,"exact"
"Fawkner",20228,50.03,20201,49.97,"exact"
"Fisher",11690,29.2,28339,70.8,"estimate"
"Flinders",15527,40.3,22997,59.7,"estimate"
"Forrest",17191,47.22,19217,52.78,"exact"
"Franklin",12790,42.03,17644,57.97,"exact"
"Fremantle",23000,56.02,18056,43.98,"estimate"
"Gellibrand",27406,68.46,12623,31.54,"estimate"
"Gippsland",11373,33.26,22824,66.74,"exact"
"Grayndler",26488,69.36,11702,30.64,"estimate"
"Grey",20465,54.41,17145,45.59,"exact"
"Griffith",17043,47.91,18529,52.09,"estimate"
"Gwydir",16282,44.85,20018,55.15,"exact"
"Henty",18289,44.55,22767,55.45,"estimate"
"Herbert",18898,53.66,16317,46.34,"exact"
"Higgins",12909,33.16,26018,66.84,"exact"
"Higinbotham",19760,46.39,22832,53.61,"exact"
"Hindmarsh",29260,69.67,12736,30.33,"exact"
"Hoddle",29600,80.5,7170,19.5,"estimate"
"Hume",18104,48.96,18871,51.04,"exact"
"Hunter",29672,76.21,9263,23.79,"estimate"
"Indi",14978,40.31,22182,59.69,"exact"
"Isaacs",18100,45.99,21260,54.01,"exact"
"Kalgoorlie",18127,62.44,10902,37.56,"exact"
"Kennedy",15881,57.81,11590,42.19,"estimate"
"Kingsford-Smith",19042,50.93,18345,49.07,"exact"
"Kingston",22233,48.39,23713,51.61,"exact"
"Kooyong",13691,32.91,27912,67.09,"exact"
"Lalor",20264,51.65,18970,48.35,"exact"
"Lang",21937,53.91,18758,46.09,"estimate"
"La Trobe",16714,41.41,23645,58.59,"exact"
"Lawson",16408,44.18,20733,55.82,"exact"
"Leichhardt",15678,47.72,17178,52.28,"estimate"
"Lilley",15368,40.6,22488,59.4,"exact"
"Lowe",16494,42.44,22373,57.56,"estimate"
"Lyne",12512,33.98,24308,66.02,"exact"
"Macarthur",13776,35.36,25184,64.64,"exact"
"Mackellar",15314,37.36,25678,62.64,"exact"
"Macquarie",22734,60.48,14854,39.52,"estimate"
"Mallee",12410,35.39,22658,64.61,"exact"
"Maranoa",12657,40.43,18652,59.57,"exact"
"Maribyrnong",27514,63.89,15551,36.11,"estimate"
"Martin",23112,60.05,15377,39.95,"estimate"
"McMillan",15867,43.09,20960,56.91,"exact"
"McPherson",8436,25.8,24263,74.2,"exact"
"Melbourne",26747,71.29,10770,28.71,"estimate"
"Melbourne Ports",26792,67.86,12690,32.14,"exact"
"Mitchell",17643,43.12,23274,56.88,"exact"
"Moore",13264,40.99,19098,59.01,"exact"
"Moreton",15634,38.19,25310,61.81,"estimate"
"Murray",13650,36.47,23778,63.53,"exact"
"Newcastle",22928,58.89,16008,41.11,"estimate"
"New England",14087,38.59,22417,61.41,"exact"
"Northern Territory",3569,68.7,1627,31.3,"guess"
"North Sydney",17956,46.53,20635,53.47,"estimate"
"Oxley",15300,43.22,20097,56.78,"exact"
"Parkes",19966,51.8,18579,48.2,"exact"
"Parramatta",15211,37.45,25411,62.55,"exact"
"Paterson",15429,41.51,21741,58.49,"exact"
"Perth",19294,50.1,19218,49.9,"exact"
"Petrie",15337,38.45,24547,61.55,"estimate"
"Phillip",20591,54.15,17438,45.85,"estimate"
"Port Adelaide",32685,73.05,12060,26.95,"estimate"
"Reid",29332,69.21,13046,30.79,"estimate"
"Richmond",9139,24.94,27504,75.06,"exact"
"Riverina",17326,46.39,20018,53.61,"estimate"
"Robertson",18236,45.76,21617,54.24,"exact"
"Ryan",16431,39.74,24917,60.26,"exact"
"Shortland",26119,64.8,14190,35.2,"estimate"
"St George",18475,48.03,19987,51.97,"exact"
"Sturt",19642,47.2,21971,52.8,"estimate"
"Swan",20699,47.56,22821,52.44,"exact"
"Wakefield",15008,38.63,23847,61.37,"exact"
"Wannon",17653,49.23,18203,50.77,"exact"
"Warringah",11208,28.57,28026,71.43,"guess"
"Watson",22807,57.7,16721,42.3,"estimate"
"Wentworth",9533,24.86,28821,75.14,"exact"
"Werriwa",24142,56.24,18787,43.76,"exact"
"West Sydney",26964,75.69,8661,24.31,"estimate"
"Wide Bay",13960,35.78,25055,64.22,"estimate"
"Wills",25162,58.76,17658,41.24,"exact"
"Wilmot",16150,52.64,14532,47.36,"exact"
"Wimmera",12394,35.12,22894,64.88,"exact"
"Yarra",24580,62.25,14909,37.75,"estimate"
