"Seat","TPP_ALP","TPP_ALP_perc","TPP_LNP","TPP_LNP_perc","TPP_est_type"
"Adelaide",18743,52.45,16994,47.55,"estimate"
"Angas",12790,32.73,26287,67.27,"estimate"
"Australian Capital Territory",13247,70.1,5650,29.9,"estimate"
"Balaclava",11710,28.96,28722,71.04,"estimate"
"Ballaarat",18623,44.56,23167,55.44,"exact"
"Banks",30124,61.85,18577,38.15,"estimate"
"Barker",15261,36.62,26415,63.38,"estimate"
"Barton",21638,50.31,21374,49.69,"exact"
"Bass",19427,57.47,14377,42.53,"estimate"
"Batman",23392,54.97,19158,45.03,"estimate"
"Bendigo",21598,50.31,21332,49.69,"exact"
"Bennelong",19611,42.01,27072,57.99,"estimate"
"Blaxland",28457,65.81,14783,34.19,"estimate"
"Bonython",29954,66.48,15101,33.52,"estimate"
"Boothby",15656,38.88,24610,61.12,"estimate"
"Bowman",18660,43.9,23841,56.1,"exact"
"Braddon",16420,50.44,16134,49.56,"exact"
"Bradfield",8221,18.12,37157,81.88,"estimate"
"Brisbane",18620,50.69,18116,49.31,"exact"
"Bruce",27860,45.48,33398,54.52,"exact"
"Calare",16296,41.94,22557,58.06,"exact"
"Canning",10989,32.12,23221,67.88,"guess"
"Capricornia",15598,42.29,21284,57.71,"exact"
"Chisholm",12586,31.41,27481,68.59,"estimate"
"Corangamite",13470,31.86,28807,68.14,"estimate"
"Corio",18382,43.31,24065,56.69,"exact"
"Cowper",14805,38.39,23764,61.61,"estimate"
"Cunningham",26487,61.06,16894,38.94,"estimate"
"Curtin",9882,25.59,28739,74.41,"estimate"
"Dalley",26081,70.98,10664,29.02,"exact"
"Darebin",28025,56.82,21298,43.18,"estimate"
"Darling",25490,72.37,9729,27.63,"estimate"
"Darling Downs",14507,36.47,25265,63.53,"estimate"
"Dawson",11100,31.5,24136,68.5,"estimate"
"Deakin",19062,38.9,29935,61.1,"estimate"
"Denison",13516,40.16,20139,59.84,"estimate"
"East Sydney",24923,70.36,10499,29.64,"estimate"
"Eden-Monaro",21950,55.04,17931,44.96,"estimate"
"Evans",17068,43.31,22342,56.69,"estimate"
"Farrer",13500,33.54,26748,66.46,"estimate"
"Fawkner",12620,35.23,23198,64.77,"exact"
"Fisher",11169,27.41,29586,72.59,"estimate"
"Flinders",19139,41.61,26853,58.39,"estimate"
"Forrest",15344,41.08,22009,58.92,"estimate"
"Franklin",12560,38.88,19743,61.12,"estimate"
"Fremantle",24557,59.09,16999,40.91,"estimate"
"Gellibrand",27237,68.47,12546,31.53,"estimate"
"Gippsland",12647,30.91,28265,69.09,"estimate"
"Grayndler",25350,68.51,11649,31.49,"estimate"
"Grey",22001,55.25,17823,44.75,"estimate"
"Griffith",19543,49.94,19593,50.06,"exact"
"Gwydir",17414,44.98,21304,55.02,"exact"
"Henty",17655,39.65,26869,60.35,"estimate"
"Herbert",18980,48.52,20136,51.48,"exact"
"Higgins",10693,27.59,28058,72.41,"estimate"
"Higinbotham",20115,40.2,29920,59.8,"exact"
"Hindmarsh",27806,63.98,15656,36.02,"estimate"
"Hughes",29184,54.83,24040,45.17,"estimate"
"Hume",18793,47.95,20401,52.05,"exact"
"Hunter",32913,77.15,9747,22.85,"estimate"
"Indi",11777,29.27,28463,70.73,"estimate"
"Isaacs",14694,40.36,21713,59.64,"estimate"
"Kalgoorlie",14048,49.68,14227,50.32,"exact"
"Kennedy",17282,54.75,14285,45.25,"estimate"
"Kingsford-Smith",24434,57.9,17768,42.1,"estimate"
"Kingston",26404,52.42,23966,47.58,"estimate"
"Kooyong",11704,26.22,32940,73.78,"estimate"
"Lalor",33627,55.81,26624,44.19,"estimate"
"Lang",27382,61.67,17016,38.33,"estimate"
"La Trobe",20815,39.16,32341,60.84,"estimate"
"Lawson",17009,43.97,21675,56.03,"exact"
"Leichhardt",21719,56.18,16943,43.82,"exact"
"Lilley",15643,37.82,25717,62.18,"estimate"
"Lowe",14967,37.42,25027,62.58,"estimate"
"Lyne",15586,38.6,24794,61.4,"estimate"
"Macarthur",17861,40.72,26002,59.28,"exact"
"Mackellar",16544,35.84,29620,64.16,"estimate"
"Macquarie",24273,59.59,16460,40.41,"estimate"
"Mallee",9626,25.24,28513,74.76,"estimate"
"Maranoa",13591,37.64,22519,62.36,"estimate"
"Maribyrnong",20709,49.18,21402,50.82,"exact"
"McMillan",17200,42.75,23031,57.25,"exact"
"McPherson",13790,29.66,32699,70.34,"estimate"
"Melbourne",21781,63.83,12343,36.17,"estimate"
"Melbourne Ports",24762,68.53,11369,31.47,"estimate"
"Mitchell",20552,42.25,28085,57.75,"estimate"
"Moore",10008,29.96,23399,70.04,"estimate"
"Moreton",18763,40.7,27333,59.3,"estimate"
"Murray",11833,28.46,29740,71.54,"estimate"
"Newcastle",24423,62.99,14351,37.01,"estimate"
"New England",13286,33.82,25997,66.18,"estimate"
"Northern Territory",3503,62.31,2119,37.69,"guess"
"North Sydney",14257,36.57,24728,63.43,"estimate"
"Oxley",17660,43.65,22800,56.35,"estimate"
"Parkes",20562,51.02,19736,48.98,"exact"
"Parramatta",19547,40.57,28631,59.43,"estimate"
"Paterson",15201,38.7,24080,61.3,"estimate"
"Perth",10934,35.15,20177,64.85,"estimate"
"Petrie",18318,39.04,28597,60.96,"estimate"
"Phillip",19237,48.13,20735,51.87,"exact"
"Port Adelaide",29788,71.46,11895,28.54,"estimate"
"Reid",30539,64.08,17120,35.92,"exact"
"Richmond",11235,28.52,28162,71.48,"estimate"
"Riverina",16197,41.69,22657,58.31,"estimate"
"Robertson",18483,42.95,24547,57.05,"estimate"
"Ryan",14663,33.02,29747,66.98,"estimate"
"Scullin",20578,61.86,12689,38.14,"estimate"
"Shortland",29503,65.73,15381,34.27,"estimate"
"St George",20928,50.07,20869,49.93,"exact"
"Stirling",22000,49.78,22198,50.22,"exact"
"Sturt",16557,38.86,26047,61.14,"estimate"
"Swan",18622,42.55,25140,57.45,"exact"
"Wakefield",13686,35.59,24773,64.41,"estimate"
"Wannon",16074,37.67,26591,62.33,"exact"
"Warringah",8828,21.14,32938,78.86,"estimate"
"Watson",27593,71.93,10770,28.07,"estimate"
"Wentworth",9510,25.01,28521,74.99,"estimate"
"Werriwa",27466,59.01,19074,40.99,"estimate"
"West Sydney",24614,71.56,9783,28.44,"estimate"
"Wide Bay",18393,45.74,21815,54.26,"exact"
"Wills",23200,58.46,16487,41.54,"estimate"
"Wilmot",19860,60.94,12730,39.06,"estimate"
"Wimmera",12271,31.44,26759,68.56,"estimate"
"Yarra",21430,59.78,14417,40.22,"estimate"
