"Seat","TPP_ALP","TPP_ALP_perc","TPP_LNP","TPP_LNP_perc","TPP_est_type"
"Adelaide",26977,45.96,31721,54.04,"exact"
"Balaclava",20052,31.85,42909,68.15,"estimate"
"Ballaarat",24784,50.61,24186,49.39,"exact"
"Barker",19689,35.2,36245,64.8,"guess"
"Barton",27663,48.16,29780,51.84,"exact"
"Bass",13894,55.65,11070,44.35,"estimate"
"Batman",36439,63.43,21013,36.57,"exact"
"Bendigo",20563,43.14,27100,56.86,"exact"
"Boothby",22356,36.99,38078,63.01,"estimate"
"Bourke",38793,68.11,18162,31.89,"exact"
"Brisbane",30260,54.05,25728,45.95,"estimate"
"Calare",24114,47.76,26378,52.24,"exact"
"Capricornia",31028,57.46,22971,42.54,"estimate"
"Cook",40884,75.26,13442,24.74,"guess"
"Corangamite",22096,46.14,25788,53.86,"exact"
"Corio",22170,43.46,28845,56.54,"exact"
"Cowper",18646,36.82,32000,63.18,"exact"
"Dalley",32646,57.67,23961,42.33,"exact"
"Darling",29910,60.92,19186,39.08,"guess"
"Darling Downs",18862,37.26,31766,62.74,"estimate"
"Darwin",12270,47.51,13557,52.49,"exact"
"Deakin",20512,40.26,30442,59.74,"exact"
"Denison",13218,53.88,11316,46.12,"exact"
"East Sydney",29460,57.92,21404,42.08,"estimate"
"Eden-Monaro",21299,42.45,28872,57.55,"exact"
"Fawkner",22094,36.62,38248,63.38,"estimate"
"Flinders",19538,38.24,31558,61.76,"guess"
"Forrest",19153,45.55,22894,54.45,"exact"
"Franklin",15348,57.96,11133,42.04,"exact"
"Fremantle",30588,57.19,22898,42.81,"estimate"
"Gippsland",18483,38.87,29069,61.13,"exact"
"Grey",19896,42.86,26521,57.14,"estimate"
"Griffith",29026,50.28,28702,49.72,"exact"
"Gwydir",27140,52.37,24679,47.63,"exact"
"Henty",23648,39.71,35897,60.29,"estimate"
"Herbert",39263,66.36,19900,33.64,"exact"
"Hindmarsh",43215,70.69,17918,29.31,"exact"
"Hume",23526,45.85,27784,54.15,"exact"
"Hunter",35639,71.18,14430,28.82,"guess"
"Indi",19478,38.85,30660,61.15,"exact"
"Kalgoorlie",25771,73.62,9235,26.38,"exact"
"Kennedy",31741,66.91,15696,33.09,"estimate"
"Kooyong",22668,36.69,39110,63.31,"estimate"
"Lang",29866,52.99,26495,47.01,"estimate"
"Lilley",23242,41.33,32998,58.67,"estimate"
"Macquarie",24272,47.91,26392,52.09,"exact"
"Maranoa",23461,45.67,27914,54.33,"exact"
"Maribyrnong",37962,63.68,21651,36.32,"estimate"
"Martin",22634,41.03,32532,58.97,"estimate"
"Melbourne",39762,69.55,17410,30.45,"guess"
"Melbourne Ports",41226,72.66,15514,27.34,"guess"
"Moreton",24774,41.75,34568,58.25,"estimate"
"Newcastle",34942,62.87,20637,37.13,"guess"
"New England",19196,39.02,29994,60.98,"exact"
"Northern Territory",1694,67.18,827,32.82,"guess"
"North Sydney",18433,31.67,39775,68.33,"estimate"
"Parkes",20217,36.31,35468,63.69,"exact"
"Parramatta",16356,29.24,39581,70.76,"estimate"
"Perth",21069,39.74,31942,60.26,"exact"
"Reid",33738,60.27,22239,39.73,"exact"
"Richmond",19222,36.93,32830,63.07,"estimate"
"Riverina",21442,42.8,28661,57.2,"exact"
"Robertson",24290,46.86,27544,53.14,"exact"
"Swan",18951,41.88,26299,58.12,"exact"
"Wakefield",18508,36.56,32113,63.44,"exact"
"Wannon",24175,48.68,25489,51.32,"exact"
"Warringah",14378,23.73,46206,76.27,"estimate"
"Watson",26788,46.21,31187,53.79,"exact"
"Wentworth",19499,32.55,40398,67.45,"exact"
"Werriwa",31188,55.32,25190,44.68,"exact"
"West Sydney",37145,72.64,13993,27.36,"guess"
"Wide Bay",24073,46.8,27364,53.2,"estimate"
"Wilmot",9662,41.54,13598,58.46,"estimate"
"Wimmera",18310,39.31,28265,60.69,"guess"
"Yarra",37381,64.03,20999,35.97,"exact"
