"Seat","TPP_ALP","TPP_ALP_perc","TPP_LNP","TPP_LNP_perc","TPP_est_type"
"Adelaide",11236,54.26,9473,45.74,"estimate"
"Angas",11192,58.04,8090,41.96,"exact"
"Balaclava",9722,35.96,17316,64.04,"guess"
"Ballaarat",14691,52.14,13485,47.86,"estimate"
"Barker",8929,47.7,9789,52.3,"exact"
"Barton",13349,57.6,9828,42.4,"exact"
"Bass",4128,43,5472,57,"estimate"
"Batman",18518,67.26,9013,32.74,"estimate"
"Bendigo",12147,48.27,13016,51.73,"exact"
"Boothby",8943,45.29,10804,54.71,"exact"
"Bourke",17068,70.07,7290,29.93,"exact"
"Brisbane",15183,48.05,16417,51.95,"exact"
"Calare",10904,44.67,13507,55.33,"exact"
"Capricornia",20391,53.18,17954,46.82,"estimate"
"Cook",16049,71.28,6466,28.72,"estimate"
"Corangamite",11167,46.1,13059,53.9,"exact"
"Corio",11646,49.16,12046,50.84,"exact"
"Cowper",6176,31.58,13379,68.42,"guess"
"Dalley",17019,70.46,7136,29.54,"estimate"
"Darling",12682,65.1,6798,34.9,"exact"
"Darling Downs",13857,41.43,19592,58.57,"exact"
"Darwin",4415,43.9,5642,56.1,"guess"
"Denison",5669,50.4,5578,49.6,"exact"
"East Sydney",10885,59.15,7518,40.85,"exact"
"Echuca",6815,34.24,13090,65.76,"guess"
"Eden-Monaro",9495,38.93,14892,61.07,"exact"
"Fawkner",10075,42.18,13811,57.82,"estimate"
"Flinders",7532,39.19,11689,60.81,"guess"
"Forrest",5451,43.32,7132,56.68,"guess"
"Franklin",3915,43.72,5040,56.28,"exact"
"Fremantle",11000,60.24,7260,39.76,"estimate"
"Gippsland",7330,31.63,15841,68.37,"estimate"
"Grey",9778,53.72,8425,46.28,"exact"
"Gwydir",11951,50.08,11914,49.92,"exact"
"Henty",7422,26.21,20889,73.79,"estimate"
"Herbert",16259,48.31,17396,51.69,"exact"
"Hindmarsh",15111,68.57,6925,31.43,"exact"
"Hume",13446,56.91,10182,43.09,"estimate"
"Hunter",13415,67.38,6493,32.62,"guess"
"Indi",8159,36.78,14027,63.22,"exact"
"Kalgoorlie",9889,57.43,7331,42.57,"exact"
"Kennedy",14824,61.56,9257,38.44,"exact"
"Kooyong",6555,23.09,21836,76.91,"estimate"
"Lang",9966,45.55,11911,54.45,"exact"
"Lilley",11008,36.19,19410,63.81,"guess"
"Macquarie",10795,49.8,10880,50.2,"exact"
"Maranoa",11086,45.63,13207,54.37,"exact"
"Maribyrnong",17153,63.23,9976,36.77,"exact"
"Martin",9568,38.58,15230,61.42,"guess"
"Melbourne",16991,77.19,5022,22.81,"exact"
"Melbourne Ports",17628,73.11,6485,26.89,"exact"
"Moreton",13422,40.49,19730,59.51,"exact"
"Newcastle",15291,67.55,7346,32.45,"estimate"
"New England",8996,41.47,12695,58.53,"exact"
"Northern Territory",782,64.8,425,35.2,"guess"
"North Sydney",8133,28.75,20154,71.25,"guess"
"Oxley",17146,46.72,19552,53.28,"exact"
"Parkes",8008,38.17,12970,61.83,"exact"
"Parramatta",6776,34.63,12793,65.37,"exact"
"Perth",5947,41.13,8513,58.87,"exact"
"Reid",12868,56.94,9731,43.06,"estimate"
"Richmond",6928,32.15,14619,67.85,"guess"
"Riverina",9562,45.66,11378,54.34,"exact"
"Robertson",7411,38.22,11978,61.78,"exact"
"South Sydney",11293,60.97,7231,39.03,"estimate"
"Swan",7380,45.53,8831,54.47,"guess"
"Wakefield",8625,44.68,10680,55.32,"exact"
"Wannon",13334,50.77,12927,49.23,"exact"
"Warringah",5377,23.19,17809,76.81,"guess"
"Wentworth",7549,38.13,12251,61.87,"exact"
"Werriwa",12827,54.9,10536,45.1,"estimate"
"West Sydney",13616,75.36,4451,24.64,"guess"
"Wide Bay",13443,39.45,20633,60.55,"exact"
"Wilmot",3127,38.81,4930,61.19,"exact"
"Wimmera",7470,39.08,11647,60.92,"guess"
"Yarra",17897,78.02,5042,21.98,"exact"
