"Seat","Count","From_candidate","From_party","To_candidate","To_party","Transferred_votes","Transferred_perc","New_votes","New_vote_perc"
"Indi",2,"Cyril Davy","CP","William Bostock","Lib46",6293,87.03,23492,60.46
"Indi",2,"Cyril Davy","CP","Carl Reeves","ALP",938,12.97,15361,39.54
"Lawson",2,"Dick Bourke","Ind","Laurie Failes","CP",1068,77.79,19565,50.34
"Lawson",2,"Dick Bourke","Ind","Alan Manning","ALP",305,22.21,19303,49.66
"Maranoa",2,"Charles Russell","ID","Wilfred Brimblecombe","CP",4041,68.42,18364,54.21
"Maranoa",2,"Charles Russell","ID","Eric Taylor","ALP",1865,31.58,15514,45.79
"McMillan",2,"Bob Hamilton","CPA","Geoffrey Brown","Lib46",83,10.7,17137,41.19
"McMillan",2,"Bob Hamilton","CPA","Desmond Devlin","ALP",569,73.32,18558,44.6
"McMillan",2,"Bob Hamilton","CPA","John McDonald","CP",124,15.98,5914,14.21
"McMillan",3,"John McDonald","CP","Geoffrey Brown","Lib46",5177,87.54,22314,53.63
"McMillan",3,"John McDonald","CP","Desmond Devlin","ALP",737,12.46,19295,46.37
"Robertson",2,"John Tapp","CPA","Roger Dean","Lib46",172,15.97,24082,50.29
"Robertson",2,"John Tapp","CPA","Walter Geraghty","ALP",905,84.03,23800,49.71
"Wimmera",2,"Herbert Hilton","CP","William Lawrence","Lib46",7448,91.01,22686,64.65
"Wimmera",2,"Herbert Hilton","CP","Cyril Sudholz","ALP",736,8.99,12407,35.35
