"Seat","Count","From_candidate","From_party","To_candidate","To_party","Transferred_votes","Transferred_perc","New_votes","New_vote_perc"
"Adelaide",2,"Charles Shahin","UAP87","Bryan Stokes","NPA",53,14.48,3340,5.17
"Adelaide",2,"Charles Shahin","UAP87","Peter Panagaris","Lib46",42,11.48,22985,35.6
"Adelaide",2,"Charles Shahin","UAP87","Chris Hurford","ALP",71,19.4,31643,49.01
"Adelaide",2,"Charles Shahin","UAP87","Chris Wurm","AD",166,45.36,6023,9.33
"Adelaide",2,"Charles Shahin","UAP87","Graham Smith","CPA",34,9.29,569,0.88
"Adelaide",2,"Charles Shahin","UAP87","Exhausted",NA,2,0.54,2,NA
"Adelaide",3,"Graham Smith","CPA","Bryan Stokes","NPA",33,5.82,3373,5.22
"Adelaide",3,"Graham Smith","CPA","Peter Panagaris","Lib46",25,4.41,23010,35.64
"Adelaide",3,"Graham Smith","CPA","Chris Hurford","ALP",289,50.97,31932,49.46
"Adelaide",3,"Graham Smith","CPA","Chris Wurm","AD",220,38.8,6243,9.67
"Adelaide",3,"Graham Smith","CPA","Exhausted",NA,2,0.35,4,NA
"Adelaide",4,"Bryan Stokes","NPA","Peter Panagaris","Lib46",2436,72.8,25446,39.43
"Adelaide",4,"Bryan Stokes","NPA","Chris Hurford","ALP",511,15.27,32443,50.28
"Adelaide",4,"Bryan Stokes","NPA","Chris Wurm","AD",399,11.92,6642,10.29
"Adelaide",4,"Bryan Stokes","NPA","Exhausted",NA,27,0.8,31,NA
"Adelaide",5,"Chris Wurm","AD","Peter Panagaris","Lib46",2610,39.34,28056,43.48
"Adelaide",5,"Chris Wurm","AD","Chris Hurford","ALP",4025,60.66,36468,56.52
"Adelaide",5,"Chris Wurm","AD","Exhausted",NA,7,0.11,38,NA
"Aston",2,"Hugh Gurney","NPA","Gordon Ashley","Lib46",734,66.13,27329,42.93
"Aston",2,"Hugh Gurney","NPA","Jan Bricknell","AD",235,21.17,5369,8.43
"Aston",2,"Hugh Gurney","NPA","John Saunderson","ALP",141,12.7,30958,48.63
"Aston",2,"Hugh Gurney","NPA","Exhausted",NA,3,0.27,3,NA
"Aston",3,"Jan Bricknell","AD","Gordon Ashley","Lib46",2218,41.39,29547,46.42
"Aston",3,"Jan Bricknell","AD","John Saunderson","ALP",3141,58.61,34099,53.58
"Aston",3,"Jan Bricknell","AD","Exhausted",NA,10,0.19,13,NA
"Ballarat",2,"Martin Greany","Ind","John Boland","NPA",228,58.61,8478,12.69
"Ballarat",2,"Martin Greany","Ind","Phil Henseleit","AD",68,17.48,2753,4.12
"Ballarat",2,"Martin Greany","Ind","John Mildren","ALP",72,18.51,31519,47.16
"Ballarat",2,"Martin Greany","Ind","John Ronan","Lib46",21,5.4,24080,36.03
"Ballarat",2,"Martin Greany","Ind","Exhausted",NA,3,0.77,3,NA
"Ballarat",3,"Phil Henseleit","AD","John Boland","NPA",609,22.15,9087,13.6
"Ballarat",3,"Phil Henseleit","AD","John Mildren","ALP",1544,56.15,33063,49.48
"Ballarat",3,"Phil Henseleit","AD","John Ronan","Lib46",597,21.71,24677,36.93
"Ballarat",3,"Phil Henseleit","AD","Exhausted",NA,3,0.11,6,NA
"Ballarat",4,"John Boland","NPA","John Mildren","ALP",1611,17.74,34674,51.89
"Ballarat",4,"John Boland","NPA","John Ronan","Lib46",7470,82.26,32147,48.11
"Ballarat",4,"John Boland","NPA","Exhausted",NA,6,0.07,12,NA
"Banks",2,"Monty Green","AD","John Mountford","ALP",2493,51.85,35180,56.81
"Banks",2,"Monty Green","AD","Max Parker","Lib46",2315,48.15,26745,43.19
"Banks",2,"Monty Green","AD","Exhausted",NA,11,0.23,11,NA
"Barker",2,"Allan Bannister","Ind","Harry Pfeuffer","Ind",119,31.15,1003,1.57
"Barker",2,"Allan Bannister","Ind","Tom Giannouklas","UAP87",11,2.88,462,0.72
"Barker",2,"Allan Bannister","Ind","Bill Hender","ALP",30,7.85,21251,33.33
"Barker",2,"Allan Bannister","Ind","Max Vawser","NPA",33,8.64,3957,6.21
"Barker",2,"Allan Bannister","Ind","Glenn Taylor","AD",62,16.23,3664,5.75
"Barker",2,"Allan Bannister","Ind","James Porter","Lib46",127,33.25,33423,52.42
"Barker",2,"Allan Bannister","Ind","Exhausted",NA,3,0.78,3,NA
"Barker",3,"Tom Giannouklas","UAP87","Harry Pfeuffer","Ind",142,31.07,1145,1.8
"Barker",3,"Tom Giannouklas","UAP87","Bill Hender","ALP",81,17.72,21332,33.46
"Barker",3,"Tom Giannouklas","UAP87","Max Vawser","NPA",55,12.04,4012,6.29
"Barker",3,"Tom Giannouklas","UAP87","Glenn Taylor","AD",60,13.13,3724,5.84
"Barker",3,"Tom Giannouklas","UAP87","James Porter","Lib46",119,26.04,33542,52.61
"Barker",3,"Tom Giannouklas","UAP87","Exhausted",NA,5,1.08,8,NA
"Barker",4,"Harry Pfeuffer","Ind","Bill Hender","ALP",702,62.18,22034,34.57
"Barker",4,"Harry Pfeuffer","Ind","Max Vawser","NPA",145,12.84,4157,6.52
"Barker",4,"Harry Pfeuffer","Ind","Glenn Taylor","AD",149,13.2,3873,6.08
"Barker",4,"Harry Pfeuffer","Ind","James Porter","Lib46",133,11.78,33675,52.83
"Barker",4,"Harry Pfeuffer","Ind","Exhausted",NA,16,1.4,24,NA
"Barker",5,"Glenn Taylor","AD","Bill Hender","ALP",1606,41.52,23640,37.09
"Barker",5,"Glenn Taylor","AD","Max Vawser","NPA",701,18.12,4858,7.62
"Barker",5,"Glenn Taylor","AD","James Porter","Lib46",1561,40.36,35236,55.29
"Barker",5,"Glenn Taylor","AD","Exhausted",NA,5,0.13,29,NA
"Barker",6,"Max Vawser","NPA","Bill Hender","ALP",808,16.68,24448,38.37
"Barker",6,"Max Vawser","NPA","James Porter","Lib46",4037,83.32,39273,61.63
"Barker",6,"Max Vawser","NPA","Exhausted",NA,13,0.27,42,NA
"Barton",2,"Edwin Bellchambers","Ind","Jim McLean","Ind",329,54.92,4053,6.18
"Barton",2,"Edwin Bellchambers","Ind","Gary Punch","ALP",168,28.05,31941,48.71
"Barton",2,"Edwin Bellchambers","Ind","Bob Gemmell","Lib46",102,17.03,29575,45.11
"Barton",2,"Edwin Bellchambers","Ind","Exhausted",NA,1,0.17,1,NA
"Barton",3,"Jim McLean","Ind","Gary Punch","ALP",1522,37.64,33463,51.04
"Barton",3,"Jim McLean","Ind","Bob Gemmell","Lib46",2522,62.36,32097,48.96
"Barton",3,"Jim McLean","Ind","Exhausted",NA,9,0.22,10,NA
"Bass",2,"Michael Preece","AD","Warwick Smith","Lib46",1024,35.23,29173,53.66
"Bass",2,"Michael Preece","AD","Richard Taylor","ALP",1883,64.77,25194,46.34
"Bass",2,"Michael Preece","AD","Exhausted",NA,3,0.1,3,NA
"Batman",2,"Darren Chapman","Ind","Jan Roberts","AD",188,41.69,5509,10
"Batman",2,"Darren Chapman","Ind","Brian Howe","ALP",109,24.17,35394,64.24
"Batman",2,"Darren Chapman","Ind","Sue Phillips","Ind",129,28.6,761,1.38
"Batman",2,"Darren Chapman","Ind","Ron Dunn","Lib46",25,5.54,13433,24.38
"Batman",2,"Darren Chapman","Ind","Exhausted",NA,15,3.22,15,NA
"Batman",3,"Sue Phillips","Ind","Jan Roberts","AD",269,35.77,5778,10.49
"Batman",3,"Sue Phillips","Ind","Brian Howe","ALP",362,48.14,35756,64.91
"Batman",3,"Sue Phillips","Ind","Ron Dunn","Lib46",121,16.09,13554,24.6
"Batman",3,"Sue Phillips","Ind","Exhausted",NA,9,1.18,24,NA
"Batman",4,"Jan Roberts","AD","Brian Howe","ALP",4285,74.99,40041,72.77
"Batman",4,"Jan Roberts","AD","Ron Dunn","Lib46",1429,25.01,14983,27.23
"Batman",4,"Jan Roberts","AD","Exhausted",NA,64,1.11,88,NA
"Bendigo",2,"Sharyne O'Grady","Ind","Kaye Swanton","AD",37,30.08,2737,4.1
"Bendigo",2,"Sharyne O'Grady","Ind","John Somerville","Ind",15,12.2,345,0.52
"Bendigo",2,"Sharyne O'Grady","Ind","John Brumby","ALP",33,26.83,32345,48.51
"Bendigo",2,"Sharyne O'Grady","Ind","John Radford","Lib46",13,10.57,16521,24.78
"Bendigo",2,"Sharyne O'Grady","Ind","Ron Best","NPA",25,20.33,14728,22.09
"Bendigo",2,"Sharyne O'Grady","Ind","Exhausted",NA,3,2.38,3,NA
"Bendigo",3,"John Somerville","Ind","Kaye Swanton","AD",124,35.94,2861,4.29
"Bendigo",3,"John Somerville","Ind","John Brumby","ALP",123,35.65,32468,48.7
"Bendigo",3,"John Somerville","Ind","John Radford","Lib46",41,11.88,16562,24.84
"Bendigo",3,"John Somerville","Ind","Ron Best","NPA",57,16.52,14785,22.17
"Bendigo",3,"John Somerville","Ind","Exhausted",NA,0,0,3,NA
"Bendigo",4,"Kaye Swanton","AD","John Brumby","ALP",1727,61.68,34195,51.33
"Bendigo",4,"Kaye Swanton","AD","John Radford","Lib46",549,19.61,17111,25.69
"Bendigo",4,"Kaye Swanton","AD","Ron Best","NPA",524,18.71,15309,22.98
"Bendigo",4,"Kaye Swanton","AD","Exhausted",NA,61,2.13,64,NA
"Bendigo",5,"Ron Best","NPA","John Brumby","ALP",1382,9.03,35577,53.41
"Bendigo",5,"Ron Best","NPA","John Radford","Lib46",13925,90.97,31036,46.59
"Bendigo",5,"Ron Best","NPA","Exhausted",NA,2,0.01,66,NA
"Bennelong",2,"John Dawson","Ind","John Howard","Lib46",247,43.11,36513,57.33
"Bennelong",2,"John Dawson","Ind","Stephen Davidson","Ind",15,2.62,725,1.14
"Bennelong",2,"John Dawson","Ind","Beverley Sharpe","ALP",266,46.42,21799,34.23
"Bennelong",2,"John Dawson","Ind","Paul Taylor","AD",45,7.85,4648,7.3
"Bennelong",3,"Stephen Davidson","Ind","John Howard","Lib46",215,29.66,36728,57.67
"Bennelong",3,"Stephen Davidson","Ind","Beverley Sharpe","ALP",445,61.38,22244,34.93
"Bennelong",3,"Stephen Davidson","Ind","Paul Taylor","AD",65,8.97,4713,7.4
"Bennelong",4,"Paul Taylor","AD","John Howard","Lib46",1873,39.77,38601,60.62
"Bennelong",4,"Paul Taylor","AD","Beverley Sharpe","ALP",2836,60.23,25080,39.38
"Bennelong",4,"Paul Taylor","AD","Exhausted",NA,4,0.08,4,NA
"Berowra",2,"Peter Markham","AD","Harry Edwards","Lib46",2757,45.06,43045,66.65
"Berowra",2,"Peter Markham","AD","Sue Deane","ALP",3362,54.94,21535,33.35
"Berowra",2,"Peter Markham","AD","Exhausted",NA,3,0.05,3,NA
"Blaxland",2,"Kaye Tucker","Ind","Tony Leitao","Ind",18,8.18,777,1.34
"Blaxland",2,"Kaye Tucker","Ind","Paul Keating","Ind",23,10.45,1262,2.17
"Blaxland",2,"Kaye Tucker","Ind","Paul Keating","ALP",62,28.18,31030,53.32
"Blaxland",2,"Kaye Tucker","Ind","Philip Black","Ind",17,7.73,2799,4.81
"Blaxland",2,"Kaye Tucker","Ind","Andrew Thorn","Lib46",13,5.91,19586,33.66
"Blaxland",2,"Kaye Tucker","Ind","John Young","AD",17,7.73,2239,3.85
"Blaxland",2,"Kaye Tucker","Ind","Frank Rayner","Ind",70,31.82,501,0.86
"Blaxland",2,"Kaye Tucker","Ind","Exhausted",NA,1,0.45,1,NA
"Blaxland",3,"Frank Rayner","Ind","Tony Leitao","Ind",58,11.62,835,1.43
"Blaxland",3,"Frank Rayner","Ind","Paul Keating","Ind",12,2.4,1274,2.19
"Blaxland",3,"Frank Rayner","Ind","Paul Keating","ALP",22,4.41,31052,53.36
"Blaxland",3,"Frank Rayner","Ind","Philip Black","Ind",64,12.83,2863,4.92
"Blaxland",3,"Frank Rayner","Ind","Andrew Thorn","Lib46",46,9.22,19632,33.74
"Blaxland",3,"Frank Rayner","Ind","John Young","AD",297,59.52,2536,4.36
"Blaxland",3,"Frank Rayner","Ind","Exhausted",NA,2,0.4,3,NA
"Blaxland",4,"Tony Leitao","Ind","Paul Keating","Ind",582,71.67,1856,3.19
"Blaxland",4,"Tony Leitao","Ind","Paul Keating","ALP",69,8.5,31121,53.5
"Blaxland",4,"Tony Leitao","Ind","Philip Black","Ind",94,11.58,2957,5.08
"Blaxland",4,"Tony Leitao","Ind","Andrew Thorn","Lib46",26,3.2,19658,33.79
"Blaxland",4,"Tony Leitao","Ind","John Young","AD",41,5.05,2577,4.43
"Blaxland",4,"Tony Leitao","Ind","Exhausted",NA,23,2.75,26,NA
"Blaxland",5,"Paul Keating","Ind","Paul Keating","ALP",1243,67.48,32364,55.65
"Blaxland",5,"Paul Keating","Ind","Philip Black","Ind",295,16.02,3252,5.59
"Blaxland",5,"Paul Keating","Ind","Andrew Thorn","Lib46",138,7.49,19796,34.04
"Blaxland",5,"Paul Keating","Ind","John Young","AD",166,9.01,2743,4.72
"Blaxland",5,"Paul Keating","Ind","Exhausted",NA,14,0.75,40,NA
"Blaxland",6,"John Young","AD","Paul Keating","ALP",815,29.78,33179,57.06
"Blaxland",6,"John Young","AD","Philip Black","Ind",864,31.57,4116,7.08
"Blaxland",6,"John Young","AD","Andrew Thorn","Lib46",1058,38.66,20854,35.86
"Blaxland",6,"John Young","AD","Exhausted",NA,6,0.22,46,NA
"Blaxland",7,"Philip Black","Ind","Paul Keating","ALP",1013,24.65,34192,58.81
"Blaxland",7,"Philip Black","Ind","Andrew Thorn","Lib46",3096,75.35,23950,41.19
"Blaxland",7,"Philip Black","Ind","Exhausted",NA,7,0.17,53,NA
"Bonython",2,"John Longhurst","UAP87","Neal Blewett","ALP",260,31.71,38410,61.75
"Bonython",2,"John Longhurst","UAP87","Bernard Buechner","Lib46",187,22.8,15302,24.6
"Bonython",2,"John Longhurst","UAP87","Colin Maas","AD",256,31.22,6143,9.88
"Bonython",2,"John Longhurst","UAP87","Cathryn Linedale","NPA",117,14.27,2350,3.78
"Bonython",2,"John Longhurst","UAP87","Exhausted",NA,5,0.61,5,NA
"Bonython",3,"Cathryn Linedale","NPA","Neal Blewett","ALP",249,10.6,38659,62.15
"Bonython",3,"Cathryn Linedale","NPA","Bernard Buechner","Lib46",1441,61.35,16743,26.92
"Bonython",3,"Cathryn Linedale","NPA","Colin Maas","AD",659,28.05,6802,10.93
"Bonython",3,"Cathryn Linedale","NPA","Exhausted",NA,1,0.04,6,NA
"Bonython",4,"Colin Maas","AD","Neal Blewett","ALP",3679,54.12,42338,68.07
"Bonython",4,"Colin Maas","AD","Bernard Buechner","Lib46",3119,45.88,19862,31.93
"Bonython",4,"Colin Maas","AD","Exhausted",NA,4,0.06,10,NA
"Boothby",2,"Kevin Angove","UAP87","Clarrie Dietman","NPA",116,23.48,2046,3.15
"Boothby",2,"Kevin Angove","UAP87","Margaret-Ann Williams","AD",193,39.07,6716,10.34
"Boothby",2,"Kevin Angove","UAP87","Steele Hall","Lib46",119,24.09,35269,54.32
"Boothby",2,"Kevin Angove","UAP87","Jayne Taylor","ALP",66,13.36,20903,32.19
"Boothby",3,"Clarrie Dietman","NPA","Margaret-Ann Williams","AD",634,31.12,7350,11.32
"Boothby",3,"Clarrie Dietman","NPA","Steele Hall","Lib46",1301,63.87,36570,56.33
"Boothby",3,"Clarrie Dietman","NPA","Jayne Taylor","ALP",102,5.01,21005,32.35
"Boothby",3,"Clarrie Dietman","NPA","Exhausted",NA,9,0.44,9,NA
"Boothby",4,"Margaret-Ann Williams","AD","Steele Hall","Lib46",3434,46.76,40004,61.62
"Boothby",4,"Margaret-Ann Williams","AD","Jayne Taylor","ALP",3910,53.24,24915,38.38
"Boothby",4,"Margaret-Ann Williams","AD","Exhausted",NA,6,0.08,15,NA
"Bowman",2,"Barry Cullen","Ind","Andrew Crowe","Lib46",400,35.84,15266,23.59
"Bowman",2,"Barry Cullen","Ind","Con Sciacca","ALP",233,20.88,31456,48.62
"Bowman",2,"Barry Cullen","Ind","Bill Barry-Cotter","NPA",98,8.78,11794,18.23
"Bowman",2,"Barry Cullen","Ind","Diana Taylor","AD",385,34.5,6185,9.56
"Bowman",2,"Barry Cullen","Ind","Exhausted",NA,7,0.62,7,NA
"Bowman",3,"Diana Taylor","AD","Andrew Crowe","Lib46",1911,30.93,17177,26.55
"Bowman",3,"Diana Taylor","AD","Con Sciacca","ALP",3435,55.6,34891,53.93
"Bowman",3,"Diana Taylor","AD","Bill Barry-Cotter","NPA",832,13.47,12626,19.52
"Bowman",3,"Diana Taylor","AD","Exhausted",NA,7,0.11,14,NA
"Bowman",4,"Bill Barry-Cotter","NPA","Andrew Crowe","Lib46",11908,94.31,29085,44.96
"Bowman",4,"Bill Barry-Cotter","NPA","Con Sciacca","ALP",718,5.69,35609,55.04
"Bowman",4,"Bill Barry-Cotter","NPA","Exhausted",NA,0,0,14,NA
"Bradfield",2,"Fiona Richardson","AD","David Connolly","Lib46",2865,49.9,48495,76.09
"Bradfield",2,"Fiona Richardson","AD","Michael Fry","ALP",2877,50.1,15236,23.91
"Bradfield",2,"Fiona Richardson","AD","Exhausted",NA,3,0.05,3,NA
"Brand",2,"Peter Bass","NPA","John Willis","AD",509,16.47,4877,7.92
"Brand",2,"Peter Bass","NPA","Bernie Masters","Lib46",2268,73.37,24253,39.39
"Brand",2,"Peter Bass","NPA","Wendy Fatin","ALP",314,10.16,32449,52.69
"Brand",3,"John Willis","AD","Bernie Masters","Lib46",2416,49.58,26669,43.31
"Brand",3,"John Willis","AD","Wendy Fatin","ALP",2457,50.42,34906,56.69
"Brand",3,"John Willis","AD","Exhausted",NA,4,0.08,4,NA
"Brisbane",2,"William Kenney","Ind","Manfred Cross","ALP",212,26.77,32337,51.53
"Brisbane",2,"William Kenney","Ind","Michael van Prooyen","AD",395,49.87,4194,6.68
"Brisbane",2,"William Kenney","Ind","Cliff Newman","NPA",84,10.61,8579,13.67
"Brisbane",2,"William Kenney","Ind","David Drake","Lib46",101,12.75,17644,28.12
"Brisbane",3,"Michael van Prooyen","AD","Manfred Cross","ALP",2455,58.56,34792,55.44
"Brisbane",3,"Michael van Prooyen","AD","Cliff Newman","NPA",605,14.43,9184,14.64
"Brisbane",3,"Michael van Prooyen","AD","David Drake","Lib46",1132,27,18776,29.92
"Brisbane",3,"Michael van Prooyen","AD","Exhausted",NA,2,0.05,2,NA
"Brisbane",4,"Cliff Newman","NPA","Manfred Cross","ALP",617,6.72,35409,56.43
"Brisbane",4,"Cliff Newman","NPA","David Drake","Lib46",8559,93.28,27335,43.57
"Brisbane",4,"Cliff Newman","NPA","Exhausted",NA,8,0.09,10,NA
"Bruce",2,"Terence Pooley","UAP87","Kate Carr","AD",628,69.47,5448,9.06
"Bruce",2,"Terence Pooley","UAP87","Ken Aldred","Lib46",173,19.14,28741,47.78
"Bruce",2,"Terence Pooley","UAP87","Patrick Robinson","ALP",103,11.39,25969,43.17
"Bruce",2,"Terence Pooley","UAP87","Exhausted",NA,6,0.66,6,NA
"Bruce",3,"Kate Carr","AD","Ken Aldred","Lib46",2541,46.76,31282,52.01
"Bruce",3,"Kate Carr","AD","Patrick Robinson","ALP",2893,53.24,28862,47.99
"Bruce",3,"Kate Carr","AD","Exhausted",NA,14,0.26,20,NA
"Burke",2,"Barry McLeod","NPA","Peter Dale","Lib46",2720,83.56,28254,42.6
"Burke",2,"Barry McLeod","NPA","Neil O'Keefe","ALP",215,6.61,32953,49.69
"Burke",2,"Barry McLeod","NPA","Susan Mullington","AD",320,9.83,5113,7.71
"Burke",2,"Barry McLeod","NPA","Exhausted",NA,23,0.7,23,NA
"Burke",3,"Susan Mullington","AD","Peter Dale","Lib46",1952,38.3,30206,45.56
"Burke",3,"Susan Mullington","AD","Neil O'Keefe","ALP",3145,61.7,36098,54.44
"Burke",3,"Susan Mullington","AD","Exhausted",NA,16,0.31,39,NA
"Calare",2,"Eve Buscombe","Ind","Mick English","Lib46",73,11.13,16392,25.07
"Calare",2,"Eve Buscombe","Ind","David Simmons","ALP",137,20.88,32125,49.13
"Calare",2,"Eve Buscombe","Ind","Stewart Hespe","NPA",74,11.28,13727,20.99
"Calare",2,"Eve Buscombe","Ind","Bob Dolton","AD",372,56.71,3139,4.8
"Calare",3,"Bob Dolton","AD","Mick English","Lib46",650,20.74,17042,26.07
"Calare",3,"Bob Dolton","AD","David Simmons","ALP",1513,48.28,33638,51.45
"Calare",3,"Bob Dolton","AD","Stewart Hespe","NPA",971,30.98,14698,22.48
"Calare",3,"Bob Dolton","AD","Exhausted",NA,5,0.16,5,NA
"Calare",4,"Stewart Hespe","NPA","Mick English","Lib46",13495,91.86,30537,46.71
"Calare",4,"Stewart Hespe","NPA","David Simmons","ALP",1196,8.14,34834,53.29
"Calare",4,"Stewart Hespe","NPA","Exhausted",NA,7,0.05,12,NA
"Calwell",2,"Ivan Pavlekovich-Smith","NPA","Louise Stewart","AD",304,27.14,6242,10.42
"Calwell",2,"Ivan Pavlekovich-Smith","NPA","Andrew Theophanous","ALP",222,19.82,36836,61.48
"Calwell",2,"Ivan Pavlekovich-Smith","NPA","Chris Dimitrijevic","Lib46",594,53.04,16838,28.1
"Calwell",2,"Ivan Pavlekovich-Smith","NPA","Exhausted",NA,10,0.88,10,NA
"Calwell",3,"Louise Stewart","AD","Andrew Theophanous","ALP",4241,68.29,41077,68.59
"Calwell",3,"Louise Stewart","AD","Chris Dimitrijevic","Lib46",1969,31.71,18807,31.41
"Calwell",3,"Louise Stewart","AD","Exhausted",NA,32,0.51,42,NA
"Canberra",2,"John Farrell","Ind","Ros Kelly","ALP",99,13.36,39274,53.99
"Canberra",2,"John Farrell","Ind","John Louttit","Lib46",264,35.63,23303,32.04
"Canberra",2,"John Farrell","Ind","Frances English","AD",207,27.94,4919,6.76
"Canberra",2,"John Farrell","Ind","Bev Cains","AFM",99,13.36,2114,2.91
"Canberra",2,"John Farrell","Ind","Chris Warren","NDP",72,9.72,3132,4.31
"Canberra",2,"John Farrell","Ind","Exhausted",NA,1,0.13,1,NA
"Canberra",3,"Bev Cains","AFM","Ros Kelly","ALP",390,18.45,39664,54.53
"Canberra",3,"Bev Cains","AFM","John Louttit","Lib46",737,34.86,24040,33.05
"Canberra",3,"Bev Cains","AFM","Frances English","AD",707,33.44,5626,7.73
"Canberra",3,"Bev Cains","AFM","Chris Warren","NDP",280,13.25,3412,4.69
"Canberra",3,"Bev Cains","AFM","Exhausted",NA,0,0,1,NA
"Canberra",4,"Chris Warren","NDP","Ros Kelly","ALP",1258,36.89,40922,56.26
"Canberra",4,"Chris Warren","NDP","John Louttit","Lib46",341,10,24381,33.52
"Canberra",4,"Chris Warren","NDP","Frances English","AD",1811,53.11,7437,10.22
"Canberra",4,"Chris Warren","NDP","Exhausted",NA,2,0.06,3,NA
"Canberra",5,"Frances English","AD","Ros Kelly","ALP",4148,55.84,45070,61.97
"Canberra",5,"Frances English","AD","John Louttit","Lib46",3280,44.16,27661,38.03
"Canberra",5,"Frances English","AD","Exhausted",NA,9,0.12,12,NA
"Canning",2,"Mark Beadle","AD","Bob Chapman","NPA",854,21.9,4976,8.36
"Canning",2,"Mark Beadle","AD","Ricky Johnston","Lib46",1144,29.34,23391,39.32
"Canning",2,"Mark Beadle","AD","George Gear","ALP",1901,48.76,31124,52.32
"Canning",2,"Mark Beadle","AD","Exhausted",NA,10,0.26,10,NA
"Canning",3,"Bob Chapman","NPA","Ricky Johnston","Lib46",4105,82.66,27496,46.23
"Canning",3,"Bob Chapman","NPA","George Gear","ALP",861,17.34,31985,53.77
"Canning",3,"Bob Chapman","NPA","Exhausted",NA,10,0.2,20,NA
"Capricornia",2,"J. S. Page","NDP","Tom Young","Lib46",507,29.51,6591,10.43
"Capricornia",2,"J. S. Page","NDP","Ted Price","NPA",354,20.61,21626,34.21
"Capricornia",2,"J. S. Page","NDP","Keith Wright","ALP",857,49.88,35004,55.37
"Capricornia",3,"Tom Young","Lib46","Ted Price","NPA",5529,83.9,27155,42.95
"Capricornia",3,"Tom Young","Lib46","Keith Wright","ALP",1061,16.1,36065,57.05
"Capricornia",3,"Tom Young","Lib46","Exhausted",NA,1,0.02,1,NA
"Casey",2,"Flo Madden","PPA","David McKenzie","ALP",115,18.64,28006,43.31
"Casey",2,"Flo Madden","PPA","Chris Mar","AD",187,30.31,5258,8.13
"Casey",2,"Flo Madden","PPA","Bob Halverson","Lib46",157,25.45,30382,46.98
"Casey",2,"Flo Madden","PPA","Roy Haffenden","NPA",158,25.61,1019,1.58
"Casey",3,"Roy Haffenden","NPA","David McKenzie","ALP",79,7.76,28085,43.43
"Casey",3,"Roy Haffenden","NPA","Chris Mar","AD",221,21.71,5479,8.47
"Casey",3,"Roy Haffenden","NPA","Bob Halverson","Lib46",718,70.53,31100,48.09
"Casey",3,"Roy Haffenden","NPA","Exhausted",NA,1,0.1,1,NA
"Casey",4,"Chris Mar","AD","David McKenzie","ALP",3443,62.97,31528,48.76
"Casey",4,"Chris Mar","AD","Bob Halverson","Lib46",2025,37.03,33125,51.24
"Casey",4,"Chris Mar","AD","Exhausted",NA,11,0.2,12,NA
"Charlton",2,"Vishnu Chaudhary","Ind","Lyn Godfrey","AD",759,35.97,8011,12.81
"Charlton",2,"Vishnu Chaudhary","Ind","Bob Brown","ALP",784,37.16,36897,58.98
"Charlton",2,"Vishnu Chaudhary","Ind","Mollie Blake","Lib46",567,26.87,17651,28.21
"Charlton",3,"Lyn Godfrey","AD","Bob Brown","ALP",4933,61.58,41830,66.86
"Charlton",3,"Lyn Godfrey","AD","Mollie Blake","Lib46",3078,38.42,20729,33.14
"Chifley",2,"Cheryl Crisp","Ind","Roger Price","ALP",435,45.36,39118,65
"Chifley",2,"Cheryl Crisp","Ind","Paul Conlon","Lib46",129,13.45,16543,27.49
"Chifley",2,"Cheryl Crisp","Ind","Philip Goldhagen","AD",395,41.19,4523,7.52
"Chifley",2,"Cheryl Crisp","Ind","Exhausted",NA,1,0.1,1,NA
"Chifley",3,"Philip Goldhagen","AD","Roger Price","ALP",2468,54.59,41586,69.1
"Chifley",3,"Philip Goldhagen","AD","Paul Conlon","Lib46",2053,45.41,18596,30.9
"Chifley",3,"Philip Goldhagen","AD","Exhausted",NA,2,0.04,3,NA
"Chisholm",2,"Barry Gration","Ind","Edward Wajsbrem","NPA",42,18.75,1143,1.79
"Chisholm",2,"Barry Gration","Ind","Ernest Rodeck","UAP87",49,21.88,686,1.07
"Chisholm",2,"Barry Gration","Ind","Helen Mayer","ALP",43,19.2,28137,43.98
"Chisholm",2,"Barry Gration","Ind","Fran Robbins","AD",60,26.79,4282,6.69
"Chisholm",2,"Barry Gration","Ind","Michael Wooldridge","Lib46",30,13.39,29735,46.47
"Chisholm",2,"Barry Gration","Ind","Exhausted",NA,2,0.88,2,NA
"Chisholm",3,"Ernest Rodeck","UAP87","Edward Wajsbrem","NPA",88,13.04,1231,1.92
"Chisholm",3,"Ernest Rodeck","UAP87","Helen Mayer","ALP",120,17.78,28257,44.17
"Chisholm",3,"Ernest Rodeck","UAP87","Fran Robbins","AD",139,20.59,4421,6.91
"Chisholm",3,"Ernest Rodeck","UAP87","Michael Wooldridge","Lib46",328,48.59,30063,46.99
"Chisholm",3,"Ernest Rodeck","UAP87","Exhausted",NA,11,1.6,13,NA
"Chisholm",4,"Edward Wajsbrem","NPA","Helen Mayer","ALP",377,30.88,28634,44.77
"Chisholm",4,"Edward Wajsbrem","NPA","Fran Robbins","AD",170,13.92,4591,7.18
"Chisholm",4,"Edward Wajsbrem","NPA","Michael Wooldridge","Lib46",674,55.2,30737,48.06
"Chisholm",4,"Edward Wajsbrem","NPA","Exhausted",NA,10,0.81,23,NA
"Chisholm",5,"Fran Robbins","AD","Helen Mayer","ALP",2894,63.51,31528,49.32
"Chisholm",5,"Fran Robbins","AD","Michael Wooldridge","Lib46",1663,36.49,32400,50.68
"Chisholm",5,"Fran Robbins","AD","Exhausted",NA,34,0.74,57,NA
"Cook",2,"Mark Freeman","AD","Michael Addison","ALP",2303,60.53,28290,43.94
"Cook",2,"Mark Freeman","AD","Don Dobie","Lib46",1502,39.47,36092,56.06
"Corangamite",2,"John McDonald","NPA","Ian Caldwell","ALP",217,7.72,27837,41.55
"Corangamite",2,"John McDonald","NPA","Stewart McArthur","Lib46",2125,75.62,34466,51.44
"Corangamite",2,"John McDonald","NPA","Rob Mann","AD",468,16.65,4693,7
"Corangamite",2,"John McDonald","NPA","Exhausted",NA,3,0.11,3,NA
"Corangamite",3,"Rob Mann","AD","Ian Caldwell","ALP",2574,55,30411,45.4
"Corangamite",3,"Rob Mann","AD","Stewart McArthur","Lib46",2106,45,36572,54.6
"Corangamite",3,"Rob Mann","AD","Exhausted",NA,13,0.28,16,NA
"Corio",2,"Tom Davies","Ind","Greta Pearce","AD",306,22.21,4081,6.58
"Corio",2,"Tom Davies","Ind","Gordon Scholes","ALP",298,21.63,34362,55.39
"Corio",2,"Tom Davies","Ind","Patrick Conheady","Lib46",633,45.94,20853,33.61
"Corio",2,"Tom Davies","Ind","Danielle Dixon","Ind",141,10.23,2743,4.42
"Corio",3,"Danielle Dixon","Ind","Greta Pearce","AD",865,31.56,4946,7.97
"Corio",3,"Danielle Dixon","Ind","Gordon Scholes","ALP",1628,59.39,35990,58.01
"Corio",3,"Danielle Dixon","Ind","Patrick Conheady","Lib46",248,9.05,21101,34.01
"Corio",3,"Danielle Dixon","Ind","Exhausted",NA,2,0.07,2,NA
"Corio",4,"Greta Pearce","AD","Gordon Scholes","ALP",3036,61.47,39026,62.91
"Corio",4,"Greta Pearce","AD","Patrick Conheady","Lib46",1903,38.53,23004,37.09
"Corio",4,"Greta Pearce","AD","Exhausted",NA,7,0.14,9,NA
"Cowan",2,"Neil Baker","NPA","Paul Filing","Lib46",2212,74.43,29260,46.82
"Cowan",2,"Neil Baker","NPA","Carolyn Jakobsen","ALP",760,25.57,33241,53.18
"Cowan",2,"Neil Baker","NPA","Exhausted",NA,1,0.03,1,NA
"Cowper",2,"Max Austin","Ind","Garry Nehl","NPA",231,20.41,33559,50.66
"Cowper",2,"Max Austin","Ind","Dorothy Thompson","AD",131,11.57,4253,6.42
"Cowper",2,"Max Austin","Ind","John Murphy","ALP",137,12.1,23530,35.52
"Cowper",2,"Max Austin","Ind","David Rees","Ind",633,55.92,4906,7.41
"Cowper",3,"Dorothy Thompson","AD","Garry Nehl","NPA",1287,30.3,34846,52.6
"Cowper",3,"Dorothy Thompson","AD","John Murphy","ALP",1850,43.55,25380,38.31
"Cowper",3,"Dorothy Thompson","AD","David Rees","Ind",1111,26.15,6017,9.08
"Cowper",3,"Dorothy Thompson","AD","Exhausted",NA,5,0.12,5,NA
"Cowper",4,"David Rees","Ind","Garry Nehl","NPA",4304,71.58,39150,59.1
"Cowper",4,"David Rees","Ind","John Murphy","ALP",1709,28.42,27089,40.9
"Cowper",4,"David Rees","Ind","Exhausted",NA,4,0.07,9,NA
"Cunningham",2,"Rudy Pasara","Ind","Ray Dargavel","AD",187,32.92,6225,10.71
"Cunningham",2,"Rudy Pasara","Ind","Jeff Thomson","Lib46",75,13.2,17246,29.66
"Cunningham",2,"Rudy Pasara","Ind","Stewart West","ALP",306,53.87,34671,59.63
"Cunningham",3,"Ray Dargavel","AD","Jeff Thomson","Lib46",3447,55.44,20693,35.59
"Cunningham",3,"Ray Dargavel","AD","Stewart West","ALP",2771,44.56,37442,64.41
"Cunningham",3,"Ray Dargavel","AD","Exhausted",NA,7,0.11,7,NA
"Curtin",2,"John Gilmour","NPA","Joe Blake","AD",584,19.85,5551,9.07
"Curtin",2,"John Gilmour","NPA","Allan Rocher","Lib46",2176,73.96,35088,57.34
"Curtin",2,"John Gilmour","NPA","Philip Laskaris","ALP",182,6.19,20553,33.59
"Curtin",3,"Joe Blake","AD","Allan Rocher","Lib46",2615,47.13,37703,61.62
"Curtin",3,"Joe Blake","AD","Philip Laskaris","ALP",2933,52.87,23486,38.38
"Curtin",3,"Joe Blake","AD","Exhausted",NA,3,0.05,3,NA
"Dawson",2,"Paul Pottinger","Lib46","Ray Braithwaite","NPA",3738,82.1,33436,51.85
"Dawson",2,"Paul Pottinger","Lib46","Bill Welch","ALP",815,17.9,31047,48.15
"Deakin",2,"Gil Speirs","Ind","Madelyn Myatt","ALP",92,34.46,27976,44.26
"Deakin",2,"Gil Speirs","Ind","Rick Wright","UAP87",60,22.47,461,0.73
"Deakin",2,"Gil Speirs","Ind","Marcus Bosch","AD",79,29.59,4071,6.44
"Deakin",2,"Gil Speirs","Ind","Julian Beale","Lib46",36,13.48,30701,48.57
"Deakin",3,"Rick Wright","UAP87","Madelyn Myatt","ALP",94,20.48,28070,44.41
"Deakin",3,"Rick Wright","UAP87","Marcus Bosch","AD",209,45.53,4280,6.77
"Deakin",3,"Rick Wright","UAP87","Julian Beale","Lib46",156,33.99,30857,48.82
"Deakin",3,"Rick Wright","UAP87","Exhausted",NA,2,0.43,2,NA
"Deakin",4,"Marcus Bosch","AD","Madelyn Myatt","ALP",2554,59.87,30624,48.46
"Deakin",4,"Marcus Bosch","AD","Julian Beale","Lib46",1712,40.13,32569,51.54
"Deakin",4,"Marcus Bosch","AD","Exhausted",NA,14,0.33,16,NA
"Denison",2,"Robert Bell","AD","Duncan Kerr","ALP",3055,75.39,29787,53.79
"Denison",2,"Robert Bell","AD","Michael Hodgman","Lib46",997,24.61,25587,46.21
"Denison",2,"Robert Bell","AD","Exhausted",NA,2,0.05,2,NA
"Dobell",2,"Graeme Ward","AD","Les Nunn","Lib46",3215,56.83,27383,43.09
"Dobell",2,"Graeme Ward","AD","Michael Lee","ALP",2442,43.17,36161,56.91
"Dundas",2,"Robert Springett","AD","Veronica Husted","ALP",3475,60.56,24261,38.96
"Dundas",2,"Robert Springett","AD","Philip Ruddock","Lib46",2263,39.44,38010,61.04
"Dunkley",2,"Les Johnson","Ind","Bob Chynoweth","ALP",69,36.51,28809,46.78
"Dunkley",2,"Les Johnson","Ind","Andrew Murray","PPA",44,23.28,659,1.07
"Dunkley",2,"Les Johnson","Ind","Chris van Lieshout","Ind",27,14.29,1925,3.13
"Dunkley",2,"Les Johnson","Ind","Tom Warwick","Lib46",15,7.94,26282,42.67
"Dunkley",2,"Les Johnson","Ind","Robyn Kirby","AD",34,17.99,3915,6.36
"Dunkley",2,"Les Johnson","Ind","Exhausted",NA,4,2.07,4,NA
"Dunkley",3,"Andrew Murray","PPA","Bob Chynoweth","ALP",240,36.59,29049,47.17
"Dunkley",3,"Andrew Murray","PPA","Chris van Lieshout","Ind",131,19.97,2056,3.34
"Dunkley",3,"Andrew Murray","PPA","Tom Warwick","Lib46",162,24.7,26444,42.94
"Dunkley",3,"Andrew Murray","PPA","Robyn Kirby","AD",123,18.75,4038,6.56
"Dunkley",3,"Andrew Murray","PPA","Exhausted",NA,3,0.46,7,NA
"Dunkley",4,"Chris van Lieshout","Ind","Bob Chynoweth","ALP",238,11.62,29287,47.56
"Dunkley",4,"Chris van Lieshout","Ind","Tom Warwick","Lib46",1442,70.41,27886,45.28
"Dunkley",4,"Chris van Lieshout","Ind","Robyn Kirby","AD",368,17.97,4406,7.16
"Dunkley",4,"Chris van Lieshout","Ind","Exhausted",NA,8,0.39,15,NA
"Dunkley",5,"Robyn Kirby","AD","Bob Chynoweth","ALP",2550,58.13,31837,51.72
"Dunkley",5,"Robyn Kirby","AD","Tom Warwick","Lib46",1837,41.87,29723,48.28
"Dunkley",5,"Robyn Kirby","AD","Exhausted",NA,19,0.43,34,NA
"Eden-Monaro",2,"Horst Kirchner","UAP87","Jim Snow","ALP",90,22.28,30425,48.51
"Eden-Monaro",2,"Horst Kirchner","UAP87","John McGlynn","Ind",120,29.7,3702,5.9
"Eden-Monaro",2,"Horst Kirchner","UAP87","David Evans","Lib46",72,17.82,18160,28.95
"Eden-Monaro",2,"Horst Kirchner","UAP87","Peter Cochran","NPA",122,30.2,10438,16.64
"Eden-Monaro",2,"Horst Kirchner","UAP87","Exhausted",NA,1,0.25,1,NA
"Eden-Monaro",3,"John McGlynn","Ind","Jim Snow","ALP",2547,68.84,32972,52.57
"Eden-Monaro",3,"John McGlynn","Ind","David Evans","Lib46",589,15.92,18749,29.89
"Eden-Monaro",3,"John McGlynn","Ind","Peter Cochran","NPA",564,15.24,11002,17.54
"Eden-Monaro",3,"John McGlynn","Ind","Exhausted",NA,2,0.05,3,NA
"Eden-Monaro",4,"Peter Cochran","NPA","Jim Snow","ALP",1172,10.65,34144,54.44
"Eden-Monaro",4,"Peter Cochran","NPA","David Evans","Lib46",9828,89.35,28577,45.56
"Eden-Monaro",4,"Peter Cochran","NPA","Exhausted",NA,2,0.02,5,NA
"Fadden",2,"Kenneth Davies","AD","David Jull","Lib46",1687,41.5,22945,38.64
"Fadden",2,"Kenneth Davies","AD","Peter Robinson","NPA",484,11.91,10065,16.95
"Fadden",2,"Kenneth Davies","AD","Peter Wilson","ALP",1894,46.59,26375,44.41
"Fadden",3,"Peter Robinson","NPA","David Jull","Lib46",9366,93.06,32311,54.41
"Fadden",3,"Peter Robinson","NPA","Peter Wilson","ALP",699,6.94,27074,45.59
"Fairfax",2,"Brian Stockwell","AD","Alison Smith","ALP",2624,54.88,24577,39.46
"Fairfax",2,"Brian Stockwell","AD","Joy Brannelly","Lib46",1432,29.95,12165,19.53
"Fairfax",2,"Brian Stockwell","AD","Evan Adermann","NPA",725,15.16,25542,41.01
"Fairfax",2,"Brian Stockwell","AD","Exhausted",NA,5,0.1,5,NA
"Fairfax",3,"Joy Brannelly","Lib46","Alison Smith","ALP",1988,16.35,26565,42.66
"Fairfax",3,"Joy Brannelly","Lib46","Evan Adermann","NPA",10171,83.65,35713,57.34
"Fairfax",3,"Joy Brannelly","Lib46","Exhausted",NA,6,0.05,11,NA
"Farrer",2,"Ray Brooks","Ind","Tim Fischer","NPA",4549,76.13,42302,65.22
"Farrer",2,"Ray Brooks","Ind","Barry Marks","ALP",1426,23.87,22555,34.78
"Farrer",2,"Ray Brooks","Ind","Exhausted",NA,2,0.03,2,NA
"Fisher",2,"Glen Spicer","AD","Peter Slipper","NPA",1057,23.04,25579,37.9
"Fisher",2,"Glen Spicer","AD","Michael Lavarch","ALP",2561,55.83,32742,48.51
"Fisher",2,"Glen Spicer","AD","Ian Mutch","Lib46",969,21.12,9177,13.6
"Fisher",2,"Glen Spicer","AD","Exhausted",NA,10,0.22,10,NA
"Fisher",3,"Ian Mutch","Lib46","Peter Slipper","NPA",7815,85.22,33394,49.48
"Fisher",3,"Ian Mutch","Lib46","Michael Lavarch","ALP",1355,14.78,34097,50.52
"Fisher",3,"Ian Mutch","Lib46","Exhausted",NA,7,0.08,17,NA
"Flinders",2,"Noel Maud","Ind","Jonathan Miln","PPA",252,25.64,1701,2.53
"Flinders",2,"Noel Maud","Ind","Peter Reith","Lib46",199,20.24,31936,47.46
"Flinders",2,"Noel Maud","Ind","Tony Lack","ALP",221,22.48,29690,44.12
"Flinders",2,"Noel Maud","Ind","Andrew Suttie","AD",311,31.64,3966,5.89
"Flinders",2,"Noel Maud","Ind","Exhausted",NA,3,0.3,3,NA
"Flinders",3,"Jonathan Miln","PPA","Peter Reith","Lib46",898,53.52,32834,48.81
"Flinders",3,"Jonathan Miln","PPA","Tony Lack","ALP",370,22.05,30060,44.69
"Flinders",3,"Jonathan Miln","PPA","Andrew Suttie","AD",410,24.43,4376,6.51
"Flinders",3,"Jonathan Miln","PPA","Exhausted",NA,23,1.35,26,NA
"Flinders",4,"Andrew Suttie","AD","Peter Reith","Lib46",1664,38.16,34498,51.29
"Flinders",4,"Andrew Suttie","AD","Tony Lack","ALP",2697,61.84,32757,48.71
"Flinders",4,"Andrew Suttie","AD","Exhausted",NA,15,0.34,41,NA
"Forde",2,"Sheila Rieff","AD","David Watson","Lib46",1192,33.31,22149,37.49
"Forde",2,"Sheila Rieff","AD","Mary Crawford","ALP",1898,53.03,29339,49.66
"Forde",2,"Sheila Rieff","AD","Tony Philbrick","NPA",489,13.66,7596,12.86
"Forde",2,"Sheila Rieff","AD","Exhausted",NA,3,0.08,3,NA
"Forde",3,"Tony Philbrick","NPA","David Watson","Lib46",6776,89.29,28925,48.96
"Forde",3,"Tony Philbrick","NPA","Mary Crawford","ALP",813,10.71,30152,51.04
"Forde",3,"Tony Philbrick","NPA","Exhausted",NA,7,0.09,10,NA
"Forrest",2,"David Churches","AD","Geoff Prosser","Lib46",774,21.79,28699,45.26
"Forrest",2,"David Churches","AD","Gerry Thompson","ALP",1809,50.93,28573,45.06
"Forrest",2,"David Churches","AD","Joe Chambers","NPA",969,27.28,6144,9.69
"Forrest",2,"David Churches","AD","Exhausted",NA,1,0.03,1,NA
"Forrest",3,"Joe Chambers","NPA","Geoff Prosser","Lib46",4979,81.05,33678,53.11
"Forrest",3,"Joe Chambers","NPA","Gerry Thompson","ALP",1164,18.95,29737,46.89
"Forrest",3,"Joe Chambers","NPA","Exhausted",NA,1,0.02,2,NA
"Fowler",2,"Robert Neesam","AD","Jeff Fishlock","Lib46",2784,57.96,21423,37.58
"Fowler",2,"Robert Neesam","AD","Ted Grace","ALP",2019,42.04,35582,62.42
"Fowler",2,"Robert Neesam","AD","Exhausted",NA,6,0.12,6,NA
"Franklin",2,"Patsy Harmsen","AD","Bruce Goodluck","Lib46",1682,32.55,29407,53.29
"Franklin",2,"Patsy Harmsen","AD","Nick Sherry","ALP",3485,67.45,25777,46.71
"Franklin",2,"Patsy Harmsen","AD","Exhausted",NA,4,0.08,4,NA
"Fraser",2,"Emile Brunoro","Ind","John Langmore","ALP",94,19.92,40710,54.1
"Fraser",2,"Emile Brunoro","Ind","Gareth Smith","NDP",107,22.67,3959,5.26
"Fraser",2,"Emile Brunoro","Ind","Dawn Casley-Smith","AFM",25,5.3,2075,2.76
"Fraser",2,"Emile Brunoro","Ind","Ian Farrow","Lib46",56,11.86,21823,29
"Fraser",2,"Emile Brunoro","Ind","Peter Hayes","AD",61,12.92,5473,7.27
"Fraser",2,"Emile Brunoro","Ind","Larry O'Sullivan","Ind",16,3.39,555,0.74
"Fraser",2,"Emile Brunoro","Ind","Kevin Wise","Ind",113,23.94,649,0.86
"Fraser",2,"Emile Brunoro","Ind","Exhausted",NA,1,0.21,1,NA
"Fraser",3,"Larry O'Sullivan","Ind","John Langmore","ALP",117,21.08,40827,54.26
"Fraser",3,"Larry O'Sullivan","Ind","Gareth Smith","NDP",63,11.35,4022,5.35
"Fraser",3,"Larry O'Sullivan","Ind","Dawn Casley-Smith","AFM",40,7.21,2115,2.81
"Fraser",3,"Larry O'Sullivan","Ind","Ian Farrow","Lib46",116,20.9,21939,29.16
"Fraser",3,"Larry O'Sullivan","Ind","Peter Hayes","AD",139,25.05,5612,7.46
"Fraser",3,"Larry O'Sullivan","Ind","Kevin Wise","Ind",80,14.41,729,0.97
"Fraser",3,"Larry O'Sullivan","Ind","Exhausted",NA,0,0,1,NA
"Fraser",4,"Kevin Wise","Ind","John Langmore","ALP",66,9.07,40893,54.35
"Fraser",4,"Kevin Wise","Ind","Gareth Smith","NDP",45,6.18,4067,5.41
"Fraser",4,"Kevin Wise","Ind","Dawn Casley-Smith","AFM",87,11.95,2202,2.93
"Fraser",4,"Kevin Wise","Ind","Ian Farrow","Lib46",193,26.51,22132,29.41
"Fraser",4,"Kevin Wise","Ind","Peter Hayes","AD",337,46.29,5949,7.91
"Fraser",4,"Kevin Wise","Ind","Exhausted",NA,1,0.14,2,NA
"Fraser",5,"Dawn Casley-Smith","AFM","John Langmore","ALP",408,18.57,41301,54.89
"Fraser",5,"Dawn Casley-Smith","AFM","Gareth Smith","NDP",243,11.06,4310,5.73
"Fraser",5,"Dawn Casley-Smith","AFM","Ian Farrow","Lib46",1234,56.17,23366,31.06
"Fraser",5,"Dawn Casley-Smith","AFM","Peter Hayes","AD",312,14.2,6261,8.32
"Fraser",5,"Dawn Casley-Smith","AFM","Exhausted",NA,5,0.23,7,NA
"Fraser",6,"Gareth Smith","NDP","John Langmore","ALP",2389,55.52,43690,58.07
"Fraser",6,"Gareth Smith","NDP","Ian Farrow","Lib46",417,9.69,23783,31.61
"Fraser",6,"Gareth Smith","NDP","Peter Hayes","AD",1497,34.79,7758,10.31
"Fraser",6,"Gareth Smith","NDP","Exhausted",NA,7,0.16,14,NA
"Fraser",7,"Peter Hayes","AD","John Langmore","ALP",4815,62.13,48505,64.48
"Fraser",7,"Peter Hayes","AD","Ian Farrow","Lib46",2935,37.87,26718,35.52
"Fraser",7,"Peter Hayes","AD","Exhausted",NA,8,0.1,22,NA
"Fremantle",2,"Jack Clarke","NPA","Jenny van den Hoek","Lib46",2851,74.38,22338,37.25
"Fremantle",2,"Jack Clarke","NPA","John Dawkins","ALP",982,25.62,37628,62.75
"Fremantle",2,"Jack Clarke","NPA","Exhausted",NA,1,0.03,1,NA
"Gellibrand",2,"James Doughney","SWP","Rosalba Vicari","Ind",50,4.63,1619,2.73
"Gellibrand",2,"James Doughney","SWP","Tim Warner","Lib46",178,16.48,14684,24.77
"Gellibrand",2,"James Doughney","SWP","Susan Holmes","AD",250,23.15,3915,6.61
"Gellibrand",2,"James Doughney","SWP","Ralph Willis","ALP",602,55.74,39053,65.89
"Gellibrand",2,"James Doughney","SWP","Exhausted",NA,17,1.55,17,NA
"Gellibrand",3,"Rosalba Vicari","Ind","Tim Warner","Lib46",1241,79.09,15925,26.89
"Gellibrand",3,"Rosalba Vicari","Ind","Susan Holmes","AD",67,4.27,3982,6.72
"Gellibrand",3,"Rosalba Vicari","Ind","Ralph Willis","ALP",261,16.63,39314,66.39
"Gellibrand",3,"Rosalba Vicari","Ind","Exhausted",NA,50,3.09,67,NA
"Gellibrand",4,"Susan Holmes","AD","Tim Warner","Lib46",1465,37.04,17390,29.38
"Gellibrand",4,"Susan Holmes","AD","Ralph Willis","ALP",2490,62.96,41804,70.62
"Gellibrand",4,"Susan Holmes","AD","Exhausted",NA,27,0.68,94,NA
"Gilmore",2,"Reen Dixon","Ind","Alan Blackshaw","AD",720,53.1,3569,5.79
"Gilmore",2,"Reen Dixon","Ind","John Sharp","NPA",429,31.64,32645,52.97
"Gilmore",2,"Reen Dixon","Ind","John Wright","ALP",207,15.27,25414,41.24
"Gilmore",3,"Alan Blackshaw","AD","John Sharp","NPA",1998,56.11,34643,56.22
"Gilmore",3,"Alan Blackshaw","AD","John Wright","ALP",1563,43.89,26977,43.78
"Gilmore",3,"Alan Blackshaw","AD","Exhausted",NA,8,0.22,8,NA
"Gippsland",2,"Rod Anderson","Ind","Zona Child","ALP",426,31.6,20482,31.2
"Gippsland",2,"Rod Anderson","Ind","Pierre Fourcier","AD",526,39.02,3311,5.04
"Gippsland",2,"Rod Anderson","Ind","Peter McGauran","NPA",241,17.88,29325,44.66
"Gippsland",2,"Rod Anderson","Ind","Grant Pearce","Lib46",155,11.5,12539,19.1
"Gippsland",2,"Rod Anderson","Ind","Exhausted",NA,2,0.15,2,NA
"Gippsland",3,"Pierre Fourcier","AD","Zona Child","ALP",1870,56.58,22352,34.05
"Gippsland",3,"Pierre Fourcier","AD","Peter McGauran","NPA",934,28.26,30259,46.09
"Gippsland",3,"Pierre Fourcier","AD","Grant Pearce","Lib46",501,15.16,13040,19.86
"Gippsland",3,"Pierre Fourcier","AD","Exhausted",NA,6,0.18,8,NA
"Gippsland",4,"Grant Pearce","Lib46","Zona Child","ALP",606,4.65,22958,34.97
"Gippsland",4,"Grant Pearce","Lib46","Peter McGauran","NPA",12428,95.35,42687,65.03
"Gippsland",4,"Grant Pearce","Lib46","Exhausted",NA,6,0.05,14,NA
"Goldstein",2,"Tiger Casley","Ind","Ian Macphee","Lib46",466,63.49,35495,56.17
"Goldstein",2,"Tiger Casley","Ind","Murray McInnes","ALP",101,13.76,22444,35.51
"Goldstein",2,"Tiger Casley","Ind","Michael Rowe","DLP",50,6.81,1486,2.35
"Goldstein",2,"Tiger Casley","Ind","Maureen Boaler","AD",117,15.94,3771,5.97
"Goldstein",2,"Tiger Casley","Ind","Exhausted",NA,5,0.68,5,NA
"Goldstein",3,"Michael Rowe","DLP","Ian Macphee","Lib46",440,29.67,35935,56.87
"Goldstein",3,"Michael Rowe","DLP","Murray McInnes","ALP",686,46.26,23130,36.6
"Goldstein",3,"Michael Rowe","DLP","Maureen Boaler","AD",357,24.07,4128,6.53
"Goldstein",3,"Michael Rowe","DLP","Exhausted",NA,3,0.2,8,NA
"Goldstein",4,"Maureen Boaler","AD","Ian Macphee","Lib46",1631,39.6,37566,59.45
"Goldstein",4,"Maureen Boaler","AD","Murray McInnes","ALP",2488,60.4,25618,40.55
"Goldstein",4,"Maureen Boaler","AD","Exhausted",NA,9,0.22,17,NA
"Grayndler",2,"Nick Papanikitas","Ind","Karl Tartak","Lib46",378,22.54,21076,35.53
"Grayndler",2,"Nick Papanikitas","Ind","Jack Shanahan","Ind",783,46.69,2891,4.87
"Grayndler",2,"Nick Papanikitas","Ind","Leo McLeay","ALP",349,20.81,31589,53.25
"Grayndler",2,"Nick Papanikitas","Ind","Peter Hennessy","AD",167,9.96,3769,6.35
"Grayndler",2,"Nick Papanikitas","Ind","Exhausted",NA,9,0.53,9,NA
"Grayndler",3,"Jack Shanahan","Ind","Karl Tartak","Lib46",1151,39.98,22227,37.47
"Grayndler",3,"Jack Shanahan","Ind","Leo McLeay","ALP",1139,39.56,32728,55.18
"Grayndler",3,"Jack Shanahan","Ind","Peter Hennessy","AD",589,20.46,4358,7.35
"Grayndler",3,"Jack Shanahan","Ind","Exhausted",NA,12,0.42,21,NA
"Grayndler",4,"Peter Hennessy","AD","Karl Tartak","Lib46",1656,38.31,23883,40.29
"Grayndler",4,"Peter Hennessy","AD","Leo McLeay","ALP",2667,61.69,35395,59.71
"Grayndler",4,"Peter Hennessy","AD","Exhausted",NA,35,0.8,56,NA
"Grey",2,"Leonce Kealy","UAP87","Robin Dixon-Thompson","NPA",132,27.62,4321,7
"Grey",2,"Leonce Kealy","UAP87","Chris James","AD",150,31.38,3436,5.57
"Grey",2,"Leonce Kealy","UAP87","Russell Reid","Lib46",104,21.76,21863,35.42
"Grey",2,"Leonce Kealy","UAP87","Lloyd O'Neil","ALP",92,19.25,32097,52.01
"Grey",2,"Leonce Kealy","UAP87","Exhausted",NA,2,0.42,2,NA
"Grey",3,"Chris James","AD","Robin Dixon-Thompson","NPA",776,22.59,5097,8.26
"Grey",3,"Chris James","AD","Russell Reid","Lib46",1018,29.64,22881,37.07
"Grey",3,"Chris James","AD","Lloyd O'Neil","ALP",1641,47.77,33738,54.67
"Grey",3,"Chris James","AD","Exhausted",NA,1,0.03,3,NA
"Grey",4,"Robin Dixon-Thompson","NPA","Russell Reid","Lib46",4390,86.47,27271,44.2
"Grey",4,"Robin Dixon-Thompson","NPA","Lloyd O'Neil","ALP",687,13.53,34425,55.8
"Grey",4,"Robin Dixon-Thompson","NPA","Exhausted",NA,20,0.39,23,NA
"Griffith",2,"Lance Winter","AD","Ben Humphreys","ALP",2974,64.07,36416,59.3
"Griffith",2,"Lance Winter","AD","Wayne Black","Lib46",1234,26.58,16012,26.07
"Griffith",2,"Lance Winter","AD","Sean Cousins","NPA",434,9.35,8984,14.63
"Griffith",2,"Lance Winter","AD","Exhausted",NA,5,0.11,5,NA
"Griffith",3,"Sean Cousins","NPA","Ben Humphreys","ALP",682,7.59,37098,60.41
"Griffith",3,"Sean Cousins","NPA","Wayne Black","Lib46",8300,92.41,24312,39.59
"Griffith",3,"Sean Cousins","NPA","Exhausted",NA,2,0.02,7,NA
"Groom",2,"Mark Carew","AD","Tom McVeigh","NPA",1074,30.2,33128,50.51
"Groom",2,"Mark Carew","AD","Linda Dwyer","ALP",1624,45.67,22841,34.83
"Groom",2,"Mark Carew","AD","Alexander Munro","Lib46",858,24.13,9612,14.66
"Groom",3,"Alexander Munro","Lib46","Tom McVeigh","NPA",8046,83.71,41174,62.78
"Groom",3,"Alexander Munro","Lib46","Linda Dwyer","ALP",1566,16.29,24407,37.22
"Gwydir",2,"Lloyd Fleming","Ind","Trevor Elks","ALP",1758,47.58,24958,39.72
"Gwydir",2,"Lloyd Fleming","Ind","Ralph Hunt","NPA",1937,52.42,37871,60.28
"Hawker",2,"Keith Draper","UAP87","Elizabeth Harvey","ALP",402,56.22,29962,46.79
"Hawker",2,"Keith Draper","UAP87","Kim Jacobs","Lib46",138,19.3,28254,44.12
"Hawker",2,"Keith Draper","UAP87","David Dwyer","NPA",67,9.37,1270,1.98
"Hawker",2,"Keith Draper","UAP87","Graham Pamount","AD",108,15.1,4547,7.1
"Hawker",2,"Keith Draper","UAP87","Exhausted",NA,4,0.56,4,NA
"Hawker",3,"David Dwyer","NPA","Elizabeth Harvey","ALP",116,9.14,30078,46.97
"Hawker",3,"David Dwyer","NPA","Kim Jacobs","Lib46",878,69.19,29132,45.5
"Hawker",3,"David Dwyer","NPA","Graham Pamount","AD",275,21.67,4822,7.53
"Hawker",3,"David Dwyer","NPA","Exhausted",NA,1,0.08,5,NA
"Hawker",4,"Graham Pamount","AD","Elizabeth Harvey","ALP",2704,56.16,32782,51.2
"Hawker",4,"Graham Pamount","AD","Kim Jacobs","Lib46",2111,43.84,31243,48.8
"Hawker",4,"Graham Pamount","AD","Exhausted",NA,7,0.15,12,NA
"Henty",2,"Paul Hegarty","AD","Rudi Michelson","Lib46",2358,47.5,27496,45.23
"Henty",2,"Paul Hegarty","AD","Joan Child","ALP",2606,52.5,33301,54.77
"Henty",2,"Paul Hegarty","AD","Exhausted",NA,28,0.56,28,NA
"Herbert",2,"Paul Swanton","AD","Ted Lindsay","ALP",2109,63.11,35616,54.27
"Herbert",2,"Paul Swanton","AD","Rosemary Pavey","Lib46",770,23.04,11341,17.28
"Herbert",2,"Paul Swanton","AD","Jose Goicoechea","NPA",463,13.85,18669,28.45
"Herbert",2,"Paul Swanton","AD","Exhausted",NA,2,0.06,2,NA
"Herbert",3,"Rosemary Pavey","Lib46","Ted Lindsay","ALP",1643,14.5,37259,56.78
"Herbert",3,"Rosemary Pavey","Lib46","Jose Goicoechea","NPA",9691,85.5,28360,43.22
"Herbert",3,"Rosemary Pavey","Lib46","Exhausted",NA,7,0.06,9,NA
"Higgins",2,"Clive Jackson","AD","Barbara Higgins","ALP",2989,57.72,22888,37.39
"Higgins",2,"Clive Jackson","AD","Roger Shipton","Lib46",2189,42.28,38328,62.61
"Higgins",2,"Clive Jackson","AD","Exhausted",NA,10,0.19,10,NA
"Hindmarsh",2,"Stewart Clarke","UAP87","Glenn Jarvis","NPA",94,23.21,2168,3.45
"Hindmarsh",2,"Stewart Clarke","UAP87","Jim Mitchell","AD",111,27.41,5350,8.51
"Hindmarsh",2,"Stewart Clarke","UAP87","Barry Lewis","Lib46",89,21.98,23881,38.01
"Hindmarsh",2,"Stewart Clarke","UAP87","Sofia Mavrogeorgis","Ind",37,9.14,581,0.92
"Hindmarsh",2,"Stewart Clarke","UAP87","John Scott","ALP",74,18.27,30856,49.11
"Hindmarsh",3,"Sofia Mavrogeorgis","Ind","Glenn Jarvis","NPA",38,6.6,2206,3.51
"Hindmarsh",3,"Sofia Mavrogeorgis","Ind","Jim Mitchell","AD",114,19.79,5464,8.7
"Hindmarsh",3,"Sofia Mavrogeorgis","Ind","Barry Lewis","Lib46",65,11.28,23946,38.11
"Hindmarsh",3,"Sofia Mavrogeorgis","Ind","John Scott","ALP",359,62.33,31215,49.68
"Hindmarsh",3,"Sofia Mavrogeorgis","Ind","Exhausted",NA,5,0.86,5,NA
"Hindmarsh",4,"Glenn Jarvis","NPA","Jim Mitchell","AD",1101,50.18,6565,10.45
"Hindmarsh",4,"Glenn Jarvis","NPA","Barry Lewis","Lib46",955,43.53,24901,39.64
"Hindmarsh",4,"Glenn Jarvis","NPA","John Scott","ALP",138,6.29,31353,49.91
"Hindmarsh",4,"Glenn Jarvis","NPA","Exhausted",NA,12,0.54,17,NA
"Hindmarsh",5,"Jim Mitchell","AD","Barry Lewis","Lib46",3288,50.2,28189,44.88
"Hindmarsh",5,"Jim Mitchell","AD","John Scott","ALP",3262,49.8,34615,55.12
"Hindmarsh",5,"Jim Mitchell","AD","Exhausted",NA,15,0.23,32,NA
"Hinkler",2,"Geoff Boshell","AD","Brian Courtice","ALP",1156,56.72,31970,49.86
"Hinkler",2,"Geoff Boshell","AD","John Williams","Lib46",513,25.17,4117,6.42
"Hinkler",2,"Geoff Boshell","AD","Bryan Conquest","NPA",369,18.11,28034,43.72
"Hinkler",2,"Geoff Boshell","AD","Exhausted",NA,1,0.05,1,NA
"Hinkler",3,"John Williams","Lib46","Brian Courtice","ALP",783,19.02,32753,51.08
"Hinkler",3,"John Williams","Lib46","Bryan Conquest","NPA",3333,80.98,31367,48.92
"Hinkler",3,"John Williams","Lib46","Exhausted",NA,1,0.02,2,NA
"Holt",2,"Geoff Herbert","AD","Janice Bateman","Lib46",1819,42.48,22583,39.57
"Holt",2,"Geoff Herbert","AD","Michael Duffy","ALP",2463,57.52,34489,60.43
"Hotham",2,"Len de Koning","AD","Peter McCall","Lib46",1896,43.13,27328,43.47
"Hotham",2,"Len de Koning","AD","Lewis Kent","ALP",2500,56.87,35535,56.53
"Hotham",2,"Len de Koning","AD","Exhausted",NA,6,0.14,6,NA
"Hughes",2,"Paul Terrett","AD","Robert Tickner","ALP",3322,61.37,34958,55.07
"Hughes",2,"Paul Terrett","AD","Cliff Mason","Lib46",2091,38.63,28524,44.93
"Hughes",2,"Paul Terrett","AD","Exhausted",NA,3,0.06,3,NA
"Hume",2,"David Herald","Ind","Scott Milne","AD",28,11.52,2526,3.95
"Hume",2,"David Herald","Ind","Jim Eldridge","Ind",56,23.05,1899,2.97
"Hume",2,"David Herald","Ind","Duncan Marshall","NDP",20,8.23,1125,1.76
"Hume",2,"David Herald","Ind","Rod Milliken","ALP",39,16.05,24555,38.43
"Hume",2,"David Herald","Ind","Wal Fife","Lib46",100,41.15,33787,52.88
"Hume",3,"Duncan Marshall","NDP","Scott Milne","AD",415,36.89,2941,4.6
"Hume",3,"Duncan Marshall","NDP","Jim Eldridge","Ind",145,12.89,2044,3.2
"Hume",3,"Duncan Marshall","NDP","Rod Milliken","ALP",357,31.73,24912,38.99
"Hume",3,"Duncan Marshall","NDP","Wal Fife","Lib46",208,18.49,33995,53.21
"Hume",4,"Jim Eldridge","Ind","Scott Milne","AD",404,19.78,3345,5.24
"Hume",4,"Jim Eldridge","Ind","Rod Milliken","ALP",253,12.39,25165,39.39
"Hume",4,"Jim Eldridge","Ind","Wal Fife","Lib46",1385,67.83,35380,55.38
"Hume",4,"Jim Eldridge","Ind","Exhausted",NA,2,0.1,2,NA
"Hume",5,"Scott Milne","AD","Rod Milliken","ALP",1972,59.01,27137,42.48
"Hume",5,"Scott Milne","AD","Wal Fife","Lib46",1370,40.99,36750,57.52
"Hume",5,"Scott Milne","AD","Exhausted",NA,3,0.09,5,NA
"Hunter",2,"Maureen Simpson","AD","Eric Fitzgibbon","ALP",2044,52.38,33700,52.1
"Hunter",2,"Maureen Simpson","AD","Graham Dunkley","Lib46",728,18.66,13781,21.31
"Hunter",2,"Maureen Simpson","AD","John Turner","NPA",1130,28.96,17197,26.59
"Hunter",3,"Graham Dunkley","Lib46","Eric Fitzgibbon","ALP",985,7.15,34685,53.63
"Hunter",3,"Graham Dunkley","Lib46","John Turner","NPA",12796,92.85,29993,46.37
"Indi",2,"Brian Lumsden","PPA","Ewen Cameron","Lib46",131,19.79,24975,37.6
"Indi",2,"Brian Lumsden","PPA","Danny Walsh","ALP",160,24.17,22225,33.46
"Indi",2,"Brian Lumsden","PPA","Rob Taylor","Ind",204,30.82,5619,8.46
"Indi",2,"Brian Lumsden","PPA","Philip Pullar","NPA",167,25.23,13602,20.48
"Indi",2,"Brian Lumsden","PPA","Exhausted",NA,3,0.45,3,NA
"Indi",3,"Rob Taylor","Ind","Ewen Cameron","Lib46",1410,25.11,26385,39.73
"Indi",3,"Rob Taylor","Ind","Danny Walsh","ALP",1194,21.26,23419,35.26
"Indi",3,"Rob Taylor","Ind","Philip Pullar","NPA",3011,53.62,16613,25.01
"Indi",3,"Rob Taylor","Ind","Exhausted",NA,4,0.07,7,NA
"Indi",4,"Philip Pullar","NPA","Ewen Cameron","Lib46",15164,91.32,41549,62.57
"Indi",4,"Philip Pullar","NPA","Danny Walsh","ALP",1441,8.68,24860,37.43
"Indi",4,"Philip Pullar","NPA","Exhausted",NA,8,0.05,15,NA
"Isaacs",2,"Linda Ely","Ind","David Charles","ALP",119,30.43,29444,47.93
"Isaacs",2,"Linda Ely","Ind","Rod Atkinson","Lib46",42,10.74,26490,43.13
"Isaacs",2,"Linda Ely","Ind","Bill Buchanan","NPA",30,7.67,863,1.4
"Isaacs",2,"Linda Ely","Ind","Maxine Aspinall","AD",200,51.15,4628,7.53
"Isaacs",2,"Linda Ely","Ind","Exhausted",NA,4,1.01,4,NA
"Isaacs",3,"Bill Buchanan","NPA","David Charles","ALP",89,10.34,29533,48.08
"Isaacs",3,"Bill Buchanan","NPA","Rod Atkinson","Lib46",615,71.43,27105,44.13
"Isaacs",3,"Bill Buchanan","NPA","Maxine Aspinall","AD",157,18.23,4785,7.79
"Isaacs",3,"Bill Buchanan","NPA","Exhausted",NA,2,0.23,6,NA
"Isaacs",4,"Maxine Aspinall","AD","David Charles","ALP",2818,59.08,32351,52.68
"Isaacs",4,"Maxine Aspinall","AD","Rod Atkinson","Lib46",1952,40.92,29057,47.32
"Isaacs",4,"Maxine Aspinall","AD","Exhausted",NA,15,0.31,21,NA
"Jagajaga",2,"Lynette Manning","Ind","Howard McCallum","AD",362,48.14,5385,9.3
"Jagajaga",2,"Lynette Manning","Ind","Peter Staples","ALP",173,23.01,29871,51.56
"Jagajaga",2,"Lynette Manning","Ind","Laurie Kirwan","NPA",96,12.77,1073,1.85
"Jagajaga",2,"Lynette Manning","Ind","John Pasquarelli","Lib46",121,16.09,21600,37.29
"Jagajaga",2,"Lynette Manning","Ind","Exhausted",NA,5,0.66,5,NA
"Jagajaga",3,"Laurie Kirwan","NPA","Howard McCallum","AD",189,17.78,5574,9.62
"Jagajaga",3,"Laurie Kirwan","NPA","Peter Staples","ALP",107,10.07,29978,51.76
"Jagajaga",3,"Laurie Kirwan","NPA","John Pasquarelli","Lib46",767,72.15,22367,38.62
"Jagajaga",3,"Laurie Kirwan","NPA","Exhausted",NA,10,0.93,15,NA
"Jagajaga",4,"Howard McCallum","AD","Peter Staples","ALP",3720,67.1,33698,58.21
"Jagajaga",4,"Howard McCallum","AD","John Pasquarelli","Lib46",1824,32.9,24191,41.79
"Jagajaga",4,"Howard McCallum","AD","Exhausted",NA,30,0.54,45,NA
"Kalgoorlie",2,"Frank Chulung","AD","David Johnston","Lib46",467,18.03,22317,38.06
"Kalgoorlie",2,"Frank Chulung","AD","Graeme Campbell","ALP",1514,58.46,32355,55.17
"Kalgoorlie",2,"Frank Chulung","AD","Ron Smales","NPA",609,23.51,3972,6.77
"Kalgoorlie",2,"Frank Chulung","AD","Exhausted",NA,3,0.12,3,NA
"Kalgoorlie",3,"Ron Smales","NPA","David Johnston","Lib46",3103,78.14,25420,43.35
"Kalgoorlie",3,"Ron Smales","NPA","Graeme Campbell","ALP",868,21.86,33223,56.65
"Kalgoorlie",3,"Ron Smales","NPA","Exhausted",NA,1,0.03,4,NA
"Kennedy",2,"Ross Cooper","Lib46","James Byrne","ALP",1172,25.61,28380,47.01
"Kennedy",2,"Ross Cooper","Lib46","Bob Katter","NPA",3404,74.39,31989,52.99
"Kennedy",2,"Ross Cooper","Lib46","Exhausted",NA,8,0.17,8,NA
"Kingsford-Smith",2,"Philippa Leehy","AD","Carolyn O'Connor","Lib46",1959,41.11,21862,35.75
"Kingsford-Smith",2,"Philippa Leehy","AD","Lionel Bowen","ALP",2806,58.89,39284,64.25
"Kingston",2,"Michael Prowse","UAP87","Gerald Larkin","NPA",93,17.32,1967,3.15
"Kingston",2,"Michael Prowse","UAP87","Gordon Bilney","ALP",92,17.13,30230,48.47
"Kingston",2,"Michael Prowse","UAP87","Richard Noble","Lib46",131,24.39,24128,38.69
"Kingston",2,"Michael Prowse","UAP87","Colin Miller","AD",221,41.15,6040,9.68
"Kingston",2,"Michael Prowse","UAP87","Exhausted",NA,2,0.37,2,NA
"Kingston",3,"Gerald Larkin","NPA","Gordon Bilney","ALP",403,20.53,30633,49.12
"Kingston",3,"Gerald Larkin","NPA","Richard Noble","Lib46",1261,64.24,25389,40.71
"Kingston",3,"Gerald Larkin","NPA","Colin Miller","AD",299,15.23,6339,10.17
"Kingston",3,"Gerald Larkin","NPA","Exhausted",NA,4,0.2,6,NA
"Kingston",4,"Colin Miller","AD","Gordon Bilney","ALP",3524,55.6,34157,54.77
"Kingston",4,"Colin Miller","AD","Richard Noble","Lib46",2814,44.4,28203,45.23
"Kingston",4,"Colin Miller","AD","Exhausted",NA,1,0.02,7,NA
"Kooyong",2,"Margaret Cole","UAP87","Andrew Peacock","Lib46",1059,62.85,37667,60.84
"Kooyong",2,"Margaret Cole","UAP87","Peter Taft","AD",419,24.87,5012,8.09
"Kooyong",2,"Margaret Cole","UAP87","Lindsay Woods","ALP",207,12.28,19237,31.07
"Kooyong",3,"Peter Taft","AD","Andrew Peacock","Lib46",1980,39.54,39647,64.04
"Kooyong",3,"Peter Taft","AD","Lindsay Woods","ALP",3028,60.46,22265,35.96
"Kooyong",3,"Peter Taft","AD","Exhausted",NA,4,0.08,4,NA
"Lalor",2,"Heather Jeffcoat","AD","Barry Jones","ALP",3737,63.46,45824,69.49
"Lalor",2,"Heather Jeffcoat","AD","Darren Farquhar","Lib46",2152,36.54,20118,30.51
"Lalor",2,"Heather Jeffcoat","AD","Exhausted",NA,10,0.17,10,NA
"La Trobe",2,"John Benton","AD","Bob Charles","Lib46",2426,37.58,26439,42.66
"La Trobe",2,"John Benton","AD","Peter Milton","ALP",4029,62.42,35539,57.34
"La Trobe",2,"John Benton","AD","Exhausted",NA,6,0.09,6,NA
"Leichhardt",2,"Wilfred Tapau","AD","John Gayler","ALP",1104,52.98,32705,52.6
"Leichhardt",2,"Wilfred Tapau","AD","Ronald Barry","Lib46",510,24.47,6452,10.38
"Leichhardt",2,"Wilfred Tapau","AD","Kevin Byrne","NPA",470,22.55,23021,37.02
"Leichhardt",2,"Wilfred Tapau","AD","Exhausted",NA,1,0.05,1,NA
"Leichhardt",3,"Ronald Barry","Lib46","John Gayler","ALP",1042,16.15,33747,54.28
"Leichhardt",3,"Ronald Barry","Lib46","Kevin Byrne","NPA",5409,83.85,28430,45.72
"Leichhardt",3,"Ronald Barry","Lib46","Exhausted",NA,1,0.02,2,NA
"Lilley",2,"Andrew Brown","NPA","Elaine Darling","ALP",600,6.1,36848,58.24
"Lilley",2,"Andrew Brown","NPA","John Gates","Lib46",9241,93.9,26422,41.76
"Lilley",2,"Andrew Brown","NPA","Exhausted",NA,1,0.01,1,NA
"Lindsay",2,"Ian Perry","Ind","Michael Gregory","AD",732,51.84,6008,9.56
"Lindsay",2,"Ian Perry","Ind","Ross Free","ALP",373,26.42,33322,53.04
"Lindsay",2,"Ian Perry","Ind","Glynis Hayne","Lib46",307,21.74,23500,37.4
"Lindsay",2,"Ian Perry","Ind","Exhausted",NA,2,0.14,2,NA
"Lindsay",3,"Michael Gregory","AD","Ross Free","ALP",3711,61.89,37033,58.95
"Lindsay",3,"Michael Gregory","AD","Glynis Hayne","Lib46",2285,38.11,25785,41.05
"Lindsay",3,"Michael Gregory","AD","Exhausted",NA,12,0.2,14,NA
"Lowe",2,"Tony Farrell","UAP87","George Turner","Ind",909,64.1,3106,4.93
"Lowe",2,"Tony Farrell","UAP87","Bob Woods","Lib46",190,13.4,29914,47.5
"Lowe",2,"Tony Farrell","UAP87","Michael Maher","ALP",319,22.5,29963,47.57
"Lowe",2,"Tony Farrell","UAP87","Exhausted",NA,14,0.98,14,NA
"Lowe",3,"George Turner","Ind","Bob Woods","Lib46",2606,84.15,32520,51.64
"Lowe",3,"George Turner","Ind","Michael Maher","ALP",491,15.85,30454,48.36
"Lowe",3,"George Turner","Ind","Exhausted",NA,9,0.29,23,NA
"Lyne",2,"John Aitken","AD","Bruce Cowan","NPA",3162,57.19,39629,59.82
"Lyne",2,"John Aitken","AD","Garry Worth","ALP",2367,42.81,26619,40.18
"Lyne",2,"John Aitken","AD","Exhausted",NA,5,0.09,5,NA
"Lyons",2,"Liz Holloway","AD","Max Burr","Lib46",1910,45.16,29555,54.42
"Lyons",2,"Liz Holloway","AD","Dick Adams","ALP",2319,54.84,24754,45.58
"Lyons",2,"Liz Holloway","AD","Exhausted",NA,7,0.17,7,NA
"Macarthur",2,"Meg Sampson","AD","Ron Forrester","Lib46",2708,46.2,24814,41.1
"Macarthur",2,"Meg Sampson","AD","Stephen Martin","ALP",3154,53.8,35558,58.9
"Mackellar",2,"Maurice Foley","Ind","Graeme Maclennan","AD",530,41.63,6719,10.85
"Mackellar",2,"Maurice Foley","Ind","Jim Carlton","Lib46",437,34.33,35662,57.57
"Mackellar",2,"Maurice Foley","Ind","Eileen Blackmore","ALP",306,24.04,19560,31.58
"Mackellar",2,"Maurice Foley","Ind","Exhausted",NA,1,0.08,1,NA
"Mackellar",3,"Graeme Maclennan","AD","Jim Carlton","Lib46",3475,51.76,39137,63.19
"Mackellar",3,"Graeme Maclennan","AD","Eileen Blackmore","ALP",3239,48.24,22799,36.81
"Mackellar",3,"Graeme Maclennan","AD","Exhausted",NA,5,0.07,6,NA
"Macquarie",2,"Bruce Forbes","AD","Alasdair Webster","Lib46",3290,50.02,33300,55.79
"Macquarie",2,"Bruce Forbes","AD","David March","ALP",3287,49.98,26383,44.21
"Macquarie",2,"Bruce Forbes","AD","Exhausted",NA,5,0.08,5,NA
"Makin",2,"A. Wunderlich","Ind","Kenneth Taplin","UAP87",74,16.78,745,1.2
"Makin",2,"A. Wunderlich","Ind","Sandra Kanck","AD",105,23.81,5711,9.2
"Makin",2,"A. Wunderlich","Ind","Neville Joyce","Lib46",68,15.42,24533,39.54
"Makin",2,"A. Wunderlich","Ind","Peter Duncan","ALP",83,18.82,29444,47.45
"Makin",2,"A. Wunderlich","Ind","Natalie Richardson","NPA",111,25.17,1616,2.6
"Makin",3,"Kenneth Taplin","UAP87","Sandra Kanck","AD",462,62.01,6173,9.95
"Makin",3,"Kenneth Taplin","UAP87","Neville Joyce","Lib46",127,17.05,24660,39.74
"Makin",3,"Kenneth Taplin","UAP87","Peter Duncan","ALP",88,11.81,29532,47.59
"Makin",3,"Kenneth Taplin","UAP87","Natalie Richardson","NPA",68,9.13,1684,2.71
"Makin",4,"Natalie Richardson","NPA","Sandra Kanck","AD",316,18.81,6489,10.46
"Makin",4,"Natalie Richardson","NPA","Neville Joyce","Lib46",1163,69.23,25823,41.62
"Makin",4,"Natalie Richardson","NPA","Peter Duncan","ALP",201,11.96,29733,47.92
"Makin",4,"Natalie Richardson","NPA","Exhausted",NA,4,0.24,4,NA
"Makin",5,"Sandra Kanck","AD","Neville Joyce","Lib46",3081,47.56,28904,46.59
"Makin",5,"Sandra Kanck","AD","Peter Duncan","ALP",3397,52.44,33130,53.41
"Makin",5,"Sandra Kanck","AD","Exhausted",NA,11,0.17,15,NA
"Mallee",2,"Neil Lehmann","Ind","Linda Freedman","ALP",363,11.32,18824,28.96
"Mallee",2,"Neil Lehmann","Ind","Peter Fisher","NPA",1172,36.56,32364,49.78
"Mallee",2,"Neil Lehmann","Ind","Adrian Kidd","Lib46",1671,52.12,13822,21.26
"Mallee",2,"Neil Lehmann","Ind","Exhausted",NA,2,0.06,2,NA
"Mallee",3,"Adrian Kidd","Lib46","Linda Freedman","ALP",590,4.27,19414,29.86
"Mallee",3,"Adrian Kidd","Lib46","Peter Fisher","NPA",13231,95.73,45595,70.14
"Mallee",3,"Adrian Kidd","Lib46","Exhausted",NA,1,0.01,3,NA
"Maranoa",2,"Richard McCarthy","AD","Bruce Christie","Lib46",958,36.82,6322,9.85
"Maranoa",2,"Richard McCarthy","AD","Ian Cameron","NPA",618,23.75,36212,56.44
"Maranoa",2,"Richard McCarthy","AD","Raymond Paroz","ALP",1026,39.43,21622,33.7
"Maranoa",2,"Richard McCarthy","AD","Exhausted",NA,3,0.12,3,NA
"Maranoa",3,"Bruce Christie","Lib46","Ian Cameron","NPA",5392,85.32,41604,64.85
"Maranoa",3,"Bruce Christie","Lib46","Raymond Paroz","ALP",928,14.68,22550,35.15
"Maranoa",3,"Bruce Christie","Lib46","Exhausted",NA,2,0.03,5,NA
"Maribyrnong",2,"Mark Beshara","DLP","Victor Rudewych","Lib46",1281,67.56,23786,39.75
"Maribyrnong",2,"Mark Beshara","DLP","Alan Griffiths","ALP",246,12.97,31748,53.05
"Maribyrnong",2,"Mark Beshara","DLP","David Mackay","AD",369,19.46,4309,7.2
"Maribyrnong",2,"Mark Beshara","DLP","Exhausted",NA,2,0.11,2,NA
"Maribyrnong",3,"David Mackay","AD","Victor Rudewych","Lib46",1798,41.79,25584,42.76
"Maribyrnong",3,"David Mackay","AD","Alan Griffiths","ALP",2504,58.21,34252,57.24
"Maribyrnong",3,"David Mackay","AD","Exhausted",NA,7,0.16,9,NA
"Mayo",2,"George Gater","Ind","Dorothy McGregor-Day","UAP87",75,12.36,858,1.32
"Mayo",2,"George Gater","Ind","Alexander Downer","Lib46",133,21.91,35173,54.19
"Mayo",2,"George Gater","Ind","Delia Skorin","ALP",115,18.95,19800,30.5
"Mayo",2,"George Gater","Ind","Wesley Glanville","NPA",82,13.51,2632,4.05
"Mayo",2,"George Gater","Ind","Merilyn Pedrick","AD",202,33.28,6448,9.93
"Mayo",3,"Dorothy McGregor-Day","UAP87","Alexander Downer","Lib46",493,57.59,35666,54.95
"Mayo",3,"Dorothy McGregor-Day","UAP87","Delia Skorin","ALP",117,13.67,19917,30.68
"Mayo",3,"Dorothy McGregor-Day","UAP87","Wesley Glanville","NPA",83,9.7,2715,4.18
"Mayo",3,"Dorothy McGregor-Day","UAP87","Merilyn Pedrick","AD",163,19.04,6611,10.19
"Mayo",3,"Dorothy McGregor-Day","UAP87","Exhausted",NA,2,0.23,2,NA
"Mayo",4,"Wesley Glanville","NPA","Alexander Downer","Lib46",2109,77.74,37775,58.2
"Mayo",4,"Wesley Glanville","NPA","Delia Skorin","ALP",224,8.26,20141,31.03
"Mayo",4,"Wesley Glanville","NPA","Merilyn Pedrick","AD",380,14.01,6991,10.77
"Mayo",4,"Wesley Glanville","NPA","Exhausted",NA,2,0.07,4,NA
"Mayo",5,"Merilyn Pedrick","AD","Alexander Downer","Lib46",2881,41.26,40656,62.65
"Mayo",5,"Merilyn Pedrick","AD","Delia Skorin","ALP",4102,58.74,24243,37.35
"Mayo",5,"Merilyn Pedrick","AD","Exhausted",NA,8,0.11,12,NA
"McEwen",2,"Robert Wilson","Ind","Doug Lorman","AD",152,41.42,4703,7.35
"McEwen",2,"Robert Wilson","Ind","Peter Cleeland","ALP",107,29.16,31159,48.66
"McEwen",2,"Robert Wilson","Ind","David Millie","Lib46",70,19.07,24091,37.63
"McEwen",2,"Robert Wilson","Ind","Andrew Coller","NPA",38,10.35,4076,6.37
"McEwen",2,"Robert Wilson","Ind","Exhausted",NA,2,0.54,2,NA
"McEwen",3,"Andrew Coller","NPA","Doug Lorman","AD",293,7.2,4996,7.8
"McEwen",3,"Andrew Coller","NPA","Peter Cleeland","ALP",179,4.4,31338,48.95
"McEwen",3,"Andrew Coller","NPA","David Millie","Lib46",3600,88.41,27691,43.25
"McEwen",3,"Andrew Coller","NPA","Exhausted",NA,4,0.1,6,NA
"McEwen",4,"Doug Lorman","AD","Peter Cleeland","ALP",3267,65.69,34605,54.07
"McEwen",4,"Doug Lorman","AD","David Millie","Lib46",1706,34.31,29397,45.93
"McEwen",4,"Doug Lorman","AD","Exhausted",NA,23,0.46,29,NA
"McMillan",2,"Thomas Walsh","Ind","Pat O'Brien","NPA",32,7.94,7576,12.11
"McMillan",2,"Thomas Walsh","Ind","John Kiely","Lib46",37,9.18,19883,31.78
"McMillan",2,"Thomas Walsh","Ind","Anne Lorraine","Ind",240,59.55,1073,1.72
"McMillan",2,"Thomas Walsh","Ind","Ross Ollquist","AD",34,8.44,3353,5.36
"McMillan",2,"Thomas Walsh","Ind","Barry Cunningham","ALP",60,14.89,30670,49.03
"McMillan",2,"Thomas Walsh","Ind","Exhausted",NA,1,0.25,1,NA
"McMillan",3,"Anne Lorraine","Ind","Pat O'Brien","NPA",123,11.52,7699,12.31
"McMillan",3,"Anne Lorraine","Ind","John Kiely","Lib46",134,12.55,20017,32
"McMillan",3,"Anne Lorraine","Ind","Ross Ollquist","AD",580,54.31,3933,6.29
"McMillan",3,"Anne Lorraine","Ind","Barry Cunningham","ALP",231,21.63,30901,49.4
"McMillan",3,"Anne Lorraine","Ind","Exhausted",NA,5,0.47,6,NA
"McMillan",4,"Ross Ollquist","AD","Pat O'Brien","NPA",643,16.38,8342,13.34
"McMillan",4,"Ross Ollquist","AD","John Kiely","Lib46",909,23.16,20926,33.46
"McMillan",4,"Ross Ollquist","AD","Barry Cunningham","ALP",2373,60.46,33274,53.2
"McMillan",4,"Ross Ollquist","AD","Exhausted",NA,8,0.2,14,NA
"McMillan",5,"Pat O'Brien","NPA","John Kiely","Lib46",7629,91.87,28555,45.69
"McMillan",5,"Pat O'Brien","NPA","Barry Cunningham","ALP",675,8.13,33949,54.31
"McMillan",5,"Pat O'Brien","NPA","Exhausted",NA,38,0.46,52,NA
"McPherson",2,"Yvonne Stoelhorst","AD","Pat Stern","ALP",1749,46.69,25599,36.2
"McPherson",2,"Yvonne Stoelhorst","AD","Peter White","Lib46",1362,36.36,28509,40.31
"McPherson",2,"Yvonne Stoelhorst","AD","Max McMahon","NPA",635,16.95,16609,23.49
"McPherson",3,"Max McMahon","NPA","Pat Stern","ALP",855,5.15,26454,37.41
"McPherson",3,"Max McMahon","NPA","Peter White","Lib46",15754,94.85,44263,62.59
"Melbourne",2,"James Ferrari","Ind","Gerry Hand","ALP",196,26.06,36069,62.99
"Melbourne",2,"James Ferrari","Ind","Frank Randle","Lib46",216,28.72,15483,27.04
"Melbourne",2,"James Ferrari","Ind","Peter La Franchi","AD",340,45.21,5714,9.98
"Melbourne",2,"James Ferrari","Ind","Exhausted",NA,5,0.66,5,NA
"Melbourne",3,"Peter La Franchi","AD","Gerry Hand","ALP",3636,64.03,39705,69.38
"Melbourne",3,"Peter La Franchi","AD","Frank Randle","Lib46",2043,35.97,17526,30.62
"Melbourne",3,"Peter La Franchi","AD","Exhausted",NA,35,0.61,40,NA
"Melbourne Ports",2,"Alan Brown","Ind","Allan Paull","Lib46",923,26.78,21606,36.29
"Melbourne Ports",2,"Alan Brown","Ind","Clyde Holding","ALP",808,23.44,30639,51.47
"Melbourne Ports",2,"Alan Brown","Ind","Di Bretherton","AD",1716,49.78,7284,12.24
"Melbourne Ports",2,"Alan Brown","Ind","Exhausted",NA,36,1.03,36,NA
"Melbourne Ports",3,"Di Bretherton","AD","Allan Paull","Lib46",2225,30.78,23831,40.07
"Melbourne Ports",3,"Di Bretherton","AD","Clyde Holding","ALP",5004,69.22,35643,59.93
"Melbourne Ports",3,"Di Bretherton","AD","Exhausted",NA,55,0.76,91,NA
"Menzies",2,"Bruce Plain","UAP87","Marjorie White","AD",508,52.37,5774,9.44
"Menzies",2,"Bruce Plain","UAP87","Neil Brown","Lib46",284,29.28,32685,53.46
"Menzies",2,"Bruce Plain","UAP87","Ivana Csar","ALP",178,18.35,22683,37.1
"Menzies",2,"Bruce Plain","UAP87","Exhausted",NA,2,0.21,2,NA
"Menzies",3,"Marjorie White","AD","Neil Brown","Lib46",2364,41,35049,57.33
"Menzies",3,"Marjorie White","AD","Ivana Csar","ALP",3402,59,26085,42.67
"Menzies",3,"Marjorie White","AD","Exhausted",NA,8,0.14,10,NA
"Moncrieff",2,"George Spencer","AD","Kathy Sullivan","Lib46",1280,37.17,23551,36.69
"Moncrieff",2,"George Spencer","AD","Lester Hughes","NPA",499,14.49,15904,24.78
"Moncrieff",2,"George Spencer","AD","Robert Boyce","ALP",1665,48.34,24732,38.53
"Moncrieff",3,"Lester Hughes","NPA","Kathy Sullivan","Lib46",15093,94.9,38644,60.21
"Moncrieff",3,"Lester Hughes","NPA","Robert Boyce","ALP",811,5.1,25543,39.79
"Moore",2,"Geoff Gill","NPA","Allen Blanchard","ALP",918,17.88,33940,55.16
"Moore",2,"Geoff Gill","NPA","Jim Crawley","Lib46",4217,82.12,27587,44.84
"Moore",2,"Geoff Gill","NPA","Exhausted",NA,3,0.06,3,NA
"Moreton",2,"Manfred Willinger","AD","Donald Cameron","Lib46",1175,32.09,24915,40.08
"Moreton",2,"Manfred Willinger","AD","Peter Freckleton","NPA",368,10.05,7080,11.39
"Moreton",2,"Manfred Willinger","AD","Garrie Gibson","ALP",2119,57.86,30172,48.53
"Moreton",2,"Manfred Willinger","AD","Exhausted",NA,3,0.08,3,NA
"Moreton",3,"Peter Freckleton","NPA","Donald Cameron","Lib46",6603,93.32,31518,50.7
"Moreton",3,"Peter Freckleton","NPA","Garrie Gibson","ALP",473,6.68,30645,49.3
"Moreton",3,"Peter Freckleton","NPA","Exhausted",NA,4,0.06,7,NA
"Murray",2,"John Hargreaves","Ind","Ralph Linford","AD",1449,56.56,4080,6.34
"Murray",2,"John Hargreaves","Ind","Bruce Lloyd","NPA",745,29.08,33483,52
"Murray",2,"John Hargreaves","Ind","Mark Anderson","ALP",139,5.43,17058,26.49
"Murray",2,"John Hargreaves","Ind","Brendan Norden","Lib46",229,8.94,9774,15.18
"Murray",2,"John Hargreaves","Ind","Exhausted",NA,12,0.47,12,NA
"Murray",3,"Ralph Linford","AD","Bruce Lloyd","NPA",2291,56.35,35774,55.57
"Murray",3,"Ralph Linford","AD","Mark Anderson","ALP",1320,32.46,18378,28.55
"Murray",3,"Ralph Linford","AD","Brendan Norden","Lib46",455,11.19,10229,15.89
"Murray",3,"Ralph Linford","AD","Exhausted",NA,14,0.34,26,NA
"Murray",4,"Brendan Norden","Lib46","Bruce Lloyd","NPA",9516,93.18,45290,70.37
"Murray",4,"Brendan Norden","Lib46","Mark Anderson","ALP",696,6.82,19074,29.63
"Murray",4,"Brendan Norden","Lib46","Exhausted",NA,17,0.17,43,NA
"Newcastle",2,"Rae Rendle","AD","George Keegan","Ind",1279,43.43,17641,29.22
"Newcastle",2,"Rae Rendle","AD","Alan Taggart","Lib46",415,14.09,10393,17.21
"Newcastle",2,"Rae Rendle","AD","Allan Morris","ALP",1251,42.48,32346,53.57
"Newcastle",2,"Rae Rendle","AD","Exhausted",NA,3,0.1,3,NA
"Newcastle",3,"George Keegan","Ind","Alan Taggart","Lib46",11278,64.07,21671,35.91
"Newcastle",3,"George Keegan","Ind","Allan Morris","ALP",6324,35.93,38670,64.09
"Newcastle",3,"George Keegan","Ind","Exhausted",NA,39,0.22,42,NA
"New England",2,"Lance Baldwin","Ind","Joe Horan","ALP",95,15.03,25033,37.66
"New England",2,"Lance Baldwin","Ind","Ian Sinclair","NPA",115,18.2,33421,50.27
"New England",2,"Lance Baldwin","Ind","Bevan O'Regan","Ind",221,34.97,4633,6.97
"New England",2,"Lance Baldwin","Ind","Eunice Moody","AD",201,31.8,3391,5.1
"New England",3,"Eunice Moody","AD","Joe Horan","ALP",1368,40.37,26401,39.72
"New England",3,"Eunice Moody","AD","Ian Sinclair","NPA",915,27,34336,51.65
"New England",3,"Eunice Moody","AD","Bevan O'Regan","Ind",1106,32.63,5739,8.63
"New England",3,"Eunice Moody","AD","Exhausted",NA,2,0.06,2,NA
"New England",4,"Bevan O'Regan","Ind","Joe Horan","ALP",1268,22.12,27669,41.63
"New England",4,"Bevan O'Regan","Ind","Ian Sinclair","NPA",4464,77.88,38800,58.37
"New England",4,"Bevan O'Regan","Ind","Exhausted",NA,7,0.12,9,NA
"Northern Territory",2,"Bob Liddle","NTN","Peter Paroulakis","CLP",7055,68.86,28723,47.78
"Northern Territory",2,"Bob Liddle","NTN","Warren Snowdon","ALP",3191,31.14,31386,52.22
"Northern Territory",2,"Bob Liddle","NTN","Exhausted",NA,27,0.26,27,NA
"North Sydney",2,"Rod Dominish","AD","John Spender","Lib46",3525,47.66,39815,64.23
"North Sydney",2,"Rod Dominish","AD","Eddie Britt","ALP",3871,52.34,22174,35.77
"O'Connor",2,"Shyama Peebles","AD","Wilson Tuckey","Lib46",342,22.77,31671,50.01
"O'Connor",2,"Shyama Peebles","AD","Kim Chance","ALP",689,45.87,16554,26.14
"O'Connor",2,"Shyama Peebles","AD","Trevor Flugge","NPA",471,31.36,15103,23.85
"O'Connor",2,"Shyama Peebles","AD","Exhausted",NA,1,0.07,1,NA
"O'Connor",3,"Trevor Flugge","NPA","Wilson Tuckey","Lib46",13024,86.24,44695,70.58
"O'Connor",3,"Trevor Flugge","NPA","Kim Chance","ALP",2078,13.76,18632,29.42
"O'Connor",3,"Trevor Flugge","NPA","Exhausted",NA,1,0.01,2,NA
"Oxley",2,"John Loughney","AD","Barry Hoffensetz","NPA",525,17.04,12773,21.1
"Oxley",2,"John Loughney","AD","Janice Akroyd","Lib46",972,31.55,9920,16.39
"Oxley",2,"John Loughney","AD","Bill Hayden","ALP",1584,51.41,37830,62.51
"Oxley",3,"Janice Akroyd","Lib46","Barry Hoffensetz","NPA",8492,85.62,21265,35.14
"Oxley",3,"Janice Akroyd","Lib46","Bill Hayden","ALP",1426,14.38,39256,64.86
"Oxley",3,"Janice Akroyd","Lib46","Exhausted",NA,2,0.02,2,NA
"Page",2,"Ivor Brown","AD","William Egerton","Ind",2087,45.55,11236,17.88
"Page",2,"Ivor Brown","AD","Trevor Ellem","ALP",1460,31.86,22817,36.31
"Page",2,"Ivor Brown","AD","Ian Robinson","NPA",1035,22.59,28791,45.81
"Page",2,"Ivor Brown","AD","Exhausted",NA,4,0.09,4,NA
"Page",3,"William Egerton","Ind","Trevor Ellem","ALP",5763,51.36,28580,45.49
"Page",3,"William Egerton","Ind","Ian Robinson","NPA",5458,48.64,34249,54.51
"Page",3,"William Egerton","Ind","Exhausted",NA,15,0.13,19,NA
"Parkes",2,"Bill O'Donnell","Ind","Michael Cobb","NPA",137,26.05,31570,50.73
"Parkes",2,"Bill O'Donnell","Ind","Max Murford","Ind",163,30.99,5435,8.73
"Parkes",2,"Bill O'Donnell","Ind","Graham Lund","ALP",72,13.69,22845,36.71
"Parkes",2,"Bill O'Donnell","Ind","Gloria Collison","AD",154,29.28,2383,3.83
"Parkes",2,"Bill O'Donnell","Ind","Exhausted",NA,2,0.38,2,NA
"Parkes",3,"Gloria Collison","AD","Michael Cobb","NPA",867,36.44,32437,52.13
"Parkes",3,"Gloria Collison","AD","Max Murford","Ind",530,22.28,5965,9.59
"Parkes",3,"Gloria Collison","AD","Graham Lund","ALP",982,41.28,23827,38.29
"Parkes",3,"Gloria Collison","AD","Exhausted",NA,4,0.17,6,NA
"Parkes",4,"Max Murford","Ind","Michael Cobb","NPA",5379,90.33,37816,60.78
"Parkes",4,"Max Murford","Ind","Graham Lund","ALP",576,9.67,24403,39.22
"Parkes",4,"Max Murford","Ind","Exhausted",NA,10,0.17,16,NA
"Parramatta",2,"Rodney Levett","AD","Paul Hamer","Lib46",3033,56.4,26914,43.72
"Parramatta",2,"Rodney Levett","AD","John Brown","ALP",2345,43.6,34649,56.28
"Perth",2,"Ted Lisle","NPA","Bob Campbell","Lib46",2041,71.44,26535,43.25
"Perth",2,"Ted Lisle","NPA","Ric Charlesworth","ALP",816,28.56,34819,56.75
"Petrie",2,"Isobel Robinson","AD","Gerard Cross","NPA",448,10.18,9823,14.86
"Petrie",2,"Isobel Robinson","AD","Gary Johns","ALP",2269,51.54,32806,49.64
"Petrie",2,"Isobel Robinson","AD","John Hodges","Lib46",1685,38.28,23465,35.5
"Petrie",2,"Isobel Robinson","AD","Exhausted",NA,2,0.05,2,NA
"Petrie",3,"Gerard Cross","NPA","Gary Johns","ALP",1189,12.12,33995,51.44
"Petrie",3,"Gerard Cross","NPA","John Hodges","Lib46",8621,87.88,32086,48.56
"Petrie",3,"Gerard Cross","NPA","Exhausted",NA,13,0.13,15,NA
"Phillip",2,"Fred Brinkman","Ind","Jeannette McHugh","ALP",181,21.5,31733,49.4
"Phillip",2,"Fred Brinkman","Ind","Karin Sowada","AD",388,46.08,4727,7.36
"Phillip",2,"Fred Brinkman","Ind","Ray Collins","Lib46",273,32.42,27781,43.24
"Phillip",2,"Fred Brinkman","Ind","Exhausted",NA,2,0.24,2,NA
"Phillip",3,"Karin Sowada","AD","Jeannette McHugh","ALP",3010,63.77,34743,54.09
"Phillip",3,"Karin Sowada","AD","Ray Collins","Lib46",1710,36.23,29491,45.91
"Phillip",3,"Karin Sowada","AD","Exhausted",NA,7,0.15,9,NA
"Port Adelaide",2,"Brian Rooney","Ind","Mick Young","ALP",167,57.39,38363,61.62
"Port Adelaide",2,"Brian Rooney","Ind","Barry Blundell","Lib46",10,3.44,17790,28.57
"Port Adelaide",2,"Brian Rooney","Ind","Rod Scarborough","NPA",17,5.84,1300,2.09
"Port Adelaide",2,"Brian Rooney","Ind","Derek Ball","AD",55,18.9,3840,6.17
"Port Adelaide",2,"Brian Rooney","Ind","Bob Manhire","UAP87",8,2.75,426,0.68
"Port Adelaide",2,"Brian Rooney","Ind","John Buik","Ind",34,11.68,543,0.87
"Port Adelaide",2,"Brian Rooney","Ind","Exhausted",NA,3,1.02,3,NA
"Port Adelaide",3,"Bob Manhire","UAP87","Mick Young","ALP",75,17.61,38438,61.74
"Port Adelaide",3,"Bob Manhire","UAP87","Barry Blundell","Lib46",65,15.26,17855,28.68
"Port Adelaide",3,"Bob Manhire","UAP87","Rod Scarborough","NPA",43,10.09,1343,2.16
"Port Adelaide",3,"Bob Manhire","UAP87","Derek Ball","AD",115,27,3955,6.35
"Port Adelaide",3,"Bob Manhire","UAP87","John Buik","Ind",128,30.05,671,1.08
"Port Adelaide",3,"Bob Manhire","UAP87","Exhausted",NA,0,0,3,NA
"Port Adelaide",4,"John Buik","Ind","Mick Young","ALP",147,22.04,38585,61.98
"Port Adelaide",4,"John Buik","Ind","Barry Blundell","Lib46",85,12.74,17940,28.82
"Port Adelaide",4,"John Buik","Ind","Rod Scarborough","NPA",56,8.4,1399,2.25
"Port Adelaide",4,"John Buik","Ind","Derek Ball","AD",379,56.82,4334,6.96
"Port Adelaide",4,"John Buik","Ind","Exhausted",NA,4,0.6,7,NA
"Port Adelaide",5,"Rod Scarborough","NPA","Mick Young","ALP",153,10.94,38738,62.22
"Port Adelaide",5,"Rod Scarborough","NPA","Barry Blundell","Lib46",935,66.88,18875,30.32
"Port Adelaide",5,"Rod Scarborough","NPA","Derek Ball","AD",310,22.17,4644,7.46
"Port Adelaide",5,"Rod Scarborough","NPA","Exhausted",NA,1,0.07,8,NA
"Port Adelaide",6,"Derek Ball","AD","Mick Young","ALP",2538,54.67,41276,66.3
"Port Adelaide",6,"Derek Ball","AD","Barry Blundell","Lib46",2104,45.33,20979,33.7
"Port Adelaide",6,"Derek Ball","AD","Exhausted",NA,2,0.04,10,NA
"Prospect",2,"William Utterson","AD","Sam Barone","Ind",1231,38.61,10585,16.56
"Prospect",2,"William Utterson","AD","Dick Klugman","ALP",1316,41.28,34683,54.25
"Prospect",2,"William Utterson","AD","Robert Ingram","Lib46",641,20.11,18659,29.19
"Prospect",2,"William Utterson","AD","Exhausted",NA,6,0.19,6,NA
"Prospect",3,"Sam Barone","Ind","Dick Klugman","ALP",6178,58.52,40861,63.95
"Prospect",3,"Sam Barone","Ind","Robert Ingram","Lib46",4379,41.48,23038,36.05
"Prospect",3,"Sam Barone","Ind","Exhausted",NA,28,0.26,34,NA
"Rankin",2,"Terri Cavanagh","Ind","Gerard Walsh","NPA",7,7.07,13263,22.4
"Rankin",2,"Terri Cavanagh","Ind","John Patterson","Lib46",4,4.04,7773,13.13
"Rankin",2,"Terri Cavanagh","Ind","David Beddall","ALP",30,30.3,29148,49.22
"Rankin",2,"Terri Cavanagh","Ind","Michael Dunne","Ind",23,23.23,693,1.17
"Rankin",2,"Terri Cavanagh","Ind","Miriam Cope","AD",22,22.22,2621,4.43
"Rankin",2,"Terri Cavanagh","Ind","Peter Jorgenson","NPA",13,13.13,5721,9.66
"Rankin",3,"Michael Dunne","Ind","Gerard Walsh","NPA",58,8.37,13321,22.49
"Rankin",3,"Michael Dunne","Ind","John Patterson","Lib46",70,10.1,7843,13.24
"Rankin",3,"Michael Dunne","Ind","David Beddall","ALP",140,20.2,29288,49.46
"Rankin",3,"Michael Dunne","Ind","Miriam Cope","AD",376,54.26,2997,5.06
"Rankin",3,"Michael Dunne","Ind","Peter Jorgenson","NPA",49,7.07,5770,9.74
"Rankin",4,"Miriam Cope","AD","Gerard Walsh","NPA",271,9.05,13592,22.95
"Rankin",4,"Miriam Cope","AD","John Patterson","Lib46",735,24.53,8578,14.49
"Rankin",4,"Miriam Cope","AD","David Beddall","ALP",1516,50.6,30804,52.02
"Rankin",4,"Miriam Cope","AD","Peter Jorgenson","NPA",474,15.82,6244,10.54
"Rankin",4,"Miriam Cope","AD","Exhausted",NA,1,0.03,1,NA
"Rankin",5,"Peter Jorgenson","NPA","Gerard Walsh","NPA",5634,90.26,19226,32.47
"Rankin",5,"Peter Jorgenson","NPA","John Patterson","Lib46",328,5.25,8906,15.04
"Rankin",5,"Peter Jorgenson","NPA","David Beddall","ALP",280,4.49,31084,52.49
"Rankin",5,"Peter Jorgenson","NPA","Exhausted",NA,2,0.03,3,NA
"Rankin",6,"John Patterson","Lib46","Gerard Walsh","NPA",7565,85.04,26791,45.25
"Rankin",6,"John Patterson","Lib46","David Beddall","ALP",1331,14.96,32415,54.75
"Rankin",6,"John Patterson","Lib46","Exhausted",NA,10,0.11,13,NA
"Reid",2,"John Roveen","AD","Lynne McDowell","Lib46",2173,50.84,23348,38.16
"Reid",2,"John Roveen","AD","Tom Uren","ALP",2101,49.16,37839,61.84
"Richmond",2,"Mac Nicolson","Ind","Anne Brown","AD",1614,39.74,5922,9.7
"Richmond",2,"Mac Nicolson","Ind","Klaas Woldring","ALP",1369,33.71,22878,37.48
"Richmond",2,"Mac Nicolson","Ind","Charles Blunt","NPA",1078,26.55,32242,52.82
"Richmond",3,"Anne Brown","AD","Klaas Woldring","ALP",3622,61.16,26500,43.41
"Richmond",3,"Anne Brown","AD","Charles Blunt","NPA",2300,38.84,34542,56.59
"Robertson",2,"Glenice Griffiths","AD","Barry Cohen","ALP",3662,59.74,35645,54.56
"Robertson",2,"Glenice Griffiths","AD","Paul St Clair","Lib46",2468,40.26,29688,45.44
"Robertson",2,"Glenice Griffiths","AD","Exhausted",NA,2,0.03,2,NA
"Ryan",2,"Daphne Woodhouse","AD","Fleur Yuile","ALP",3263,57.72,26801,40.26
"Ryan",2,"Daphne Woodhouse","AD","Steve Walters","NPA",570,10.08,9585,14.4
"Ryan",2,"Daphne Woodhouse","AD","John Moore","Lib46",1820,32.2,30176,45.34
"Ryan",2,"Daphne Woodhouse","AD","Exhausted",NA,4,0.07,4,NA
"Ryan",3,"Steve Walters","NPA","Fleur Yuile","ALP",578,6.03,27379,41.13
"Ryan",3,"Steve Walters","NPA","John Moore","Lib46",9005,93.97,39181,58.87
"Ryan",3,"Steve Walters","NPA","Exhausted",NA,2,0.02,6,NA
"Scullin",2,"John Privitelli","AD","Mike Kabos","Lib46",1506,38.74,14497,26.83
"Scullin",2,"John Privitelli","AD","Harry Jenkins","ALP",2381,61.26,39539,73.17
"Scullin",2,"John Privitelli","AD","Exhausted",NA,13,0.33,13,NA
"Shortland",2,"Derek McCabe","AD","Milton Caine","Lib46",4753,54.46,25405,38.91
"Shortland",2,"Derek McCabe","AD","Peter Morris","ALP",3974,45.54,39890,61.09
"St George",2,"Brian Compton","Ind","Gary Rush","Lib46",227,24.54,27096,43.8
"St George",2,"Brian Compton","Ind","Garry Dalrymple","AD",408,44.11,3649,5.9
"St George",2,"Brian Compton","Ind","Stephen Dubois","ALP",290,31.35,31119,50.3
"St George",2,"Brian Compton","Ind","Exhausted",NA,2,0.22,2,NA
"St George",3,"Garry Dalrymple","AD","Gary Rush","Lib46",1555,42.66,28651,46.32
"St George",3,"Garry Dalrymple","AD","Stephen Dubois","ALP",2090,57.34,33209,53.68
"St George",3,"Garry Dalrymple","AD","Exhausted",NA,4,0.11,6,NA
"Stirling",2,"Alf Bussell","Ind","Malcolm Beveridge","NPA",99,16.69,2444,4.1
"Stirling",2,"Alf Bussell","Ind","Ron Edwards","ALP",152,25.63,29494,49.47
"Stirling",2,"Alf Bussell","Ind","Harvard Barclay","AD",189,31.87,2988,5.01
"Stirling",2,"Alf Bussell","Ind","Bill Brown","Lib46",153,25.8,24697,41.42
"Stirling",2,"Alf Bussell","Ind","Exhausted",NA,1,0.17,1,NA
"Stirling",3,"Malcolm Beveridge","NPA","Ron Edwards","ALP",536,21.96,30030,50.37
"Stirling",3,"Malcolm Beveridge","NPA","Harvard Barclay","AD",369,15.12,3357,5.63
"Stirling",3,"Malcolm Beveridge","NPA","Bill Brown","Lib46",1536,62.93,26233,44
"Stirling",3,"Malcolm Beveridge","NPA","Exhausted",NA,3,0.12,4,NA
"Stirling",4,"Harvard Barclay","AD","Ron Edwards","ALP",1942,57.95,31972,53.63
"Stirling",4,"Harvard Barclay","AD","Bill Brown","Lib46",1409,42.05,27642,46.37
"Stirling",4,"Harvard Barclay","AD","Exhausted",NA,6,0.18,10,NA
"Streeton",2,"Tessa Cunningham","UAP87","Russell Broadbent","Lib46",191,23.26,26479,42.57
"Streeton",2,"Tessa Cunningham","UAP87","Rika Mason","AD",426,51.89,5489,8.82
"Streeton",2,"Tessa Cunningham","UAP87","Ken Trembath","NPA",81,9.87,1079,1.73
"Streeton",2,"Tessa Cunningham","UAP87","Tony Lamb","ALP",123,14.98,29161,46.88
"Streeton",2,"Tessa Cunningham","UAP87","Exhausted",NA,1,0.12,1,NA
"Streeton",3,"Ken Trembath","NPA","Russell Broadbent","Lib46",728,67.85,27207,43.74
"Streeton",3,"Ken Trembath","NPA","Rika Mason","AD",223,20.78,5712,9.18
"Streeton",3,"Ken Trembath","NPA","Tony Lamb","ALP",122,11.37,29283,47.08
"Streeton",3,"Ken Trembath","NPA","Exhausted",NA,6,0.56,7,NA
"Streeton",4,"Rika Mason","AD","Russell Broadbent","Lib46",2068,36.31,29275,47.08
"Streeton",4,"Rika Mason","AD","Tony Lamb","ALP",3628,63.69,32911,52.92
"Streeton",4,"Rika Mason","AD","Exhausted",NA,16,0.28,23,NA
"Sturt",2,"Graeme Matthews","UAP87","Phil Robins","ALP",107,25.66,24053,38.26
"Sturt",2,"Graeme Matthews","UAP87","Ian Wilson","Lib46",143,34.29,32405,51.55
"Sturt",2,"Graeme Matthews","UAP87","Karen Coleman","AD",112,26.86,5303,8.44
"Sturt",2,"Graeme Matthews","UAP87","Loma Silsbury","NPA",55,13.19,1105,1.76
"Sturt",2,"Graeme Matthews","UAP87","Exhausted",NA,2,0.48,2,NA
"Sturt",3,"Loma Silsbury","NPA","Phil Robins","ALP",78,7.07,24131,38.39
"Sturt",3,"Loma Silsbury","NPA","Ian Wilson","Lib46",767,69.47,33172,52.77
"Sturt",3,"Loma Silsbury","NPA","Karen Coleman","AD",259,23.46,5562,8.85
"Sturt",3,"Loma Silsbury","NPA","Exhausted",NA,1,0.09,3,NA
"Sturt",4,"Karen Coleman","AD","Phil Robins","ALP",3166,56.96,27297,43.42
"Sturt",4,"Karen Coleman","AD","Ian Wilson","Lib46",2392,43.04,35564,56.58
"Sturt",4,"Karen Coleman","AD","Exhausted",NA,4,0.07,7,NA
"Swan",2,"Georgina Motion","Ind","Kim Beazley","ALP",1272,50.52,33473,56.71
"Swan",2,"Georgina Motion","Ind","Harry Klapp","Lib46",428,17,21983,37.24
"Swan",2,"Georgina Motion","Ind","Adelia Bernard","NPA",818,32.49,3568,6.04
"Swan",3,"Adelia Bernard","NPA","Kim Beazley","ALP",747,20.94,34220,57.98
"Swan",3,"Adelia Bernard","NPA","Harry Klapp","Lib46",2821,79.06,24804,42.02
"Sydney",2,"Vito Radice","Ind","William Cole","AD",1135,78.66,6051,10.26
"Sydney",2,"Vito Radice","Ind","Peter Baldwin","ALP",120,8.32,29915,50.72
"Sydney",2,"Vito Radice","Ind","Les Morka","Lib46",69,4.78,14980,25.4
"Sydney",2,"Vito Radice","Ind","Jack Mundey","Ind",119,8.25,8037,13.63
"Sydney",2,"Vito Radice","Ind","Exhausted",NA,14,0.96,14,NA
"Sydney",3,"William Cole","AD","Peter Baldwin","ALP",2893,47.91,32808,55.64
"Sydney",3,"William Cole","AD","Les Morka","Lib46",1141,18.9,16121,27.34
"Sydney",3,"William Cole","AD","Jack Mundey","Ind",2004,33.19,10041,17.03
"Sydney",3,"William Cole","AD","Exhausted",NA,13,0.21,27,NA
"Sydney",4,"Jack Mundey","Ind","Peter Baldwin","ALP",8412,83.81,41220,69.9
"Sydney",4,"Jack Mundey","Ind","Les Morka","Lib46",1625,16.19,17746,30.1
"Sydney",4,"Jack Mundey","Ind","Exhausted",NA,4,0.04,31,NA
"Tangney",2,"William Witham","NPA","Peter Shack","Lib46",1281,77.78,34801,54.91
"Tangney",2,"William Witham","NPA","Ray Masterton","ALP",156,9.47,24755,39.06
"Tangney",2,"William Witham","NPA","Richard Jeffreys","AD",210,12.75,3820,6.03
"Tangney",2,"William Witham","NPA","Exhausted",NA,2,0.12,2,NA
"Tangney",3,"Richard Jeffreys","AD","Peter Shack","Lib46",1604,42.09,36405,57.45
"Tangney",3,"Richard Jeffreys","AD","Ray Masterton","ALP",2207,57.91,26962,42.55
"Tangney",3,"Richard Jeffreys","AD","Exhausted",NA,9,0.24,11,NA
"Throsby",2,"David Wood","NPA","Neville Fredericks","Lib46",2959,77.64,23415,39.63
"Throsby",2,"David Wood","NPA","Colin Hollis","ALP",388,10.18,30742,52.04
"Throsby",2,"David Wood","NPA","Greg Butler","AD",464,12.18,4922,8.33
"Throsby",2,"David Wood","NPA","Exhausted",NA,1,0.03,1,NA
"Throsby",3,"Greg Butler","AD","Neville Fredericks","Lib46",1944,39.51,25359,42.93
"Throsby",3,"Greg Butler","AD","Colin Hollis","ALP",2976,60.49,33718,57.07
"Throsby",3,"Greg Butler","AD","Exhausted",NA,2,0.04,3,NA
"Wakefield",2,"Anne Hausler","UAP87","Bill Adams","NPA",218,28.8,4044,6.19
"Wakefield",2,"Anne Hausler","UAP87","Barbara Barlow","AD",207,27.34,2890,4.42
"Wakefield",2,"Anne Hausler","UAP87","Neil Andrew","Lib46",198,26.16,36701,56.15
"Wakefield",2,"Anne Hausler","UAP87","Susan Stephens","ALP",134,17.7,21726,33.24
"Wakefield",3,"Barbara Barlow","AD","Bill Adams","NPA",674,23.34,4718,7.22
"Wakefield",3,"Barbara Barlow","AD","Neil Andrew","Lib46",914,31.65,37615,57.55
"Wakefield",3,"Barbara Barlow","AD","Susan Stephens","ALP",1300,45.01,23026,35.23
"Wakefield",3,"Barbara Barlow","AD","Exhausted",NA,2,0.07,2,NA
"Wakefield",4,"Bill Adams","NPA","Neil Andrew","Lib46",4011,85.01,41626,63.69
"Wakefield",4,"Bill Adams","NPA","Susan Stephens","ALP",707,14.99,23733,36.31
"Wakefield",4,"Bill Adams","NPA","Exhausted",NA,0,0,2,NA
"Wannon",2,"Julie Jennings","AD","David Hawker","Lib46",1880,44.43,40718,63.08
"Wannon",2,"Julie Jennings","AD","Kevin Watt","ALP",2351,55.57,23829,36.92
"Wannon",2,"Julie Jennings","AD","Exhausted",NA,4,0.09,4,NA
"Warringah",2,"Christian Widmair","AD","Michael MacKellar","Lib46",2829,49.01,40684,64.14
"Warringah",2,"Christian Widmair","AD","Ian Douglas","ALP",2943,50.99,22748,35.86
"Warringah",2,"Christian Widmair","AD","Exhausted",NA,1,0.02,1,NA
"Wentworth",2,"Yvonne Jayawardena","AD","Anne-Marie Whittaker","ALP",4514,69.28,24695,42
"Wentworth",2,"Yvonne Jayawardena","AD","John Hewson","Lib46",2002,30.72,34101,58
"Wentworth",2,"Yvonne Jayawardena","AD","Exhausted",NA,17,0.26,17,NA
"Wide Bay",2,"Ray Barry","AD","Andrew Foley","ALP",1403,51.71,24218,39.8
"Wide Bay",2,"Ray Barry","AD","Can Primavera","Lib46",697,25.69,5313,8.73
"Wide Bay",2,"Ray Barry","AD","Clarrie Millar","NPA",613,22.59,31312,51.46
"Wide Bay",2,"Ray Barry","AD","Exhausted",NA,1,0.04,1,NA
"Wide Bay",3,"Can Primavera","Lib46","Andrew Foley","ALP",869,16.36,25087,41.23
"Wide Bay",3,"Can Primavera","Lib46","Clarrie Millar","NPA",4443,83.64,35755,58.77
"Wide Bay",3,"Can Primavera","Lib46","Exhausted",NA,1,0.02,2,NA
"Wills",2,"Ian Sykes","Ind","Fast Bucks","Ind",56,8.67,1456,2.51
"Wills",2,"Ian Sykes","Ind","Ken Eley","AD",92,14.24,3821,6.58
"Wills",2,"Ian Sykes","Ind","Lyn Teather","Ind",187,28.95,1279,2.2
"Wills",2,"Ian Sykes","Ind","Bob Hawke","ALP",108,16.72,35957,61.96
"Wills",2,"Ian Sykes","Ind","Olga Venables","Lib46",203,31.42,15521,26.74
"Wills",2,"Ian Sykes","Ind","Exhausted",NA,4,0.62,4,NA
"Wills",3,"Lyn Teather","Ind","Fast Bucks","Ind",264,20.84,1720,2.96
"Wills",3,"Lyn Teather","Ind","Ken Eley","AD",745,58.8,4566,7.87
"Wills",3,"Lyn Teather","Ind","Bob Hawke","ALP",184,14.52,36141,62.29
"Wills",3,"Lyn Teather","Ind","Olga Venables","Lib46",74,5.84,15595,26.88
"Wills",3,"Lyn Teather","Ind","Exhausted",NA,12,0.94,16,NA
"Wills",4,"Fast Bucks","Ind","Ken Eley","AD",1370,80.45,5936,10.23
"Wills",4,"Fast Bucks","Ind","Bob Hawke","ALP",207,12.16,36348,62.66
"Wills",4,"Fast Bucks","Ind","Olga Venables","Lib46",126,7.4,15721,27.1
"Wills",4,"Fast Bucks","Ind","Exhausted",NA,17,0.99,33,NA
"Wills",5,"Ken Eley","AD","Bob Hawke","ALP",4171,70.91,40519,69.92
"Wills",5,"Ken Eley","AD","Olga Venables","Lib46",1711,29.09,17432,30.08
"Wills",5,"Ken Eley","AD","Exhausted",NA,54,0.91,87,NA
