"Seat","Count","From_candidate","From_party","To_candidate","To_party","Transferred_votes","Transferred_perc","New_votes","New_vote_perc"
"Ballarat",2,"William Griffin","DLP","Norman Baker","ALP",185,5.78,23672,37.3
"Ballarat",2,"William Griffin","DLP","Graham Gough","AD",280,8.74,6578,10.36
"Ballarat",2,"William Griffin","DLP","Jim Short","Lib46",2737,85.48,33217,52.34
"Banks",2,"Montague Greene","AD","Paul Hinton","Lib46",5575,58.98,31517,45.78
"Banks",2,"Montague Greene","AD","Vince Martin","ALP",3878,41.02,37330,54.22
"Barton",2,"Edwin Bellchambers","Ind","Jim Bradfield","Lib46",1054,75.07,33182,49.98
"Barton",2,"Edwin Bellchambers","Ind","Ron Cunningham","ALP",190,13.53,27394,41.26
"Barton",2,"Edwin Bellchambers","Ind","Phil White","AD",160,11.4,5810,8.75
"Barton",3,"Phil White","AD","Jim Bradfield","Lib46",2660,45.78,35842,53.99
"Barton",3,"Phil White","AD","Ron Cunningham","ALP",3150,54.22,30544,46.01
"Batman",2,"Phillip Lorenz","DLP","Gillford Brown","Lib46",2961,83.2,27893,41.84
"Batman",2,"Phillip Lorenz","DLP","Brian Howe","ALP",321,9.02,31859,47.78
"Batman",2,"Phillip Lorenz","DLP","Mario Piraino","AD",277,7.78,6921,10.38
"Batman",3,"Mario Piraino","AD","Gillford Brown","Lib46",3199,46.22,31092,46.63
"Batman",3,"Mario Piraino","AD","Brian Howe","ALP",3722,53.78,35581,53.37
"Bendigo",2,"Paul Brennan","DLP","John Bourchier","Lib46",2486,82.73,32558,52.01
"Bendigo",2,"Paul Brennan","DLP","Dennis Muldoon","ALP",304,10.12,21924,35.02
"Bendigo",2,"Paul Brennan","DLP","Ian Price","AD",215,7.15,8120,12.97
"Bowman",2,"Martin Gant","Prog","Bryan Grehan","AD",656,64.44,6108,9.68
"Bowman",2,"Martin Gant","Prog","David Jull","Lib46",272,26.72,31816,50.43
"Bowman",2,"Martin Gant","Prog","Len Keogh","ALP",90,8.84,25168,39.89
"Brisbane",2,"John Steele","Prog","Manfred Cross","ALP",124,11.95,26227,41.46
"Brisbane",2,"John Steele","Prog","Joan Hadley","AD",173,16.67,6472,10.23
"Brisbane",2,"John Steele","Prog","Peter Johnson","Lib46",741,71.39,30562,48.31
"Brisbane",3,"Joan Hadley","AD","Manfred Cross","ALP",3358,51.89,29585,46.77
"Brisbane",3,"Joan Hadley","AD","Peter Johnson","Lib46",3114,48.11,33676,53.23
"Calare",2,"Darvell Baird","AD","James Ashton","Lib46",1188,23.83,14697,22.21
"Calare",2,"Darvell Baird","AD","Sandy Mackenzie","NCP75",1766,35.42,22659,34.23
"Calare",2,"Darvell Baird","AD","David Simmons","ALP",2032,40.75,28831,43.56
"Calare",3,"James Ashton","Lib46","Sandy Mackenzie","NCP75",13870,94.37,36529,55.19
"Calare",3,"James Ashton","Lib46","David Simmons","ALP",827,5.63,29658,44.81
"Canberra",2,"Oleg Kavunenko","Ind","John Bellhouse","AD",157,29.4,8701,15.3
"Canberra",2,"Oleg Kavunenko","Ind","John Haslem","Lib46",208,38.95,24786,43.58
"Canberra",2,"Oleg Kavunenko","Ind","Henry Lawrence","ALP",169,31.65,23383,41.12
"Canberra",3,"John Bellhouse","AD","John Haslem","Lib46",4190,48.16,28976,50.95
"Canberra",3,"John Bellhouse","AD","Henry Lawrence","ALP",4511,51.84,27894,49.05
"Canning",2,"John English","Ind","Mel Bungey","Lib46",152,20.97,29655,48.46
"Canning",2,"John English","Ind","Velibor Debeljakovic","AD",68,9.38,6274,10.25
"Canning",2,"John English","Ind","Marie Dilley","NCP75",170,23.45,7617,12.45
"Canning",2,"John English","Ind","Douglas Joyce","Prog",231,31.86,1053,1.72
"Canning",2,"John English","Ind","Charles Savage","ALP",104,14.34,16595,27.12
"Canning",3,"Douglas Joyce","Prog","Mel Bungey","Lib46",394,37.42,30049,49.1
"Canning",3,"Douglas Joyce","Prog","Velibor Debeljakovic","AD",125,11.87,6399,10.46
"Canning",3,"Douglas Joyce","Prog","Marie Dilley","NCP75",218,20.7,7835,12.8
"Canning",3,"Douglas Joyce","Prog","Charles Savage","ALP",316,30.01,16911,27.64
"Canning",4,"Velibor Debeljakovic","AD","Mel Bungey","Lib46",2916,45.57,32965,53.87
"Canning",4,"Velibor Debeljakovic","AD","Marie Dilley","NCP75",610,9.53,8445,13.8
"Canning",4,"Velibor Debeljakovic","AD","Charles Savage","ALP",2873,44.9,19784,32.33
"Capricornia",2,"Ronald Kitching","Prog","Edward Batey","AD",53,25.6,2270,3.7
"Capricornia",2,"Ronald Kitching","Prog","Colin Carige","NCP75",62,29.95,25376,41.37
"Capricornia",2,"Ronald Kitching","Prog","Douglas Cuddy","Lib46",59,28.5,3665,5.97
"Capricornia",2,"Ronald Kitching","Prog","Doug Everingham","ALP",33,15.94,30029,48.96
"Capricornia",3,"Edward Batey","AD","Colin Carige","NCP75",1056,46.52,26432,43.09
"Capricornia",3,"Edward Batey","AD","Douglas Cuddy","Lib46",216,9.52,3881,6.33
"Capricornia",3,"Edward Batey","AD","Doug Everingham","ALP",998,43.96,31027,50.58
"Casey",2,"Henry Leggett","Ind","Peter Falconer","Lib46",31,20.53,29927,48.32
"Casey",2,"Henry Leggett","Ind","Francis Feltham","DLP",9,5.96,1770,2.86
"Casey",2,"Henry Leggett","Ind","Martin Hetherich","Ind",25,16.56,719,1.16
"Casey",2,"Henry Leggett","Ind","Stanley Hillman","Ind",40,26.49,383,0.62
"Casey",2,"Henry Leggett","Ind","Peter Watson","ALP",34,22.52,18806,30.37
"Casey",2,"Henry Leggett","Ind","Malcolm Whittle","AD",12,7.95,10326,16.67
"Casey",3,"Stanley Hillman","Ind","Peter Falconer","Lib46",58,15.14,29985,48.42
"Casey",3,"Stanley Hillman","Ind","Francis Feltham","DLP",79,20.63,1849,2.99
"Casey",3,"Stanley Hillman","Ind","Martin Hetherich","Ind",108,28.2,827,1.34
"Casey",3,"Stanley Hillman","Ind","Peter Watson","ALP",101,26.37,18907,30.53
"Casey",3,"Stanley Hillman","Ind","Malcolm Whittle","AD",37,9.66,10363,16.73
"Casey",4,"Martin Hetherich","Ind","Peter Falconer","Lib46",323,39.06,30308,48.94
"Casey",4,"Martin Hetherich","Ind","Francis Feltham","DLP",222,26.84,2071,3.34
"Casey",4,"Martin Hetherich","Ind","Peter Watson","ALP",164,19.83,19071,30.79
"Casey",4,"Martin Hetherich","Ind","Malcolm Whittle","AD",118,14.27,10481,16.92
"Casey",5,"Francis Feltham","DLP","Peter Falconer","Lib46",1671,80.69,31979,51.64
"Casey",5,"Francis Feltham","DLP","Peter Watson","ALP",310,14.97,19381,31.29
"Casey",5,"Francis Feltham","DLP","Malcolm Whittle","AD",90,4.35,10571,17.07
"Chisholm",2,"Joseph Stanley","DLP","Robert Caulfield","AD",268,8.12,12007,17.56
"Chisholm",2,"Joseph Stanley","DLP","Helen Mayer","ALP",246,7.46,21794,31.87
"Chisholm",2,"Joseph Stanley","DLP","Tony Staley","Lib46",2785,84.42,34593,50.58
"Corio",2,"James Jordan","DLP","Clive Bubb","Lib46",2308,85.96,28638,43.81
"Corio",2,"James Jordan","DLP","Guenter Sahr","AD",176,6.55,4916,7.52
"Corio",2,"James Jordan","DLP","Gordon Scholes","ALP",201,7.49,31813,48.67
"Corio",3,"Guenter Sahr","AD","Clive Bubb","Lib46",2141,43.55,30779,47.09
"Corio",3,"Guenter Sahr","AD","Gordon Scholes","ALP",2775,56.45,34588,52.91
"Deakin",2,"Daniel Condon","DLP","Neville Gay","ALP",1243,33.87,23973,34.14
"Deakin",2,"Daniel Condon","DLP","Alan Jarman","Lib46",2218,60.44,34596,49.26
"Deakin",2,"Daniel Condon","DLP","Alan Teed","AD",209,5.69,11660,16.6
"Deakin",3,"Alan Teed","AD","Neville Gay","ALP",5940,50.94,29913,42.59
"Deakin",3,"Alan Teed","AD","Alan Jarman","Lib46",5720,49.06,40316,57.41
"Diamond Valley",2,"Christopher Curtis","DLP","Neil Brown","Lib46",2245,84.02,33919,51.97
"Diamond Valley",2,"Christopher Curtis","DLP","Jean Downing","ALP",219,8.2,20574,31.53
"Diamond Valley",2,"Christopher Curtis","DLP","Ronald Goldman","AD",208,7.78,10769,16.5
"Fadden",2,"Peter Gautrey","Prog","Janice Barber","AD",30,14.56,5589,8.99
"Fadden",2,"Peter Gautrey","Prog","Melody Bond","Ind",25,12.14,742,1.19
"Fadden",2,"Peter Gautrey","Prog","Donald Cameron","Lib46",72,34.95,20981,33.75
"Fadden",2,"Peter Gautrey","Prog","Clem Jones","ALP",40,19.42,23909,38.46
"Fadden",2,"Peter Gautrey","Prog","James Shapcott","NCP75",39,18.93,10949,17.61
"Fadden",3,"Melody Bond","Ind","Janice Barber","AD",129,17.39,5718,9.2
"Fadden",3,"Melody Bond","Ind","Donald Cameron","Lib46",95,12.8,21076,33.9
"Fadden",3,"Melody Bond","Ind","Clem Jones","ALP",119,16.04,24028,38.65
"Fadden",3,"Melody Bond","Ind","James Shapcott","NCP75",399,53.77,11348,18.25
"Fadden",4,"Janice Barber","AD","Donald Cameron","Lib46",2629,45.98,23705,38.13
"Fadden",4,"Janice Barber","AD","Clem Jones","ALP",2671,46.71,26699,42.95
"Fadden",4,"Janice Barber","AD","James Shapcott","NCP75",418,7.31,11766,18.93
"Fadden",5,"James Shapcott","NCP75","Donald Cameron","Lib46",11106,94.39,34811,55.99
"Fadden",5,"James Shapcott","NCP75","Clem Jones","ALP",660,5.61,27359,44.01
"Forrest",2,"Reginald Crabb","Prog","Allan Drake-Brockman","ALP",1202,48.18,18842,29.67
"Forrest",2,"Reginald Crabb","Prog","Peter Drummond","Lib46",841,33.71,31564,49.7
"Forrest",2,"Reginald Crabb","Prog","John Gardiner","NCP75",248,9.94,8431,13.28
"Forrest",2,"Reginald Crabb","Prog","Donald Stewart","AD",204,8.18,4670,7.35
"Forrest",3,"Donald Stewart","AD","Allan Drake-Brockman","ALP",2013,43.1,20855,32.84
"Forrest",3,"Donald Stewart","AD","Peter Drummond","Lib46",1632,34.95,33196,52.27
"Forrest",3,"Donald Stewart","AD","John Gardiner","NCP75",1025,21.95,9456,14.89
"Fremantle",2,"David Lavater","Prog","John Dawkins","ALP",165,17.24,29865,45.37
"Fremantle",2,"David Lavater","Prog","John Kernot","AD",263,27.48,6754,10.26
"Fremantle",2,"David Lavater","Prog","Peter Ramshaw","Lib46",481,50.26,27853,42.31
"Fremantle",2,"David Lavater","Prog","Victor Slater","CPA",48,5.02,1353,2.06
"Fremantle",3,"Victor Slater","CPA","John Dawkins","ALP",787,58.17,30652,46.57
"Fremantle",3,"Victor Slater","CPA","John Kernot","AD",136,10.05,6890,10.47
"Fremantle",3,"Victor Slater","CPA","Peter Ramshaw","Lib46",430,31.78,28283,42.97
"Fremantle",4,"John Kernot","AD","John Dawkins","ALP",3461,50.23,34113,51.82
"Fremantle",4,"John Kernot","AD","Peter Ramshaw","Lib46",3429,49.77,31712,48.18
"Grey",2,"Ronald Moulds","AD","John Henderson","NCP75",699,20.98,6764,10.13
"Grey",2,"Ronald Moulds","AD","John Oswald","Lib46",1270,38.13,27436,41.08
"Grey",2,"Ronald Moulds","AD","Laurie Wallis","ALP",1362,40.89,32583,48.79
"Grey",3,"John Henderson","NCP75","John Oswald","Lib46",5923,87.57,33359,49.95
"Grey",3,"John Henderson","NCP75","Laurie Wallis","ALP",841,12.43,33424,50.05
"Griffith",2,"Barrie Rundle","Prog","Stan Fas","NCP75",61,11.87,5996,9.81
"Griffith",2,"Barrie Rundle","Prog","Ben Humphreys","ALP",44,8.56,28780,47.1
"Griffith",2,"Barrie Rundle","Prog","William Kenney","Ind",32,6.23,623,1.02
"Griffith",2,"Barrie Rundle","Prog","Thomas Martin","AD",74,14.4,4931,8.07
"Griffith",2,"Barrie Rundle","Prog","Ronald Palmer","Lib46",303,58.95,20774,34
"Griffith",3,"William Kenney","Ind","Stan Fas","NCP75",93,14.93,6089,9.96
"Griffith",3,"William Kenney","Ind","Ben Humphreys","ALP",225,36.12,29005,47.47
"Griffith",3,"William Kenney","Ind","Thomas Martin","AD",212,34.03,5143,8.42
"Griffith",3,"William Kenney","Ind","Ronald Palmer","Lib46",93,14.93,20867,34.15
"Griffith",4,"Thomas Martin","AD","Stan Fas","NCP75",425,8.26,6514,10.66
"Griffith",4,"Thomas Martin","AD","Ben Humphreys","ALP",2481,48.24,31486,51.53
"Griffith",4,"Thomas Martin","AD","Ronald Palmer","Lib46",2237,43.5,23104,37.81
"Hawker",2,"Warren Wallace","Ind","Steele Hall","Lib46",299,41.3,31361,44.38
"Hawker",2,"Warren Wallace","Ind","Ralph Jacobi","ALP",115,15.88,31800,45
"Hawker",2,"Warren Wallace","Ind","Bruce Miels","AD",310,42.82,7500,10.61
"Hawker",3,"Bruce Miels","AD","Steele Hall","Lib46",3540,47.2,34901,49.39
"Hawker",3,"Bruce Miels","AD","Ralph Jacobi","ALP",3960,52.8,35760,50.61
"Henty",2,"Tony Dear","Ind","Ken Aldred","Lib46",104,28.97,29764,45.16
"Henty",2,"Tony Dear","Ind","Joan Child","ALP",138,38.44,27463,41.66
"Henty",2,"Tony Dear","Ind","Terence Farrell","DLP",74,20.61,2135,3.24
"Henty",2,"Tony Dear","Ind","Fred Ingamells","AD",43,11.98,6552,9.94
"Henty",3,"Terence Farrell","DLP","Ken Aldred","Lib46",1769,82.86,31533,47.84
"Henty",3,"Terence Farrell","DLP","Joan Child","ALP",182,8.52,27645,41.94
"Henty",3,"Terence Farrell","DLP","Fred Ingamells","AD",184,8.62,6736,10.22
"Henty",4,"Fred Ingamells","AD","Ken Aldred","Lib46",3203,47.55,34736,52.7
"Henty",4,"Fred Ingamells","AD","Joan Child","ALP",3533,52.45,31178,47.3
"Herbert",2,"Peter Dunn","Ind","Charles Arnold","NCP75",55,23.31,12412,20.25
"Herbert",2,"Peter Dunn","Ind","Gordon Dean","Lib46",60,25.42,20619,33.64
"Herbert",2,"Peter Dunn","Ind","Coral Finlay","Prog",38,16.1,288,0.47
"Herbert",2,"Peter Dunn","Ind","Kenneth Kipping","AD",42,17.8,4841,7.9
"Herbert",2,"Peter Dunn","Ind","Ted Lindsay","ALP",24,10.17,22692,37.03
"Herbert",2,"Peter Dunn","Ind","Grahame Wells","Ind",17,7.2,435,0.71
"Herbert",3,"Coral Finlay","Prog","Charles Arnold","NCP75",53,18.4,12465,20.34
"Herbert",3,"Coral Finlay","Prog","Gordon Dean","Lib46",106,36.81,20725,33.82
"Herbert",3,"Coral Finlay","Prog","Kenneth Kipping","AD",78,27.08,4919,8.03
"Herbert",3,"Coral Finlay","Prog","Ted Lindsay","ALP",34,11.81,22726,37.08
"Herbert",3,"Coral Finlay","Prog","Grahame Wells","Ind",17,5.9,452,0.74
"Herbert",4,"Grahame Wells","Ind","Charles Arnold","NCP75",43,9.51,12508,20.41
"Herbert",4,"Grahame Wells","Ind","Gordon Dean","Lib46",43,9.51,20768,33.89
"Herbert",4,"Grahame Wells","Ind","Kenneth Kipping","AD",107,23.67,5026,8.2
"Herbert",4,"Grahame Wells","Ind","Ted Lindsay","ALP",259,57.3,22985,37.5
"Herbert",5,"Kenneth Kipping","AD","Charles Arnold","NCP75",986,19.62,13494,22.02
"Herbert",5,"Kenneth Kipping","AD","Gordon Dean","Lib46",1691,33.65,22459,36.65
"Herbert",5,"Kenneth Kipping","AD","Ted Lindsay","ALP",2349,46.74,25334,41.34
"Herbert",6,"Charles Arnold","NCP75","Gordon Dean","Lib46",12894,95.55,35353,57.68
"Herbert",6,"Charles Arnold","NCP75","Ted Lindsay","ALP",600,4.45,25934,42.32
"Holt",2,"Kevin Leydon","DLP","Michael Duffy","ALP",381,14.85,25792,40.78
"Holt",2,"Kevin Leydon","DLP","Brian Stockton","AD",333,12.98,8410,13.3
"Holt",2,"Kevin Leydon","DLP","William Yates","Lib46",1852,72.17,29052,45.93
"Holt",3,"Brian Stockton","AD","Michael Duffy","ALP",4672,55.55,30464,48.16
"Holt",3,"Brian Stockton","AD","William Yates","Lib46",3738,44.45,32790,51.84
"Hotham",2,"Edward Woods","DLP","Roger Johnston","Lib46",1612,74.87,29275,42.71
"Hotham",2,"Edward Woods","DLP","Anthony Ross","ALP",189,8.78,26333,38.42
"Hotham",2,"Edward Woods","DLP","Kenneth Weaver","AD",352,16.35,12939,18.88
"Hotham",3,"Kenneth Weaver","AD","Roger Johnston","Lib46",6175,47.72,35450,51.72
"Hotham",3,"Kenneth Weaver","AD","Anthony Ross","ALP",6764,52.28,33097,48.28
"Indi",2,"Christopher Cody","DLP","Ewen Cameron","Lib46",680,19.96,16604,27.3
"Indi",2,"Christopher Cody","DLP","John Dennis","ALP",229,6.72,15545,25.56
"Indi",2,"Christopher Cody","DLP","Mac Holten","NCP75",2354,69.09,24186,39.77
"Indi",2,"Christopher Cody","DLP","Neil Savage","AD",144,4.23,4477,7.36
"Indi",3,"Neil Savage","AD","Ewen Cameron","Lib46",1618,36.14,18222,29.96
"Indi",3,"Neil Savage","AD","John Dennis","ALP",1862,41.59,17407,28.62
"Indi",3,"Neil Savage","AD","Mac Holten","NCP75",997,22.27,25183,41.41
"Indi",4,"John Dennis","ALP","Ewen Cameron","Lib46",15261,87.67,33483,55.06
"Indi",4,"John Dennis","ALP","Mac Holten","NCP75",2146,12.33,27329,44.94
"Isaacs",2,"Ralph Cleary","DLP","William Burns","Lib46",2176,79.39,32033,47.6
"Isaacs",2,"Ralph Cleary","DLP","Francis McLeod","AD",382,13.94,11809,17.55
"Isaacs",2,"Ralph Cleary","DLP","Kenneth Williams","ALP",183,6.68,23458,34.86
"Isaacs",3,"Francis McLeod","AD","William Burns","Lib46",6562,55.57,38595,57.35
"Isaacs",3,"Francis McLeod","AD","Kenneth Williams","ALP",5247,44.43,28705,42.65
"Kalgoorlie",2,"Graham Mills","Prog","Brian Conway","ALP",168,10.99,21030,37.66
"Kalgoorlie",2,"Graham Mills","Prog","Mick Cotter","Lib46",958,62.66,28470,50.99
"Kalgoorlie",2,"Graham Mills","Prog","Squire Fletcher","NCP75",173,11.31,2572,4.61
"Kalgoorlie",2,"Graham Mills","Prog","Edwin Routley","AD",230,15.04,3764,6.74
"Kingston",2,"Christopher Harte","AD","Grant Chapman","Lib46",4478,50.83,35732,51.8
"Kingston",2,"Christopher Harte","AD","Richard Gun","ALP",4332,49.17,33251,48.2
"La Trobe",2,"Cornelus Hellema","Ind","Marshall Baillieu","Lib46",631,57.42,26691,42.61
"La Trobe",2,"Cornelus Hellema","Ind","Tony Lamb","ALP",222,20.2,25472,40.66
"La Trobe",2,"Cornelus Hellema","Ind","Andrew McCann","AD",166,15.1,8993,14.36
"La Trobe",2,"Cornelus Hellema","Ind","James Penna","DLP",80,7.28,1490,2.38
"La Trobe",3,"James Penna","DLP","Marshall Baillieu","Lib46",1229,82.48,27920,44.57
"La Trobe",3,"James Penna","DLP","Tony Lamb","ALP",92,6.17,25564,40.81
"La Trobe",3,"James Penna","DLP","Andrew McCann","AD",169,11.34,9162,14.63
"La Trobe",4,"Andrew McCann","AD","Marshall Baillieu","Lib46",3925,42.84,31845,50.83
"La Trobe",4,"Andrew McCann","AD","Tony Lamb","ALP",5237,57.16,30801,49.17
"Leichhardt",2,"James Foster","AD","David Thomson","NCP75",2119,55.98,29803,50.9
"Leichhardt",2,"James Foster","AD","Bill Wood","ALP",1666,44.02,28744,49.1
"Lilley",2,"Gary Sturgess","Prog","Frank Andrews","Ind",92,23.83,2062,3.28
"Lilley",2,"Gary Sturgess","Prog","Kevin Cairns","Lib46",113,29.27,30655,48.77
"Lilley",2,"Gary Sturgess","Prog","Elaine Darling","ALP",41,10.62,24702,39.3
"Lilley",2,"Gary Sturgess","Prog","Albert Mayne","AD",140,36.27,5442,8.66
"Lilley",3,"Frank Andrews","Ind","Kevin Cairns","Lib46",1712,83.03,32367,51.49
"Lilley",3,"Frank Andrews","Ind","Elaine Darling","ALP",216,10.48,24918,39.64
"Lilley",3,"Frank Andrews","Ind","Albert Mayne","AD",134,6.5,5576,8.87
"Macarthur",2,"Victor Thomas","Prog","Michael Baume","Lib46",355,58.87,32564,48.94
"Macarthur",2,"Victor Thomas","Prog","John Kerin","ALP",83,13.76,29769,44.74
"Macarthur",2,"Victor Thomas","Prog","William Speirs","AD",165,27.36,4199,6.31
"Macarthur",3,"William Speirs","AD","Michael Baume","Lib46",1993,47.46,34557,51.94
"Macarthur",3,"William Speirs","AD","John Kerin","ALP",2206,52.54,31975,48.06
"Macquarie",2,"Alyn Foster","Prog","Michael Barratt","Ind",209,40.74,5058,7.48
"Macquarie",2,"Alyn Foster","Prog","Ross Free","ALP",139,27.1,26790,39.61
"Macquarie",2,"Alyn Foster","Prog","Reg Gillard","Lib46",130,25.34,28429,42.03
"Macquarie",2,"Alyn Foster","Prog","Peter Monaghan","AD",35,6.82,7363,10.89
"Macquarie",3,"Michael Barratt","Ind","Ross Free","ALP",1895,37.47,28685,42.41
"Macquarie",3,"Michael Barratt","Ind","Reg Gillard","Lib46",2731,53.99,31160,46.07
"Macquarie",3,"Michael Barratt","Ind","Peter Monaghan","AD",432,8.54,7795,11.52
"Macquarie",4,"Peter Monaghan","AD","Ross Free","ALP",3989,51.17,32674,48.31
"Macquarie",4,"Peter Monaghan","AD","Reg Gillard","Lib46",3806,48.83,34966,51.69
"Mallee",2,"John Cotter","DLP","Geoffrey Ferns","ALP",1493,40.28,14855,24.25
"Mallee",2,"John Cotter","DLP","Peter Fisher","NCP75",1950,52.6,31563,51.52
"Mallee",2,"John Cotter","DLP","Warwick Hincksman","Lib46",264,7.12,14845,24.23
"Maribyrnong",2,"Alan Tait","DLP","Alan Brass","AD",277,6.96,8928,13.92
"Maribyrnong",2,"Alan Tait","DLP","Moss Cass","ALP",208,5.22,28135,43.88
"Maribyrnong",2,"Alan Tait","DLP","Philip Fitzherbert","Lib46",3497,87.82,27057,42.2
"Maribyrnong",3,"Alan Brass","AD","Moss Cass","ALP",5178,58,33313,51.95
"Maribyrnong",3,"Alan Brass","AD","Philip Fitzherbert","Lib46",3750,42,30807,48.05
"McMillan",2,"Norman Holyoak","Ind","Ronald Dent","AD",191,28.64,9035,14.53
"McMillan",2,"Norman Holyoak","Ind","Richard Elkington","ALP",187,28.04,22186,35.69
"McMillan",2,"Norman Holyoak","Ind","Brian Handley","DLP",181,27.14,3191,5.13
"McMillan",2,"Norman Holyoak","Ind","Barry Simon","Lib46",108,16.19,27758,44.65
"McMillan",3,"Brian Handley","DLP","Ronald Dent","AD",301,9.43,9336,15.02
"McMillan",3,"Brian Handley","DLP","Richard Elkington","ALP",375,11.75,22561,36.29
"McMillan",3,"Brian Handley","DLP","Barry Simon","Lib46",2515,78.82,30273,48.69
"McMillan",4,"Ronald Dent","AD","Richard Elkington","ALP",5532,59.25,28093,45.19
"McMillan",4,"Ronald Dent","AD","Barry Simon","Lib46",3804,40.75,34077,54.81
"Moore",2,"Maurice Brockwell","Prog","Roy Clarke","NCP75",1433,59.07,8963,14.52
"Moore",2,"Maurice Brockwell","Prog","Patricia Edward","AD",334,13.77,7874,12.76
"Moore",2,"Maurice Brockwell","Prog","James Hansen","ALP",155,6.39,14862,24.08
"Moore",2,"Maurice Brockwell","Prog","John Hyde","Lib46",504,20.77,30020,48.64
"Moore",3,"Patricia Edward","AD","Roy Clarke","NCP75",1043,13.25,10006,16.21
"Moore",3,"Patricia Edward","AD","James Hansen","ALP",3414,43.36,18276,29.61
"Moore",3,"Patricia Edward","AD","John Hyde","Lib46",3417,43.4,33437,54.18
"Northern Territory",2,"Ian Smith","Prog","Sam Calder","CLP",417,42.25,16879,48.59
"Northern Territory",2,"Ian Smith","Prog","Josephine Read","AD",290,29.38,2768,7.97
"Northern Territory",2,"Ian Smith","Prog","John Waters","ALP",280,28.37,15091,43.44
"Northern Territory",3,"Josephine Read","AD","Sam Calder","CLP",1371,49.53,18250,52.54
"Northern Territory",3,"Josephine Read","AD","John Waters","ALP",1397,50.47,16488,47.46
"Phillip",2,"Barry Elliott","Ind","Jack Birney","Lib46",290,49.91,31807,48.46
"Phillip",2,"Barry Elliott","Ind","Alan Needham","AD",192,33.05,4856,7.4
"Phillip",2,"Barry Elliott","Ind","Joe Riordan","ALP",99,17.04,28975,44.14
"Phillip",3,"Alan Needham","AD","Jack Birney","Lib46",2320,47.78,34127,51.99
"Phillip",3,"Alan Needham","AD","Joe Riordan","ALP",2536,52.22,31511,48.01
"Riverina",2,"Rodney Lawrence","Ind","John FitzPatrick","ALP",812,51.39,32049,50.11
"Riverina",2,"Rodney Lawrence","Ind","John Sullivan","NCP75",768,48.61,31902,49.89
"Robertson",2,"Trevor Willsher","AD","Malcolm Brooks","Lib46",3207,45.2,33032,47.69
"Robertson",2,"Trevor Willsher","AD","Barry Cohen","ALP",3888,54.8,36229,52.31
"St George",2,"David Kriss","Prog","Ronald Kirwood","AD",242,54.88,4485,6.7
"St George",2,"David Kriss","Prog","Maurice Neil","Lib46",115,26.08,32193,48.06
"St George",2,"David Kriss","Prog","Tony Whitlam","ALP",84,19.05,30311,45.25
"St George",3,"Ronald Kirwood","AD","Maurice Neil","Lib46",2634,58.73,34827,51.99
"St George",3,"Ronald Kirwood","AD","Tony Whitlam","ALP",1851,41.27,32162,48.01
"Swan",2,"Bryan Scott-Courtland","Prog","William Deller","Ind",122,10.22,2596,4.07
"Swan",2,"Bryan Scott-Courtland","Prog","Patricia Fowkes","ALP",144,12.06,25420,39.81
"Swan",2,"Bryan Scott-Courtland","Prog","Hubert Lennerts","AD",189,15.83,7715,12.08
"Swan",2,"Bryan Scott-Courtland","Prog","John Martyr","Lib46",739,61.89,28124,44.04
"Swan",3,"William Deller","Ind","Patricia Fowkes","ALP",2052,79.04,27472,43.02
"Swan",3,"William Deller","Ind","Hubert Lennerts","AD",340,13.1,8055,12.61
"Swan",3,"William Deller","Ind","John Martyr","Lib46",204,7.86,28328,44.36
"Swan",4,"Hubert Lennerts","AD","Patricia Fowkes","ALP",4116,51.1,31588,49.47
"Swan",4,"Hubert Lennerts","AD","John Martyr","Lib46",3939,48.9,32267,50.53
"Tangney",2,"Geoffrey McNeil","Prog","Duncan Graham","ALP",616,26.09,22563,34.15
"Tangney",2,"Geoffrey McNeil","Prog","Peter Shack","Lib46",1412,59.81,33610,50.87
"Tangney",2,"Geoffrey McNeil","Prog","Geoffrey Taylor","AD",333,14.1,9894,14.98
