"Seat","Count","From_candidate","From_party","To_candidate","To_party","Transferred_votes","Transferred_perc","New_votes","New_vote_perc"
"Darling Downs",2,"Sir Littleton Groom","Ind Nat","Evan Llewelyn","ALP",4655,50.11,17393,42.15
"Darling Downs",2,"Sir Littleton Groom","Ind Nat","Arthur Morgan","Nat",4635,49.89,23873,57.85
"Flinders",2,"Joseph Burch","Ind Lib22","Stanley Bruce","Nat",1011,44.6,31065,49.76
"Flinders",2,"Joseph Burch","Ind Lib22","Jack Holloway","ALP",1256,55.4,31370,50.24
"Henty",2,"William Bolton","Ind Nat","Billy Duggan","ALP",2479,56.92,35674,48.8
"Henty",2,"William Bolton","Ind Nat","Henry Gullett","Nat",1876,43.08,37433,51.2
"Indi",2,"Leslie Sambell","CP","Robert Cook","CP",998,45.78,12491,31.93
"Indi",2,"Leslie Sambell","CP","Paul Jones","ALP",218,10,19537,49.95
"Indi",2,"Leslie Sambell","CP","Arthur Walter","CP",964,44.22,7088,18.12
"Indi",3,"Arthur Walter","CP","Robert Cook","CP",6515,91.92,19006,48.59
"Indi",3,"Arthur Walter","CP","Paul Jones","ALP",573,8.08,20110,51.41
"Perth",2,"John McCoo","Ind","Edward Mann","Ind Nat",226,43.3,7871,20.66
"Perth",2,"John McCoo","Ind","Walter Nairn","Nat",153,29.31,13674,35.89
"Perth",2,"John McCoo","Ind","Ted Needham","ALP",143,27.39,16554,43.45
"Perth",3,"Edward Mann","Ind Nat","Walter Nairn","Nat",5580,70.89,19254,50.54
"Perth",3,"Edward Mann","Ind Nat","Ted Needham","ALP",2291,29.11,18845,49.46
"Wakefield",2,"Maurice Collins","CP","Charles Hawker","Nat",7130,75.55,19547,56.89
"Wakefield",2,"Maurice Collins","CP","Sydney McHugh","ALP",2307,24.45,14810,43.11
