"Seat","Count","From_candidate","From_party","To_candidate","To_party","Transferred_votes","Transferred_perc","New_votes","New_vote_perc"
"Adelaide",2,"John Zwolsman","CPA","Agnes Goode","Ind",112,17.1,2561,6.78
"Adelaide",2,"John Zwolsman","CPA","Tom Howard","LL31",181,27.63,3239,8.58
"Adelaide",2,"John Zwolsman","CPA","Fred Stacey","EC",19,2.9,15926,42.17
"Adelaide",2,"John Zwolsman","CPA","Crawford Vaughan","Ind EC",27,4.12,4527,11.99
"Adelaide",2,"John Zwolsman","CPA","Edwin Yates","ALP",316,48.24,11509,30.48
"Adelaide",3,"Agnes Goode","Ind","Tom Howard","LL31",829,32.37,4068,10.77
"Adelaide",3,"Agnes Goode","Ind","Fred Stacey","EC",946,36.94,16872,44.68
"Adelaide",3,"Agnes Goode","Ind","Crawford Vaughan","Ind EC",496,19.37,5023,13.3
"Adelaide",3,"Agnes Goode","Ind","Edwin Yates","ALP",290,11.32,11799,31.25
"Adelaide",4,"Tom Howard","LL31","Fred Stacey","EC",1056,25.96,17928,47.48
"Adelaide",4,"Tom Howard","LL31","Crawford Vaughan","Ind EC",181,4.45,5204,13.78
"Adelaide",4,"Tom Howard","LL31","Edwin Yates","ALP",2831,69.59,14630,38.74
"Adelaide",5,"Crawford Vaughan","Ind EC","Fred Stacey","EC",4595,88.3,22523,59.64
"Adelaide",5,"Crawford Vaughan","Ind EC","Edwin Yates","ALP",609,11.7,15239,40.36
"Ballaarat",2,"Henry Bromfield","CP","Charles McGrath","UAP31",5599,84.73,24859,63.29
"Ballaarat",2,"Henry Bromfield","CP","Stewart Miller","ALP",1009,15.27,14418,36.71
"Barton",2,"James Tully","ALP","John Eldridge","LL31",8565,66.51,31234,46.78
"Barton",2,"James Tully","ALP","Albert Lane","UAP31",4312,33.49,35538,53.22
"Bass",2,"Harold Solomon","Nat","Claude Barnard","ALP",1078,21.42,7841,35.5
"Bass",2,"Harold Solomon","Nat","Allan Guy","UAP31",3954,78.58,14247,64.5
"Batman",2,"Jim Hannan","CPA","Frank Blake","ADP31",297,25.69,2620,4.24
"Batman",2,"Jim Hannan","CPA","Frank Brennan","ALP",623,53.89,28821,46.62
"Batman",2,"Jim Hannan","CPA","Samuel Dennis","UAP31",236,20.42,30384,49.15
"Batman",3,"Frank Blake","ADP31","Frank Brennan","ALP",1611,61.49,30432,49.22
"Batman",3,"Frank Blake","ADP31","Samuel Dennis","UAP31",1009,38.51,31393,50.78
"Bourke",2,"James Adie","CPA","Frank Anstey","ALP",1149,69.89,28097,49.71
"Bourke",2,"James Adie","CPA","Roy Ivey","UAP31",214,13.02,25786,45.62
"Bourke",2,"James Adie","CPA","Walter Norman","Ind",281,17.09,2638,4.67
"Bourke",3,"Walter Norman","Ind","Frank Anstey","ALP",800,30.33,28897,51.13
"Bourke",3,"Walter Norman","Ind","Roy Ivey","UAP31",1838,69.67,27624,48.87
"Brisbane",2,"Hugh Talty","LL31","Donald Cameron","UAP31",186,10.78,20151,49.34
"Brisbane",2,"Hugh Talty","LL31","George Lawson","ALP",1539,89.22,20691,50.66
"Cook",2,"Tom Wright","CPA","Jock Garden","LL31",323,60.26,19675,48.69
"Cook",2,"Tom Wright","CPA","Edward Riley","ALP",78,14.55,12609,31.21
"Cook",2,"Tom Wright","CPA","Charles Robinson","UAP31",135,25.19,8121,20.1
"Cook",3,"Charles Robinson","UAP31","Jock Garden","LL31",170,2.09,19845,49.12
"Cook",3,"Charles Robinson","UAP31","Edward Riley","ALP",7951,97.91,20560,50.88
"Corio",2,"John Lister","Ind UAP31","Richard Casey","UAP31",11889,83.78,30613,60.57
"Corio",2,"John Lister","Ind UAP31","Arthur Lewis","ALP",2302,16.22,19925,39.43
"Dalley",2,"Jack Sylvester","CPA","William Little","Ind Nat",100,14.9,1002,2.7
"Dalley",2,"Jack Sylvester","CPA","Sidney Massey","UAP31",43,6.41,10502,28.28
"Dalley",2,"Jack Sylvester","CPA","Sol Rosevear","LL31",421,62.74,18256,49.16
"Dalley",2,"Jack Sylvester","CPA","Ted Theodore","ALP",107,15.95,7379,19.87
"Dalley",3,"William Little","Ind Nat","Sidney Massey","UAP31",826,82.44,11328,30.5
"Dalley",3,"William Little","Ind Nat","Sol Rosevear","LL31",105,10.48,18361,49.44
"Dalley",3,"William Little","Ind Nat","Ted Theodore","ALP",71,7.09,7450,20.06
"Dalley",4,"Ted Theodore","ALP","Sidney Massey","UAP31",2027,27.21,13355,35.96
"Dalley",4,"Ted Theodore","ALP","Sol Rosevear","LL31",5423,72.79,23784,64.04
"Darling",2,"Ted Tripp","CPA","Arthur Blakeley","ALP",112,21.46,14693,41.11
"Darling",2,"Ted Tripp","CPA","Harold Campbell","CP",75,14.37,11922,33.35
"Darling",2,"Ted Tripp","CPA","Richard Quintrell","LL31",335,64.18,9130,25.54
"Darling",3,"Richard Quintrell","LL31","Arthur Blakeley","ALP",8135,89.1,22828,63.86
"Darling",3,"Richard Quintrell","LL31","Harold Campbell","CP",995,10.9,12917,36.14
"East Sydney",2,"George Buckland","ALP","John Clasby","UAP31",2854,55.83,19831,51.67
"East Sydney",2,"George Buckland","ALP","Eddie Ward","LL31",2258,44.17,18549,48.33
"Echuca",2,"John Fitzpatrick","Ind UAP31","William Hill","CP",1190,54.89,17306,42.64
"Echuca",2,"John Fitzpatrick","Ind UAP31","William Moss","Ind CP",489,22.56,8509,20.97
"Echuca",2,"John Fitzpatrick","Ind UAP31","Galloway Stewart","Ind CP",489,22.56,14767,36.39
"Echuca",3,"William Moss","Ind CP","William Hill","CP",3972,46.68,21278,52.43
"Echuca",3,"William Moss","Ind CP","Galloway Stewart","Ind CP",4537,53.32,19304,47.57
"Eden-Monaro",2,"Arthur Christian","CP","Gerald O'Sullivan","ALP",2242,19.78,14861,36.39
"Eden-Monaro",2,"Arthur Christian","CP","John Perkins","UAP31",9092,80.22,25980,63.61
"Fremantle",2,"Keith Watson","Ind","John Curtin","ALP",1129,9.13,20271,44.45
"Fremantle",2,"Keith Watson","Ind","William Watson","UAP31",11236,90.87,25328,55.55
"Grey",2,"Alfred Barns","Ind","James Hodgson","STL",775,59.98,4449,13.07
"Grey",2,"Alfred Barns","Ind","Andrew Lacey","ALP",147,11.38,12838,37.73
"Grey",2,"Alfred Barns","Ind","Philip McBride","EC",370,28.64,16742,49.2
"Grey",3,"James Hodgson","STL","Andrew Lacey","ALP",1631,36.66,14469,42.52
"Grey",3,"James Hodgson","STL","Philip McBride","EC",2818,63.34,19560,57.48
"Gwydir",2,"Arnold Brown","CP","Aubrey Abbott","CP",3698,94.82,22019,54.85
"Gwydir",2,"Arnold Brown","CP","Edward Cummins","LL31",66,1.69,7997,19.92
"Gwydir",2,"Arnold Brown","CP","Lou Cunningham","ALP",136,3.49,10131,25.23
"Hunter",2,"Harris Burnham","CPA","Arnold Bailey","Ind",557,29.46,19436,40.34
"Hunter",2,"Harris Burnham","CPA","Allan Howie","ALP",419,22.16,4632,9.61
"Hunter",2,"Harris Burnham","CPA","Rowley James","LL31",915,48.39,24109,50.04
"Indi",2,"Arthur Walter","CP","William Hutchinson","UAP31",7256,90.58,25405,62.96
"Indi",2,"Arthur Walter","CP","Paul Jones","ALP",755,9.42,14945,37.04
"Lang",2,"Alfred Bennett","UAP31","Dick Dein","UAP31",7839,92.89,20697,47.89
"Lang",2,"Alfred Bennett","UAP31","William Long","ALP",502,5.95,9171,21.22
"Lang",2,"Alfred Bennett","UAP31","Dan Mulcahy","LL31",98,1.16,13347,30.89
"Lang",3,"William Long","ALP","Dick Dein","UAP31",2707,29.52,23404,54.16
"Lang",3,"William Long","ALP","Dan Mulcahy","LL31",6464,70.48,19811,45.84
"Macquarie",2,"Robert Deveney","CPA","Ben Chifley","ALP",157,31.46,11242,28.46
"Macquarie",2,"Robert Deveney","CPA","John Lawson","UAP31",78,15.63,19459,49.26
"Macquarie",2,"Robert Deveney","CPA","Tony Luchetti","LL31",264,52.91,8803,22.28
"Macquarie",3,"Tony Luchetti","LL31","Ben Chifley","ALP",8282,94.08,19524,49.42
"Macquarie",3,"Tony Luchetti","LL31","John Lawson","UAP31",521,5.92,19980,50.58
"Maribyrnong",2,"William Scott","ADP31","William Beckett","ALP",504,46.07,26746,49.58
"Maribyrnong",2,"William Scott","ADP31","James Fenton","UAP31",590,53.93,27195,50.42
"Martin",2,"James Catts","ALP","Mac Abbott","UAP31",1551,21.85,17292,27.35
"Martin",2,"James Catts","ALP","Charles Hankin","LL31",4609,64.93,18909,29.91
"Martin",2,"James Catts","ALP","William Holman","UAP31",938,13.21,27013,42.73
"Martin",3,"Mac Abbott","UAP31","Charles Hankin","LL31",2419,13.99,21328,33.74
"Martin",3,"Mac Abbott","UAP31","William Holman","UAP31",14873,86.01,41886,66.26
"Newcastle",2,"Jack Simpson","CPA","Rowland Clark","AAL",70,7.69,10796,21.51
"Newcastle",2,"Jack Simpson","CPA","James Kidd","LL31",545,59.89,13778,27.45
"Newcastle",2,"Jack Simpson","CPA","Walter Skelton","Ind ALP",112,12.31,10149,20.22
"Newcastle",2,"Jack Simpson","CPA","David Watkins","ALP",183,20.11,15473,30.83
"Newcastle",3,"Walter Skelton","Ind ALP","Rowland Clark","AAL",5837,57.51,16633,33.14
"Newcastle",3,"Walter Skelton","Ind ALP","James Kidd","LL31",802,7.9,14580,29.05
"Newcastle",3,"Walter Skelton","Ind ALP","David Watkins","ALP",3510,34.58,18983,37.82
"Newcastle",4,"James Kidd","LL31","Rowland Clark","AAL",1369,9.39,18002,35.86
"Newcastle",4,"James Kidd","LL31","David Watkins","ALP",13211,90.61,32194,64.14
"North Sydney",2,"Norman Nelson","LL31","Norman Cowper","UAP31",3543,27.91,23267,42.51
"North Sydney",2,"Norman Nelson","LL31","Billy Hughes","UAP31",9153,72.09,31470,57.49
"Reid",2,"Percy Coleman","ALP","Joe Gander","LL31",12942,65.62,38974,55.3
"Reid",2,"Percy Coleman","ALP","Robert Uebel","UAP31",6782,34.38,31499,44.7
"Richmond",2,"Leonard Greening","CP","Jim Fredericks","Ind",57,4.16,8440,20.69
"Richmond",2,"Leonard Greening","CP","Robert Gibson","CP",505,36.86,11379,27.89
"Richmond",2,"Leonard Greening","CP","Roland Green","CP",523,38.18,14865,36.43
"Richmond",2,"Leonard Greening","CP","Percy Tighe","CP",285,20.8,6115,14.99
"Richmond",3,"Percy Tighe","CP","Jim Fredericks","Ind",1336,21.85,9776,23.96
"Richmond",3,"Percy Tighe","CP","Robert Gibson","CP",2078,33.98,13457,32.98
"Richmond",3,"Percy Tighe","CP","Roland Green","CP",2701,44.17,17566,43.05
"Richmond",4,"Jim Fredericks","Ind","Robert Gibson","CP",6780,69.35,20237,49.6
"Richmond",4,"Jim Fredericks","Ind","Roland Green","CP",2996,30.65,20562,50.4
"Riverina",2,"Louis Levy","ALP","Robert Hankinson","CP",669,11.24,15447,35.82
"Riverina",2,"Louis Levy","ALP","John Heiss","LL31",4557,76.58,13439,31.16
"Riverina",2,"Louis Levy","ALP","Horace Nock","CP",725,12.18,14243,33.02
"Riverina",3,"John Heiss","LL31","Robert Hankinson","CP",5561,41.38,21008,48.71
"Riverina",3,"John Heiss","LL31","Horace Nock","CP",7878,58.62,22121,51.29
"South Sydney",2,"Edward Riley","ALP","John Jennings","UAP31",3186,30.31,29897,55.07
"South Sydney",2,"Edward Riley","ALP","John Stewart","LL31",7326,69.69,24397,44.93
"Wannon",2,"Arthur Rodgers","CP","John McNeill","ALP",1286,10.18,16058,37.69
"Wannon",2,"Arthur Rodgers","CP","Thomas Scholfield","UAP31",11341,89.82,26546,62.31
"Werriwa",2,"Mont Sheppard","Ind AAL","Bert Lazzarini","LL31",61,12.3,19009,41.81
"Werriwa",2,"Mont Sheppard","Ind AAL","Walter McNicoll","CP",309,62.3,22071,48.55
"Werriwa",2,"Mont Sheppard","Ind AAL","Ernest Tully","ALP",126,25.4,4380,9.63
"Werriwa",3,"Ernest Tully","ALP","Bert Lazzarini","LL31",2933,66.96,21942,48.27
"Werriwa",3,"Ernest Tully","ALP","Walter McNicoll","CP",1447,33.04,23518,51.73
"Wimmera",2,"William McCann","CP","Alexander Dowsley","Ind",715,24.6,13299,29.19
"Wimmera",2,"William McCann","CP","Samuel Lockhart","CP",788,27.12,6021,13.22
"Wimmera",2,"William McCann","CP","Hugh McClelland","CP",1009,34.72,13080,28.71
"Wimmera",2,"William McCann","CP","William Morgan","UAP31",394,13.56,13157,28.88
"Wimmera",3,"Samuel Lockhart","CP","Alexander Dowsley","Ind",1273,21.14,14572,31.99
"Wimmera",3,"Samuel Lockhart","CP","Hugh McClelland","CP",4198,69.72,17278,37.93
"Wimmera",3,"Samuel Lockhart","CP","William Morgan","UAP31",550,9.13,13707,30.09
"Wimmera",4,"William Morgan","UAP31","Alexander Dowsley","Ind",2848,20.78,17420,38.24
"Wimmera",4,"William Morgan","UAP31","Hugh McClelland","CP",10859,79.22,28137,61.76
