"Seat","Count","From_candidate","From_party","To_candidate","To_party","Transferred_votes","Transferred_perc","New_votes","New_vote_perc"
"Adelaide",2,"David Middleton","AP","Robert Hercus","LM",156,29.71,3973,6.88
"Adelaide",2,"David Middleton","AP","Chris Hurford","ALP",227,43.24,28848,49.92
"Adelaide",2,"David Middleton","AP","Harold Steele","Lib46",142,27.05,24967,43.2
"Adelaide",3,"Robert Hercus","LM","Chris Hurford","ALP",1639,41.25,30487,52.76
"Adelaide",3,"Robert Hercus","LM","Harold Steele","Lib46",2334,58.75,27301,47.24
"Bendigo",2,"Leslie Irlam","Ind","Stewart Anderson","ALP",101,38.4,25261,42.64
"Bendigo",2,"Leslie Irlam","Ind","John Bourchier","Lib46",59,22.43,28653,48.37
"Bendigo",2,"Leslie Irlam","Ind","Paul Brennan","DLP",39,14.83,2702,4.56
"Bendigo",2,"Leslie Irlam","Ind","Henry O'Halloran","NCP75",64,24.33,2627,4.43
"Bendigo",3,"Henry O'Halloran","NCP75","Stewart Anderson","ALP",110,4.19,25371,42.83
"Bendigo",3,"Henry O'Halloran","NCP75","John Bourchier","Lib46",2286,87.02,30939,52.22
"Bendigo",3,"Henry O'Halloran","NCP75","Paul Brennan","DLP",231,8.79,2933,4.95
"Bowman",2,"Donald Wright","WP","James Dean","NCP75",439,41.97,7974,10.24
"Bowman",2,"Donald Wright","WP","David Jull","Lib46",318,30.4,36776,47.23
"Bowman",2,"Donald Wright","WP","Len Keogh","ALP",289,27.63,33114,42.53
"Bowman",3,"James Dean","NCP75","David Jull","Lib46",7662,96.09,44438,57.07
"Bowman",3,"James Dean","NCP75","Len Keogh","ALP",312,3.91,33426,42.93
"Brisbane",2,"Rodney Jeanneret","WP","Manfred Cross","ALP",206,20.6,25008,45.68
"Brisbane",2,"Rodney Jeanneret","WP","Peter Johnson","Lib46",269,26.9,24399,44.57
"Brisbane",2,"Rodney Jeanneret","WP","Harold Porter","NCP75",525,52.5,5338,9.75
"Brisbane",3,"Harold Porter","NCP75","Manfred Cross","ALP",242,4.53,25250,46.12
"Brisbane",3,"Harold Porter","NCP75","Peter Johnson","Lib46",5096,95.47,29495,53.88
"Calare",2,"James Ashton","Lib46","Francis Hall","ALP",2002,13.99,20847,40.67
"Calare",2,"James Ashton","Lib46","Sandy Mackenzie","NCP75",12307,86.01,30413,59.33
"Canberra",2,"Oleg Kavenenko","WP","Kep Enderby","ALP",49,13,23566,45.32
"Canberra",2,"Oleg Kavenenko","WP","Anthony Harris","LM",42,11.14,1614,3.1
"Canberra",2,"Oleg Kavenenko","WP","John Haslem","Lib46",197,52.25,25894,49.79
"Canberra",2,"Oleg Kavenenko","WP","John Moloney","Ind",60,15.92,466,0.9
"Canberra",2,"Oleg Kavenenko","WP","Kevin Wise","Ind",29,7.69,463,0.89
"Canberra",3,"Kevin Wise","Ind","Kep Enderby","ALP",49,10.58,23615,45.41
"Canberra",3,"Kevin Wise","Ind","Anthony Harris","LM",62,13.39,1676,3.22
"Canberra",3,"Kevin Wise","Ind","John Haslem","Lib46",79,17.06,25973,49.95
"Canberra",3,"Kevin Wise","Ind","John Moloney","Ind",273,58.96,739,1.42
"Canberra",4,"John Moloney","Ind","Kep Enderby","ALP",203,27.47,23818,45.8
"Canberra",4,"John Moloney","Ind","Anthony Harris","LM",213,28.82,1889,3.63
"Canberra",4,"John Moloney","Ind","John Haslem","Lib46",323,43.71,26296,50.57
"Canning",2,"John Hallett","NCP75","Marilyn Anthony","ALP",1029,7.48,18945,31.75
"Canning",2,"John Hallett","NCP75","Mel Bungey","Lib46",12719,92.52,40721,68.25
"Capricornia",2,"Alfred Millroy","Lib46","Colin Carige","NCP75",12855,93.59,27890,50.12
"Capricornia",2,"Alfred Millroy","Lib46","Doug Everingham","ALP",880,6.41,27754,49.88
"Corio",2,"Guenter Sahr","AP","Gordon Hall","Lib46",211,34.93,29118,46.5
"Corio",2,"Guenter Sahr","AP","Gordon Scholes","ALP",340,56.29,31028,49.55
"Corio",2,"Guenter Sahr","AP","John Timberlake","DLP",53,8.77,2478,3.96
"Corio",3,"John Timberlake","DLP","Gordon Hall","Lib46",2184,88.14,31302,49.98
"Corio",3,"John Timberlake","DLP","Gordon Scholes","ALP",294,11.86,31322,50.02
"Dawson",2,"Colin Bailey","Ind","Ray Braithwaite","NCP75",561,68.33,24583,41.96
"Dawson",2,"Colin Bailey","Ind","Noel McFarlane","NCP75",114,13.89,7050,12.03
"Dawson",2,"Colin Bailey","Ind","Rex Patterson","ALP",146,17.78,26956,46.01
"Dawson",3,"Noel McFarlane","NCP75","Ray Braithwaite","NCP75",6818,96.71,31401,53.6
"Dawson",3,"Noel McFarlane","NCP75","Rex Patterson","ALP",232,3.29,27188,46.4
"Eden-Monaro",2,"Frederick Dawson","Ind","John Moore","NCP75",644,64.85,12652,20.63
"Eden-Monaro",2,"Frederick Dawson","Ind","Murray Sainsbury","Lib46",134,13.49,21795,35.54
"Eden-Monaro",2,"Frederick Dawson","Ind","Bob Whan","ALP",215,21.65,26884,43.83
"Eden-Monaro",3,"John Moore","NCP75","Murray Sainsbury","Lib46",12264,96.93,34059,55.53
"Eden-Monaro",3,"John Moore","NCP75","Bob Whan","ALP",388,3.07,27272,44.47
"Farrer",2,"Michael Donelan","AP","Kevin Bowtell","NCP75",92,22.28,10495,17.63
"Farrer",2,"Michael Donelan","AP","Patrick Brassil","ALP",176,42.62,18276,30.71
"Farrer",2,"Michael Donelan","AP","Wal Fife","Lib46",87,21.07,29657,49.83
"Farrer",2,"Michael Donelan","AP","Anthony Quinn","DLP",24,5.81,543,0.91
"Farrer",2,"Michael Donelan","AP","Arthur Robinson","WP",34,8.23,548,0.92
"Farrer",3,"Anthony Quinn","DLP","Kevin Bowtell","NCP75",102,18.78,10597,17.8
"Farrer",3,"Anthony Quinn","DLP","Patrick Brassil","ALP",31,5.71,18307,30.76
"Farrer",3,"Anthony Quinn","DLP","Wal Fife","Lib46",325,59.85,29982,50.37
"Farrer",3,"Anthony Quinn","DLP","Arthur Robinson","WP",85,15.65,633,1.06
"Franklin",2,"Peter Mollon","WP","Margaret Franklin","NCP75",26,15.2,992,2.06
"Franklin",2,"Peter Mollon","WP","Bruce Goodluck","Lib46",62,36.26,23891,49.49
"Franklin",2,"Peter Mollon","WP","Joseph Hand","NCP75",24,14.04,317,0.66
"Franklin",2,"Peter Mollon","WP","Ray Sherry","ALP",59,34.5,23070,47.79
"Franklin",3,"Joseph Hand","NCP75","Margaret Franklin","NCP75",117,36.91,1109,2.3
"Franklin",3,"Joseph Hand","NCP75","Bruce Goodluck","Lib46",149,47,24040,49.8
"Franklin",3,"Joseph Hand","NCP75","Ray Sherry","ALP",51,16.09,23121,47.9
"Franklin",4,"Margaret Franklin","NCP75","Bruce Goodluck","Lib46",970,87.47,25010,51.81
"Franklin",4,"Margaret Franklin","NCP75","Ray Sherry","ALP",139,12.53,23260,48.19
"Grey",2,"Arnold Eckersley","LM","Dennis Burman","Lib46",1776,74.91,28214,49.51
"Grey",2,"Arnold Eckersley","LM","Laurie Wallis","ALP",595,25.09,28777,50.49
"Hawker",2,"Stewart Leggett","LM","Ralph Jacobi","ALP",938,24.11,29974,51
"Hawker",2,"Stewart Leggett","LM","Craig Speil","Lib46",2952,75.89,28794,49
"Holt",2,"Robert Fidler","DLP","Max Oldmeadow","ALP",1538,35.41,39607,48.39
"Holt",2,"Robert Fidler","DLP","William Yates","Lib46",2805,64.59,42241,51.61
"Kingston",2,"Verna Oakley","Ind","Rodney Adam","LM",113,16.24,6525,9.03
"Kingston",2,"Verna Oakley","Ind","Grant Chapman","Lib46",448,64.37,35341,48.88
"Kingston",2,"Verna Oakley","Ind","Richard Gun","ALP",135,19.4,30431,42.09
"Kingston",3,"Rodney Adam","LM","Grant Chapman","Lib46",5591,85.69,40932,56.62
"Kingston",3,"Rodney Adam","LM","Richard Gun","ALP",934,14.31,31365,43.38
"Leichhardt",2,"Bernard Marsh","DLP","Clarence Grogan","Ind",44,6.82,1026,1.84
"Leichhardt",2,"Bernard Marsh","DLP","Laurence Hoins","Lib46",139,21.55,7057,12.65
"Leichhardt",2,"Bernard Marsh","DLP","David Thomson","NCP75",378,58.6,21696,38.89
"Leichhardt",2,"Bernard Marsh","DLP","Bill Wood","ALP",84,13.02,26004,46.62
"Leichhardt",3,"Clarence Grogan","Ind","Laurence Hoins","Lib46",646,62.96,7703,13.81
"Leichhardt",3,"Clarence Grogan","Ind","David Thomson","NCP75",109,10.62,21805,39.09
"Leichhardt",3,"Clarence Grogan","Ind","Bill Wood","ALP",271,26.41,26275,47.1
"Leichhardt",4,"Laurence Hoins","Lib46","David Thomson","NCP75",7399,96.05,29204,52.35
"Leichhardt",4,"Laurence Hoins","Lib46","Bill Wood","ALP",304,3.95,26579,47.65
"Maribyrnong",2,"Thomas Archay","AP","Moss Cass","ALP",1202,70.71,30730,51.49
"Maribyrnong",2,"Thomas Archay","AP","John Gray","Lib46",377,22.18,25467,42.67
"Maribyrnong",2,"Thomas Archay","AP","Lucia Hayward","DLP",121,7.12,3484,5.84
"McMillan",2,"David Little","Ind","Arthur Hewson","NCP75",149,28.38,13120,23.2
"McMillan",2,"David Little","Ind","Les Hilton","DLP",100,19.05,2327,4.12
"McMillan",2,"David Little","Ind","William Rutherford","ALP",144,27.43,22546,39.88
"McMillan",2,"David Little","Ind","Barry Simon","Lib46",132,25.14,18547,32.8
"McMillan",3,"Les Hilton","DLP","Arthur Hewson","NCP75",2022,86.89,15142,26.78
"McMillan",3,"Les Hilton","DLP","William Rutherford","ALP",143,6.15,22689,40.13
"McMillan",3,"Les Hilton","DLP","Barry Simon","Lib46",162,6.96,18709,33.09
"McMillan",4,"Arthur Hewson","NCP75","William Rutherford","ALP",1781,11.76,24470,43.28
"McMillan",4,"Arthur Hewson","NCP75","Barry Simon","Lib46",13361,88.24,32070,56.72
"Robertson",2,"Raymond Louis","WP","Hugh Chalmers","Lib46",531,61.18,39862,48.28
"Robertson",2,"Raymond Louis","WP","Barry Cohen","ALP",138,15.9,41339,50.07
"Robertson",2,"Raymond Louis","WP","Phillip Smith","Ind",199,22.93,1365,1.65
"Ryan",2,"David Boughen","WP","Douglas MacTaggart","NCP75",2151,73.74,17131,23.82
"Ryan",2,"David Boughen","WP","John Moore","Lib46",428,14.67,31524,43.84
"Ryan",2,"David Boughen","WP","Colin Taylor","ALP",338,11.59,23252,32.34
"Ryan",3,"Douglas MacTaggart","NCP75","John Moore","Lib46",16311,95.21,47835,66.52
"Ryan",3,"Douglas MacTaggart","NCP75","Colin Taylor","ALP",820,4.79,24072,33.48
"St George",2,"Keith Gleeson","WP","Bill Morrison","ALP",725,54.19,28928,49.95
"St George",2,"Keith Gleeson","WP","Maurice Neil","Lib46",613,45.81,28984,50.05
"Swan",2,"Peter Masson","NCP75","Adrian Bennett","ALP",418,16.5,30372,47.9
"Swan",2,"Peter Masson","NCP75","John Martyr","Lib46",2115,83.5,33029,52.1
