"Seat","Count","From_candidate","From_party","To_candidate","To_party","Transferred_votes","Transferred_perc","New_votes","New_vote_perc"
"Ballaarat",2,"Bob Joshua","ALPAC","Austin Dowling","ALP",1668,17.1,17354,42.12
"Ballaarat",2,"Bob Joshua","ALPAC","Dudley Erwin","Lib46",8089,82.9,23852,57.88
"Barton",2,"Eric Trembath","Ind","William Arthur","Lib46",1211,73.17,21114,49.73
"Barton",2,"Eric Trembath","Ind","H. V. Evatt","ALP",444,26.83,21340,50.27
"Batman",2,"Tom Walsh","ALPAC","Alan Bird","ALP",851,12.99,22146,51.72
"Batman",2,"Tom Walsh","ALPAC","Fred Capp","Lib46",5702,87.01,20674,48.28
"Bendigo",2,"Jim Brosnan","ALPAC","Percy Clarey","ALP",2069,37.6,21075,51.22
"Bendigo",2,"Jim Brosnan","ALPAC","Bill Day","Lib46",3433,62.4,20070,48.78
"Bruce",2,"Reginald Kearney","ALPAC","Keith Ewert","ALP",1295,26.58,19630,44.28
"Bruce",2,"Reginald Kearney","ALPAC","Billy Snedden","Lib46",3578,73.42,24705,55.72
"Corio",2,"Francis Singleton","ALPAC","Charles Loader","ALP",706,17.97,17338,42.79
"Corio",2,"Francis Singleton","ALPAC","Hubert Opperman","Lib46",3223,82.03,23182,57.21
"Darebin",2,"Tom Andrews","ALPAC","Robert Holt","ALP",4625,43.39,24948,58.75
"Darebin",2,"Tom Andrews","ALPAC","Charles White","Lib46",6035,56.61,17516,41.25
"Fawkner",2,"Patrick Thompson","ALP","Bill Bourke","ALPAC",7785,76.84,18235,47.7
"Fawkner",2,"Patrick Thompson","ALP","Peter Howson","Lib46",2347,23.16,19992,52.3
"Hughes",2,"Robert Mackie","Ind","Keith Bates","Lib46",343,38.98,20183,47.52
"Hughes",2,"Robert Mackie","Ind","Les Johnson","ALP",389,44.2,20938,49.3
"Hughes",2,"Robert Mackie","Ind","Alf Watt","CPA",148,16.82,1349,3.18
"Hughes",3,"Alf Watt","CPA","Keith Bates","Lib46",122,9.04,20305,47.81
"Hughes",3,"Alf Watt","CPA","Les Johnson","ALP",1227,90.96,22165,52.19
"Lalor",2,"William Lloyd","ALPAC","Peter Kemp","Lib46",5060,86.57,21013,49.06
"Lalor",2,"William Lloyd","ALPAC","Reg Pollard","ALP",785,13.43,21821,50.94
"Leichhardt",2,"Frank Falls","CPA","Harry Bruce","ALP",676,89.06,19188,51.7
"Leichhardt",2,"Frank Falls","CPA","Tom Gilmore","CP",83,10.94,17927,48.3
"Maranoa",2,"Paul Bauers","Ind","Wilfred Brimblecombe","CP",2233,55.34,17596,51.06
"Maranoa",2,"Paul Bauers","Ind","Charles Russell","Ind",1802,44.66,16868,48.94
"Maribyrnong",2,"David Purcell","ALPAC","Arthur Drakeford","ALP",1094,17.6,20108,49.86
"Maribyrnong",2,"David Purcell","ALPAC","Philip Stokes","Lib46",5123,82.4,20222,50.14
"Scullin",2,"Phillip Lynch","Lib46","Jack Cremean","ALPAC",6691,89.81,18334,48.26
"Scullin",2,"Phillip Lynch","Lib46","Ted Peters","ALP",759,10.19,19655,51.74
"Wannon",2,"Terence Callander","ALPAC","Roy Cundy","ALP",2050,32.43,16572,40.66
"Wannon",2,"Terence Callander","ALPAC","Malcolm Fraser","Lib46",4272,67.57,24183,59.34
"Wills",2,"Bill Bryson","ALPAC","Gordon Bryant","ALP",2906,28.73,22269,54.37
"Wills",2,"Bill Bryson","ALPAC","Alfred Wall","Lib46",7209,71.27,18687,45.63
"Yarra",2,"Ken Miller","CPA","Jim Cairns","ALP",546,68.94,18909,48.91
"Yarra",2,"Ken Miller","CPA","Stan Keon","ALPAC",130,16.41,10622,27.47
"Yarra",2,"Ken Miller","CPA","James Wilkie","Lib46",116,14.65,9132,23.62
"Yarra",3,"James Wilkie","Lib46","Jim Cairns","ALP",818,8.96,19727,51.02
"Yarra",3,"James Wilkie","Lib46","Stan Keon","ALPAC",8314,91.04,18936,48.98
