"Seat","Candidate","Party","Votes","Vote_perc"
"Adelaide","Baylon Ryan","DLP",3642,10.19
"Adelaide","Joe Sexton","ALP",17869,50
"Adelaide","Ian Wilson","Lib46",14226,39.81
"Angas","Susan Critchley","DLP",2581,6.6
"Angas","Alec Downer","Lib46",23987,61.38
"Angas","Sydney Edwards","Ind",677,1.73
"Angas","Darcy Nielsen","ALP",11832,30.28
"Australian Capital Territory","Anne Dalgarno","Lib46",4383,23.19
"Australian Capital Territory","Phil Day","Ind",2534,13.41
"Australian Capital Territory","Jim Fraser","ALP",11980,63.4
"Balaclava","Percy Joske","Lib46",24722,61.14
"Balaclava","Rex Keane","DLP",4852,12
"Balaclava","Norman Rothfield","ALP",10232,25.31
"Balaclava","Grace Stratton","Ind",626,1.55
"Ballaarat","Donald Drummond","ALP",17903,42.84
"Ballaarat","Dudley Erwin","Lib46",16683,39.92
"Ballaarat","Bob Joshua","DLP",7204,17.24
"Banks","Edgar Booth","Lib46",16322,33.51
"Banks","Pat Clancy","CPA",1634,3.36
"Banks","Dominic Costa","ALP",28338,58.19
"Banks","John Lloyd","DLP",2407,4.94
"Barker","Norman Alcock","ALP",14860,35.66
"Barker","Jim Forbes","Lib46",25146,60.34
"Barker","Frank Marshall","DLP",1670,4.01
"Barton","William Arthur","Lib46",20345,47.3
"Barton","Reginald Lawson","DLP",1454,3.38
"Barton","Len Reynolds","ALP",21213,49.32
"Bass","Leslie Arnold","DLP",2610,7.72
"Bass","Lance Barnard","ALP",18800,55.61
"Bass","Max Bushby","Lib46",12394,36.66
"Batman","Alan Bird","ALP",21902,51.47
"Batman","Fred Capp","Lib46",14443,33.94
"Batman","Tom Walsh","DLP",6205,14.58
"Bendigo","Percy Clarey","ALP",20840,48.54
"Bendigo","Bill Drechsler","DLP",5619,13.09
"Bendigo","Henry Snell","Lib46",16471,38.37
"Bennelong","Harold Coates","ALP",18941,40.57
"Bennelong","John Cramer","Lib46",25518,54.66
"Bennelong","Roderick Gray","DLP",1702,3.65
"Bennelong","Patrick Rossiter","Ind",522,1.12
"Blaxland","Carlyle Dalgleish","DLP",3784,8.75
"Blaxland","Jim Harrison","ALP",27548,63.71
"Blaxland","Winston Pickering","Lib46",11908,27.54
"Bonython","Joseph Buchanan","CPA",2470,5.48
"Bonython","Thomas Foale","Lib46",12781,28.37
"Bonython","Norman Makin","ALP",27598,61.25
"Bonython","Edward Timlin","DLP",2206,4.9
"Boothby","Ralph Dettman","ALP",14958,37.15
"Boothby","George Hodgson","DLP",2907,7.22
"Boothby","John McLeay","Lib46",22401,55.63
"Bowman","Terence Burns","QLP",5002,11.77
"Bowman","Hector Chalmers","ALP",16398,38.58
"Bowman","Noel Condie","ANP58",331,0.78
"Bowman","Malcolm McColm","Lib46",20770,48.87
"Braddon","Ron Davies","ALP",15243,46.82
"Braddon","Frances Lane","DLP",2786,8.56
"Braddon","Aubrey Luck","Lib46",14525,44.62
"Bradfield","Dominique Droulers","DLP",3677,8.1
"Bradfield","Percy Staines","ALP",7338,16.17
"Bradfield","Harry Turner","Lib46",34363,75.73
"Brisbane","Kevin Cairns","Lib46",14235,38.75
"Brisbane","Jim Henderson","CPA",643,1.75
"Brisbane","George Lawson","ALP",17360,47.26
"Brisbane","Geoffrey Maule","QLP",4135,11.26
"Brisbane","John Morgan","ANP58",363,0.99
"Bruce","Henri de Sachau","DLP",8326,13.59
"Bruce","Keith Ewert","ALP",24681,40.29
"Bruce","Billy Snedden","Lib46",28251,46.12
"Calare","John Howse","Lib46",22557,58.06
"Calare","Robert Rygate","ALP",16296,41.94
"Canning","Patrick Cranley","DLP",9447,27.61
"Canning","Len Hamilton","CP",24763,72.39
"Capricornia","Colin Maxwell","ALP",14978,40.61
"Capricornia","Henry Pearce","Lib46",18074,49
"Capricornia","James Verney","QLP",3830,10.38
"Chisholm","Leo Bartley","ALP",11494,28.69
"Chisholm","John Hoare","DLP",4547,11.35
"Chisholm","Sir Wilfrid Kent Hughes","Lib46",24026,59.96
"Corangamite","Patrick Bourke","DLP",7526,17.8
"Corangamite","Elsie Brushfield","Ind",728,1.72
"Corangamite","Dan Mackinnon","Lib46",22724,53.75
"Corangamite","Edwin Morris","ALP",11299,26.73
"Corio","James Mahoney","DLP",5920,13.95
"Corio","Hubert Opperman","Lib46",20019,47.16
"Corio","Bernard O'Leary","ALP",16508,38.89
"Cowper","John Kellett","DLP",3437,8.91
"Cowper","Frank McGuren","ALP",13980,36.25
"Cowper","Sir Earle Page","CP",21152,54.84
"Cunningham","Jack Hough","Lib46",15242,35.14
"Cunningham","Victor Kearney","ALP",25087,57.83
"Cunningham","Bill McDougall","CPA",1336,3.08
"Cunningham","Harold Woods","DLP",1716,3.96
"Curtin","John Antill","DLP",5440,14.09
"Curtin","Paul Hasluck","Lib46",24605,63.71
"Curtin","Frederick Traine","ALP",8576,22.21
"Dalley","Elton Lewis","Lib46",10664,29.02
"Dalley","William O'Connor","ALP",26081,70.98
"Darebin","Tom Andrews","DLP",11710,23.74
"Darebin","Frank Courtnay","ALP",25213,51.12
"Darebin","Gordon Duncan","Lib46",12400,25.14
"Darling","Joe Clark","ALP",24815,70.46
"Darling","Francis O'Donnell","Ind",1349,3.83
"Darling","Elson Whyte","CP",9055,25.71
"Darling Downs","Jack McCafferty","ALP",13623,34.25
"Darling Downs","Reginald Swartz","Lib46",22469,56.49
"Darling Downs","Margaret Walsh","QLP",3680,9.25
"Dawson","Charles Davidson","CP",21424,60.8
"Dawson","Selwyn Ferguson","ALP",10243,29.07
"Dawson","Waller O'Grady","QLP",3569,10.13
"Deakin","Terence Collins","DLP",6877,14.04
"Deakin","Frank Davis","Lib46",24709,50.43
"Deakin","Norm Griffiths","ALP",17411,35.53
"Denison","Max Bound","CPA",1249,3.71
"Denison","Bert Lacey","ALP",11926,35.44
"Denison","Harold Senior","DLP",2775,8.25
"Denison","Athol Townley","Lib46",17705,52.61
"East Sydney","Eddie Maher","CPA",2703,7.63
"East Sydney","Derek Montefiore-Castle","Lib46",8059,22.75
"East Sydney","Mervyn Reid","DLP",2283,6.45
"East Sydney","Eddie Ward","ALP",22377,63.17
"Eden-Monaro","John Donohue","DLP",2250,5.64
"Eden-Monaro","Allan Fraser","ALP",21410,53.68
"Eden-Monaro","Douglas Thomson","Lib46",16221,40.67
"Evans","James Monaghan","ALP",16482,41.82
"Evans","Frederick Osborne","Lib46",20488,51.99
"Evans","Lawrence Pedemont","DLP",2440,6.19
"Farrer","William Brennan","DLP",4412,10.96
"Farrer","David Fairbairn","Lib46",23395,58.13
"Farrer","Robert Garland","ALP",12441,30.91
"Fawkner","Bill Bourke","DLP",6709,18.73
"Fawkner","Peter Howson","Lib46",17312,48.33
"Fawkner","George Smart","ALP",11797,32.94
"Fisher","Charles Adermann","CP",26953,66.13
"Fisher","James Humphries","QLP",3465,8.5
"Fisher","William Weir","ALP",10337,25.36
"Flinders","Nola Barber","ALP",18011,39.16
"Flinders","Thomas Flanagan","DLP",4698,10.21
"Flinders","Robert Lindsay","Lib46",23283,50.62
"Forrest","Arthur Addis","DLP",3600,9.64
"Forrest","Gordon Freeth","Lib46",19273,51.6
"Forrest","Ernest Stapleton","ALP",14480,38.77
"Franklin","Bill Falkinder","Lib46",17484,54.13
"Franklin","Lynda Heaven","ALP",11846,36.67
"Franklin","Henry Scoles","DLP",2973,9.2
"Fremantle","Kim Beazley","ALP",23780,57.22
"Fremantle","Peter Goode","Lib46",16725,40.25
"Fremantle","Paddy Troy","CPA",1051,2.53
"Gellibrand","James Eudey","DLP",6760,16.99
"Gellibrand","Frank Johnson","CPA",758,1.91
"Gellibrand","Hector McIvor","ALP",25054,62.98
"Gellibrand","Barry Maddern","Lib46",7211,18.13
"Gippsland","George Bowden","CP",23869,58.34
"Gippsland","John Hansen","DLP",5785,14.14
"Gippsland","Clement Little","ALP",11258,27.52
"Grayndler","Hal Alexander","CPA",2713,7.33
"Grayndler","Fred Daly","ALP",22908,61.92
"Grayndler","Charles McCafferty","DLP",1220,3.3
"Grayndler","Timothy McCristal","Ind",286,0.77
"Grayndler","Evan MacLaurin","Lib46",9872,26.68
"Grey","David Gunn","Lib46",16233,40.76
"Grey","Richard Mills","DLP",1755,4.41
"Grey","Frank Rieck","Ind",513,1.29
"Grey","Edgar Russell","ALP",21323,53.54
"Griffith","Arthur Chresby","Lib46",15493,39.59
"Griffith","Wilfred Coutts","ALP",18136,46.34
"Griffith","Greg Kehoe","QLP",5507,14.07
"Gwydir","Ian Allan","CP",21304,55.02
"Gwydir","Austin Heffernan","ALP",17414,44.98
"Henty","Max Fox","Lib46",22506,50.55
"Henty","Tom Gilhooley","ALP",16276,36.56
"Henty","Henry Moore","DLP",5742,12.9
"Herbert","Victor Bodero","QLP",5496,14.05
"Herbert","Bill Edmonds","ALP",16249,41.54
"Herbert","Hugh Fay","CPA",702,1.79
"Herbert","John Murray","Lib46",16669,42.61
"Higgins","Harold Holt","Lib46",24486,63.19
"Higgins","Celia Laird","DLP",4701,12.13
"Higgins","Alfred Shiff","ALP",9564,24.68
"Higinbotham","Edwin Lamb","ALP",19600,39.17
"Higinbotham","Frank Timson","Lib46",24770,49.51
"Higinbotham","Desmond Ward","DLP",5665,11.32
"Hindmarsh","Clyde Cameron","ALP",27141,62.45
"Hindmarsh","Francis Moran","DLP",2771,6.38
"Hindmarsh","Alan Smith","Lib46",13550,31.18
"Hughes","John Dwyer","Lib46",22352,42
"Hughes","Les Johnson","ALP",28651,53.83
"Hughes","Kevin O'Connor","DLP",2221,4.17
"Hume","Charles Anderson","CP",19056,48.62
"Hume","Arthur Fuller","ALP",18164,46.34
"Hume","Raymond Nolan","DLP",1974,5.04
"Hunter","William Burke","DLP",4884,11.45
"Hunter","H. V. Evatt","ALP",31740,74.4
"Hunter","John Marsden","Lib46",6036,14.15
"Indi","William Bostock","Lib46",12322,30.62
"Indi","James Ellis","Ind",324,0.81
"Indi","Mac Holten","CP",12420,30.86
"Indi","John McLaren","ALP",9758,24.25
"Indi","Henry Richards","DLP",5416,13.46
"Isaacs","Elias Cowan","Ind",2624,7.21
"Isaacs","William Haworth","Lib46",16534,45.41
"Isaacs","John Hughes","DLP",4316,11.85
"Isaacs","Barry Jones","ALP",12933,35.52
"Kalgoorlie","Antonius Berkhout","DLP",3363,11.89
"Kalgoorlie","Peter Browne","Lib46",10337,36.56
"Kalgoorlie","Fred Collard","ALP",12519,44.28
"Kalgoorlie","Harold Illingworth","Ind",2056,7.27
"Kennedy","Alexander Hindson","CP",10466,33.15
"Kennedy","Bob Katter","QLP",5026,15.92
"Kennedy","Bill Riordan","ALP",16075,50.92
"Kingsford-Smith","Dan Curtin","ALP",23713,56.19
"Kingsford-Smith","George Dan","Lib46",15488,36.7
"Kingsford-Smith","Bernard McOrrie","DLP",3001,7.11
"Kingston","Cecil Anderson","Lib46",21442,42.57
"Kingston","Brian Crowe","DLP",3321,6.59
"Kingston","Pat Galvin","ALP",25607,50.84
"Kooyong","John Buchanan","DLP",5962,13.35
"Kooyong","Dolph Eddy","ALP",9921,22.22
"Kooyong","Robert Menzies","Lib46",28285,63.36
"Kooyong","Gerry O'Day","CPA",476,1.07
"Lalor","John Donnellon","DLP",11475,19.05
"Lalor","Peter Kemp","Lib46",17904,29.72
"Lalor","Reg Pollard","ALP",30872,51.24
"Lang","Hugh Bygott","Lib46",15539,35
"Lang","Kevin Davis","DLP",1944,4.38
"Lang","Frank Stewart","ALP",26915,60.62
"La Trobe","Richard Casey","Lib46",28570,53.75
"La Trobe","Sam Goldbloom","ALP",19623,36.92
"La Trobe","Terence Kirley","DLP",4963,9.34
"Lawson","Edward English","DLP",3080,7.96
"Lawson","Laurie Failes","CP",19237,49.73
"Lawson","Jack Tully","ALP",16367,42.31
"Leichhardt","James Bidner","QLP",6407,16.57
"Leichhardt","Bill Fulton","ALP",18234,47.16
"Leichhardt","George Turner","CP",14021,36.27
"Lilley","Walter Barnes","QLP",5606,13.55
"Lilley","Mervyn Goldstiver","ANP58",312,0.75
"Lilley","Jack Melloy","ALP",14170,34.26
"Lilley","Bruce Wight","Lib46",21272,51.43
"Lowe","Mollie Dolan","DLP",3669,9.17
"Lowe","William McMahon","Lib46",22239,55.61
"Lowe","Joseph Sloss","ALP",14086,35.22
"Lyne","John Allan","ALP",13028,32.26
"Lyne","Joe Cordner","Ind",561,1.39
"Lyne","William Gleeson","DLP",1322,3.27
"Lyne","Murray Hooke","Ind",3921,9.71
"Lyne","Philip Lucock","CP",21548,53.36
"Macarthur","Jeff Bate","Lib46",26002,59.28
"Macarthur","Eric Ryan","ALP",17861,40.72
"Mackellar","Hugh Begg","CPA",2734,5.92
"Mackellar","Mabel Elliott","ALP",14002,30.33
"Mackellar","Ann Macken","DLP",2170,4.7
"Mackellar","William Wentworth","Lib46",27258,59.05
"Macquarie","Hugh Dougherty","DLP",2611,6.41
"Macquarie","Norman Leven","Lib46",14476,35.54
"Macquarie","Tony Luchetti","ALP",23646,58.05
"Mallee","John Cotter","DLP",5470,14.34
"Mallee","Winton Turnbull","CP",24356,63.86
"Mallee","George Xeros","ALP",8313,21.8
"Maranoa","Leslie Beaumont","ALP",12384,34.3
"Maranoa","Wilfred Brimblecombe","CP",18699,51.78
"Maranoa","Alfred Dohring","QLP",5027,13.92
"Maribyrnong","Douglas Elliot","ALP",19917,47.3
"Maribyrnong","Paul Gunn","DLP",6646,15.78
"Maribyrnong","Philip Stokes","Lib46",15548,36.92
"McMillan","George Brown","ALP",15821,39.33
"McMillan","Alexander Buchanan","Lib46",12113,30.11
"McMillan","Wattie Doig","CPA",450,1.12
"McMillan","Francis Hawtin","CP",7514,18.68
"McMillan","Decima Mayne","Ind",210,0.52
"McMillan","Kevin Scanlon","DLP",4123,10.25
"McPherson","Charles Barnes","CP",29346,63.12
"McPherson","Harold Evans","ALP",12730,27.38
"McPherson","John Hilton","QLP",4413,9.49
"Melbourne","Arthur Calwell","ALP",20335,59.59
"Melbourne","James Moloney","Lib46",7766,22.76
"Melbourne","John Ryan","DLP",6023,17.65
"Melbourne Ports","Frank Crean","ALP",22968,63.57
"Melbourne Ports","John Fitzgerald","DLP",4969,13.75
"Melbourne Ports","Norman Loader","Lib46",7381,20.43
"Melbourne Ports","Roger Wilson","CPA",813,2.25
"Mitchell","Reginald Byrne","ALP",20062,41.25
"Mitchell","Francis Moffitt","DLP",2039,4.19
"Mitchell","Roy Wheeler","Lib46",26536,54.56
"Moore","Wilbur Bennett","ALP",9073,27.16
"Moore","Hugh Halbert","Lib46",10792,32.3
"Moore","Hugh Leslie","CP",13542,40.54
"Moreton","Max Julius","CPA",1297,2.81
"Moreton","James Killen","Lib46",23460,50.89
"Moreton","Ted Mansfield","QLP",4652,10.09
"Moreton","Bernard Ouston","ALP",16687,36.2
"Murray","Neil Frankland","ALP",10560,25.4
"Murray","Brian Lacey","DLP",5303,12.76
"Murray","John McEwen","CP",25710,61.84
"Newcastle","Jack Collins","DLP",3226,8.32
"Newcastle","Charles Jones","ALP",23235,59.92
"Newcastle","Sidney Monroe","Ind",151,0.39
"Newcastle","Mary Pepperall","Ind",676,1.74
"Newcastle","Alwyn Watkins","Lib46",11486,29.62
"New England","John Burless","DLP",3385,8.62
"New England","David Drummond","CP",23425,59.63
"New England","Donald White","ALP",12473,31.75
"Northern Territory","James Martin","Ind",1469,26.13
"Northern Territory","Jock Nelson","ALP",4153,73.87
"North Sydney","William Jack","Lib46",22273,57.13
"North Sydney","Gregory McGirr","DLP",2968,7.61
"North Sydney","Edward McGregor","Ind",400,1.03
"North Sydney","Jack Stephens","ALP",13344,34.23
"Oxley","Donald Cameron","Lib46",22555,55.75
"Oxley","Wallace Dawson","CPA",939,2.32
"Oxley","Robert Warren","ALP",16966,41.93
"Parkes","George Chambers","Lib46",18178,45.11
"Parkes","Maurice Colreavy","DLP",2024,5.02
"Parkes","Les Haylen","ALP",20096,49.87
"Parramatta","Sir Garfield Barwick","Lib46",27344,56.76
"Parramatta","Ray Jones","ALP",19141,39.73
"Parramatta","William Kildea","DLP",1693,3.51
"Paterson","Douglas Drinkwater","DLP",3969,10.1
"Paterson","Allen Fairhall","Lib46",21064,53.62
"Paterson","Alan Lloyd","ALP",14248,36.27
"Perth","Fred Chaney","Lib46",17426,56.01
"Perth","Terence Merchant","DLP",3189,10.25
"Perth","Claude Swaine","Ind",655,2.11
"Perth","Laurie Wilkinson","ALP",9841,31.63
"Petrie","Horace Burge","ANP58",1776,3.79
"Petrie","John Claffey","ALP",16376,34.91
"Petrie","Alan Hulme","Lib46",23682,50.48
"Petrie","Maxwell McCurdie","QLP",5081,10.83
"Phillip","William Aston","Lib46",18836,47.12
"Phillip","Peter Daly","DLP",2206,5.52
"Phillip","Sidney Doubleday","Ind",463,1.16
"Phillip","Joe Fitzgerald","ALP",18467,46.2
"Port Adelaide","David Garvie","Lib46",9875,23.69
"Port Adelaide","Gerald Shinnick","DLP",2386,5.72
"Port Adelaide","Peter Symon","CPA",795,1.91
"Port Adelaide","Albert Thompson","ALP",28627,68.68
"Reid","Derek Bryden","Lib46",12597,26.43
"Reid","Charles Morgan","Ind",10201,21.4
"Reid","Andrew Murphy","DLP",1439,3.02
"Reid","Tom Uren","ALP",23422,49.14
"Richmond","Doug Anthony","CP",27516,69.84
"Richmond","Timothy Donnelly","Ind",1292,3.28
"Richmond","William Smith","ALP",10589,26.88
"Riverina","Hugh Roberton","CP",20894,53.78
"Riverina","Peter Rolfe","DLP",2320,5.97
"Riverina","Jack Ward","ALP",15640,40.25
"Robertson","Roger Dean","Lib46",23201,53.92
"Robertson","Joseph McCaig","ALP",18058,41.97
"Robertson","Neil Mackerras","DLP",1771,4.12
"Ryan","Nigel Drury","Lib46",25770,58.03
"Ryan","Ronald Edmonds","ANP58",795,1.79
"Ryan","Bryan Hurley","QLP",4613,10.39
"Ryan","Bernard McDonnell","ALP",13232,29.8
"Scullin","Thomas Brennan","DLP",8160,24.53
"Scullin","William Burns","Lib46",6488,19.5
"Scullin","Ted Peters","ALP",18619,55.97
"Shortland","Robert Burke","DLP",4096,9.13
"Shortland","Hilary Fallins","Lib46",11861,26.43
"Shortland","Charles Griffiths","ALP",27366,60.97
"Shortland","William Quinn","CPA",1561,3.48
"St George","Lionel Clay","ALP",20532,49.12
"St George","Bill Graham","Lib46",19675,47.07
"St George","Mary Nappa","DLP",1590,3.8
"Stirling","Doug Cash","Lib46",17881,40.46
"Stirling","James Collins","Ind",713,1.61
"Stirling","Brian Peachey","DLP",4668,10.56
"Stirling","Harry Webb","ALP",20936,47.37
"Sturt","Siegfried Hausler","ALP",16013,37.59
"Sturt","Norman Vowles","DLP",2266,5.32
"Sturt","Keith Wilson","Lib46",24325,57.1
"Swan","Richard Cleaver","Lib46",21428,48.96
"Swan","Keith Dowding","ALP",17097,39.07
"Swan","Charles Noonan","DLP",5237,11.97
"Wakefield","Hector Henstridge","Ind",2518,6.55
"Wakefield","Bert Kelly","Lib46",21844,56.8
"Wakefield","Leonard Krieg","ALP",11899,30.94
"Wakefield","Leo Redden","DLP",2198,5.72
"Wannon","Terence Callander","DLP",6614,15.5
"Wannon","Malcolm Fraser","Lib46",20550,48.17
"Wannon","Jack Stanford","ALP",15501,36.33
"Warringah","Francis Bland","Lib46",30534,73.11
"Warringah","Norman Braviner","ALP",8069,19.32
"Warringah","Peter Keogh","DLP",3163,7.57
"Watson","John Bampton","Lib46",9628,25.1
"Watson","Kenneth Collins","DLP",1503,3.92
"Watson","Jim Cope","ALP",27232,70.99
"Wentworth","Les Bury","Lib46",26323,69.21
"Wentworth","Sydney Davis","ALP",8816,23.18
"Wentworth","John Gillian","DLP",2892,7.6
"Werriwa","Les Hale","DLP",5100,10.96
"Werriwa","John Shannon","Lib46",15199,32.66
"Werriwa","Gough Whitlam","ALP",26241,56.38
"West Sydney","Allan Charlesworth","DLP",3763,10.94
"West Sydney","Adrian Cook","Lib46",6535,19
"West Sydney","Dan Minogue","ALP",22610,65.73
"West Sydney","Lance Sharkey","CPA",1489,4.33
"Wide Bay","Henry Bandidt","CP",19184,47.71
"Wide Bay","Brendan Hansen","ALP",16498,41.03
"Wide Bay","Edward McDonnell","QLP",4526,11.26
"Wills","Gordon Bryant","ALP",21308,53.69
"Wills","Bill Bryson","DLP",7881,19.86
"Wills","Alfred Wall","Lib46",10498,26.45
"Wilmot","Ralph Cameron","Lib46",11328,34.76
"Wilmot","Gil Duthie","ALP",19417,59.58
"Wilmot","Francis Lillis","DLP",1845,5.66
"Wimmera","Robert King","CP",9866,25.28
"Wimmera","William Lawrence","Lib46",14924,38.24
"Wimmera","James McCaffrey","DLP",3480,8.92
"Wimmera","Thomas Windsor","ALP",10760,27.57
"Yarra","Jim Cairns","ALP",19218,53.61
"Yarra","Stan Keon","DLP",7600,21.2
"Yarra","Cecil Lanyon","Lib46",8505,23.73
"Yarra","Ken Miller","CPA",524,1.46
