"Seat","Candidate","Party","Votes","Vote_perc"
"Adelaide","Ursula Cook","DLP",3276,9.71
"Adelaide","John Rundle","Lib46",11648,34.54
"Adelaide","Joe Sexton","ALP",18804,55.75
"Angas","John Balogh","DLP",2853,7.09
"Angas","Arnold Busbridge","ALP",14587,36.25
"Angas","Alec Downer","Lib46",22798,56.66
"Australian Capital Territory","Jim Fraser","ALP",17114,64.88
"Australian Capital Territory","Geoffrey Small","Lib46",9263,35.12
"Balaclava","John Murray","ARP49",1780,4.5
"Balaclava","Ernst Platz","ALP",11892,30.09
"Balaclava","John Ryan","DLP",5333,13.49
"Balaclava","Ray Whittorn","Lib46",20517,51.91
"Ballaarat","Dudley Erwin","Lib46",18379,43.59
"Ballaarat","Bob Joshua","DLP",7557,17.92
"Ballaarat","Aubrey Keane","ALP",16224,38.48
"Banks","John Antill","DLP",2476,4.53
"Banks","Frank Bollins","CPA",945,1.73
"Banks","Dominic Costa","ALP",31755,58.15
"Banks","Russell Duncan","Ind",5190,9.5
"Banks","Jack Manning","Lib46",14244,26.08
"Barker","Norman Alcock","ALP",17428,39.96
"Barker","Charles Coffey","DLP",1364,3.13
"Barker","Jim Forbes","Lib46",23732,54.41
"Barker","John Gartner","Ind",1089,2.5
"Barton","Thomas Brosnan","DLP",2368,5.32
"Barton","Len Reynolds","ALP",25447,57.2
"Barton","Colin Sullivan","Lib46",16672,37.48
"Bass","Lance Barnard","ALP",21601,62.69
"Bass","Francis Boland","DLP",1532,4.45
"Bass","Fred Marriott","Lib46",11326,32.87
"Batman","Alan Bird","ALP",22831,54.94
"Batman","Maurice Keady","DLP",5970,14.37
"Batman","Bruce Skeggs","Lib46",12753,30.69
"Bendigo","Ronald Anderson","DLP",5895,13.51
"Bendigo","Noel Beaton","ALP",22511,51.58
"Bendigo","Milan Lorman","Ind",308,0.71
"Bendigo","Henry Snell","Lib46",14928,34.21
"Bennelong","Edward Beck","DLP",3278,6.47
"Bennelong","John Cramer","Lib46",22991,45.38
"Bennelong","Harry Jensen","ALP",24389,48.14
"Blaxland","Bernard Atkinson","DLP",3742,8.39
"Blaxland","David Cowan","Lib46",11319,25.36
"Blaxland","Jim Harrison","ALP",29565,66.25
"Bonython","Thomas Ellis","Ind",2938,5.27
"Bonython","Margaret McLachlan","Lib46",13562,24.32
"Bonython","Norman Makin","ALP",35245,63.2
"Bonython","Alan Miller","CPA",695,1.25
"Bonython","Edward Timlin","DLP",3331,5.97
"Boothby","Ronald Basten","ALP",17206,42.13
"Boothby","Ted Farrell","DLP",2660,6.51
"Boothby","John McLeay","Lib46",20976,51.36
"Bowman","Terence Burns","QLP",4327,9.53
"Bowman","Jack Comber","ALP",21393,47.09
"Bowman","Malcolm McColm","Lib46",19706,43.38
"Braddon","Ron Davies","ALP",21093,60.93
"Braddon","Frances Lane","DLP",2094,6.05
"Braddon","William Young","Lib46",11433,33.02
"Bradfield","Dominique Droulers","DLP",3946,7.79
"Bradfield","Percy Staines","ALP",10545,20.82
"Bradfield","Harry Turner","Lib46",36166,71.39
"Brisbane","Walter Barnes","QLP",4087,11.68
"Brisbane","Warren Bowden","CPA",713,2.04
"Brisbane","Kevin Cairns","Lib46",11384,32.55
"Brisbane","Manfred Cross","ALP",18793,53.73
"Bruce","Henri de Sachau","DLP",12826,15.75
"Bruce","Keith Ewert","ALP",34741,42.65
"Bruce","Billy Snedden","Lib46",33882,41.6
"Calare","George Boland","DLP",3240,8.31
"Calare","John England","CP",19547,50.12
"Calare","Leroy Serisier","ALP",16210,41.57
"Canning","Charles Edwards","ALP",10659,29.23
"Canning","John Hallett","CP",10168,27.89
"Canning","Stanley Meredith","DLP",1706,4.68
"Canning","Neil McNeill","Lib46",13931,38.2
"Capricornia","Mick Gardner","QLP",4606,12.29
"Capricornia","George Gray","ALP",18517,49.41
"Capricornia","Henry Pearce","Lib46",14357,38.31
"Chisholm","Malcolm Coughlin","ALP",12524,31.25
"Chisholm","John Duffy","DLP",5273,13.16
"Chisholm","Sir Wilfrid Kent Hughes","Lib46",22276,55.59
"Corangamite","Patrick Bourke","DLP",8032,18.18
"Corangamite","Desmond Hulme","ALP",12829,29.04
"Corangamite","Dan Mackinnon","Lib46",23319,52.78
"Corio","James Mahoney","DLP",6791,14.85
"Corio","Hubert Opperman","Lib46",19790,43.28
"Corio","Lindsay Romey","ALP",19149,41.87
"Cowper","Frank McGuren","ALP",17567,45.91
"Cowper","Sir Earle Page","CP",15259,39.88
"Cowper","Neville Weiley","Ind",5435,14.21
"Cunningham","Jack Hough","Lib46",17422,34.31
"Cunningham","Victor Kearney","ALP",31474,61.98
"Cunningham","Bill McDougall","CPA",1884,3.71
"Curtin","Wilfred Bodeker","DLP",4768,12.14
"Curtin","Paul Hasluck","Lib46",24811,63.17
"Curtin","George Piesley","ALP",9698,24.69
"Dalley","Reginald Lawson","DLP",2331,6.86
"Dalley","Arthur Nesbitt","Lib46",6343,18.67
"Dalley","William O'Connor","ALP",24127,71.02
"Dalley","Mavis Robertson","CPA",1172,3.45
"Darebin","Tom Andrews","DLP",11767,22.95
"Darebin","Frank Courtnay","ALP",28285,55.16
"Darebin","John Wyss","Lib46",11228,21.9
"Darling","Joe Clark","ALP",25235,72.57
"Darling","Rodan Dawson","CP",9537,27.43
"Darling Downs","Jack McCafferty","ALP",17153,41.69
"Darling Downs","Reginald Swartz","Lib46",20971,50.96
"Darling Downs","Margaret Walsh","QLP",3025,7.35
"Dawson","Charles Davidson","CP",19068,52.71
"Dawson","Cyril Mitchell","ALP",14764,40.81
"Dawson","Waller O'Grady","QLP",2344,6.48
"Deakin","Frank Davis","Lib46",28392,47.29
"Deakin","George Slater","ALP",23839,39.71
"Deakin","Maurice Weston","DLP",7802,13
"Denison","Eric Howroyd","ALP",13749,41.04
"Denison","Harold Senior","DLP",2491,7.44
"Denison","Athol Townley","Lib46",17260,51.52
"East Sydney","Joseph Bergin","DLP",2276,7.02
"East Sydney","Bill Brown","CPA",1030,3.17
"East Sydney","John Folbigg","Lib46",7137,22
"East Sydney","Eddie Ward","ALP",21999,67.81
"Eden-Monaro","Allan Fraser","ALP",24217,60.02
"Eden-Monaro","Douglas Thomson","Lib46",16134,39.98
"Evans","Francis Collins","DLP",2580,6.75
"Evans","James Monaghan","ALP",17305,45.29
"Evans","Harold O'Reilly","Ind",702,1.84
"Evans","Frederick Osborne","Lib46",17623,46.12
"Farrer","William Brennan","DLP",4195,10.28
"Farrer","David Fairbairn","Lib46",22707,55.65
"Farrer","Herb McPherson","ALP",13899,34.07
"Fawkner","Richard Coyne","DLP",5336,15.63
"Fawkner","Peter Howson","Lib46",16580,48.57
"Fawkner","Gwendolyn Noad","ALP",12223,35.8
"Fisher","Charles Adermann","CP",23478,55.86
"Fisher","John Newman","QLP",3490,8.3
"Fisher","William Weir","ALP",15065,35.84
"Flinders","Jack Austin","DLP",7717,14.78
"Flinders","Ian Cathie","ALP",19466,37.27
"Flinders","Edmund Knowles","Ind",1796,3.44
"Flinders","Robert Lindsay","Lib46",23251,44.52
"Forrest","Gordon Freeth","Lib46",22275,57.5
"Forrest","Ernest Stapleton","ALP",16462,42.5
"Franklin","St Clair Courtney","DLP",4047,11.08
"Franklin","Bill Falkinder","Lib46",16784,45.93
"Franklin","William Wilkinson","ALP",15709,42.99
"Fremantle","Kim Beazley","ALP",27615,60.73
"Fremantle","John Waghorne","Lib46",16747,36.83
"Fremantle","Joan Williams","CPA",1107,2.43
"Gellibrand","Reginald Cannon","Lib46",8031,20.41
"Gellibrand","Frank Johnson","CPA",1000,2.54
"Gellibrand","Hector McIvor","ALP",25634,65.13
"Gellibrand","Jan Roszkowski","DLP",4691,11.92
"Gippsland","John Hansen","DLP",7209,16.91
"Gippsland","Peter Nixon","CP",22002,51.6
"Gippsland","William Stephenson","ALP",13430,31.5
"Grayndler","Hal Alexander","CPA",2322,6.99
"Grayndler","Fred Daly","ALP",22329,67.22
"Grayndler","Charles McCafferty","DLP",693,2.09
"Grayndler","Evan MacLaurin","Lib46",7872,23.7
"Grey","Arthur Dodgson","Lib46",16155,38.18
"Grey","Richard Mills","DLP",1512,3.57
"Grey","Edgar Russell","ALP",24642,58.24
"Griffith","Arthur Chresby","Lib46",13549,35.06
"Griffith","Wilfred Coutts","ALP",21392,55.36
"Griffith","Donald McKenna","QLP",3700,9.58
"Gwydir","Ian Allan","CP",19845,50.14
"Gwydir","Austin Heffernan","ALP",17836,45.06
"Gwydir","Stanley Parmenter","DLP",1901,4.8
"Henty","Max Fox","Lib46",21011,45.95
"Henty","Sir George Jones","ALP",18416,40.27
"Henty","Henry Moore","DLP",6302,13.78
"Herbert","Frank Bishop","CPA",1171,2.76
"Herbert","Victor Bodero","QLP",2181,5.13
"Herbert","Ted Harding","ALP",20839,49.05
"Herbert","John Murray","Lib46",18296,43.06
"Higgins","Harold Holt","Lib46",22004,56.73
"Higgins","Roger Kirby","ALP",11353,29.27
"Higgins","Celia Laird","DLP",5428,14
"Higinbotham","William Cameron","DLP",8588,15.31
"Higinbotham","Don Chipp","Lib46",24525,43.71
"Higinbotham","Henry Fowler","ALP",22991,40.98
"Hindmarsh","Clyde Cameron","ALP",31194,67.95
"Hindmarsh","Cyril Holasek","DLP",2097,4.57
"Hindmarsh","Karl-Juergen Liebetrau","Lib46",12619,27.49
"Hughes","Wesley Johns","DLP",3226,5.14
"Hughes","Les Johnson","ALP",37113,59.16
"Hughes","Keith Woodward","Lib46",22399,35.7
"Hume","Charles Anderson","CP",16682,43.02
"Hume","Arthur Fuller","ALP",18858,48.64
"Hume","Charles Rowe","DLP",3234,8.34
"Hunter","Edward Farrell","Lib46",8337,18.82
"Hunter","Bert James","ALP",33435,75.48
"Hunter","John Tapp","CPA",2527,5.7
"Indi","Malcolm Cameron","Lib46",7962,18.94
"Indi","Mac Holten","CP",18654,44.36
"Indi","Mervyn Huggins","ALP",10637,25.3
"Indi","George Taylor","DLP",4795,11.4
"Isaacs","William Haworth","Lib46",16493,47.39
"Isaacs","John Hughes","DLP",4781,13.74
"Isaacs","Angus McLean","ALP",13527,38.87
"Kalgoorlie","Peter Browne","Lib46",12850,43.25
"Kalgoorlie","Fred Collard","ALP",14231,47.9
"Kalgoorlie","Harold Illingworth","Ind",1050,3.53
"Kalgoorlie","George Jensen","DLP",1578,5.31
"Kennedy","Thomas Halloran","CP",10723,31.53
"Kennedy","Bill Riordan","ALP",21124,62.11
"Kennedy","Harold Wright","QLP",2163,6.36
"Kingsford-Smith","Jack Cunningham","Lib46",14963,34.84
"Kingsford-Smith","John Cunningham","DLP",3120,7.26
"Kingsford-Smith","Dan Curtin","ALP",24866,57.9
"Kingston","Brian Crowe","DLP",5026,8.75
"Kingston","Pat Galvin","ALP",32279,56.19
"Kingston","John McCoy","Lib46",20144,35.06
"Kooyong","Thomas Brennan","DLP",6968,15.17
"Kooyong","Moss Cass","ALP",11938,25.99
"Kooyong","Goldie Collins","Ind",237,0.52
"Kooyong","Robert Menzies","Lib46",26328,57.32
"Kooyong","Bill Tregear","CPA",458,1
"Lalor","Kenneth Agius","CCP",4431,5.57
"Lalor","John Donnellon","DLP",12870,16.18
"Lalor","Peter Kemp","Lib46",19324,24.3
"Lalor","Reg Pollard","ALP",42906,53.95
"Lang","Frank Ball","Ind",2043,4.61
"Lang","Edward Byrnes","DLP",1162,2.62
"Lang","Russell Carter","Lib46",12775,28.8
"Lang","Frank Stewart","ALP",28379,63.98
"La Trobe","John Hoare","DLP",8651,13.51
"La Trobe","John Jess","Lib46",27952,43.65
"La Trobe","Don Pritchard","ALP",26875,41.97
"La Trobe","Bernard Rees","CCP",554,0.87
"Lawson","John Canobi","ALP",18156,46.38
"Lawson","Laurie Failes","CP",18750,47.9
"Lawson","Denis Searls","DLP",2239,5.72
"Leichhardt","Bill Fulton","ALP",26243,66.33
"Leichhardt","Arthur Trembath","QLP",2485,6.28
"Leichhardt","Reginald Wiles","CP",10839,27.39
"Lilley","Frank Andrews","QLP",4361,10.07
"Lilley","Don Cameron","ALP",20186,46.62
"Lilley","Bruce Wight","Lib46",18755,43.31
"Lowe","John Holland","ALP",18285,47.32
"Lowe","Denis Klein","DLP",1486,3.85
"Lowe","William McMahon","Lib46",18472,47.81
"Lowe","Daniel Smith","ARP49",396,1.02
"Lyne","John Allan","ALP",16295,39.23
"Lyne","Joe Cordner","Ind",671,1.62
"Lyne","Jack Collins","DLP",1971,4.75
"Lyne","Philip Lucock","CP",22599,54.41
"Macarthur","Jeff Bate","Lib46",27532,53.03
"Macarthur","Don Nilon","ALP",24383,46.97
"Mackellar","Hugh Begg","CPA",2971,5.49
"Mackellar","Philip Cohen","DLP",2983,5.52
"Mackellar","Mabel Elliott","ALP",18872,34.9
"Mackellar","William Wentworth","Lib46",29248,54.09
"Macquarie","John Heesh","Lib46",13583,32
"Macquarie","Tony Luchetti","ALP",26803,63.14
"Macquarie","Frank Mackenzie","DLP",2063,4.86
"Mallee","Murray Homes","ALP",10144,26.3
"Mallee","Michael Howley","DLP",4338,11.25
"Mallee","Winton Turnbull","CP",24086,62.45
"Maranoa","Trevor Alexander","ALP",16390,44.35
"Maranoa","Wilfred Brimblecombe","CP",17554,47.5
"Maranoa","Bryan Hurley","QLP",3013,8.15
"Maribyrnong","Neil Armour","ALP",20022,46.84
"Maribyrnong","Paul Gunn","DLP",7438,17.4
"Maribyrnong","Norman McClure","CCP",413,0.97
"Maribyrnong","Philip Stokes","Lib46",14868,34.79
"McMillan","Alexander Buchanan","Lib46",15288,35.45
"McMillan","Francis Hawtin","CP",6758,15.67
"McMillan","Les Hilton","DLP",4988,11.57
"McMillan","Patrick Linane","ARP49",181,0.42
"McMillan","James Longstaff","ALP",15907,36.89
"McPherson","Charles Barnes","CP",28076,53.79
"McPherson","Allen Kirkegaard","Ind",797,1.53
"McPherson","Thomas Masterton","Ind",624,1.2
"McPherson","John O'Connell","QLP",3406,6.53
"McPherson","William Ware","ALP",19293,36.96
"Melbourne","Arthur Calwell","ALP",19351,62.82
"Melbourne","Michael Kearney","DLP",5166,16.77
"Melbourne","James Moloney","Lib46",6288,20.41
"Melbourne Ports","Gordon Blackburne","Lib46",7483,22.41
"Melbourne Ports","Frank Crean","ALP",20590,61.66
"Melbourne Ports","Albert Jones","DLP",4572,13.69
"Melbourne Ports","Roger Wilson","CPA",749,2.24
"Mitchell","John Armitage","ALP",36363,52.2
"Mitchell","Allan Dwyer","DLP",3011,4.32
"Mitchell","John Mantova","Ind",404,0.58
"Mitchell","Roy Wheeler","Lib46",29887,42.9
"Moore","Wilbur Bennett","ALP",10106,28.54
"Moore","John Crisafulli","DLP",1986,5.61
"Moore","Hugh Halbert","Lib46",12406,35.04
"Moore","Hugh Leslie","CP",10910,30.81
"Moreton","Christian Hagen","QLP",3882,7.42
"Moreton","Max Julius","CPA",676,1.29
"Moreton","James Killen","Lib46",22667,43.3
"Moreton","John O'Donnell","ALP",25123,47.99
"Murray","Neil Frankland","ALP",10971,25.2
"Murray","Brian Lacey","DLP",5784,13.29
"Murray","John McEwen","CP",26773,61.51
"Newcastle","Hugh Ansell","DLP",3330,8.97
"Newcastle","Charles Jones","ALP",23315,62.79
"Newcastle","Henry Wansey","Lib46",10488,28.24
"New England","John Burless","DLP",2143,5.47
"New England","David Drummond","CP",21086,53.85
"New England","Donald White","ALP",15929,40.68
"Northern Territory","Harold Brennan","Ind",4468,48.95
"Northern Territory","Jock Nelson","ALP",4659,51.05
"North Sydney","Michael Fitzpatrick","DLP",3575,9.37
"North Sydney","Maurice Isaacs","ALP",15610,40.92
"North Sydney","William Jack","Lib46",18959,49.7
"Oxley","Donald Cameron","Lib46",18272,43.26
"Oxley","Bill Hayden","ALP",22247,52.67
"Oxley","Kenneth Rawle","QLP",1720,4.07
"Parkes","Vincent Couch","DLP",3725,9.61
"Parkes","William Dowd","Lib46",14675,37.87
"Parkes","Les Haylen","ALP",20352,52.52
"Parramatta","Reginald Andrews","DLP",2936,5.61
"Parramatta","Sir Garfield Barwick","Lib46",26200,50.09
"Parramatta","Maxwell McLaren","ALP",22401,42.83
"Parramatta","Matt Munro","CPA",771,1.47
"Paterson","Aubrey Barr","DLP",2490,6.29
"Paterson","Bob Brown","ALP",16952,42.81
"Paterson","Allen Fairhall","Lib46",20155,50.9
"Perth","Fred Chaney","Lib46",16054,55.02
"Perth","Julius Re","DLP",2679,9.18
"Perth","Laurie Wilkinson","ALP",10443,35.79
"Petrie","Cecil Guilfoyle","Ind",1314,2.44
"Petrie","Alan Hulme","Lib46",22516,41.9
"Petrie","Reginald O'Brien","ALP",26468,49.25
"Petrie","Francis O'Mara","Ind",266,0.49
"Petrie","Trevor Sturling","QLP",3179,5.92
"Phillip","William Aston","Lib46",16741,44.13
"Phillip","Peter Daly","DLP",2102,5.54
"Phillip","Syd Einfeld","ALP",19094,50.33
"Port Adelaide","George Basisovs","DLP",3290,7.87
"Port Adelaide","Kimball Kelly","Lib46",7556,18.06
"Port Adelaide","Peter Symon","CPA",938,2.24
"Port Adelaide","Albert Thompson","ALP",30046,71.83
"Reid","Mick Carroll","DLP",5885,11.16
"Reid","Jack Cook","Lib46",11959,22.69
"Reid","Tom Uren","ALP",34867,66.15
"Richmond","Doug Anthony","CP",25301,63.86
"Richmond","Raymond Freeman","ALP",14318,36.14
"Riverina","Albert Elrington","DLP",2988,7.57
"Riverina","Hugh Roberton","CP",18838,47.75
"Riverina","Jack Ward","ALP",17622,44.67
"Robertson","Roger Dean","Lib46",23760,48.45
"Robertson","Neil Mackerras","DLP",2211,4.51
"Robertson","Tom Pendlebury","ALP",23065,47.04
"Ryan","Nigel Drury","Lib46",24984,52.17
"Ryan","Joy Guyatt","ALP",19132,39.95
"Ryan","Michael Long","QLP",3771,7.87
"Scullin","Barry O'Brien","DLP",7273,23.95
"Scullin","Ted Peters","ALP",18506,60.93
"Scullin","Rex Schurmann","Lib46",4594,15.13
"Shortland","Robert Burke","DLP",4047,8.16
"Shortland","Geoff Curthoys","CPA",1341,2.7
"Shortland","Charles Griffiths","ALP",32127,64.75
"Shortland","Allan Pitts","Lib46",12100,24.39
"St George","Clifford Amos","Lib46",17580,42.38
"St George","Lionel Clay","ALP",22468,54.16
"St George","Malcolm Towner","DLP",1433,3.45
"Stirling","Adrian Briffa","DLP",6704,12.79
"Stirling","Doug Cash","Lib46",19818,37.8
"Stirling","Jack Marks","CPA",649,1.24
"Stirling","Harry Webb","ALP",25262,48.18
"Sturt","Walter Doran","DLP",4000,8.92
"Sturt","Arthur Penn","ALP",17430,38.89
"Sturt","Keith Wilson","Lib46",23392,52.19
"Swan","Richard Cleaver","Lib46",22770,49.27
"Swan","Ted Johnson","ALP",19712,42.65
"Swan","Terence Merchant","DLP",3732,8.08
"Wakefield","Bert Kelly","Lib46",22759,58.1
"Wakefield","John McMahon","DLP",2048,5.23
"Wakefield","Collin Wood","ALP",14364,36.67
"Wannon","Terence Callander","DLP",7069,16.42
"Wannon","Malcolm Fraser","Lib46",20833,48.38
"Wannon","Jack Stanford","ALP",15162,35.21
"Warringah","Rex Benson","Ind Lib46",3484,8.3
"Warringah","James Brown","ALP",9706,23.12
"Warringah","John Cockle","Lib46",22489,53.58
"Warringah","John Plunkett","DLP",1972,4.7
"Warringah","Russell Whybrow","Ind Lib46",4322,10.3
"Watson","Jim Cope","ALP",29079,80.12
"Watson","Mary Nappa","DLP",1081,2.98
"Watson","Sidney Pitkethly","Lib46",6134,16.9
"Wentworth","Francis Bull","DLP",3313,8.97
"Wentworth","Les Bury","Lib46",23084,62.5
"Wentworth","John Hirshman","ALP",10536,28.53
"Werriwa","Kevin Davis","DLP",4792,8.65
"Werriwa","Vernon Luckman","Lib46",14427,26.05
"Werriwa","Gough Whitlam","ALP",36153,65.29
"West Sydney","William Doherty","DLP",2927,9.39
"West Sydney","Milovan Kovjanic","Lib46",4555,14.62
"West Sydney","Ron Maxwell","CPA",1746,5.6
"West Sydney","Dan Minogue","ALP",21937,70.39
"Wide Bay","Henry Bandidt","CP",16578,40.57
"Wide Bay","James Dunn","Ind",730,1.79
"Wide Bay","Brendan Hansen","ALP",21808,53.37
"Wide Bay","Edward McDonnell","QLP",1747,4.28
"Wills","Gordon Bryant","ALP",22115,58.01
"Wills","Bill Bryson","DLP",7553,19.81
"Wills","William Pyatt","Lib46",8454,22.18
"Wilmot","Alastair Davidson","DLP",2718,8.29
"Wilmot","Gil Duthie","ALP",20503,62.56
"Wilmot","Royston Ringrose","Lib46",3280,10.01
"Wilmot","Richard Thomas","Lib46",6271,19.14
"Wimmera","Robert King","CP",13364,34.39
"Wimmera","William Lawrence","Lib46",10718,27.58
"Wimmera","Joseph Murphy","DLP",3214,8.27
"Wimmera","Thomas Windsor","ALP",11567,29.76
"Yarra","Geoffrey Broomhall","CCP",1345,4.09
"Yarra","Jim Cairns","ALP",17137,52.05
"Yarra","Stan Keon","DLP",5535,16.81
"Yarra","Ken Miller","CPA",564,1.71
"Yarra","Andrew Peacock","Lib46",8341,25.34
