"Seat","Candidate","Party","Votes","Vote_perc"
"Adelaide","Raymond Buttery","LM",5005,8.85
"Adelaide","John Davies","AP",1061,1.88
"Adelaide","Chris Hurford","ALP",31572,55.83
"Adelaide","Harold Steele","Lib46",18911,33.44
"Angas","Geoffrey Giles","Lib46",27704,53.1
"Angas","Catherine Hannaford","AP",965,1.85
"Angas","Henry Nicholls","LM",1918,3.68
"Angas","Graham Pfeiffer","CP",6011,11.52
"Angas","Adolf Thiel","ALP",15579,29.86
"Balaclava","Irene Dunsmuir","ALP",22755,41.3
"Balaclava","Peter Lawlor","DLP",2569,4.66
"Balaclava","Ian Macphee","Lib46",28313,51.38
"Balaclava","Michael Muschamp","AP",1465,2.66
"Ballaarat","Pamela Clifford","AP",1574,2.81
"Ballaarat","Dudley Erwin","Lib46",25736,45.91
"Ballaarat","Bryan Hanrahan","DLP",4225,7.54
"Ballaarat","David Williams","ALP",24517,43.74
"Banks","Garry Bennett","AP",3203,5.44
"Banks","Peter Kintominas","Lib46",19828,33.67
"Banks","Vince Martin","ALP",35850,60.89
"Barker","Malcolm Adams","CP",6655,11.42
"Barker","Richard Clampett","LM",3811,6.54
"Barker","Jim Forbes","Lib46",28280,48.52
"Barker","James Hennessy","ALP",18765,32.2
"Barker","Arthur Strachan","Ind",228,0.39
"Barker","Colyn van Reenen","AP",542,0.93
"Barton","Jim Bradfield","Lib46",26771,43.99
"Barton","Charles Margetson","AP",1397,2.3
"Barton","Len Reynolds","ALP",32694,53.72
"Bass","Lance Barnard","ALP",23677,54.04
"Bass","John Beswick","Lib46",20137,45.96
"Batman","Kevin Barry","DLP",5018,8.81
"Batman","Horrie Garrick","ALP",32512,57.06
"Batman","Geoffrey Loftus-Hills","AP",1493,2.62
"Batman","Keith Smith","Lib46",17953,31.51
"Bendigo","John Bourchier","Lib46",22014,38.65
"Bendigo","Paul Brennan","DLP",3032,5.32
"Bendigo","David Kennedy","ALP",27231,47.81
"Bendigo","Joseph Pearce","Ind",4087,7.18
"Bendigo","Robert Stenton","AP",596,1.05
"Bennelong","John Anlezark","Ind",1311,2.07
"Bennelong","Richard Hall","ALP",26581,42.03
"Bennelong","John Howard","Lib46",32700,51.71
"Bennelong","Gillian Sutton","AP",2649,4.19
"Berowra","Harry Edwards","Lib46",39511,62.46
"Berowra","Patricia Wallace","AP",3386,5.35
"Berowra","George Williams","ALP",20363,32.19
"Blaxland","Kenneth Higgs","AP",2689,4.44
"Blaxland","Paul Keating","ALP",40484,66.84
"Blaxland","Wallace Smallwood","Lib46",17398,28.72
"Bonython","Derek Ball","AP",3969,5.36
"Bonython","Alan Irving","CP",3900,5.27
"Bonython","Rudolph Masopust","Lib46",15310,20.68
"Bonython","Martin Nicholls","ALP",44723,60.41
"Bonython","Jan Staska","LM",6131,8.28
"Boothby","Peter Berman","LM",10477,18.04
"Boothby","John McLeay","Lib46",26193,45.09
"Boothby","Colin Miller","AP",1423,2.45
"Boothby","John Trainer","ALP",19993,34.42
"Bowman","David Jull","Lib46",30382,40.99
"Bowman","Len Keogh","ALP",36947,49.84
"Bowman","Gerard Langevad","CP",5998,8.09
"Bowman","Winifred Sharkey","AP",797,1.08
"Braddon","John Chapman-Mortimer","Ind",767,1.57
"Braddon","Ron Davies","ALP",26075,53.28
"Braddon","Ray Groom","Lib46",21678,44.29
"Braddon","Walter Roach","AP",423,0.86
"Bradfield","Bruce Abrahams","ALP",15391,23.61
"Bradfield","David Connolly","Lib46",47142,72.31
"Bradfield","Colvin Johnston","AP",2660,4.08
"Brisbane","Jim Anderson","Lib46",22477,40.82
"Brisbane","Manfred Cross","ALP",27093,49.2
"Brisbane","Jeffrey Malyon","AP",900,1.63
"Brisbane","Charles Siller","CP",4600,8.35
"Bruce","Rex Harper","DLP",3270,4.45
"Bruce","Glen Mann","Ind",129,0.18
"Bruce","Diana Martin","Ind",196,0.27
"Bruce","Russell Oakley","ALP",31780,43.25
"Bruce","Iris Pederick","AP",2064,2.81
"Bruce","John Ryan","Ind",421,0.57
"Bruce","Billy Snedden","Lib46",35616,48.47
"Burke","Alexander Gerocs","AP",4017,5.24
"Burke","Keith Johnson","ALP",46977,61.22
"Burke","Claus Salger","Lib46",21411,27.9
"Burke","Colin Walsh","DLP",4328,5.64
"Calare","Neville Bowers","ALP",13082,26.11
"Calare","Douglas Bray","AP",682,1.36
"Calare","John England","CP",27817,55.53
"Calare","Francis Hall","ALP",8517,17
"Canberra","Kep Enderby","ALP",24761,53.8
"Canberra","Peter Hughes","Lib46",16658,36.2
"Canberra","Dorothy Mattress","CP",1871,4.07
"Canberra","Doreen Story","ARP49",211,0.46
"Canberra","Mary Thomas","AP",2520,5.48
"Canning","Mel Bungey","Lib46",19133,35.72
"Canning","John Duncan","AP",1093,2.04
"Canning","John Hallett",NA,16961,31.66
"Canning","James Laffer","ALP",16378,30.58
"Capricornia","Kevin Connor","CP",13713,25.64
"Capricornia","Doug Everingham","ALP",27951,52.27
"Capricornia","Noel Kenny","Lib46",11254,21.05
"Capricornia","Therese Warner","Ind",556,1.04
"Casey","Clive Champion","AP",2552,3.66
"Casey","Peter Falconer","Lib46",30191,43.3
"Casey","Race Mathews","ALP",34409,49.35
"Casey","John McKenna","DLP",2411,3.46
"Casey","Joe Schillani","ARP49",161,0.23
"Chifley","John Armitage","ALP",52400,70.82
"Chifley","Phillip Lambert","AP",2090,2.82
"Chifley","Patricia Robinson","Lib46",19502,26.36
"Chisholm","Alastair Nicholson","ALP",22651,40.74
"Chisholm","Frank Penhalluriack","AP",1940,3.49
"Chisholm","Tony Staley","Lib46",28072,50.49
"Chisholm","Joseph Stanley","DLP",2933,5.28
"Cook","Don Dobie","Lib46",29142,48.67
"Cook","Milo Dunphy","AP",1555,2.6
"Cook","Ronald Gallagher","Ind",167,0.28
"Cook","Ray Thorburn","ALP",29008,48.45
"Corangamite","Edwin Morris","ALP",19280,34.16
"Corangamite","Francis O'Brien","DLP",3076,5.45
"Corangamite","Ian Slater","AP",1126,1.99
"Corangamite","Tony Street","Lib46",32960,58.4
"Corio","Gordon Hall","Lib46",23680,39.24
"Corio","Guenter Sahr","AP",860,1.43
"Corio","Gordon Scholes","ALP",33029,54.74
"Corio","John Timberlake","DLP",2771,4.59
"Cowper","Thomas Cronin","ALP",22730,42.41
"Cowper","James Davies","AP",585,1.09
"Cowper","Raymond Hardy","Ind",391,0.73
"Cowper","Ian Robinson","CP",29889,55.77
"Cunningham","Rex Connor","ALP",47129,69.88
"Cunningham","Susan Healy","AP",2067,3.07
"Cunningham","Warren Hough","Lib46",18242,27.05
"Curtin","John Crouch","ALP",24016,38.88
"Curtin","Jeannette Forsyth","Ind",700,1.13
"Curtin","Dennis Fyfe","AP",728,1.18
"Curtin","Victor Garland","Lib46",33267,53.86
"Curtin","Terence McDonnell",NA,3051,4.94
"Darling","Peter Farry","AP",1871,4.26
"Darling","John FitzPatrick","ALP",26188,59.58
"Darling","Maxwell Overton","CP",10750,24.46
"Darling","William Thornton","Lib46",5143,11.7
"Darling Downs","Ronald Madden","ALP",19860,33.85
"Darling Downs","Tom McVeigh","CP",38078,64.9
"Darling Downs","William Nobes","AP",733,1.25
"Dawson","Ray Braithwaite","CP",27363,49.4
"Dawson","Rex Patterson","ALP",28029,50.6
"Deakin","Jim Brosnan","DLP",2783,4.61
"Deakin","William French","Ind",967,1.6
"Deakin","Alan Jarman","Lib46",28102,46.53
"Deakin","Harold Jeffrey","AP",1627,2.69
"Deakin","Stanley Lyden","Ind",279,0.46
"Deakin","Gavan Oakley","ALP",26642,44.11
"Denison","John Coates","ALP",25626,52.78
"Denison","Michael Hodgman","Lib46",22928,47.22
"Diamond Valley","Christopher Curtis","DLP",4249,5.19
"Diamond Valley","Victor Gibson","Ind",394,0.48
"Diamond Valley","David McKenzie","ALP",38519,47.07
"Diamond Valley","Harold Taskis","AP",1987,2.43
"Diamond Valley","Geoffrey Waite","Lib46",36683,44.83
"Eden-Monaro","Jonathan Bell","Lib46",11325,19.87
"Eden-Monaro","Ron Brewer","CP",17144,30.08
"Eden-Monaro","Keith Hughes","AP",711,1.25
"Eden-Monaro","Bob Whan","ALP",27816,48.8
"Evans","John Abel","Lib46",24299,43.57
"Evans","Paul Flottman","AP",977,1.75
"Evans","John McGarity","Ind",991,1.78
"Evans","Allan Mulder","ALP",29502,52.9
"Farrer","Peter Benton","AP",2477,4.31
"Farrer","Kevin Esler","ALP",22926,39.85
"Farrer","David Fairbairn","Lib46",32125,55.84
"Fisher","Evan Adermann","CP",44968,68.72
"Fisher","Hamish Linacre","ALP",20472,31.28
"Flinders","Colin Bednall","ALP",33630,45.54
"Flinders","Beatrice Faust","Ind",639,0.87
"Flinders","John Glynn","DLP",1383,1.87
"Flinders","David Heath","AP",1052,1.42
"Flinders","Phillip Lynch","Lib46",37148,50.3
"Forrest","Terence Best",NA,7967,14.98
"Forrest","Peter Drummond","Lib46",24860,46.73
"Forrest","Lawrence Gibson","AP",569,1.07
"Forrest","Albert Newman","ALP",19801,37.22
"Franklin","Leo Jarvis","Lib46",17194,37.09
"Franklin","Ray Sherry","ALP",29161,62.91
"Fraser","Anthony Emerson-Elliott","Ind",393,0.82
"Fraser","John Filler","AP",1610,3.38
"Fraser","Ken Fry","ALP",27294,57.26
"Fraser","Stephen Lamb","CP",1429,3
"Fraser","Larry Pickering","Lib46",16662,34.96
"Fraser","Kevin Wise","Ind",279,0.59
"Fremantle","Kim Beazley","ALP",35932,59.39
"Fremantle","Douglas Fernihough","Lib46",21711,35.88
"Fremantle","Peter Moorehouse",NA,2136,3.53
"Fremantle","Charles Pierce","AP",723,1.2
"Gellibrand","Albert Bailey","DLP",5009,9.28
"Gellibrand","Veronica Schwarz","AP",1252,2.32
"Gellibrand","Cecile Storey","Lib46",12158,22.52
"Gellibrand","Ralph Willis","ALP",35578,65.89
"Gippsland","John Bowron","AP",2123,3.89
"Gippsland","John Condon","DLP",2533,4.64
"Gippsland","Peter Nixon","CP",32484,59.5
"Gippsland","Hugh Oakes","ALP",17456,31.97
"Grayndler","Gregory Berry","AP",2500,5.12
"Grayndler","Fred Daly","ALP",35255,72.22
"Grayndler","Jonathan Fowler","Lib46",11064,22.66
"Grey","Denis Burman","Lib46",17337,32.21
"Grey","Nigel Clarke","LM",882,1.64
"Grey","Reginald Heading","CP",6112,11.35
"Grey","Edward McMahon","AP",1124,2.09
"Grey","Laurie Wallis","ALP",28373,52.71
"Griffith","Cecil Birchley","Ind",1185,2.12
"Griffith","Donald Cameron","Lib46",27381,49.04
"Griffith","Clem Jones","ALP",26657,47.75
"Griffith","Beth Smith","AP",609,1.09
"Gwydir","Francis Bourke","ALP",20249,40.64
"Gwydir","Ralph Hunt","CP",28892,57.98
"Gwydir","James Thompson","AP",689,1.38
"Hawker","Peter Holder","LM",6744,11.82
"Hawker","Ralph Jacobi","ALP",31735,55.63
"Hawker","Phillip Vickery","AP",849,1.49
"Hawker","Henry Winter","Lib46",17717,31.06
"Henty","Joan Child","ALP",28111,49.61
"Henty","Terence Farrell","DLP",2408,4.25
"Henty","Max Fox","Lib46",24953,44.04
"Henty","Michael Hughes","AP",1191,2.1
"Herbert","Robert Bonnett","Lib46",30908,53.09
"Herbert","John Rockett","ALP",25712,44.16
"Herbert","Leonard Weber","AP",1601,2.75
"Higgins","John Gorton","Lib46",34640,58.6
"Higgins","Wilhelm Kapphan","ALP",20614,34.87
"Higgins","Thomas Magree","DLP",2048,3.46
"Higgins","Rafe Slaney","AP",1809,3.06
"Hindmarsh","Clyde Cameron","ALP",37106,62.88
"Hindmarsh","Wayne Kelly","AP",1087,1.84
"Hindmarsh","Iris MacDonald","Lib46",16311,27.64
"Hindmarsh","Kelvin Schultz","LM",4508,7.64
"Holt","Joseph Busuttil","AP",2371,3.13
"Holt","Robert Fidler","DLP",2546,3.36
"Holt","Max Oldmeadow","ALP",41129,54.3
"Holt","Len Reid","Lib46",29699,39.21
"Hotham","Don Chipp","Lib46",27826,48.15
"Hotham","Richard Franklin","AP",801,1.39
"Hotham","Frank Gaffy","DLP",2163,3.74
"Hotham","John Murray","ARP49",177,0.31
"Hotham","Anthony Ross","ALP",26822,46.41
"Hughes","Philip Benwell","Lib46",18954,31.41
"Hughes","Les Johnson","ALP",40005,66.3
"Hughes","Walter Skarschewski","AP",1382,2.29
"Hume","John Gedye","AP",1253,2.63
"Hume","Stephen Lusher","CP",18882,39.57
"Hume","Frank Olley","ALP",22640,47.45
"Hume","Graham Thompson","Lib46",4942,10.36
"Hunter","Richard Bevan","Lib46",15442,24.93
"Hunter","Bert James","ALP",44987,72.64
"Hunter","Desmond Kynaston","AP",1501,2.42
"Indi","Alan Bell","ALP",18886,36.47
"Indi","Christopher Cody","DLP",2958,5.71
"Indi","Jim Dimo","AP",796,1.54
"Indi","Mac Holten","CP",29150,56.28
"Isaacs","James Bernard","Ind",1181,2.08
"Isaacs","Elizabeth Chesterfield","AP",1443,2.54
"Isaacs","Gareth Clayton","ALP",26225,46.1
"Isaacs","Janus Fawke","Ind",597,1.05
"Isaacs","David Hamer","Lib46",25267,44.41
"Isaacs","William Lech","DLP",2179,3.83
"Kalgoorlie","Fred Collard","ALP",22925,50.32
"Kalgoorlie","Mick Cotter","Lib46",19072,41.86
"Kalgoorlie","James Jackson","Ind",487,1.07
"Kalgoorlie","Ian Kelly","AP",555,1.22
"Kalgoorlie","George Kyros",NA,2520,5.53
"Kennedy","Bob Katter","CP",29093,62.62
"Kennedy","Tony McGrady","ALP",17363,37.38
"Kingsford-Smith","Lionel Bowen","ALP",39432,67.79
"Kingsford-Smith","Anthony Green","AP",1520,2.61
"Kingsford-Smith","Gary McCready","Lib46",17217,29.6
"Kingston","Richard Gun","ALP",35647,52.91
"Kingston","Peter Heyson","LM",6771,10.05
"Kingston","Peter Tonkin","Lib46",24117,35.8
"Kingston","Janet Veilands","AP",833,1.24
"Kooyong","Ian Channell","Ind",1311,2.24
"Kooyong","Francis Duffy","DLP",3334,5.7
"Kooyong","Wellington Lee","ALP",19986,34.17
"Kooyong","Andrew Peacock","Lib46",32086,54.85
"Kooyong","Frances Vorrath","AP",1779,3.04
"Lalor","John Bacon","DLP",5398,7.92
"Lalor","Jim Cairns","ALP",44005,64.58
"Lalor","William Inglis","AP",1128,1.66
"Lalor","Francis Purnell","Lib46",17613,25.85
"Lang","George Edgell","AP",2558,4.43
"Lang","Barry Peffer","Lib46",17795,30.84
"Lang","Frank Stewart","ALP",37343,64.72
"La Trobe","Marshall Baillieu","Lib46",32126,42.02
"La Trobe","William Bryant","Ind",323,0.42
"La Trobe","Tony Lamb","ALP",40444,52.91
"La Trobe","Daniel Mason","DLP",2051,2.68
"La Trobe","Donald Walters","AP",1501,1.96
"Leichhardt","Robert Ellwood","AP",3049,5.88
"Leichhardt","Bill Fulton","ALP",25702,49.6
"Leichhardt","Herbert Marsh","CP",23072,44.52
"Lilley","Kevin Cairns","Lib46",26442,44.88
"Lilley","Frank Doyle","ALP",27974,47.48
"Lilley","Albert Postle","CP",3786,6.43
"Lilley","James Webb","AP",713,1.21
"Lowe","Bronte Douglas","Ind",1578,2.79
"Lowe","William McMahon","Lib46",29110,51.55
"Lowe","Bent Poulson","AP",1088,1.93
"Lowe","Doug Sutherland","ALP",24697,43.73
"Lyne","David Haig","AP",2005,3.61
"Lyne","Philip Lucock","CP",33253,59.85
"Lyne","Ken Reed","ALP",20306,36.55
"Macarthur","John Kerin","ALP",39306,53.2
"Macarthur","Jill Kerr","AP",1442,1.95
"Macarthur","David Wood","Lib46",33141,44.85
"Mackellar","Evan Davies","ALP",26772,40.29
"Mackellar","Noel Gash","AP",2987,4.49
"Mackellar","William Wentworth","Lib46",36697,55.22
"Macquarie","Michael Hunt","CP",4453,6.32
"Macquarie","Tony Luchetti","ALP",39472,56.06
"Macquarie","Malcolm Mackay","Lib46",24849,35.29
"Macquarie","Steven Parrott","CP",579,0.82
"Macquarie","Gregory Woodward","AP",1061,1.51
"Mallee","Stanley Croughnan","DLP",3560,7.58
"Mallee","Peter Fisher","CP",29642,63.1
"Mallee","John Grigg","AP",1035,2.2
"Mallee","Brian Smith","ALP",12740,27.12
"Maranoa","James Corbett","CP",30104,68.69
"Maranoa","Janice Saltau","ALP",13721,31.31
"Maribyrnong","Moss Cass","ALP",33393,56.67
"Maribyrnong","Richard McManus","DLP",5136,8.72
"Maribyrnong","John Watson","AP",1094,1.86
"Maribyrnong","Rex Webb","Lib46",19306,32.76
"McMillan","Ronald Broadhurst","AP",1666,3.02
"McMillan","Ronald Dent","Lib46",13345,24.2
"McMillan","Arthur Hewson","CP",13650,24.76
"McMillan","Les Hilton","DLP",2273,4.12
"McMillan","Barry Murphy","ALP",24201,43.89
"McPherson","Robert Richardson","AP",3427,4.08
"McPherson","Eric Robinson","Lib46",47496,56.59
"McPherson","Tom Veivers","ALP",33001,39.32
"Melbourne","Ted Innes","ALP",35257,68.94
"Melbourne","Martin Kerr","AP",1768,3.46
"Melbourne","Anna Linard","DLP",2698,5.28
"Melbourne","Haset Sali","Lib46",10827,21.17
"Melbourne","Philip Scott","Ind",593,1.16
"Melbourne Ports","Beverley Broadbent","AP",2429,4.72
"Melbourne Ports","Frank Crean","ALP",31120,60.44
"Melbourne Ports","John Johnston","DLP",2211,4.29
"Melbourne Ports","John Walsh","Lib46",15733,30.55
"Mitchell","Alfred Ashley-Brown","ALP",36283,46.89
"Mitchell","John Butterworth","AP",2080,2.69
"Mitchell","Alan Cadman","Lib46",39009,50.42
"Moore","Rodney Boland","ALP",21220,37.14
"Moore","Sydney Hickman","AP",752,1.32
"Moore","John Hyde","Lib46",20279,35.49
"Moore","Donald Maisey",NA,14889,26.06
"Moreton","William Forgan-Smith","ALP",23999,42.36
"Moreton","James Killen","Lib46",31442,55.5
"Moreton","Robert McClintock","AP",1208,2.13
"Murray","Dennis Dodd","ALP",14503,27.02
"Murray","Hugh Dunn","Ind",242,0.45
"Murray","William Hunter","Lib46",7324,13.64
"Murray","Bruce Lloyd","CP",28475,53.04
"Murray","Patrick Payne","DLP",2460,4.58
"Murray","Peter Schoeffel","AP",680,1.27
"Newcastle","Charles Jones","ALP",38554,69.98
"Newcastle","Ellen Rose","AP",1590,2.89
"Newcastle","Arthur Thomas","Lib46",14947,27.13
"New England","William Bischoff","ALP",23197,40.24
"New England","Brian Edwards","AP",1574,2.73
"New England","Ian Sinclair","CP",32874,57.03
"Northern Territory","Alexander Allan-Stewart","Ind",1557,5.28
"Northern Territory","Sam Calder","CP",14514,49.25
"Northern Territory","John Waters","ALP",13397,45.46
"North Sydney","James Feros","AP",2609,4.93
"North Sydney","Bill Graham","Lib46",30155,56.93
"North Sydney","Patrick Healy","ALP",19883,37.53
"North Sydney","Romualds Kemps","Ind",326,0.62
"Oxley","Bill Hayden","ALP",39323,57.02
"Oxley","Arthur Smith","AP",1489,2.16
"Oxley","Allan Whybird","Lib46",28152,40.82
"Parramatta","Derek Barker","Ind",1188,1.73
"Parramatta","Robert MacKenzie","AP",1481,2.15
"Parramatta","Philip Ruddock","Lib46",33916,49.27
"Parramatta","Barry Wilde","ALP",32246,46.85
"Paterson","Robert Fowler","AP",916,1.71
"Paterson","Frank O'Keefe","CP",26418,49.29
"Paterson","Noel Unicomb","ALP",26261,49
"Perth","Joe Berinson","ALP",33786,56.54
"Perth","Wilfred Campin","AP",411,0.69
"Perth","Dorothy Cranley",NA,2487,4.16
"Perth","Paul Marsh","CPA",539,0.9
"Perth","Derrick Tomlinson","Lib46",22529,37.7
"Petrie","Peter Addison","CP",10009,14.04
"Petrie","John Hodges","Lib46",29442,41.29
"Petrie","Denis Murphy","ALP",30651,42.99
"Petrie","Jill Ritchie","AP",1202,1.69
"Phillip","John Cunningham","Lib46",26198,44.07
"Phillip","Joe Riordan","ALP",31337,52.71
"Phillip","David Taylor","Ind",550,0.93
"Phillip","Virginia Walker","AP",1368,2.3
"Port Adelaide","Clarence Hinson","Lib46",13464,23.97
"Port Adelaide","Alan Jamieson","AP",904,1.61
"Port Adelaide","Jean Lawrie","LM",3701,6.59
"Port Adelaide","James Mitchell","Ind",1423,2.53
"Port Adelaide","Mick Young","ALP",36678,65.3
"Prospect","Dick Klugman","ALP",44082,67.44
"Prospect","Donald MacDonald","Lib46",19591,29.97
"Prospect","Geoffrey Thomas","AP",1693,2.59
"Reid","Thomas Faulkner","Lib46",16753,29.74
"Reid","Astrid O'Neill","AP",1349,2.4
"Reid","Tom Uren","ALP",38222,67.86
"Richmond","Doug Anthony","CP",35090,62.22
"Richmond","Frederick Braid","ALP",19216,34.07
"Richmond","Bernard Walrut","AP",2090,3.71
"Riverina","Al Grassby","ALP",23233,47.82
"Riverina","Donald Mackay","Lib46",8868,18.25
"Riverina","John Sullivan","CP",16128,33.19
"Riverina","John Thomson","AP",357,0.73
"Robertson","Jennifer Baker","AP",2011,2.7
"Robertson","Hugh Chalmers","Lib46",29637,39.74
"Robertson","Barry Cohen","ALP",42936,57.57
"Ryan","Ruth Chenoweth","AP",3080,4.51
"Ryan","Nigel Drury","Lib46",39069,57.22
"Ryan","James Herlihy","ALP",26128,38.27
"Scullin","Harry Jenkins","ALP",36642,66.49
"Scullin","John Kotre","AP",950,1.72
"Scullin","Bernard McGrath","DLP",3296,5.98
"Scullin","Alan Stanley","Lib46",14223,25.81
"Shortland","Lionel Lambkin","Ind",2063,3.54
"Shortland","David Morris","Lib46",17756,30.43
"Shortland","Peter Morris","ALP",37031,63.47
"Shortland","John Steele","AP",1493,2.56
"St George","Brian Booth","Lib46",24696,43.63
"St George","Harold Jagers","AP",788,1.39
"St George","Bill Morrison","ALP",31121,54.98
"Stirling","Marie Clark",NA,2797,5.19
"Stirling","Graham Reece","ALP",25648,47.62
"Stirling","Carolyn Tonge","AP",471,0.87
"Stirling","Ian Viner","Lib46",24942,46.31
"Sturt","Anthony Figallo","Ind",1018,1.6
"Sturt","Betty Hall","LM",4553,7.17
"Sturt","Graham Maguire","ALP",28088,44.24
"Sturt","Roger Marshman","AP",1034,1.63
"Sturt","Ian Wilson","Lib46",28799,45.36
"Swan","Pietro Bendotti",NA,4087,6.55
"Swan","Adrian Bennett","ALP",33225,53.26
"Swan","Geoffrey Hale","Lib46",24251,38.88
"Swan","Archelaus Marshall","AP",814,1.3
"Sydney","Julia Bovard","AP",2598,5.79
"Sydney","Pat Clancy","SPA72",1132,2.52
"Sydney","Jim Cope","ALP",32244,71.89
"Sydney","Janis Wallace","Lib46",8876,19.79
"Tangney","June Bunce",NA,3430,6.16
"Tangney","John Dawkins","ALP",28176,50.58
"Tangney","Wendy Russell-Brown","AP",900,1.62
"Tangney","Peter Whyte","Lib46",23196,41.64
"Wakefield","Ronald Crosby","CP",6225,13.51
"Wakefield","Peter Dewhurst","ALP",13304,28.87
"Wakefield","John Freebairn","LM",3316,7.2
"Wakefield","Bert Kelly","Lib46",22761,49.39
"Wakefield","Ian Swan","AP",476,1.03
"Wannon","John Casanova","DLP",3431,6.69
"Wannon","Malcolm Fraser","Lib46",28117,54.85
"Wannon","Edward Garth","ALP",19133,37.32
"Wannon","Peter Hopgood","AP",581,1.13
"Warringah","Allan Hughes","ALP",19775,35.3
"Warringah","Michael MacKellar","Lib46",33962,60.63
"Warringah","Allan Mann","AP",1891,3.38
"Warringah","Edwin Mayne","Ind",186,0.33
"Warringah","Eric Riches","Ind",198,0.35
"Wentworth","Robert Ellicott","Lib46",30677,61.83
"Wentworth","Julia Featherstone","AP",2274,4.58
"Wentworth","Paul Hawcroft","ALP",16665,33.59
"Werriwa","Michael Darby","Lib46",19822,29.19
"Werriwa","Robert Demkiw","Ind",98,0.14
"Werriwa","Steve Dodd","Ind",97,0.14
"Werriwa","Eileen Eason","Ind",73,0.11
"Werriwa","Ross May","NSP",82,0.12
"Werriwa","Veljko Prlja","Ind",35,0.05
"Werriwa","Ian Robertson","Ind",78,0.11
"Werriwa","Leslie Shaw","Ind",42,0.06
"Werriwa","Margaret Tomkins","Ind",221,0.33
"Werriwa","Robert Tuckwell","AP",360,0.53
"Werriwa","Gough Whitlam","ALP",46844,68.99
"Werriwa","Arthur Wiles","Ind",152,0.22
"Wide Bay","Brendan Hansen","ALP",26127,45.9
"Wide Bay","Clarrie Millar","CP",24875,43.7
"Wide Bay","Ian Theodore","Lib46",5920,10.4
"Wills","John Bales","Lib46",15923,29.82
"Wills","Stanley Bell","AP",944,1.77
"Wills","Gordon Bryant","ALP",32721,61.27
"Wills","Bruce Drinkwater","ARP49",385,0.72
"Wills","John Flint","DLP",3430,6.42
"Wilmot","Max Burr","Lib46",21764,47.3
"Wilmot","Gil Duthie","ALP",24248,52.7
"Wimmera","Brian Brooke","ALP",17338,36.91
"Wimmera","Kevin Dunn","DLP",1804,3.84
"Wimmera","Robert King","CP",18306,38.97
"Wimmera","Heather Mitchell","Lib46",9191,19.57
"Wimmera","Keith Sullivan","AP",331,0.7
