"Seat","Candidate","Party","Votes","Vote_perc"
"Adelaide","Raymond Davis","ADLP",4906,8.34
"Adelaide","Edgar Dawes","ALP",19950,33.91
"Adelaide","Bert Edwards","Ind ALP",4587,7.8
"Adelaide","Fred Stacey","UAP31",29393,49.96
"Balaclava","Harry Moffat","Ind",7586,11.06
"Balaclava","Charles Sandford","ALP",17135,24.98
"Balaclava","Thomas White","UAP31",43876,63.96
"Ballaarat","Edward Montgomery","UAP31",19089,40.14
"Ballaarat","Reg Pollard","ALP",22715,47.77
"Ballaarat","Alex Russell","Ind",5749,12.09
"Barker","Archie Cameron","CP",34649,58.63
"Barker","Charles Lloyd","Ind",8659,14.65
"Barker","Cecil Skitch","ALP",15786,26.71
"Barton","H. V. Evatt","ALP",35425,57.45
"Barton","Albert Lane","UAP31",21845,35.43
"Barton","Sam Lewis","SL",1111,1.8
"Barton","John Mackay","Ind",484,0.78
"Barton","Robert Mackie","ADM",155,0.25
"Barton","John Rose","LL40",2643,4.29
"Bass","Claude Barnard","ALP",12009,49.4
"Bass","Algie Findlay","UAP31",5634,23.18
"Bass","Desmond Oldham","UAP31",5215,21.45
"Bass","John Watson","Ind",1452,5.97
"Batman","Frank Brennan","ALP",35636,59.67
"Batman","Albert Peters","UAP31",24082,40.33
"Bendigo","John Barton","Ind UCP34",5769,12.6
"Bendigo","Bert de Grandi","ALP",17453,38.12
"Bendigo","George Rankin","UCP34",22561,49.28
"Boothby","William Adey","Ind",9479,14.62
"Boothby","John Price","UAP31",37219,57.41
"Boothby","Edwin Yates","ALP",18131,27.97
"Bourke","Maurice Blackburn","ALP",39736,66.21
"Bourke","Charles Lucas","UAP31",20278,33.79
"Brisbane","John Fletcher","UAP31",27055,49.62
"Brisbane","George Lawson","ALP",27474,50.38
"Calare","Richard Brazier","Ind",1435,3.03
"Calare","John Breen","ALP",12589,26.57
"Calare","John Heiss","LL40",6592,13.92
"Calare","Herbert Hodby","CP",4027,8.5
"Calare","Greg McGirr","SL",5502,11.61
"Calare","Harold Thorby","CP",17227,36.37
"Capricornia","Frank Forde","ALP",33211,58.74
"Capricornia","Edwin Hiskens","CP",23330,41.26
"Cook","Jock Garden","ALP",17634,32.56
"Cook","Cyril Glassop","Ind ALP",4901,9.05
"Cook","Tom Sheehan","LL40",31625,58.39
"Corangamite","Allan McDonald","UAP31",26665,56.18
"Corangamite","Harold Miller","ALP",20801,43.82
"Corio","John Dedman","ALP",28056,52.58
"Corio","Harry Lyall","Ind",4033,7.56
"Corio","Gerald Patterson","UAP31",21271,39.86
"Cowper","John Cain","Ind",4243,8.2
"Cowper","Myles Kelly","ALP",11350,21.93
"Cowper","Joseph McElhone","Ind",8391,16.21
"Cowper","Sir Earle Page","CP",27773,53.66
"Dalley","Donald Cochrane","ALP",18643,33.49
"Dalley","Hubert O'Connell","UAP31",14736,26.47
"Dalley","Sol Rosevear","LL40",20721,37.23
"Dalley","Edmund Ryan","SL",1564,2.81
"Darling","Joe Clark","ALP",29128,63.41
"Darling","Alexander Huie","Ind",10648,23.18
"Darling","Les Murphy","LL40",6158,13.41
"Darling Downs","Leslie Bailey","ALP",21316,42.06
"Darling Downs","Arthur Fadden","CP",29365,57.94
"Darwin","George Bell","UAP31",15896,59.19
"Darwin","Eric Reece","ALP",10961,40.81
"Deakin","Frank Fisher","Ind",3983,7.44
"Deakin","William Hutchinson","UAP31",29318,54.76
"Deakin","Duncan McCallum","Ind",2969,5.55
"Deakin","Frank Williamson","ALP",17267,32.25
"Denison","Arthur Beck","UAP31",12969,51.06
"Denison","Gerald Mahoney","ALP",12433,48.94
"East Sydney","Fred Aarons","Ind",2264,4.69
"East Sydney","James Catts","UAP31",2508,5.2
"East Sydney","Diana Gould","Ind",1867,3.87
"East Sydney","Steve Gould","LL40",5547,11.49
"East Sydney","Lewis Nott","UAP31",12211,25.3
"East Sydney","Louis Phillips","Atok",187,0.39
"East Sydney","Eddie Ward","ALP",23685,49.07
"Eden-Monaro","George Alam","Ind",1018,2.1
"Eden-Monaro","Rupert Beale","Ind",987,2.03
"Eden-Monaro","Benjamin Kelly","LL40",4575,9.43
"Eden-Monaro","Frank Louat","UAP31",6173,12.72
"Eden-Monaro","Roy May","UAP31",1175,2.42
"Eden-Monaro","Pat Osborne","UAP31",4763,9.82
"Eden-Monaro","John Perkins","UAP31",13092,26.98
"Eden-Monaro","Herb Turner","ALP",16736,34.49
"Fawkner","Arthur Fraser","ALP",22558,35.75
"Fawkner","Harold Holt","UAP31",38387,60.84
"Fawkner","Alexander Mills","Ind",2152,3.41
"Flinders","Alexander Amess","Ind",3245,5.82
"Flinders","Frank Lee","ALP",15465,27.72
"Flinders","Edward Mann","Ind",14920,26.75
"Flinders","Rupert Ryan","UAP31",22154,39.71
"Forrest","Vane Green","ALP",19832,44.62
"Forrest","John Prowse","CP",24619,55.38
"Franklin","Charles Frost","ALP",14322,53.46
"Franklin","Hugh Warner","UAP31",12466,46.54
"Fremantle","Gil Clarke","Ind UAP31",3344,5.88
"Fremantle","John Curtin","ALP",27299,47.96
"Fremantle","Frederick Lee","UAP31",26274,46.16
"Gippsland","George Bowden","UCP34",8006,16.67
"Gippsland","James McKenna","ALP",16082,33.48
"Gippsland","Thomas Paterson","LCP",20547,42.77
"Gippsland","Calvert Wyeth","Ind",3402,7.08
"Grey","Oliver Badman","CP",25683,52.79
"Grey","Charles Davis","ALP",18178,37.36
"Grey","Percy McFarlane","Ind",4790,9.85
"Griffith","William Conelan","ALP",30529,50.54
"Griffith","Peter McCowan","UAP31",29879,49.46
"Gwydir","Ernest Batchelor","CP",7738,15.75
"Gwydir","Frederick Deakins","Ind",788,1.6
"Gwydir","William Scully","ALP",27231,55.43
"Gwydir","Ben Wade","CP",13373,27.22
"Henty","Arthur Coles","Ind",35542,54.63
"Henty","Arthur Haywood","ALP",23319,35.84
"Henty","Edward Riley","Ind",567,0.87
"Henty","Samuel Thomas","Ind",704,1.08
"Henty","Eric Young","Ind",4927,7.57
"Herbert","Louis Haydon","Ind RSL",3346,5.51
"Herbert","Thomas Mann","CP",21545,35.49
"Herbert","George Martens","ALP",24712,40.71
"Herbert","Fred Paterson","Ind",11104,18.29
"Hindmarsh","Harry Hatwell","UAP31",21758,34.28
"Hindmarsh","Norman Makin","ALP",41718,65.72
"Hume","Thomas Collins","CP",21379,42.2
"Hume","John Fisher","SL",2473,4.88
"Hume","Arthur Fuller","LL40",11037,21.79
"Hume","Clarence Nolan","ALP",11584,22.87
"Hume","Eric Roberts","ADM",4188,8.27
"Hunter","Bill Gollan","SL",12956,24.97
"Hunter","Rowley James","ALP",38921,75.03
"Indi","Jack Devlin","ALP",19216,38.52
"Indi","John McEwen","LCP",30676,61.48
"Kennedy","Bill Riordan","ALP",29988,64.22
"Kennedy","Wilfrid Simmonds","CP",16706,35.78
"Kooyong","Drysdale Bett","Ind",2598,3.7
"Kooyong","Thomas Brennan","ALP",14467,20.62
"Kooyong","John Dale","Ind",7382,10.52
"Kooyong","Francis Foster","Ind",377,0.54
"Kooyong","Frank Hartnett","Ind",1168,1.66
"Kooyong","Robert Menzies","UAP31",44161,62.95
"Lang","Matthew Calman","UAP31",5626,9.17
"Lang","John Metcalfe","ALP",12487,20.35
"Lang","Dan Mulcahy","LL40",23298,37.96
"Lang","Arthur Robinson","SL",3738,6.09
"Lang","Bertram Stevens","UAP31",15615,25.44
"Lang","Stanley Willmott","UAP31",608,0.99
"Lilley","William Jolly","UAP31",35047,58.09
"Lilley","Gordon Lovell","ALP",23485,38.93
"Lilley","Charles Mitchell","Ind",1800,2.98
"Macquarie","Ben Chifley","ALP",22660,44.62
"Macquarie","Bernard Cunningham","LL40",7660,15.08
"Macquarie","John Lawson","UAP31",20468,40.3
"Maranoa","Frank Baker","ALP",24105,47.86
"Maranoa","Henry Madden","Ind",3808,7.56
"Maranoa","Bob McGeoch","CP",22452,44.58
"Maribyrnong","Arthur Drakeford","ALP",40990,64.61
"Maribyrnong","Robert Vroland","UAP31",22455,35.39
"Martin","Rupert Lockwood","SL",8555,14.93
"Martin","William McCall","UAP31",28727,50.12
"Martin","Raymond Watt","ALP",20036,34.96
"Melbourne","James Baker","ADLP",7893,14.33
"Melbourne","Arthur Calwell","ALP",28590,51.91
"Melbourne","Richard Griffiths","UAP31",13140,23.86
"Melbourne","Edward Whitcombe","Ind ALP",5450,9.9
"Melbourne Ports","Jack Holloway","ALP",38853,66.12
"Melbourne Ports","Raymond Trickey","UAP31",19907,33.88
"Moreton","Josiah Francis","UAP31",36265,59.25
"Moreton","Henry Herbert","ALP",24938,40.75
"Newcastle","Arthur Clarke","Ind",6190,10.42
"Newcastle","Tom Hickey","SL",9029,15.2
"Newcastle","David Watkins","ALP",44170,74.37
"New England","Joe Abbott","CP",16898,34.8
"New England","Leigh Cuthbertson","ALP",16085,33.13
"New England","Donald Shand","CP",3938,8.11
"New England","Victor Thompson","CP",11635,23.96
"Northern Territory","Adair Blain","Ind",1622,38.85
"Northern Territory","Fred Colson","Ind",841,20.14
"Northern Territory","Lindsay Craig","ALP",1321,31.64
"Northern Territory","John McDonald","Ind ALP",391,9.37
"North Sydney","James Dooley","ALP",9704,15.51
"North Sydney","Billy Hughes","UAP31",38381,61.34
"North Sydney","John Steel","LL40",3526,5.63
"North Sydney","William Wilson","SL",10965,17.52
"Parkes","David Knox","Ind",6785,11.85
"Parkes","Sir Charles Marr","UAP31",28909,50.49
"Parkes","Daniel Murphy","ALP",21565,37.66
"Parramatta","James Dalton","LL40",5639,9.35
"Parramatta","Albert Rowe","ALP",10553,17.49
"Parramatta","Norman Rydge","UAP31",7189,11.92
"Parramatta","Sir Frederick Stewart","UAP31",25561,42.37
"Parramatta","Gordon Wallace","UAP31",7437,12.33
"Parramatta","Bill Wood","SL",3952,6.55
"Perth","James Bolitho","Ind",3326,6.11
"Perth","Gavan McMillan","ALP",17144,31.47
"Perth","Walter Nairn","UAP31",33999,62.42
"Reid","Leslie Brown","Ind UAP31",15472,26.41
"Reid","Joe Gander","LL40",18677,31.89
"Reid","Jack Hughes","SL",6211,10.6
"Reid","Edward James","Ind",614,1.05
"Reid","Charles Morgan","ALP",17601,30.05
"Richmond","Larry Anthony","CP",34311,64.94
"Richmond","Alexander Collingridge","SL",2146,4.06
"Richmond","Jim Fredericks","ALP",16380,31
"Riverina","Ronald Cuttle","Ind",1408,3.03
"Riverina","John Hogan","ADM",7571,16.28
"Riverina","Joe Langtry","ALP",10083,21.68
"Riverina","Charles Lenon","SL",1177,2.53
"Riverina","Horace Nock","CP",12355,26.56
"Riverina","William Quirk","LL40",6724,14.45
"Riverina","Hugh Roberton","CP",7199,15.48
"Robertson","William Cox","Ind",1640,3.08
"Robertson","Edward Down","Ind",161,0.3
"Robertson","Sydney Gardner","UAP31",9142,17.15
"Robertson","Michael McKeon","LL40",4735,8.88
"Robertson","Campbell Marshall","UAP31",1617,3.03
"Robertson","James Russell","SL",3503,6.57
"Robertson","Eric Spooner","UAP31",14809,27.77
"Robertson","Thomas Williams","ALP",17712,33.22
"Swan","Claude Barker","Ind",7758,16.6
"Swan","Jim Dinan","ALP",13193,28.23
"Swan","Henry Gregory","CP",15997,34.23
"Swan","Thomas Marwick","CP",8800,18.83
"Swan","John Tregenza","BIWF",986,2.11
"Wakefield","Jack Duncan-Hughes","UAP31",27357,53.4
"Wakefield","Sydney McHugh","ALP",23870,46.6
"Wannon","John Crawford","Ind CP",2490,4.93
"Wannon","Don McLeod","ALP",24533,48.62
"Wannon","Jabez Potts","Ind",2164,4.29
"Wannon","Thomas Scholfield","UAP31",21271,42.16
"Warringah","Patrick Esplin","ADM",3399,5.34
"Warringah","Bessie Frewin","ALP",7012,11.02
"Warringah","Joseph Hamlet","UAP31",2752,4.33
"Warringah","Percy Spender","UAP31",43759,68.78
"Warringah","Arthur Warren","SL",6697,10.53
"Watson","Max Falstein","ALP",21101,34.45
"Watson","Cecil Irwin","LL40",6693,10.93
"Watson","John Jennings","UAP31",27586,45.04
"Watson","Richard Wilson","SL",5868,9.58
"Wentworth","Norman Cowper","UAP31",13099,20.91
"Wentworth","Eric Harrison","UAP31",26969,43.05
"Wentworth","George McDonald","Ind Nat",771,1.23
"Wentworth","Jim Morley","SL",6249,9.97
"Wentworth","Norman Smith","ALP",14500,23.14
"Wentworth","Richard Stranger","UAP31",1062,1.7
"Werriwa","Rex Connor","SL",7512,12.58
"Werriwa","Walter Duncan","UAP31",6010,10.06
"Werriwa","Charles Hardwick","UAP31",7954,13.32
"Werriwa","Bert Lazzarini","ALP",24766,41.47
"Werriwa","Con Quilkey","LL40",6301,10.55
"Werriwa","Lyell Scott","UAP31",4170,6.98
"Werriwa","Mont Sheppard","UAP31",731,1.22
"Werriwa","Joseph Worland","UAP31",2278,3.81
"West Sydney","Jack Beasley","LL40",30570,62.81
"West Sydney","Peter Burke","SL",1983,4.07
"West Sydney","Malinda Ivey","Ind",2937,6.03
"West Sydney","Stan Moran","Ind",2470,5.07
"West Sydney","Henry Mulcahy","ALP",10714,22.01
"Wide Bay","Bernard Corser","CP",28693,54.86
"Wide Bay","John Rex","PLP22",8300,15.87
"Wide Bay","Samuel Round","ALP",15305,29.26
"Wilmot","Frank Edwards","UAP31",4913,21.06
"Wilmot","Allan Guy","UAP31",8301,35.59
"Wilmot","Lancelot Spurr","ALP",10113,43.35
"Wimmera","Robert Johnstone","Ind",1523,3.37
"Wimmera","Hugh McClelland","Ind CP",12561,27.78
"Wimmera","Michael Nolan","ALP",11222,24.82
"Wimmera","Alexander Wilson","UCP34",19915,44.04
"Yarra","Fred Edmunds","UAP31",19132,33.51
"Yarra","Ralph Gibson","Soc",5175,9.06
"Yarra","James Scullin","ALP",32790,57.43
