"Seat","Candidate","Party","Votes","Vote_perc"
"Adelaide","Keith Ashdown","Lib46",20272,39.23
"Adelaide","George Basisovs","DLP",1738,3.36
"Adelaide","Chris Hurford","ALP",28816,55.76
"Adelaide","Elliott Johnston","CPA",848,1.64
"Angas","Terence Critchley","DLP",1892,4.01
"Angas","Geoffrey Giles","Lib46",22191,47.06
"Angas","John Petch","CP",7543,16
"Angas","Adolf Thiel","ALP",15530,32.93
"Australian Capital Territory","Barry Blair","Ind",670,0.87
"Australian Capital Territory","Arthur Burns","Ind",3133,4.07
"Australian Capital Territory","Terence Christie","DLP",2758,3.58
"Australian Capital Territory","June Eatock","Ind",2003,2.6
"Australian Capital Territory","Kep Enderby","ALP",40147,52.14
"Australian Capital Territory","Alan Fitzgerald","AP",10529,13.67
"Australian Capital Territory","Peter Hughes","Lib46",17556,22.8
"Australian Capital Territory","Harry Marsh","Ind",67,0.09
"Australian Capital Territory","Michael Salvador","Ind",140,0.18
"Balaclava","Irene Dunsmuir","ALP",23365,44.52
"Balaclava","Ralph James","DLP",3809,7.26
"Balaclava","Leslie Rubinstein","Ind",857,1.63
"Balaclava","Ray Whittorn","Lib46",24455,46.59
"Ballaarat","Anthony Balkin","DLP",6297,12.6
"Ballaarat","Dudley Erwin","Lib46",20860,41.76
"Ballaarat","David Williams","ALP",22800,45.64
"Banks","John Anderson","DLP",2114,3.92
"Banks","Randall Green","Lib46",17756,32.95
"Banks","Vince Martin","ALP",31620,58.68
"Banks","Charles Nasmyth","AP",2392,4.44
"Barker","John Cornwall","ALP",20622,39.85
"Barker","Jim Forbes","Lib46",29426,56.86
"Barker","David Le Cornu","DLP",1705,3.29
"Barton","Vince Bruce","Lib46",23306,41.09
"Barton","Brian Howard","Ind",348,0.61
"Barton","Rhonda Howse","AP",2255,3.98
"Barton","Len Reynolds","ALP",29931,52.77
"Barton","Bruce Stafford","DLP",877,1.55
"Bass","Lance Barnard","ALP",23439,58.77
"Bass","John Beswick","Lib46",14661,36.76
"Bass","Jindrich Nermut","DLP",1783,4.47
"Batman","Leon Bram","Lib46",18200,34.38
"Batman","Henry Darroch","DLP",5163,9.75
"Batman","Horrie Garrick","ALP",29578,55.87
"Bendigo","John Bourchier","Lib46",13637,26.72
"Bendigo","Paul Brennan","DLP",4267,8.36
"Bendigo","David Kennedy","ALP",24326,47.66
"Bendigo","Joseph Pearce","CP",8813,17.27
"Bennelong","Sir John Cramer","Lib46",27113,45.99
"Bennelong","Gwendoline Fitzpatrick","DLP",2040,3.46
"Bennelong","Gladwys Leach","AP",6212,10.54
"Bennelong","Norman Russell","ALP",22534,38.22
"Bennelong","Jean Sulima","DOGS",1061,1.8
"Berowra","Harry Edwards","Lib46",29993,53.52
"Berowra","David Haig","AP",4733,8.45
"Berowra","Michael Strenger","DLP",2055,3.67
"Berowra","George Williams","ALP",19260,34.37
"Blaxland","John Ghent","Lib46",16317,29.63
"Blaxland","Paul Keating","ALP",36724,66.7
"Blaxland","Anthony Young","DLP",2020,3.67
"Bonython","Frank Lawrence","Ind",2894,4.73
"Bonython","Rudolph Masopust","Lib46",18777,30.7
"Bonython","Peter Meredith","DLP",1747,2.86
"Bonython","Martin Nicholls","ALP",37752,61.72
"Boothby","Ted Farrell","DLP",2086,3.86
"Boothby","Anne Levy","ALP",20583,38.09
"Boothby","Richard Llewellyn","AP",3050,5.64
"Boothby","John McLeay","Lib46",28323,52.41
"Bowman","Kerry Chiconi","Lib46",24964,39.26
"Bowman","Denis Cochran","DLP",3508,5.52
"Bowman","Len Keogh","ALP",35113,55.22
"Braddon","Ron Davies","ALP",27502,62.2
"Braddon","William Luck","Lib46",15210,34.4
"Braddon","Dudley McNamara","DLP",1506,3.41
"Bradfield","Helen Berrill","Ind",2251,3.79
"Bradfield","Allan Dwyer","DLP",2412,4.06
"Bradfield","Mavis McMillan","AP",4876,8.21
"Bradfield","John Pomeroy","ALP",13458,22.67
"Bradfield","Harry Turner","Lib46",36378,61.27
"Brisbane","Andrew Aitken","DLP",4333,8.4
"Brisbane","Jim Anderson","Lib46",15213,29.49
"Brisbane","Manfred Cross","ALP",25467,49.36
"Brisbane","Charles Gifford","CPA",372,0.72
"Brisbane","Glen Sheil","CP",6208,12.03
"Bruce","Rex Harper","DLP",4632,7.36
"Bruce","Peter Moore","AP",4107,6.52
"Bruce","Russell Oakley","ALP",26312,41.8
"Bruce","Billy Snedden","Lib46",27893,44.31
"Burke","Keith Johnson","ALP",39510,63.57
"Burke","Howard Thain","Lib46",16143,25.97
"Burke","Colin Walsh","DLP",6502,10.46
"Calare","John England","CP",23517,51.45
"Calare","John Grant","DLP",2443,5.34
"Calare","Francis Hall","ALP",19748,43.2
"Canning","Brian Burns","Ind",1301,2.2
"Canning","John Hallett","CP",15461,26.19
"Canning","Thomas Hartigan","AP",1436,2.43
"Canning","Patrick Hickey","DLP",1558,2.64
"Canning","Ian Pratt","Lib46",15873,26.89
"Canning","Allan Scott","ALP",23398,39.64
"Capricornia","Brian Besley","DLP",2743,5.75
"Capricornia","Kevin Connor","CP",11176,23.42
"Capricornia","Doug Everingham","ALP",26632,55.82
"Capricornia","Brian Palmer","Lib46",7163,15.01
"Casey","Kevin Adamson","DLP",4242,7.15
"Casey","Alfred Andrews","DOGS",727,1.23
"Casey","Margaret Briggs","Ind",749,1.26
"Casey","Clive Champion","AP",2277,3.84
"Casey","Peter Howson","Lib46",23079,38.9
"Casey","Race Mathews","ALP",27845,46.93
"Casey","Roderick Matthews","Ind",416,0.7
"Chifley","John Armitage","ALP",45656,71.47
"Chifley","Alan Calaby","Lib46",14720,23.04
"Chifley","Francesco Rea","DLP",3504,5.49
"Chisholm","Robert Cowley","AP",3354,6.38
"Chisholm","William Hoyne","DLP",4006,7.62
"Chisholm","Alastair Nicholson","ALP",20608,39.19
"Chisholm","Tony Staley","Lib46",24622,46.82
"Cook","Don Dobie","Lib46",24527,45.54
"Cook","Bernard Forshaw","DLP",1232,2.29
"Cook","Ronald Gallagher","Ind",153,0.28
"Cook","Marjorie Gray","AP",2230,4.14
"Cook","Judith Sainsbury","DOGS",674,1.25
"Cook","Ray Thorburn","ALP",25037,46.49
"Corangamite","Edwin Morris","ALP",18729,37.39
"Corangamite","Francis O'Brien","DLP",4594,9.17
"Corangamite","Tony Street","Lib46",26769,53.44
"Corio","John Pawson","Lib46",18174,34.36
"Corio","Gordon Scholes","ALP",29942,56.61
"Corio","John Timberlake","DLP",4776,9.03
"Cowper","Thomas Cronin","ALP",21235,44.77
"Cowper","David Cumming","DLP",1349,2.84
"Cowper","John Maynes","AP",1410,2.97
"Cowper","Ian Robinson","CP",23437,49.41
"Cunningham","Rex Connor","ALP",38306,64.43
"Cunningham","Peter Daly","DLP",1968,3.31
"Cunningham","John Poel","Lib46",15524,26.11
"Cunningham","John Sladek","AP",2962,4.98
"Cunningham","Reginald Wilding","CPA",692,1.16
"Curtin","Victor Garland","Lib46",29131,58.51
"Curtin","Maurene Locke","AP",2652,5.33
"Curtin","Peter McGowan","DLP",2634,5.29
"Curtin","Susan Neacy","ALP",15373,30.88
"Darling","John Darcy","DLP",2826,6.81
"Darling","James Donohoe","Lib46",4029,9.7
"Darling","John FitzPatrick","ALP",25310,60.95
"Darling","Maxwell Overton","CP",9360,22.54
"Darling Downs","Ronald Alford","Ind",1312,2.52
"Darling Downs","Colin Brimblecombe","Lib46",11695,22.49
"Darling Downs","Eugene Connolly","DLP",3341,6.43
"Darling Downs","Tom McVeigh","CP",16783,32.28
"Darling Downs","James Thomas","ALP",18866,36.28
"Dawson","Lionel Bevis","CP",17998,36.94
"Dawson","John Judge","DLP",2618,5.37
"Dawson","Rex Patterson","ALP",28104,57.68
"Deakin","Gavan Burn","AP",2336,4.28
"Deakin","William French","ALP",23987,43.94
"Deakin","Alan Jarman","Lib46",22873,41.9
"Deakin","Harold Jeffrey","Ind",1658,3.04
"Deakin","Maurice Weston","DLP",3732,6.84
"Denison","Brian Broadby","Ind",1915,4.46
"Denison","John Coates","ALP",21286,49.52
"Denison","Michael Delaney","DLP",1630,3.79
"Denison","William Scetrine","AP",1076,2.5
"Denison","Robert Solomon","Lib46",17074,39.72
"Diamond Valley","Douglas Alexander","DOGS",1489,2.18
"Diamond Valley","Neil Brown","Lib46",26651,38.96
"Diamond Valley","James Marmion","DLP",4876,7.13
"Diamond Valley","David McKenzie","ALP",30927,45.21
"Diamond Valley","Shaun Redmond","Ind",145,0.21
"Diamond Valley","John Siddons","AP",4314,6.31
"Eden-Monaro","Anthony Abbey","DLP",1721,3.44
"Eden-Monaro","Roy Howard","CP",11313,22.61
"Eden-Monaro","Edward Otton","Lib46",12074,24.13
"Eden-Monaro","Hugh Watson","AP",1091,2.18
"Eden-Monaro","Bob Whan","ALP",23836,47.64
"Evans","John Dease","AP",2644,4.98
"Evans","Gary Doherty","DLP",1705,3.21
"Evans","Noel MacDonald","Ind",1714,3.23
"Evans","Malcolm Mackay","Lib46",21453,40.37
"Evans","Allan Mulder","ALP",25623,48.22
"Farrer","Michael Donelan","AP",3394,6.75
"Farrer","Kevin Esler","ALP",19276,38.32
"Farrer","David Fairbairn","Lib46",24096,47.91
"Farrer","Anthony Quinn","DLP",3531,7.02
"Fisher","Evan Adermann","CP",28356,50.1
"Fisher","Robert Barron","DLP",2569,4.54
"Fisher","Hamish Linacre","ALP",20183,35.66
"Fisher","John Plowman","Lib46",5494,9.71
"Flinders","Colin Bednall","ALP",27273,44.64
"Flinders","John Glynn","DLP",2380,3.9
"Flinders","David Heath","AP",1801,2.95
"Flinders","Phillip Lynch","Lib46",29640,48.52
"Forrest","Peter Drummond","Lib46",15304,32.01
"Forrest","John Fleeton","DLP",1483,3.1
"Forrest","Frank Kirwan","ALP",20843,43.6
"Forrest","Russell Moffet","AP",455,0.95
"Forrest","David Reid","CP",9723,20.34
"Franklin","William Craig","Lib46",13150,31.86
"Franklin","Keith Kelly","DLP",1610,3.9
"Franklin","Ray Sherry","ALP",26512,64.24
"Fremantle","Kim Beazley","ALP",32803,56.57
"Fremantle","Erica Lawton","Lib46",22637,39.04
"Fremantle","Jack Marks","CPA",786,1.36
"Fremantle","Rosemary Taboni","DLP",1764,3.04
"Gellibrand","David Munro","Lib46",12722,25.6
"Gellibrand","Robin Thomas","DLP",4951,9.96
"Gellibrand","Ralph Willis","ALP",32029,64.44
"Gippsland","John Bowron","AP",2541,5.18
"Gippsland","John Condon","DLP",3869,7.89
"Gippsland","Peter Nixon","CP",26007,53.07
"Gippsland","Peter Turner","ALP",16591,33.85
"Grayndler","Fred Daly","ALP",34768,73.73
"Grayndler","Jonathan Fowler","Lib46",10067,21.35
"Grayndler","Anthony Kiely","DLP",2318,4.92
"Grey","Derek Ball","AP",3368,7.01
"Grey","David Gray","DLP",2015,4.2
"Grey","Pat Rehn","Lib46",16698,34.77
"Grey","Laurie Wallis","ALP",25941,54.02
"Griffith","Cecil Birchley","DLP",3526,6.75
"Griffith","Donald Cameron","Lib46",22649,43.35
"Griffith","Edward Foat","ALP",24523,46.94
"Griffith","Beth Smith","AP",1544,2.96
"Gwydir","Robert Downing","ALP",19896,43.43
"Gwydir","John Gough","DLP",1532,3.34
"Gwydir","Ralph Hunt","CP",22979,50.16
"Gwydir","Kevin Mapperson","AP",1083,2.36
"Gwydir","William O'Donnell","Ind",324,0.71
"Hawker","Ralph Jacobi","ALP",29778,56.49
"Hawker","James Kiley","DLP",1754,3.33
"Hawker","Phyllis Rogers","Lib46",19323,36.66
"Hawker","John Steele","Ind",1859,3.53
"Henty","Joan Child","ALP",24701,46.36
"Henty","Terence Farrell","DLP",3926,7.37
"Henty","Max Fox","Lib46",22577,42.37
"Henty","Michael Hughes","AP",2080,3.9
"Herbert","Robert Bonnett","Lib46",22601,44.75
"Herbert","Kiernan Dorney","DLP",4719,9.34
"Herbert","Fabian Sweeney","ALP",21873,43.31
"Herbert","Leonard Weber","AP",1311,2.6
"Higgins","John Gorton","Lib46",29335,53.43
"Higgins","Peter Grant","DLP",3142,5.72
"Higgins","Jack Hammond","AP",3069,5.59
"Higgins","David Hardy","ALP",19362,35.26
"Hindmarsh","Clyde Cameron","ALP",33551,62.72
"Hindmarsh","Ivan Denchev","Lib46",17009,31.8
"Hindmarsh","Paul Hubert","DLP",2935,5.49
"Holt","Ian Black","DOGS",1207,1.92
"Holt","Henri de Sachau","DLP",3810,6.07
"Holt","Brenda Elliott","AP",1222,1.95
"Holt","Max Oldmeadow","ALP",32318,51.49
"Holt","Len Reid","Lib46",24203,38.56
"Hotham","Henry Beven","DLP",4211,8.02
"Hotham","Don Chipp","Lib46",25242,48.07
"Hotham","Barry Johnston","ALP",21796,41.51
"Hotham","Ian Kenner","Ind",846,1.61
"Hotham","John Murray","Ind",418,0.8
"Hughes","Eric Blain","Lib46",16399,30.43
"Hughes","William Goslett","DLP",1643,3.05
"Hughes","Les Johnson","ALP",35849,66.52
"Hume","John Hogan","DLP",2273,5.09
"Hume","Frank Olley","ALP",22364,50.1
"Hume","John Pettitt","CP",20005,44.81
"Hunter","Stanley Gumbleton","Lib46",13436,24.85
"Hunter","Bert James","ALP",40631,75.15
"Indi","Christopher Cody","DLP",4556,9.84
"Indi","Ronald Gray","Ind",598,1.29
"Indi","John Hodgson","ALP",16699,36.07
"Indi","Mac Holten","CP",23872,51.56
"Indi","Geoffrey Ryan","Ind",576,1.24
"Isaacs","Gareth Clayton","ALP",23904,45.84
"Isaacs","David Hamer","Lib46",22110,42.4
"Isaacs","Peter Harrie","AP",2499,4.79
"Isaacs","Frederick Skinner","DLP",3635,6.97
"Kalgoorlie","Fred Collard","ALP",26648,58.84
"Kalgoorlie","Gerald Gloster","Lib46",15837,34.97
"Kalgoorlie","Geoffrey Sands","DLP",2801,6.19
"Kennedy","Bob Katter","CP",23921,57.57
"Kennedy","Tony McGrady","ALP",16261,39.14
"Kennedy","Paul Rutherford","DLP",1366,3.29
"Kingsford-Smith","Graham Bennett","DLP",3088,5.67
"Kingsford-Smith","Lionel Bowen","ALP",36443,66.87
"Kingsford-Smith","Ronald Scott","Lib46",14969,27.47
"Kingston","Richard Gun","ALP",30169,51.95
"Kingston","Mark Posa","DLP",2251,3.88
"Kingston","Peter Tonkin","Lib46",25657,44.18
"Kooyong","Ian Channell","Ind",807,1.48
"Kooyong","Francis Duffy","DLP",4465,8.17
"Kooyong","Clive Lipshut","ALP",19039,34.84
"Kooyong","Andrew Peacock","Lib46",27104,49.59
"Kooyong","Pamela Thornley","AP",3237,5.92
"Lalor","John Bacon","DLP",6698,11.74
"Lalor","Jim Cairns","ALP",35677,62.53
"Lalor","Joseph Sheen","Lib46",14189,24.87
"Lalor","Francis Young","NSP",489,0.86
"Lang","Robert Burke","DLP",2167,4.16
"Lang","Stanley Duncan","Lib46",16700,32.03
"Lang","Frank Stewart","ALP",33274,63.82
"La Trobe","Eileen Fowler","DOGS",1238,1.96
"La Trobe","Jeffrey Gill","Ind",700,1.11
"La Trobe","John Jess","Lib46",23961,37.94
"La Trobe","Tony Lamb","ALP",31885,50.48
"La Trobe","George Noone","DLP",3292,5.21
"La Trobe","Donald Walters","AP",2083,3.3
"Leichhardt","Bill Fulton","ALP",26697,57.86
"Leichhardt","Patrick Kelly","AP",1902,4.12
"Leichhardt","Bernard Marsh","DLP",2404,5.21
"Leichhardt","Walter Schulz","CP",15135,32.8
"Lilley","Kevin Cairns","Lib46",23555,44.02
"Lilley","Frank Doyle","ALP",25236,47.16
"Lilley","James Morrissey","DLP",2970,5.55
"Lilley","David Proud","AP",1520,2.84
"Lilley","Ralph Williams","Ind",234,0.44
"Lowe","Marcus Aussie-Stone","Ind",312,0.59
"Lowe","Agnes Bannon","DLP",1378,2.59
"Lowe","Bill Fisher","ALP",22879,42.92
"Lowe","William McMahon","Lib46",25971,48.72
"Lowe","John Morgan","Ind",87,0.16
"Lowe","John Steele","AP",1892,3.55
"Lowe","Kathleen Taylor","DOGS",545,1.02
"Lowe","Sandor Torzsok","Ind",33,0.06
"Lowe","David Widdup","Ind",207,0.39
"Lyne","Peter Carney","ALP",20619,42.7
"Lyne","Herbert Collins","DLP",1550,3.21
"Lyne","Joe Cordner","Ind",286,0.59
"Lyne","Philip Lucock","CP",24633,51.01
"Lyne","Stephanie Thew","AP",1204,2.49
"Macarthur","Dianne Allen","Ind",1706,2.72
"Macarthur","Jeff Bate","Ind",11322,18.08
"Macarthur","Max Dunbier","Lib46",18118,28.93
"Macarthur","Everardus Himmelreich","DLP",1101,1.76
"Macarthur","John Kerin","ALP",30257,48.31
"Macarthur","Stephen Quilkey","Ind",123,0.2
"Mackellar","Thomas Colman","DLP",1971,3.31
"Mackellar","Evan Davies","ALP",21744,36.46
"Mackellar","Richard Jones","AP",6956,11.66
"Mackellar","Norman Ward","Ind",284,0.48
"Mackellar","William Wentworth","Lib46",28677,48.09
"Macquarie","Leslie Clarke","DLP",2652,4.31
"Macquarie","Basil Genders","Lib46",15655,25.42
"Macquarie","Tony Luchetti","ALP",36243,58.84
"Macquarie","Frank Wolstenholme","CP",7045,11.44
"Mallee","Stanley Croughnan","DLP",4930,11.29
"Mallee","Ronald Davies","ALP",14593,33.42
"Mallee","Peter Fisher","CP",24140,55.29
"Maranoa","James Corbett","CP",22863,56.59
"Maranoa","James Dwyer","Ind",595,1.47
"Maranoa","Harry Green","DLP",2327,5.76
"Maranoa","Timothy Walker","ALP",14615,36.18
"Maribyrnong","Moss Cass","ALP",26410,49.89
"Maribyrnong","Lancelot Hutchinson","DOGS",1114,2.1
"Maribyrnong","Richard McManus","DLP",6301,11.9
"Maribyrnong","Gary Scholes","AP",1432,2.71
"Maribyrnong","Rex Webb","Lib46",17529,33.11
"Maribyrnong","Katrina Young","NSP",148,0.28
"McMillan","Barrie Armitage","Lib46",12025,24.14
"McMillan","Alexander Buchanan","Ind",3113,6.25
"McMillan","Arthur Hewson","CP",8282,16.63
"McMillan","Michael Houlihan","DLP",3583,7.19
"McMillan","Frank Mountford","ALP",22802,45.78
"McPherson","John Black","Ind",753,1.13
"McPherson","James Drabsch","Ind",120,0.18
"McPherson","Victor Kearney","DLP",1978,2.97
"McPherson","Robert Richardson","AP",2009,3.02
"McPherson","Howard Richter","CP",16949,25.46
"McPherson","Eric Robinson","Lib46",17571,26.4
"McPherson","Tom Veivers","ALP",27180,40.84
"Melbourne","Patricia Clark","Lib46",10937,23.68
"Melbourne","Ted Innes","ALP",27592,59.73
"Melbourne","Anna Linard","DLP",4174,9.04
"Melbourne","Wendy Nicholson","AP",2391,5.18
"Melbourne","Neville Ogden","CPA",626,1.36
"Melbourne","George Samargis","Ind",197,0.43
"Melbourne","Shane Watson","Ind",277,0.6
"Melbourne Ports","Frank Crean","ALP",29631,61.48
"Melbourne Ports","Paul Fenton","Lib46",14722,30.54
"Melbourne Ports","John Johnston","DLP",3845,7.98
"Mitchell","Alfred Ashley-Brown","ALP",31631,47.54
"Mitchell","Patricia Berzin","AP",2729,4.1
"Mitchell","Ivor F","Ind",226,0.34
"Mitchell","Les Irwin","Lib46",29702,44.64
"Mitchell","David McArthur","Ind",329,0.49
"Mitchell","David Sanson","DLP",1925,2.89
"Moore","Benjamin Ballantyne","DLP",2480,4.56
"Moore","John Hyde","Lib46",15197,27.94
"Moore","Donald Maisey","CP",15647,28.76
"Moore","Peter Walsh","ALP",21074,38.74
"Moreton","Andrew Jackson","DLP",3262,6.33
"Moreton","James Killen","Lib46",24706,47.93
"Moreton","Joseph McDonald","ALP",22071,42.82
"Moreton","Arthur Smith","AP",1507,2.92
"Murray","William Hunter","Lib46",7774,15.92
"Murray","Bruce Lloyd","CP",22532,46.14
"Murray","Patrick Payne","DLP",3570,7.31
"Murray","John Riordan","ALP",14958,30.63
"Newcastle","Henry Anderson","CPA",1951,3.79
"Newcastle","Douglas Blackshaw","Lib46",14683,28.5
"Newcastle","Robert Godfrey","DLP",1441,2.8
"Newcastle","Charles Jones","ALP",33451,64.92
"New England","Brian Edwards","AP",3084,6.03
"New England","Justin Rowe","ALP",20577,40.27
"New England","Ian Sinclair","CP",25158,49.23
"New England","Edwin Taber","DLP",2284,4.47
"Northern Territory","Alexander Allan-Stewart","Ind",1821,7.39
"Northern Territory","Gordon Briscoe","AP",944,3.83
"Northern Territory","Sam Calder","CP",11657,47.32
"Northern Territory","Charles Moffatt","AP",185,0.75
"Northern Territory","Ted Robertson","ALP",9676,39.28
"Northern Territory","William Walsh","Ind",349,1.42
"North Sydney","James Feros","AP",4197,8.15
"North Sydney","Michael Fitzpatrick","DLP",2351,4.56
"North Sydney","Bill Graham","Lib46",26043,50.57
"North Sydney","Romualds Kemps","Ind",247,0.48
"North Sydney","Brian Maguire","ALP",18666,36.24
"Oxley","Bill Hayden","ALP",38372,65.85
"Oxley","Miroslav Jansky","DLP",2248,3.86
"Oxley","Peter Williams","Lib46",17655,30.3
"Parramatta","Derek Barker","DOGS",1120,1.81
"Parramatta","Nigel Bowen","Lib46",28463,45.99
"Parramatta","Doris Brauer","DLP",1509,2.44
"Parramatta","Graham Courtney","Ind",191,0.31
"Parramatta","James Mulheron","AP",2144,3.46
"Parramatta","Michael Whelan","ALP",28458,45.99
"Paterson","Aubrey Barr","DLP",1376,2.82
"Paterson","Alan Capp","AP",1005,2.06
"Paterson","Frank O'Keefe","CP",22970,47.09
"Paterson","Noel Unicomb","ALP",23430,48.03
"Perth","Joe Berinson","ALP",28226,51.26
"Perth","Dorothy Cranley","DLP",2928,5.32
"Perth","Derrick Tomlinson","Lib46",23911,43.42
"Petrie","Frank Andrews","DLP",3285,5.32
"Petrie","Marshall Cooke","Lib46",22092,35.75
"Petrie","Alexander Dewar","AP",2137,3.46
"Petrie","Denis Murphy","ALP",27942,45.22
"Petrie","Gordon Olive","CP",6332,10.25
"Phillip","Dennis Anderson","DLP",1934,3.45
"Phillip","Sir William Aston","Lib46",22849,40.73
"Phillip","Thomas Conway","Ind",344,0.61
"Phillip","Joe Riordan","ALP",28065,50.03
"Phillip","Colette Tucker","DOGS",528,0.94
"Phillip","Virginia Walker","AP",2264,4.04
"Phillip","Neville Yeomans","Ind",108,0.19
"Port Adelaide","Fred Birrell","ALP",35572,69.68
"Port Adelaide","Leon Dalle-Nogare","DLP",2085,4.08
"Port Adelaide","Ian Fotherinham","Lib46",12398,24.29
"Port Adelaide","James Mitchell","Ind",996,1.95
"Prospect","William Dunbar","DLP",3523,6.14
"Prospect","Stanislaus Kelly","Lib46",16577,28.91
"Prospect","Dick Klugman","ALP",37242,64.95
"Reid","William Pardy","Lib46",15527,29.48
"Reid","Joseph Sanders","DLP",2106,4
"Reid","Tom Uren","ALP",35032,66.52
"Richmond","Lawrence Alderman","AP",5075,10.15
"Richmond","Doug Anthony","CP",28712,57.45
"Richmond","Frederick Braid","ALP",16189,32.39
"Riverina","Patrick Barry","DLP",1694,3.75
"Riverina","Al Grassby","ALP",24705,54.71
"Riverina","Eric Kronborg","CP",16003,35.44
"Riverina","Peter Long","Lib46",2753,6.1
"Robertson","Malcolm Brooks","Lib46",24823,39.06
"Robertson","Barry Cohen","ALP",36916,58.1
"Robertson","Edmund Dearn","DLP",1804,2.84
"Ryan","John Conn","ALP",23913,40.32
"Ryan","Nigel Drury","Lib46",27394,46.19
"Ryan","Alan Jones","Ind",823,1.39
"Ryan","Bert Vann","DLP",3371,5.68
"Ryan","Robert Wensley","AP",3811,6.43
"Scullin","Tom Andrews","DLP",6027,12.07
"Scullin","Harry Jenkins","ALP",30815,61.74
"Scullin","Graeme McEwen","Lib46",13072,26.19
"Shortland","Hugh Ansell","DLP",2549,4.81
"Shortland","Paul Clarkson","Lib46",14287,26.97
"Shortland","Geoff Curthoys","CPA",594,1.12
"Shortland","Leo Gately","Ind",3905,7.37
"Shortland","Charles Hockings","AP",1669,3.15
"Shortland","Lionel Lambkin","Ind",356,0.67
"Shortland","Peter Morris","ALP",29604,55.89
"St George","Doris Allison","DLP",1754,3.28
"St George","Edwin Bellchambers","Ind",206,0.38
"St George","Leonard Bosman","Lib46",22013,41.13
"St George","Bill Morrison","ALP",28384,53.03
"St George","Christopher Owens","AP",1165,2.18
"Stirling","Brian Peachey","DLP",4243,6.59
"Stirling","Ian Viner","Lib46",30446,47.29
"Stirling","Harry Webb","ALP",29686,46.11
"Sturt","Walter Doran","DLP",1479,2.66
"Sturt","Norm Foster","ALP",25689,46.25
"Sturt","Peter Wilkinson","NSP",321,0.58
"Sturt","Ian Wilson","Lib46",28056,50.51
"Swan","Adrian Bennett","ALP",28347,49.53
"Swan","Richard Cleaver","Lib46",24724,43.2
"Swan","Archelaus Marshall","AP",1075,1.88
"Swan","David Milne","DLP",2163,3.78
"Swan","David Smith","Ind",921,1.61
"Sydney","Laurie Aarons","CPA",2236,4.98
"Sydney","Pat Clancy","SPA72",1062,2.36
"Sydney","Jim Cope","ALP",31585,70.31
"Sydney","Graham Robertson","Lib46",6609,14.71
"Sydney","Allan Sorrensen","AP",3431,7.64
"Wakefield","Terence de Lacy","ALP",13643,31.98
"Wakefield","Bert Kelly","Lib46",21211,49.71
"Wakefield","John McMahon","DLP",1365,3.2
"Wakefield","James Shannon","CP",6448,15.11
"Wannon","Linden Cameron","Ind",2284,4.84
"Wannon","Malcolm Fraser","Lib46",21760,46.08
"Wannon","Edward Garth","ALP",19375,41.03
"Wannon","Adrian McInerney","DLP",3800,8.05
"Warringah","Bridget Gilling","AP",5015,9.47
"Warringah","Peter Keogh","DLP",2153,4.07
"Warringah","Michael MacKellar","Lib46",28896,54.57
"Warringah","John Oakley","ALP",16631,31.41
"Warringah","Eric Riches","Ind",256,0.48
"Wentworth","Percy Allan","ALP",17663,36.69
"Wentworth","Helen Arbib","AP",3550,7.38
"Wentworth","Les Bury","Lib46",25612,53.21
"Wentworth","Dominique Droulers","DLP",1310,2.72
"Werriwa","Ron Dunbier","Lib46",16822,28.05
"Werriwa","Andrew Murphy","DLP",1139,1.9
"Werriwa","Maurice Sharp","Ind",331,0.55
"Werriwa","Walter Turner","Ind",380,0.63
"Werriwa","Gough Whitlam","ALP",41297,68.86
"Wide Bay","Alan Birchley","DLP",2751,5.41
"Wide Bay","George Crawford","CP",21336,41.95
"Wide Bay","Brendan Hansen","ALP",26572,52.24
"Wide Bay","Leslie Leisemann","NSP",203,0.4
"Wills","Gordon Bryant","ALP",30410,60.73
"Wills","John Flint","DLP",5650,11.28
"Wills","John Gray","Lib46",14015,27.99
"Wilmot","Ronald Butterworth","DLP",3557,8.53
"Wilmot","Gil Duthie","ALP",25075,60.13
"Wilmot","Ian Hardy","Lib46",13071,31.34
"Wimmera","Brian Brooke","ALP",18412,42.14
"Wimmera","Ray Buckley","Ind",1652,3.78
"Wimmera","Robert Hawks","DLP",3113,7.13
"Wimmera","Robert King","CP",20512,46.95
