"Seat","Candidate","Party","Votes","Vote_perc"
"Adelaide","Cyril Chambers","ALP",40110,59.96
"Adelaide","Fred Stacey","UAP31",22636,33.84
"Adelaide","Alf Watt","CPA",2854,4.27
"Adelaide","Edwin Yates","Ind ALP",1291,1.93
"Balaclava","Frank Barnes","Ind",4087,5.45
"Balaclava","John Barry","ALP",27281,36.35
"Balaclava","Constance Duncan","Ind",2900,3.86
"Balaclava","Helen Maxwell","Ind",1680,2.24
"Balaclava","George Morris","Ind",409,0.54
"Balaclava","Thomas White","UAP31",38698,51.56
"Ballaarat","Gordon Irish","Ind",2333,4.81
"Ballaarat","Reg Pollard","ALP",26428,54.48
"Ballaarat","Bill Roff","UAP31",19750,40.71
"Barker","Archie Cameron","UAP31",24616,40.63
"Barker","John Gartner","Ind",1222,2.02
"Barker","Frank Halleday","Ind",10508,17.34
"Barker","Harry Krantz","ALP",24240,40.01
"Barton","Frank Browne","UAP31",15897,23
"Barton","Thomas Claydon","PPP",1936,2.8
"Barton","H. V. Evatt","ALP",51296,74.2
"Bass","Claude Barnard","ALP",13136,51.23
"Bass","Harold Harwood","Ind",440,1.72
"Bass","Desmond Oldham","UAP31",7085,27.63
"Bass","John Orchard","Ind",4509,17.59
"Bass","John Watson","Ind",469,1.83
"Batman","Frank Brennan","ALP",42073,64.32
"Batman","Joseph Cahir","Ind",1090,1.67
"Batman","Gordon Currie","SP",380,0.58
"Batman","Christina Debney","Ind",590,0.9
"Batman","Arthur McAdam","UAP31",13647,20.86
"Batman","Ian Malloch","SCP",7635,11.67
"Bendigo","William Banks","Ind ALP",1292,2.89
"Bendigo","John Crawford","Ind",2089,4.67
"Bendigo","Bert de Grandi","ALP",19107,42.76
"Bendigo","Morton Garner","Ind UAP31",2151,4.81
"Bendigo","George Rankin","CP",20050,44.87
"Boothby","Alan Finger","CPA",6986,9.56
"Boothby","Grenfell Price","UAP31",32869,44.98
"Boothby","Thomas Sheehy","ALP",30896,42.28
"Boothby","John Turner","CD",2331,3.19
"Bourke","Maurice Blackburn","Ind ALP",26494,40.37
"Bourke","Bill Bryson","ALP",24722,37.67
"Bourke","John March","Ind",2404,3.66
"Bourke","David Smith","UAP31",12004,18.29
"Brisbane","Robert Boardman","OPA",1701,2.78
"Brisbane","John Fletcher","UAP31",10976,17.97
"Brisbane","George Lawson","ALP",31099,50.9
"Brisbane","Bruce Pie","Ind",17317,28.35
"Calare","John Breen","ALP",27071,54.37
"Calare","Reg Edols","CP",5142,10.33
"Calare","Percy Phelan","OPA",1029,2.07
"Calare","Albert Reid","CP",10275,20.64
"Calare","Harold Thorby","Ind",6270,12.59
"Capricornia","Frank Forde","ALP",32396,55.86
"Capricornia","Charles Ward","UAP31",25597,44.14
"Cook","Sid Conway","SL",12131,21.07
"Cook","Cyril Glassop","PLP22",2557,4.44
"Cook","Albert Jones","OPA",3238,5.62
"Cook","Tom Sheehan","ALP",39653,68.87
"Corangamite","Elsie Brushfield","Ind",1856,4.05
"Corangamite","Sydney Donaldson","Ind CP",1643,3.58
"Corangamite","Allan McDonald","UAP31",21655,47.24
"Corangamite","Harold Miller","ALP",20691,45.13
"Corio","James Baker","Ind ALP",1589,2.72
"Corio","Rupert Curnow","UAP31",10255,17.55
"Corio","John Dedman","ALP",30578,52.33
"Corio","Neil Freeman","Ind",16013,27.4
"Cowper","John Howard","ALP",21375,40.54
"Cowper","Joseph McElhone","Ind",5403,10.25
"Cowper","Alexander Moore","OPA",1936,3.67
"Cowper","Sir Earle Page","CP",24017,45.55
"Dalley","Ernest de Faria","OPA",10760,18.25
"Dalley","Sol Rosevear","ALP",44127,74.82
"Dalley","Lance Sharkey","CPA",4087,6.93
"Darling","James Butler","OPA",12936,28.45
"Darling","Joe Clark","ALP",32540,71.55
"Darling Downs","Leslie Bailey","ALP",23253,43.25
"Darling Downs","Arthur Fadden","CP",26123,48.59
"Darling Downs","Raymond Mullaly","Ind",3398,6.32
"Darling Downs","Hugh Phair","OPA",989,1.84
"Darwin","Carrol Bramich","ALP",3832,14.04
"Darwin","Roy Harvey","CPA",616,2.26
"Darwin","John Leary","UAP31",3104,11.37
"Darwin","Dame Enid Lyons","UAP31",7349,26.93
"Darwin","Edgar Nicholls","Ind ALP",1709,6.26
"Darwin","Eric Reece","ALP",7799,28.57
"Darwin","John Wright","UAP31",2885,10.57
"Deakin","Alan Coffey","MCP",4185,7.07
"Deakin","Arthur Coles","Ind",1471,2.48
"Deakin","Robert Elliott","Ind",10318,17.42
"Deakin","William Hutchinson","UAP31",19375,32.71
"Deakin","Dick Radclyffe","Ind UAP31",1526,2.58
"Deakin","Frank Williamson","ALP",22356,37.74
"Denison","Arthur Beck","UAP31",10803,38.71
"Denison","John Gaha","ALP",13208,47.33
"Denison","Gerald Mahoney","Ind ALP",3120,11.18
"Denison","George Walliss","CPA",773,2.77
"East Sydney","Hugh Angrave","LD",2377,4.49
"East Sydney","Vincent Brady","UAP31",12430,23.46
"East Sydney","Ernest Carr","OPA",1141,2.15
"East Sydney","Arthur Shirley","Ind",494,0.93
"East Sydney","Eddie Ward","ALP",36531,68.96
"Eden-Monaro","Bill Beale","Ind",3210,6.63
"Eden-Monaro","Jonas Crabtree","Ind",365,0.75
"Eden-Monaro","John Egan","Ind",211,0.44
"Eden-Monaro","Allan Fraser","ALP",23662,48.91
"Eden-Monaro","Cecil Gray","Ind",262,0.54
"Eden-Monaro","Denzil Macarthur-Onslow","LD",10510,21.72
"Eden-Monaro","John Perkins","UAP31",10162,21
"Fawkner","William Cremor","Ind",15958,22.25
"Fawkner","Malcolm Good","CPA",3300,4.6
"Fawkner","Harold Holt","UAP31",23931,33.37
"Fawkner","Thomas Jude","ALP",23508,32.78
"Fawkner","Charles Kennett","Ind",1196,1.67
"Fawkner","Vernon Margetts","Ind",3437,4.79
"Fawkner","Ruth Ravenscroft","Ind",381,0.53
"Flinders","Mabel Brookes","AWP43",5305,8.71
"Flinders","Rupert Clark","Ind",2198,3.61
"Flinders","Frank Lee","ALP",24132,39.63
"Flinders","Morton Moyes","CP",6867,11.28
"Flinders","Rupert Ryan","UAP31",22395,36.78
"Forrest","Ian Fergusson-Stewart","Ind",3264,7.22
"Forrest","Nelson Lemmon","ALP",23931,52.9
"Forrest","Wilfred Lewis","Ind",377,0.83
"Forrest","John Prowse","CP",15507,34.28
"Forrest","Arthur West","Ind CP",2156,4.77
"Franklin","Charles Frost","ALP",17195,58.89
"Franklin","Charles Tennant","UAP31",2903,9.94
"Franklin","Denis Warner","UAP31",9101,31.17
"Fremantle","Alex Bracks","UAP31",9396,13.86
"Fremantle","John Curtin","ALP",45352,66.9
"Fremantle","Frederick Lee","Ind Nat",13046,19.24
"Gippsland","Stephen Ashton","Ind Dem43",2734,5.51
"Gippsland","Herbert Birch","SCP",5313,10.71
"Gippsland","George Bowden","CP",18104,36.48
"Gippsland","Mervyn Morgan","OPA",1119,2.25
"Gippsland","Wally Williames","ALP",22358,45.05
"Grey","Oliver Badman","UAP31",23285,47.5
"Grey","Edgar Russell","ALP",25735,52.5
"Griffith","John Carbine","OPA",3900,5.87
"Griffith","William Conelan","ALP",38138,57.44
"Griffith","Theophilus Dunstone","Ind",1210,1.82
"Griffith","William Kingwell","Ind",3756,5.66
"Griffith","Richard Larking","UAP31",19388,29.2
"Gwydir","Edmund Daniel","Ind",3985,8.35
"Gwydir","Colin Gale","CP",14320,30
"Gwydir","William Mills","OPA",1027,2.15
"Gwydir","William Scully","ALP",28404,59.5
"Henty","Arthur Coles","Ind",32885,44.53
"Henty","Carlyle Ferguson","Lib34",928,1.26
"Henty","Jo Gullett","UAP31",28123,38.08
"Henty","Edmund Lind","SCP",4437,6.01
"Henty","Bernard Rees","Ind ALP",4598,6.23
"Henty","Ivy Weber","WFCM",2885,3.91
"Herbert","Charles Cook","Ind",3300,5.47
"Herbert","Archie Graham","CP",13693,22.7
"Herbert","George Martens","ALP",22697,37.63
"Herbert","Fred Paterson","CPA",20629,34.2
"Hindmarsh","James Butler","UAP31",17030,23.21
"Hindmarsh","Norman Makin","ALP",56359,76.79
"Hume","Thomas Collins","CP",19629,38.29
"Hume","Arthur Fuller","ALP",25420,49.59
"Hume","Vernon Lawrence","Ind",4667,9.1
"Hume","John McLeod","CPA",1143,2.23
"Hume","John Neeld","LD",406,0.79
"Indi","John McEwen","CP",29471,58.76
"Indi","Gerry O'Day","CPA",1919,3.83
"Indi","Charles Sandford","ALP",18767,37.42
"Kalgoorlie","Kevin Healy","CPA",3002,8.66
"Kalgoorlie","Lance Horley","UAP31",6227,17.97
"Kalgoorlie","Herbert Johnson","ALP",23424,67.59
"Kalgoorlie","William McGhie","Ind",463,1.34
"Kalgoorlie","Ralph Shaw","UAP31",1538,4.44
"Kennedy","Athena Deane","Ind",3753,8.28
"Kennedy","Bill Riordan","ALP",29551,65.18
"Kennedy","Wilfrid Simmonds","CP",10769,23.75
"Kennedy","Richard Vane-Millbank","Ind",1265,2.79
"Kooyong","Ted Laurie","CPA",6402,8.18
"Kooyong","Robert Menzies","UAP31",37988,48.55
"Kooyong","Albert Nicholls","ALP",20912,26.73
"Kooyong","John Nimmo","MCP",10601,13.55
"Kooyong","Gwendolyn Noad","Ind",2338,2.99
"Lang","William Harris","UAP31",16649,24.55
"Lang","John Metcalfe","Ind",3899,5.75
"Lang","Dan Mulcahy","ALP",41701,61.5
"Lang","Henry Mulcahy","Ind",1249,1.84
"Lang","Adam Ogston","CPA",4312,6.36
"Lilley","Hans Beiers","OPA",4555,6.74
"Lilley","James Hadley","ALP",30882,45.67
"Lilley","William Jolly","UAP31",30992,45.83
"Lilley","James Julin","Ind",1191,1.76
"Macquarie","Ben Chifley","ALP",36937,64.95
"Macquarie","Arthur Hebblewhite","UAP31",15693,27.6
"Macquarie","Millie Sullivan","Ind CP",1471,2.59
"Macquarie","Albert Walker","OPA",2766,4.86
"Maranoa","Charles Adermann","CP",26963,50.99
"Maranoa","Frank Baker","ALP",25914,49.01
"Maribyrnong","Arthur Drakeford","ALP",48441,67.62
"Maribyrnong","Kenneth Kenafick","Ind ALP",1254,1.75
"Maribyrnong","Albert Pennell","UAP31",14469,20.2
"Maribyrnong","Charles Woollacott","CCM",7478,10.44
"Martin","Gerrard Armstrong","Ind",787,1.32
"Martin","Edward Beck","Ind",564,0.94
"Martin","Fred Daly","ALP",27999,46.89
"Martin","Eleanor Glencross","Ind",833,1.4
"Martin","John Lee","Ind",1690,2.83
"Martin","William McCall","UAP31",19886,33.3
"Martin","George Mills","LD",3591,6.01
"Martin","William Milne","Ind Nat",507,0.85
"Martin","Rupert Nicholson","Ind UAP31",86,0.14
"Martin","Albert Sloss","SL",3597,6.02
"Martin","Isabella Stenning","Ind",170,0.28
"Melbourne","Louis Bickart","MCP",4119,6.96
"Melbourne","Arthur Calwell","ALP",37779,63.84
"Melbourne","Elizabeth Couchman","UAP31",10319,17.44
"Melbourne","Charles Dicker","Ind",808,1.37
"Melbourne","Noble Kerby","SP",680,1.15
"Melbourne","Ken Miller","CPA",5477,9.25
"Melbourne Ports","Jack Holloway","ALP",47149,72.79
"Melbourne Ports","Frank Preacher","UAP31",17629,27.21
"Moreton","Ralph Belcham","OPA",3747,5.74
"Moreton","John Cantwell","CP",2093,3.2
"Moreton","Josiah Francis","UAP31",32681,50.03
"Moreton","Patrick McInally","ALP",26804,41.03
"Newcastle","James Bayley","Ind",5616,8.76
"Newcastle","John Cain","Ind ALP",2067,3.23
"Newcastle","Stan Deacon","CPA",7271,11.35
"Newcastle","David Watkins","ALP",44379,69.25
"Newcastle","Fred Wright","Ind ALP",4753,7.42
"New England","Charles Abbott","Ind",2507,5.26
"New England","Joe Abbott","CP",21636,45.42
"New England","James Fowler","OPA",680,1.43
"New England","Herbert Oxford","ALP",22342,46.9
"New England","Albert Royal","Ind",468,0.98
"Northern Territory","Sydney Barker","Ind",99,4.09
"Northern Territory","Adair Blain","Ind",859,35.5
"Northern Territory","Hector Fuller","Ind",99,4.09
"Northern Territory","Alexander Grant","Ind",43,1.78
"Northern Territory","Bob Murray","Ind ALP",682,28.18
"Northern Territory","Jock Nelson","Ind ALP",602,24.88
"Northern Territory","Harry Russell","OPA",36,1.49
"North Sydney","Eric Bentley","Ind",3349,4.93
"North Sydney","Leo Haylen","ALP",24289,35.75
"North Sydney","Billy Hughes","UAP31",29962,44.1
"North Sydney","Jack Lewis","OPA",938,1.38
"North Sydney","Jack Miles","CPA",2821,4.15
"North Sydney","Oliver Partington","Ind",455,0.67
"North Sydney","Patrick Williams","Ind",6132,9.02
"Parkes","Pauline Budge","AWP43",1301,2.11
"Parkes","Les Haylen","ALP",29891,48.52
"Parkes","Nigel Love","LD",12020,19.51
"Parkes","Sir Charles Marr","UAP31",17141,27.82
"Parkes","Arthur Miles","OPA",929,1.51
"Parkes","Arthur Thompson","Ind",155,0.25
"Parkes","Francis Wilson","Ind",171,0.28
"Parramatta","Ormond Bissett","LD",8884,13.45
"Parramatta","Robert Firebrace","NU",5806,8.79
"Parramatta","Howard Miscamble","Ind UAP31",336,0.51
"Parramatta","Dexter Moore","Ind",1069,1.62
"Parramatta","Sir Frederick Stewart","UAP31",25267,38.26
"Parramatta","Arthur Treble","ALP",24680,37.37
"Perth","Clarrie Boyd","CPA",3639,6.07
"Perth","Tom Burke","ALP",25376,42.34
"Perth","Dorothea Foster","Ind",495,0.83
"Perth","Stephenson Fox","Ind",2611,4.36
"Perth","Thomas Groves","Ind",169,0.28
"Perth","William Herbert","Ind",419,0.7
"Perth","Thomas Hughes","Ind",8112,13.54
"Perth","Walter Nairn","UAP31",17610,29.38
"Perth","Robert Nicholson","Ind",1501,2.5
"Reid","Dick George","Ind UAP31",2863,4.46
"Reid","Jack Hughes","SL",3729,5.81
"Reid","David Knox","UAP31",6996,10.9
"Reid","Jack Lang","LL43",26532,41.35
"Reid","Charles Morgan","ALP",22313,34.78
"Reid","Alfred Turner","OPA",1728,2.69
"Richmond","Alfred Anderson","OPA",10888,20.22
"Richmond","Larry Anthony","CP",25929,48.15
"Richmond","Arthur Dodd","ALP",17030,31.63
"Riverina","Robert Ballantyne","Ind",2992,6.52
"Riverina","Joe Langtry","ALP",25397,55.32
"Riverina","Lindsay McIvor","CP",9427,20.53
"Riverina","Robert McKenzie","Ind",1860,4.05
"Riverina","Frank Rieck","Ind",131,0.29
"Riverina","Russell Scilley","CP",5613,12.23
"Riverina","George Simons","LD",489,1.07
"Robertson","Donald Brown","OPA",2550,4.37
"Robertson","Walter Evans","SL",4633,7.94
"Robertson","Roberta Galagher","Ind",480,0.82
"Robertson","Eric Spooner","UAP31",21746,37.28
"Robertson","Thomas Williams","ALP",28927,49.59
"Swan","Cecil Elsegood","CP",5632,10.98
"Swan","Thomas Marwick","Ind CP",18124,35.33
"Swan","Don Mountjoy","ALP",25690,50.07
"Swan","John Tregenza","Ind",1859,3.62
"Wakefield","Jack Duncan-Hughes","UAP31",25229,48.82
"Wakefield","Albert Smith","ALP",26444,51.18
"Wannon","Don McLeod","ALP",25609,51.4
"Wannon","John Menadue","UAP31",9248,18.56
"Wannon","Leonard Rodda","CP",10778,21.63
"Wannon","Thomas Scholfield","Ind UAP31",4190,8.41
"Warringah","Ronald Ashworth","ALP",23723,33.68
"Warringah","Edward Doherty","Ind MCP",425,0.6
"Warringah","Douglas Morris","OPA",1078,1.53
"Warringah","Gerald Robinson","Ind",1644,2.33
"Warringah","Percy Spender","UAP31",34177,48.53
"Warringah","Stephen Stack","Ind",9381,13.32
"Watson","Arthur Dudley","LD",2218,3.28
"Watson","Max Falstein","ALP",35400,52.29
"Watson","Les Fingleton","Ind UAP31",2304,3.4
"Watson","Hubert O'Connell","Ind UAP31",1579,2.33
"Watson","Norman Whitfield","UAP31",18588,27.46
"Watson","Richard Wilson","SL",5662,8.36
"Watson","Harry Yates","Ind",1942,2.87
"Wentworth","Eric Harrison","UAP31",23519,32.94
"Wentworth","Charles Mayo","LD",1654,2.32
"Wentworth","Jessie Street","ALP",31048,43.48
"Wentworth","William Wentworth","Nat Gov",14875,20.83
"Wentworth","Thomas Whitehouse","Ind",311,0.44
"Werriwa","Arthur Brown","OPA",12996,19.26
"Werriwa","Michel Kartzoff","Ind",8122,12.04
"Werriwa","Bert Lazzarini","ALP",46346,68.7
"West Sydney","Jack Beasley","ALP",34404,69.7
"West Sydney","Horace Foley","SL",9166,18.57
"West Sydney","Malinda Ivey","Ind",957,1.94
"West Sydney","Timothy McCristal","SCWW",352,0.71
"West Sydney","Eddington Sherwood","OPA",4481,9.08
"Wide Bay","Bernard Corser","CP",20662,38.47
"Wide Bay","James Heading","CP",7678,14.29
"Wide Bay","Clive Lambourne","Ind",2988,5.56
"Wide Bay","Henry Madden","Ind",3750,6.98
"Wide Bay","George Watson","ALP",18638,34.7
"Wilmot","Allan Guy","UAP31",11852,49.17
"Wilmot","John McGeary","Ind",1259,5.22
"Wilmot","Ern Pinkard","ALP",10994,45.61
"Wimmera","Herbert Follett","Ind",1449,3.41
"Wimmera","Eric Phillips","Ind CP",378,0.89
"Wimmera","Reginald Skeat","Ind CP",10976,25.83
"Wimmera","Albert Thompson","Ind CP",3219,7.57
"Wimmera","Alexander Wilson","UCP34",26479,62.3
"Yarra","Ralph Gibson","CPA",6585,10.83
"Yarra","Gilbert Jenkin","UAP31",11294,18.58
"Yarra","William Jinkins","SCP",5138,8.45
"Yarra","Allan MacDonald","Ind",1065,1.75
"Yarra","James Scullin","ALP",36709,60.39
