"Seat","Candidate","Party","Votes","Vote_perc"
"Adelaide","Nancy Buttfield","Lib46",14266,42.79
"Adelaide","Cyril Chambers","ALP",18446,55.33
"Adelaide","Charles McCaffrey","CPA",625,1.87
"Australian Capital Territory","John Cusack","Ind",405,2.9
"Australian Capital Territory","Jim Fraser","ALP",8762,62.74
"Australian Capital Territory","Mary Stevenson","Lib46",4799,34.36
"Balaclava","Percy Joske","Lib46",25062,65.22
"Balaclava","Leonard Prior","ALP",13365,34.78
"Ballaarat","Allen Driscoll","Lib46",18900,47.37
"Ballaarat","Bob Joshua","ALP",20997,52.63
"Banks","Pat Clancy","CPA",2908,5.22
"Banks","Dominic Costa","ALP",34241,61.43
"Banks","Harold Stalker","Lib46",18589,33.35
"Barker","Archie Cameron","Lib46",27255,62.85
"Barker","Ralph Dettman","ALP",16107,37.15
"Barton","William Arthur","Lib46",19260,45.25
"Barton","H. V. Evatt","ALP",23303,54.75
"Bass","Lance Barnard","ALP",16623,51.04
"Bass","Bruce Kekwick","Lib46",15946,48.96
"Batman","Alan Bird","ALP",21250,57.77
"Batman","Neil McKay","Lib46",14732,40.05
"Batman","Andy Wallace","CPA",801,2.18
"Bendigo","John Barton","Lib46",18448,44.22
"Bendigo","Percy Clarey","ALP",23272,55.78
"Bennelong","John Cramer","Lib46",24338,57.13
"Bennelong","Thomas Campbell","ALP",18263,42.87
"Blaxland","Reginald Allsop","Lib46",13604,31.98
"Blaxland","Jim Harrison","ALP",27621,64.94
"Blaxland","Jack Hughes","CPA",1308,3.08
"Boothby","John McLeay","Lib46",22263,58.29
"Boothby","Rex Mathews","ALP",15930,41.71
"Bowman","Mabel Hanson","CPA",1069,2.49
"Bowman","Jack Houston","ALP",18980,44.25
"Bowman","Malcolm McColm","Lib46",22839,53.25
"Brisbane","Max Julius","CPA",773,2.56
"Brisbane","George Lawson","ALP",16964,56.2
"Brisbane","Vic Mead","Lib46",12446,41.24
"Burke","Vida Little","CPA",1467,4.28
"Burke","Ted Peters","ALP",23510,68.67
"Burke","Alfred Wall","Lib46",9260,27.05
"Calare","John Breen","ALP",16872,43.2
"Calare","John Howse","Lib46",21733,55.65
"Calare","Madge Roberts","Ind",447,1.14
"Canning","Len Hamilton","CP",23196,61.19
"Canning","Percy Munday","ALP",14714,38.81
"Capricornia","Eric Browne","CPA",664,2
"Capricornia","Mick Gardner","ALP",14318,43.11
"Capricornia","Henry Pearce","Lib46",18234,54.9
"Chisholm","Les Cahill","ALP",14390,34.96
"Chisholm","Wilfrid Kent Hughes","Lib46",26775,65.04
"Cook","Harry Hatfield","CPA",2465,7.66
"Cook","Tom Sheehan","ALP",26841,83.42
"Cook","Percy Staines","Ind",2868,8.91
"Corangamite","Dan Mackinnon","Lib46",22253,57.56
"Corangamite","Angus McLean","ALP",16407,42.44
"Corio","John Dedman","ALP",21487,48.62
"Corio","Hubert Opperman","Lib46",22703,51.38
"Cowper","William Bailey","ALP",14751,39.84
"Cowper","Kenneth Harding","CPA",503,1.36
"Cowper","Sir Earle Page","CP",21767,58.8
"Cunningham","Billy Davies","ALP",27383,62.1
"Cunningham","John Parkinson","Lib46",14067,31.9
"Cunningham","Bill Parkinson","CPA",2644,6
"Curtin","Harry Bishop","ALP",15089,38.65
"Curtin","Paul Hasluck","Lib46",23950,61.35
"Dalley","Flo Davis","CPA",1803,5.32
"Dalley","Arthur Greenup","ALP",24292,71.65
"Dalley","Robert Stafford","Lib46",7810,23.03
"Darebin","Tom Andrews","ALP",28810,64.97
"Darebin","Charles White","Lib46",15534,35.03
"Darling","Joe Clark","ALP",23875,70.45
"Darling","Rodan Dawson","CP",10012,29.55
"Darling Downs","Reginald Swartz","Lib46",24801,65.04
"Darling Downs","William Watson","ALP",13331,34.96
"Darwin","Clem Foster","ALP",16117,49.49
"Darwin","Aubrey Luck","Lib46",16447,50.51
"Dawson","Charles Davidson","CP",19828,55.65
"Dawson","George Hyde","ALP",15802,44.35
"Deakin","Gordon Bryant","ALP",27375,47.81
"Deakin","Frank Davis","Lib46",29886,52.19
"Denison","Max Bound","CPA",688,2.51
"Denison","Bert Lacey","ALP",12322,44.88
"Denison","Athol Townley","Lib46",14444,52.61
"East Sydney","Bill Brown","CPA",1904,5.73
"East Sydney","George Chambers","Lib46",12068,36.29
"East Sydney","Eddie Ward","ALP",19282,57.98
"Eden-Monaro","Royce Beavis","Lib46",19149,47.9
"Eden-Monaro","Allan Fraser","ALP",20824,52.1
"Evans","Robert Bailey","ALP",15876,44.99
"Evans","Frederick Osborne","Lib46",19413,55.01
"Farrer","Daniel Byrnes","ALP",17005,42.86
"Farrer","David Fairbairn","Lib46",22668,57.14
"Fawkner","Bill Bourke","ALP",18038,50.16
"Fawkner","Peter Howson","Lib46",17920,49.84
"Fisher","Charles Adermann","CP",29202,69.57
"Fisher","Sydney Campbell","ALP",12774,30.43
"Flinders","Keith Ewert","ALP",22707,48.37
"Flinders","Robert Lindsay","Lib46",24235,51.63
"Forrest","Gordon Freeth","Lib46",23643,57.7
"Forrest","Frederick O'Connor","ALP",17331,42.3
"Franklin","Bill Falkinder","Lib46",20447,54.03
"Franklin","Jack Frost","ALP",17396,45.97
"Fremantle","Kim Beazley","ALP",26079,54.51
"Fremantle","Douglas McPherson","Lib46",21002,43.89
"Fremantle","Paddy Troy","CPA",765,1.6
"Gellibrand","George Carrington","Lib46",10235,26.61
"Gellibrand","Alex Dobbin","CPA",2584,6.72
"Gellibrand","Jack Mullens","ALP",25637,66.67
"Gippsland","George Bowden","CP",22185,60.41
"Gippsland","Syd Crofts","ALP",14537,39.59
"Grayndler","Fred Daly","ALP",26495,76.83
"Grayndler","Kenneth Innes","Lib46",7288,21.13
"Grayndler","Timothy McCristal","Ind",702,2.04
"Grey","Thomas Cheesman","Lib46",16253,41.67
"Grey","Edgar Russell","ALP",22749,58.33
"Griffith","Doug Berry","Lib46",15768,49.63
"Griffith","Wilfred Coutts","ALP",16003,50.37
"Gwydir","Ian Allan","CP",20101,53.13
"Gwydir","Michael Quinn","ALP",17731,46.87
"Henty","Jo Gullett","Lib46",22858,56.6
"Henty","Alexander Miller","ALP",16400,40.61
"Henty","Noel Schafer","Ind Lib46",1124,2.78
"Herbert","Bill Edmonds","ALP",20894,55.78
"Herbert","Claude Jones","CPA",1323,3.53
"Herbert","Fred Purdie","CP",15239,40.69
"Higgins","Harold Holt","Lib46",22849,65.36
"Higgins","Benjamin Nicholas","ALP",12108,34.64
"Higinbotham","Geoffrey Sowerbutts","ALP",25537,45.51
"Higinbotham","Frank Timson","Lib46",30579,54.49
"Hoddle","Desmond Byrne","Lib46",6302,20.37
"Hoddle","Jack Cremean","ALP",23439,75.76
"Hoddle","John Prescott","CPA",1198,3.87
"Hume","Charles Anderson","CP",12459,32.01
"Hume","Arthur Fuller","ALP",19617,50.4
"Hume","Linden Roth","Lib46",6845,17.59
"Hunter","Edward Farrell","Lib46",8380,18.96
"Hunter","Rowley James","ALP",29637,67.06
"Hunter","John McCroarey","Ind",2594,5.87
"Hunter","Evan Phillips","CPA",2710,6.13
"Hunter","John White","Ind",875,1.98
"Indi","William Bostock","Lib46",17199,44.27
"Indi","Cyril Davy","CP",7231,18.61
"Indi","Carl Reeves","ALP",14423,37.12
"Isaacs","William Haworth","Lib46",19315,55.9
"Isaacs","Don MacSween","ALP",15240,44.1
"Kalgoorlie","Harold Illingworth","Ind",8991,34.42
"Kalgoorlie","Herbert Johnson","ALP",17130,65.58
"Kennedy","Cliff Lanham","CP",11650,39.85
"Kennedy","Bill Riordan","ALP",17585,60.15
"Kingsford-Smith","Gordon Anderson","ALP",18302,54.25
"Kingsford-Smith","George Dan","Lib46",15435,45.75
"Kingston","Pat Galvin","ALP",31602,54.97
"Kingston","Howard Zelling","Lib46",25888,45.03
"Kooyong","Robert Menzies","Lib46",29427,69.31
"Kooyong","George Miller","ALP",12269,28.9
"Kooyong","Rex Mortimer","CPA",763,1.8
"Lalor","George Morison","Lib46",21598,41.67
"Lalor","Reg Pollard","ALP",30232,58.33
"Lang","John Spicer","Lib46",19509,45.39
"Lang","Frank Stewart","ALP",23472,54.61
"La Trobe","Richard Casey","Lib46",34585,55.11
"La Trobe","Gerry O'Day","CPA",1227,1.96
"La Trobe","Edward Smith","ALP",26943,42.93
"Lawson","Dick Bourke","Ind",1373,3.53
"Lawson","Laurie Failes","CP",18497,47.59
"Lawson","Alan Manning","ALP",18998,48.88
"Leichhardt","Harry Bruce","ALP",19044,51.4
"Leichhardt","Tom Gilmore","CP",17276,46.63
"Leichhardt","Joe Howe","CPA",727,1.96
"Lilley","Bruce Wight","Lib46",24777,58.16
"Lilley","Bernard Williams","ALP",17824,41.84
"Lowe","William McMahon","Lib46",21380,57.81
"Lowe","William Webster","ALP",15602,42.19
"Lyne","Joe Cordner","Ind",2051,5.13
"Lyne","Donald Lancaster","Ind",16518,41.34
"Lyne","Philip Lucock","CP",21388,53.53
"Macarthur","Claude Allen","ALP",18643,42.43
"Macarthur","Jeff Bate","Lib46",25297,57.57
"Mackellar","Ray Clarke","CPA",2120,4.44
"Mackellar","Francis Neate","ALP",17072,35.76
"Mackellar","William Wentworth","Lib46",28546,59.8
"Macquarie","Horace Brownlow","Lib46",13484,36.35
"Macquarie","John King","CPA",1224,3.3
"Macquarie","Tony Luchetti","ALP",22388,60.35
"Maranoa","Wilfred Brimblecombe","CP",14323,42.28
"Maranoa","Charles Russell","ID",5906,17.43
"Maranoa","Eric Taylor","ALP",13649,40.29
"Maribyrnong","Stuart Collie","Lib46",14502,33.7
"Maribyrnong","Arthur Drakeford","ALP",27647,64.24
"Maribyrnong","Frank Johnson","CPA",889,2.07
"Martin","Elton Lewis","Lib46",13708,37.79
"Martin","William O'Connor","ALP",21430,59.08
"Martin","Ernie Thornton","CPA",1134,3.13
"McMillan","Geoffrey Brown","Lib46",17054,40.99
"McMillan","Desmond Devlin","ALP",17989,43.23
"McMillan","Bob Hamilton","CPA",776,1.86
"McMillan","John McDonald","CP",5790,13.92
"McPherson","Sir Raphael Cilento","ID",11905,34.71
"McPherson","Sir Arthur Fadden","CP",22397,65.29
"Melbourne","Arthur Calwell","ALP",22125,70.65
"Melbourne","Alfred Carter","Lib46",9192,29.35
"Melbourne Ports","Ted Bull","CPA",1733,5.31
"Melbourne Ports","Frank Crean","ALP",22001,67.39
"Melbourne Ports","Norman Fittock","Lib46",8914,27.3
"Mitchell","Doug Bowd","ALP",23151,47.51
"Mitchell","Mel McCalman","CPA",1186,2.43
"Mitchell","Roy Wheeler","Lib46",24391,50.06
"Moore","Arthur Dargin","ALP",17143,42.96
"Moore","Hugh Leslie","CP",22760,57.04
"Moreton","Josiah Francis","Lib46",30873,55.65
"Moreton","Ted Mansfield","ALP",23657,42.64
"Moreton","Bill Yarrow","CPA",946,1.71
"Newcastle","Sidney Monroe","Ind",490,1.36
"Newcastle","Doug Olive","CPA",716,1.98
"Newcastle","Matthew Tapp","Lib46",14011,38.84
"Newcastle","David Watkins","ALP",20854,57.81
"New England","Frederick Cowley","ALP",16444,42.94
"New England","David Drummond","CP",21852,57.06
"Northern Territory","Ralph Edwards","CP",1163,22.43
"Northern Territory","Jock Nelson","ALP",4021,77.57
"North Sydney","Leo Haylen","ALP",16916,46.1
"North Sydney","William Jack","Lib46",19780,53.9
"Oxley","Donald Cameron","Lib46",20822,55.78
"Oxley","Tom Millar","CPA",841,2.25
"Oxley","Norman Thomas","ALP",15663,41.96
"Parkes","Les Haylen","ALP",19307,55.99
"Parkes","William Ness","Lib46",15173,44.01
"Parramatta","Howard Beale","Lib46",27941,59.83
"Parramatta","John Holmes","ALP",18760,40.17
"Paterson","Kevin Barlow","ALP",18255,45.5
"Paterson","Allen Fairhall","Lib46",21870,54.5
"Perth","Tom Burke","ALP",15912,51.66
"Perth","Carlyle Ferguson","APA",530,1.72
"Perth","John Gandini","CPA",275,0.89
"Perth","Robert Phillips","Lib46",14087,45.73
"Petrie","Alexander Barry","ALP",21774,44.91
"Petrie","Alan Hulme","Lib46",26706,55.09
"Phillip","Henry Clarke","Lib46",13849,41.13
"Phillip","Joe Fitzgerald","ALP",19826,58.87
"Port Adelaide","Alan Finger","CPA",3045,6.04
"Port Adelaide","Albert Thompson","ALP",47355,93.96
"Reid","Laurie Aarons","CPA",2285,4.39
"Reid","Horace Hancock","Ind",3348,6.44
"Reid","Charles Morgan","ALP",32958,63.36
"Reid","Bob Mutton","Lib46",13425,25.81
"Riverina","Leslie Kelton","CPA",951,2.44
"Riverina","Hugh Roberton","CP",20341,52.24
"Riverina","Michael Sheehan","ALP",17646,45.32
"Robertson","Roger Dean","Lib46",23910,49.94
"Robertson","Walter Geraghty","ALP",22895,47.82
"Robertson","John Tapp","CPA",1077,2.25
"Ryan","Nigel Drury","Lib46",26140,58.54
"Ryan","Frank Luton","ALP",18514,41.46
"Shortland","Arthur Downey","Lib46",15044,35.59
"Shortland","Charles Griffiths","ALP",27226,64.41
"St George","Bill Graham","Lib46",18084,47.27
"St George","Nelson Lemmon","ALP",20173,52.73
"Sturt","Norman Makin","ALP",25857,53.04
"Sturt","Keith Wilson","Lib46",22890,46.96
"Swan","Bill Grayden","Lib46",25893,48.37
"Swan","Jack Marks","CPA",838,1.57
"Swan","Harry Webb","ALP",26799,50.06
"Wakefield","Edward Harradine","ALP",14400,37.39
"Wakefield","Hector Henstridge","Ind",2218,5.76
"Wakefield","Sir Philip McBride","Lib46",21893,56.85
"Wannon","Malcolm Fraser","Lib46",18492,49.98
"Wannon","Don McLeod","ALP",18509,50.02
"Warringah","Francis Bland","Lib46",22218,58.32
"Warringah","Ronald Nibbs","ALP",8548,22.44
"Warringah","Ernest White","Ind Lib46",7332,19.25
"Watson","Dan Curtin","ALP",25507,63.21
"Watson","Hubert O'Connell","Lib46",14846,36.79
"Werriwa","Jack Lee","Lib46",22530,38.28
"Werriwa","Edwin Lipscombe","CPA",2363,4.02
"Werriwa","Gough Whitlam","ALP",33961,57.7
"West Sydney","Anthony Micallef","Ind",6264,21.4
"West Sydney","Dan Minogue","ALP",21226,72.53
"West Sydney","Lance Sharkey","CPA",1776,6.07
"Wide Bay","William Brand","CP",22493,54.09
"Wide Bay","Frank Falls","CPA",442,1.06
"Wide Bay","Frank Forde","ALP",18648,44.85
"Wills","Bill Bryson","ALP",27538,62.4
"Wills","Ian Ingram","Lib46",16595,37.6
"Wilmot","Lionel Browning","Lib46",14959,43.8
"Wilmot","Gil Duthie","ALP",19193,56.2
"Wimmera","Herbert Hilton","CP",8184,23.32
"Wimmera","William Lawrence","Lib46",15238,43.42
"Wimmera","Cyril Sudholz","ALP",11671,33.26
"Yarra","Stan Keon","ALP",21058,62.32
"Yarra","Jim MacDonald","Lib46",11591,34.31
"Yarra","Ken Miller","CPA",1139,3.37
