"Seat","Candidate","Party","Votes","Vote_perc"
"Adelaide","George Basisovs","Lib46",26974,38.33
"Adelaide","Chris Hurford","ALP",35786,50.85
"Adelaide","Geoffrey Stewart","AD",7610,10.81
"Balaclava","Zelma Furey","AD",10129,15.39
"Balaclava","Peter Lawlor","DLP",3321,5.05
"Balaclava","Ian Macphee","Lib46",33304,50.6
"Balaclava","Robert Steele","ALP",19065,28.97
"Ballarat","Norman Baker","ALP",23487,37.01
"Ballarat","Graham Gough","AD",6298,9.92
"Ballarat","William Griffin","DLP",3202,5.05
"Ballarat","Jim Short","Lib46",30480,48.02
"Banks","Montague Greene","AD",9453,13.73
"Banks","Paul Hinton","Lib46",25942,37.68
"Banks","Vince Martin","ALP",33452,48.59
"Barker","James Porter","Lib46",43129,63.38
"Barker","Neil Richardson","ALP",18968,27.87
"Barker","Rodney Roberts","AD",5952,8.75
"Barton","Edwin Bellchambers","Ind",1404,2.11
"Barton","Jim Bradfield","Lib46",32128,48.4
"Barton","Ron Cunningham","ALP",27204,40.98
"Barton","Phil White","AD",5650,8.51
"Bass","Dennis Cartledge","AD",3795,7.55
"Bass","Kevin Newman","Lib46",28022,55.75
"Bass","Mary Willey","ALP",18447,36.7
"Batman","Gillford Brown","Lib46",24932,37.39
"Batman","Brian Howe","ALP",31538,47.3
"Batman","Phillip Lorenz","DLP",3559,5.34
"Batman","Mario Piraino","AD",6644,9.97
"Bendigo","John Bourchier","Lib46",30072,48.04
"Bendigo","Paul Brennan","DLP",3005,4.8
"Bendigo","Dennis Muldoon","ALP",21620,34.54
"Bendigo","Ian Price","AD",7905,12.63
"Bennelong","John Howard","Lib46",37080,56.2
"Bennelong","Bruce Irwin","AD",8544,12.95
"Bennelong","David Rennie","Prog",556,0.84
"Bennelong","Noel Welsman","ALP",19794,30
"Berowra","Harry Edwards","Lib46",39350,62.89
"Berowra","Michael Jones","ALP",15325,24.49
"Berowra","George Simpson","Prog",686,1.1
"Berowra","Johannes van Aggele","AD",7207,11.52
"Blaxland","William Haggerty","Ind",3974,5.97
"Blaxland","Paul Keating","ALP",36109,54.25
"Blaxland","Salvatore Napoli","Lib46",21978,33.02
"Blaxland","Steven Suli","AD",4500,6.76
"Bonython","Neal Blewett","ALP",33772,50.54
"Bonython","John Longhurst","AD",12457,18.64
"Bonython","Brian Marsden","Lib46",20595,30.82
"Boothby","John McLeay","Lib46",40358,57.43
"Boothby","George Nimmo","AD",11795,16.79
"Boothby","Mark Pickhaver","ALP",18117,25.78
"Bowman","Martin Gant","Prog",1018,1.61
"Bowman","Bryan Grehan","AD",5452,8.64
"Bowman","David Jull","Lib46",31544,50
"Bowman","Len Keogh","ALP",25078,39.75
"Braddon","Duncan Colquhoun-Kerr","ALP",19656,41.79
"Braddon","Ray Groom","Lib46",27384,58.21
"Bradfield","Christopher Brown","Prog",1518,2.25
"Bradfield","David Connolly","Lib46",49052,72.64
"Bradfield","Pauline Kibble","ALP",9578,14.18
"Bradfield","Donald Marrable","AD",7378,10.93
"Brisbane","Manfred Cross","ALP",26103,41.26
"Brisbane","Joan Hadley","AD",6299,9.96
"Brisbane","Peter Johnson","Lib46",29821,47.14
"Brisbane","John Steele","Prog",1038,1.64
"Bruce","Timothy Burke","ALP",20927,31.11
"Bruce","John Mulholland","DLP",2237,3.33
"Bruce","Billy Snedden","Lib46",33913,50.41
"Bruce","John Sutcliffe","AD",10199,15.16
"Burke","Keith Johnson","ALP",32248,50.38
"Burke","Mihaly Lengyel","Lib46",20680,32.31
"Burke","Eric Spencer","AD",7122,11.13
"Burke","Colin Walsh","DLP",3963,6.19
"Calare","James Ashton","Lib46",13509,20.41
"Calare","Darvell Baird","AD",4986,7.53
"Calare","Sandy Mackenzie","NCP75",20893,31.57
"Calare","David Simmons","ALP",26799,40.49
"Canberra","John Bellhouse","AD",8544,15.02
"Canberra","John Haslem","Lib46",24578,43.22
"Canberra","Oleg Kavunenko","Ind",534,0.94
"Canberra","Henry Lawrence","ALP",23214,40.82
"Canning","Mel Bungey","Lib46",29503,48.21
"Canning","Velibor Debeljakovic","AD",6206,10.14
"Canning","Marie Dilley","NCP75",7447,12.17
"Canning","John English","Ind",725,1.18
"Canning","Douglas Joyce","Prog",822,1.34
"Canning","Charles Savage","ALP",16491,26.95
"Capricornia","Edward Batey","AD",2217,3.61
"Capricornia","Colin Carige","NCP75",25314,41.27
"Capricornia","Douglas Cuddy","Lib46",3606,5.88
"Capricornia","Doug Everingham","ALP",29996,48.9
"Capricornia","Ronald Kitching","Prog",207,0.34
"Casey","Peter Falconer","Lib46",29896,48.27
"Casey","Francis Feltham","DLP",1761,2.84
"Casey","Martin Hetherich","Ind",694,1.12
"Casey","Stanley Hillman","Ind",343,0.55
"Casey","Henry Leggett","Ind",151,0.24
"Casey","Peter Watson","ALP",18772,30.31
"Casey","Malcolm Whittle","AD",10314,16.65
"Chifley","John Armitage","ALP",39168,60.04
"Chifley","Jack Mundey","CPA",1910,2.93
"Chifley","Richard Taylor","Lib46",17745,27.2
"Chifley","Alfred Tozer","AD",6414,9.83
"Chisholm","Robert Caulfield","AD",11739,17.16
"Chisholm","Helen Mayer","ALP",21548,31.51
"Chisholm","Tony Staley","Lib46",31808,46.51
"Chisholm","Joseph Stanley","DLP",3299,4.82
"Cook","Walter Day","AD",7162,10.36
"Cook","Don Dobie","Lib46",35648,51.58
"Cook","Henry Soper","Prog",791,1.14
"Cook","Ray Thorburn","ALP",25511,36.91
"Corangamite","Shirley Ambrose","ALP",16786,26.42
"Corangamite","Kathleen May","AD",6275,9.88
"Corangamite","Neil McDonald","Ind",548,0.86
"Corangamite","Francis O'Brien","DLP",2756,4.34
"Corangamite","Tony Street","Lib46",37163,58.5
"Corio","Clive Bubb","Lib46",26330,40.28
"Corio","James Jordan","DLP",2685,4.11
"Corio","Guenter Sahr","AD",4740,7.25
"Corio","Gordon Scholes","ALP",31612,48.36
"Cowper","Colin Clague","ALP",23221,36.15
"Cowper","Ian Robinson","NCP75",41015,63.85
"Cunningham","Noel Dennett","Ind",1583,2.31
"Cunningham","Rudolph Dezelin","Ind",375,0.55
"Cunningham","Thomas Griffin","Lib46",21419,31.32
"Cunningham","Mervyn Nixon","CPA",1073,1.57
"Cunningham","Ross Sampson","AD",7388,10.8
"Cunningham","Stewart West","ALP",36559,53.45
"Curtin","Richard Bunting","AD",9522,14.35
"Curtin","Victor Garland","Lib46",38988,58.77
"Curtin","Patricia Giles","ALP",16207,24.43
"Curtin","James MacDonald","Prog",1628,2.45
"Darling Downs","Robert Lingard","ALP",18505,29.55
"Darling Downs","Tom McVeigh","NCP75",42630,68.08
"Darling Downs","David Proud","Prog",1482,2.37
"Dawson","Ray Braithwaite","NCP75",34624,55.91
"Dawson","Michael Goldsborough","ALP",25923,41.86
"Dawson","Frank Paull","Prog",1377,2.22
"Deakin","Daniel Condon","DLP",3670,5.23
"Deakin","Neville Gay","ALP",22730,32.37
"Deakin","Alan Jarman","Lib46",32378,46.1
"Deakin","Alan Teed","AD",11451,16.31
"Denison","John Coates","ALP",23184,44.67
"Denison","Michael Hodgman","Lib46",26418,50.9
"Denison","Robert McFie","AD",2303,4.44
"Diamond Valley","Neil Brown","Lib46",31674,48.53
"Diamond Valley","Christopher Curtis","DLP",2672,4.09
"Diamond Valley","Jean Downing","ALP",20355,31.19
"Diamond Valley","Ronald Goldman","AD",10561,16.18
"Dundas","Malcolm McKinnon","Prog",1824,2.69
"Dundas","Brendan Mohide","AD",6484,9.58
"Dundas","Russell Rollason","ALP",22980,33.94
"Dundas","Philip Ruddock","Lib46",36427,53.79
"Eden-Monaro","Norma Helmers","AD",5587,8.61
"Eden-Monaro","Michael Le Grand","Ind",530,0.82
"Eden-Monaro","Brian Maguire","ALP",25243,38.91
"Eden-Monaro","Murray Sainsbury","Lib46",33517,51.66
"Fadden","Janice Barber","AD",5559,8.94
"Fadden","Melody Bond","Ind",717,1.15
"Fadden","Donald Cameron","Lib46",20909,33.63
"Fadden","Peter Gautrey","Prog",206,0.33
"Fadden","Clem Jones","ALP",23869,38.39
"Fadden","James Shapcott","NCP75",10910,17.55
"Farrer","Wal Fife","Lib46",40187,61.91
"Farrer","Donald Fleming","ALP",19400,29.89
"Farrer","Thomas Guy","Ind",718,1.11
"Farrer","Margaret Healey","AD",3962,6.1
"Farrer","Maureen Nathan","Prog",643,0.99
"Fisher","Evan Adermann","NCP75",37247,59.57
"Fisher","Gregory Gaffney","Prog",983,1.57
"Fisher","Gillian Newman","AD",6110,9.77
"Fisher","Fay Price","ALP",18187,29.09
"Flinders","John Cass","DLP",2089,3.21
"Flinders","Geoffrey Eastwood","ALP",19401,29.8
"Flinders","Harold Fraser","AD",10070,15.47
"Flinders","Monty Hollow","Ind",639,0.98
"Flinders","Phillip Lynch","Lib46",32897,50.54
"Forrest","Reginald Crabb","Prog",2495,3.93
"Forrest","Allan Drake-Brockman","ALP",17640,27.78
"Forrest","Peter Drummond","Lib46",30723,48.38
"Forrest","John Gardiner","NCP75",8183,12.89
"Forrest","Donald Stewart","AD",4466,7.03
"Franklin","Peter Colquhoun","ALP",22175,45.28
"Franklin","Bruce Goodluck","Lib46",26797,54.72
"Fraser","Ken Fry","ALP",34609,59.44
"Fraser","Imre Mailath","Lib46",23612,40.56
"Fremantle","John Dawkins","ALP",29700,45.12
"Fremantle","John Kernot","AD",6491,9.86
"Fremantle","David Lavater","Prog",957,1.45
"Fremantle","Peter Ramshaw","Lib46",27372,41.58
"Fremantle","Victor Slater","CPA",1305,1.98
"Gellibrand","Albert Bailey","DLP",6606,10.02
"Gellibrand","June Smith","AD",5663,8.59
"Gellibrand","Ralph Willis","ALP",38433,58.28
"Gellibrand","Anton Zajc","Lib46",15241,23.11
"Gippsland","Bruce Ingle","Ind",1884,3.05
"Gippsland","Robert McMahon","DLP",3003,4.87
"Gippsland","Peter Nixon","NCP75",35778,57.97
"Gippsland","Thomas Reid","AD",6424,10.41
"Gippsland","William Switzer","ALP",14634,23.71
"Grayndler","Frank Stewart","ALP",36299,57.72
"Grayndler","Christine Townend","AD",4558,7.25
"Grayndler","Bill Vasselou","Lib46",20980,33.36
"Grayndler","Frank Vouros","SPA72",1048,1.67
"Grey","John Henderson","NCP75",6065,9.08
"Grey","Ronald Moulds","AD",3331,4.99
"Grey","John Oswald","Lib46",26166,39.18
"Grey","Laurie Wallis","ALP",31221,46.75
"Griffith","Stan Fas","NCP75",5935,9.71
"Griffith","Ben Humphreys","ALP",28736,47.03
"Griffith","William Kenney","Ind",591,0.97
"Griffith","Thomas Martin","AD",4857,7.95
"Griffith","Ronald Palmer","Lib46",20471,33.5
"Griffith","Barrie Rundle","Prog",514,0.84
"Gwydir","Brian Allen","Prog",1743,2.74
"Gwydir","Francis Fish","ALP",20831,32.7
"Gwydir","Heather Howe","AD",2866,4.5
"Gwydir","Ralph Hunt","NCP75",37600,59.03
"Gwydir","Lyall Munro","Ind",654,1.03
"Hawker","Steele Hall","Lib46",31062,43.96
"Hawker","Ralph Jacobi","ALP",31685,44.84
"Hawker","Bruce Miels","AD",7190,10.18
"Hawker","Warren Wallace","Ind",724,1.02
"Henty","Ken Aldred","Lib46",29660,45
"Henty","Joan Child","ALP",27325,41.46
"Henty","Tony Dear","Ind",359,0.54
"Henty","Terence Farrell","DLP",2061,3.13
"Henty","Fred Ingamells","AD",6509,9.87
"Herbert","Charles Arnold","NCP75",12357,20.16
"Herbert","Gordon Dean","Lib46",20559,33.55
"Herbert","Peter Dunn","Ind",236,0.39
"Herbert","Coral Finlay","Prog",250,0.41
"Herbert","Kenneth Kipping","AD",4799,7.83
"Herbert","Ted Lindsay","ALP",22668,36.99
"Herbert","Grahame Wells","Ind",418,0.68
"Higgins","Martin Cahill","DLP",3998,6.05
"Higgins","Ann Jackson","ALP",17308,26.18
"Higgins","Roger Shipton","Lib46",36504,55.22
"Higgins","Jim Thornley","AD",8292,12.54
"Hindmarsh","Clyde Cameron","ALP",38976,55.23
"Hindmarsh","James Evans","AD",8628,12.23
"Hindmarsh","Gregory Molfetas","Lib46",22962,32.54
"Holt","Michael Duffy","ALP",25411,40.17
"Holt","Kevin Leydon","DLP",2566,4.06
"Holt","Brian Stockton","AD",8077,12.77
"Holt","William Yates","Lib46",27200,43
"Hotham","Roger Johnston","Lib46",27663,40.36
"Hotham","Anthony Ross","ALP",26144,38.14
"Hotham","Kenneth Weaver","AD",12587,18.36
"Hotham","Edward Woods","DLP",2153,3.14
"Hughes","Henry Halliwell","Lib46",22229,33.13
"Hughes","Kenneth Johnson","AD",10212,15.22
"Hughes","Les Johnson","ALP",34659,51.65
"Hume","George Brenner","ALP",25266,38.41
"Hume","Stephen Lusher","NCP75",37521,57.05
"Hume","Mark Richard","AD",2986,4.54
"Hunter","Oliver Fennell","Lib46",19299,27.84
"Hunter","Bert James","ALP",42076,60.7
"Hunter","Elisabeth Kirkby","AD",7944,11.46
"Indi","Ewen Cameron","Lib46",15924,26.19
"Indi","Christopher Cody","DLP",3407,5.6
"Indi","John Dennis","ALP",15316,25.19
"Indi","Mac Holten","NCP75",21832,35.9
"Indi","Neil Savage","AD",4333,7.13
"Isaacs","William Burns","Lib46",29857,44.36
"Isaacs","Ralph Cleary","DLP",2741,4.07
"Isaacs","Francis McLeod","AD",11427,16.98
"Isaacs","Kenneth Williams","ALP",23275,34.58
"Kalgoorlie","Brian Conway","ALP",20862,37.36
"Kalgoorlie","Mick Cotter","Lib46",27512,49.27
"Kalgoorlie","Squire Fletcher","NCP75",2399,4.3
"Kalgoorlie","Graham Mills","Prog",1529,2.74
"Kalgoorlie","Edwin Routley","AD",3534,6.33
"Kennedy","Vrettos Cominos","Prog",987,1.81
"Kennedy","Robert Gleeson","ALP",17814,32.67
"Kennedy","Marelle Hicks","AD",521,0.96
"Kennedy","Bob Katter","NCP75",33453,61.36
"Kennedy","Raymond Oldham","AD",1744,3.2
"Kingsford-Smith","Lionel Bowen","ALP",42222,64.39
"Kingsford-Smith","Collin O'Neill","Lib46",19377,29.55
"Kingsford-Smith","Edward Ward","AD",3974,6.06
"Kingston","Grant Chapman","Lib46",31254,45.31
"Kingston","Richard Gun","ALP",28919,41.92
"Kingston","Christopher Harte","AD",8810,12.77
"Kooyong","Bernie Gaynor","DLP",4209,6.36
"Kooyong","Michael McBride","AD",8176,12.36
"Kooyong","Andrew Peacock","Lib46",36791,55.61
"Kooyong","John Wilkinson","ALP",16988,25.68
"Lalor","Denis Bilston","DLP",5502,8.77
"Lalor","Jeffrey Day","Ind",729,1.16
"Lalor","Harley Dickinson","Lib46",17633,28.1
"Lalor","Barry Jones","ALP",31693,50.5
"Lalor","Charles Skidmore","AD",6196,9.87
"Lalor","Rosalba Vicari","Ind",1002,1.6
"La Trobe","Marshall Baillieu","Lib46",26060,41.6
"La Trobe","Cornelus Hellema","Ind",1099,1.75
"La Trobe","Tony Lamb","ALP",25250,40.31
"La Trobe","Andrew McCann","AD",8827,14.09
"La Trobe","James Penna","DLP",1410,2.25
"Leichhardt","James Foster","AD",3785,6.46
"Leichhardt","David Thomson","NCP75",27684,47.29
"Leichhardt","Bill Wood","ALP",27078,46.25
"Lilley","Frank Andrews","Ind",1970,3.13
"Lilley","Kevin Cairns","Lib46",30542,48.59
"Lilley","Elaine Darling","ALP",24661,39.23
"Lilley","Albert Mayne","AD",5302,8.43
"Lilley","Gary Sturgess","Prog",386,0.61
"Lowe","Charles Bingle","Ind",1553,2.34
"Lowe","Richard Hall","ALP",26052,39.23
"Lowe","Sir William McMahon","Lib46",35044,52.77
"Lowe","Frederick Tross","AD",3764,5.67
"Lyne","Allen Edwards","AD",6687,10.18
"Lyne","Philip Lucock","NCP75",36678,55.85
"Lyne","Noel Unicomb","ALP",22308,33.97
"Macarthur","Michael Baume","Lib46",32209,48.41
"Macarthur","John Kerin","ALP",29686,44.62
"Macarthur","William Speirs","AD",4034,6.06
"Macarthur","Victor Thomas","Prog",603,0.91
"Mackellar","John Barclay","ALP",18329,28.17
"Mackellar","John Booth","Prog",1000,1.54
"Mackellar","Jim Carlton","Lib46",36064,55.43
"Mackellar","Ronald Davis","Ind",1604,2.47
"Mackellar","Barry Geyle","Ind",621,0.95
"Mackellar","Thomas Mellor","Ind",185,0.28
"Mackellar","Robert Williams","AD",7262,11.16
"Macquarie","Michael Barratt","Ind",4849,7.17
"Macquarie","Alyn Foster","Prog",513,0.76
"Macquarie","Ross Free","ALP",26651,39.4
"Macquarie","Reg Gillard","Lib46",28299,41.84
"Macquarie","Peter Monaghan","AD",7328,10.83
"Mallee","John Cotter","DLP",3707,6.05
"Mallee","Geoffrey Ferns","ALP",13362,21.81
"Mallee","Peter Fisher","NCP75",29613,48.34
"Mallee","Warwick Hincksman","Lib46",14581,23.8
"Maranoa","Christopher Caldwell","Ind",1663,2.76
"Maranoa","James Corbett","NCP75",41466,68.72
"Maranoa","Maurice Fountain","Prog",879,1.46
"Maranoa","John Kidman","ALP",14320,23.73
"Maranoa","Betty Whitworth","AD",2012,3.33
"Maribyrnong","Alan Brass","AD",8651,13.49
"Maribyrnong","Moss Cass","ALP",27927,43.55
"Maribyrnong","Philip Fitzherbert","Lib46",23560,36.74
"Maribyrnong","Alan Tait","DLP",3982,6.21
"McMillan","Ronald Dent","AD",8844,14.23
"McMillan","Richard Elkington","ALP",21999,35.39
"McMillan","Brian Handley","DLP",3010,4.84
"McMillan","Norman Holyoak","Ind",667,1.07
"McMillan","Barry Simon","Lib46",27650,44.47
"McPherson","William Aabraham-Steer","Ind",964,1.53
"McPherson","Leonard Fairman","AD",5819,9.22
"McPherson","Jon Guerson","ALP",17419,27.6
"McPherson","Neva Maxim","Prog",951,1.51
"McPherson","Eric Robinson","Lib46",37962,60.15
"Melbourne","Desmond Burke","DLP",6868,10.98
"Melbourne","Robert Fallshaw","Lib46",14751,23.59
"Melbourne","Ted Innes","ALP",33806,54.06
"Melbourne","Veronica Schwarz","AD",5576,8.92
"Melbourne","Roger Wilson","CPA",1537,2.46
"Melbourne Ports","Gordon Haberman","DLP",4495,7.18
"Melbourne Ports","Daniel Hill","Lib46",20627,32.96
"Melbourne Ports","Clyde Holding","ALP",31308,50.03
"Melbourne Ports","Valina Rainer","AD",6147,9.82
"Mitchell","Ronald Allen","Ind",1817,2.78
"Mitchell","Alan Cadman","Lib46",39454,60.38
"Mitchell","Michael Hartnell","AD",5988,9.16
"Mitchell","Dimitar Mikulasev","Prog",353,0.54
"Mitchell","Ellen Thompson","ALP",17733,27.14
"Moore","Maurice Brockwell","Prog",2426,3.93
"Moore","Roy Clarke","NCP75",7530,12.2
"Moore","Patricia Edward","AD",7540,12.22
"Moore","James Hansen","ALP",14707,23.83
"Moore","John Hyde","Lib46",29516,47.82
"Moreton","Graham Bell","Ind",915,1.5
"Moreton","Frederick Drake","Prog",887,1.45
"Moreton","James Killen","Lib46",34231,55.96
"Moreton","Dirk Plooy","AD",4278,6.99
"Moreton","Barbara Robson","ALP",20864,34.11
"Murray","George Murray","AD",6612,10.64
"Murray","Bruce Lloyd","NCP75",32809,52.8
"Murray","Robert Love","Lib46",9230,14.85
"Murray","Graeme Macartney","ALP",10573,17.02
"Murray","Patrick Payne","DLP",2915,4.69
"Newcastle","Darrell Dawson","CPA",2763,4.1
"Newcastle","Ian Hay","AD",3546,5.26
"Newcastle","Charles Jones","ALP",38620,57.29
"Newcastle","Elaine Samuels","Lib46",22485,33.35
"New England","Selby Dean","ALP",19941,31.42
"New England","Bradley Mulligan","AD",5919,9.33
"New England","Ian Sinclair","NCP75",37601,59.25
"Northern Territory","Sam Calder","CLP",16462,47.39
"Northern Territory","Josephine Read","AD",2478,7.13
"Northern Territory","Ian Smith","Prog",987,2.84
"Northern Territory","John Waters","ALP",14811,42.64
"North Sydney","Peter Corrie","Prog",1672,2.57
"North Sydney","Bill Graham","Lib46",38176,58.57
"North Sydney","John Maher","Ind",1073,1.65
"North Sydney","Maurice May","ALP",17111,26.25
"North Sydney","John Pierce","AD",7153,10.97
"Oxley","Bill Hayden","ALP",36084,54.99
"Oxley","Rowlynd Jones","AD",4446,6.78
"Oxley","Neil Russell","Prog",784,1.19
"Oxley","Robert Walker","Lib46",24306,37.04
"Parramatta","John Brown","ALP",34405,52.04
"Parramatta","Douglas Cox","Lib46",26315,39.8
"Parramatta","Peter Lukunic","AD",5397,8.16
"Paterson","Paul Baker","AD",4250,6.66
"Paterson","William O'Donnell","Ind",923,1.45
"Paterson","Frank O'Keefe","NCP75",36740,57.61
"Paterson","Kerry Scott","ALP",21862,34.28
"Perth","Lawrence Curtis","Prog",2591,4.12
"Perth","Thomas Garrick","AD",6153,9.79
"Perth","Ross McLean","Lib46",31944,50.81
"Perth","James Moiler","ALP",22177,35.28
"Petrie","John Hodges","Lib46",33853,52.81
"Petrie","Rodney Jeanneret","Prog",823,1.28
"Petrie","Gerard Molloy","ALP",21774,33.97
"Petrie","Leslie Mundt","AD",7648,11.93
"Phillip","Jack Birney","Lib46",31517,48.02
"Phillip","Barry Elliott","Ind",581,0.89
"Phillip","Alan Needham","AD",4664,7.11
"Phillip","Joe Riordan","ALP",28876,43.99
"Port Adelaide","Jean Lawrie","Lib46",20506,30.39
"Port Adelaide","Donald Sutherland","CPA",1575,2.33
"Port Adelaide","David Wade","AD",4906,7.27
"Port Adelaide","Mick Young","ALP",40497,60.01
"Prospect","Laurence Bourke","AD",7421,11.61
"Prospect","Alan Byers","Lib46",21591,33.76
"Prospect","Dick Klugman","ALP",34933,54.63
"Reid","Frederick Bluck","AD",6216,9.4
"Reid","Terence Shanahan","Lib46",21246,32.13
"Reid","Tom Uren","ALP",38667,58.47
"Richmond","Doug Anthony","NCP75",40869,61.37
"Richmond","John Mallett","Ind",941,1.41
"Richmond","Josephine Maxwell","ALP",21170,31.79
"Richmond","Bernard Walrut","AD",3611,5.42
"Riverina","John FitzPatrick","ALP",31237,48.85
"Riverina","Rodney Lawrence","Ind",1580,2.47
"Riverina","John Sullivan","NCP75",31134,48.68
"Robertson","Malcolm Brooks","Lib46",29825,43.06
"Robertson","Barry Cohen","ALP",32341,46.69
"Robertson","Trevor Willsher","AD",7095,10.24
"Ryan","Jili Boughen","Prog",3617,5.76
"Ryan","Gailene Harrison","ALP",20866,33.22
"Ryan","John Moore","Lib46",38331,61.02
"Scullin","Gerard Clarke","Lib46",20849,33.46
"Scullin","Harry Jenkins","ALP",32303,51.84
"Scullin","Bernard McGrath","DLP",3330,5.34
"Scullin","George Samargis","AD",5835,9.36
"Shortland","Richard Bevan","Lib46",24178,35.22
"Shortland","Lionel Lambkin","AD",7058,10.28
"Shortland","Peter Morris","ALP",37406,54.49
"St George","Ronald Kirwood","AD",4243,6.33
"St George","David Kriss","Prog",441,0.66
"St George","Maurice Neil","Lib46",32078,47.89
"St George","Tony Whitlam","ALP",30227,45.12
"Stirling","Scott Christie","AD",9591,14.8
"Stirling","James Jamieson","Prog",1876,2.89
"Stirling","Graham Reece","ALP",20786,32.07
"Stirling","Ian Viner","Lib46",32558,50.24
"Sturt","Dean Bendall","AD",9335,13.48
"Sturt","Ann Pengelly","ALP",24639,35.57
"Sturt","Ian Wilson","Lib46",35300,50.96
"Swan","William Deller","Ind",2474,3.87
"Swan","Patricia Fowkes","ALP",25276,39.58
"Swan","Hubert Lennerts","AD",7526,11.79
"Swan","John Martyr","Lib46",27385,42.89
"Swan","Bryan Scott-Courtland","Prog",1194,1.87
"Sydney","Aileen Beaver","CPA",3935,6.32
"Sydney","Harry Black","SPA72",847,1.36
"Sydney","Naomi Mayers","Ind",560,0.9
"Sydney","Leslie McMahon","ALP",39307,63.16
"Sydney","Andrew Morrison","Lib46",14158,22.75
"Sydney","Judith Roberts","AD",3428,5.51
"Tangney","Duncan Graham","ALP",21947,33.22
"Tangney","Geoffrey McNeil","Prog",2361,3.57
"Tangney","Peter Shack","Lib46",32198,48.74
"Tangney","Geoffrey Taylor","AD",9561,14.47
"Wakefield","Denis Crisp","ALP",20303,29.88
"Wakefield","Geoffrey Giles","Lib46",42077,61.93
"Wakefield","Kenneth Maguire","AD",5564,8.19
"Wannon","John Casanova","DLP",4125,6.56
"Wannon","Malcolm Fraser","Lib46",35640,56.69
"Wannon","Andrew Frost","ALP",19483,30.99
"Wannon","Thelma Trayling","AD",3617,5.75
"Warringah","Stephen Keliher","Prog",1677,2.57
"Warringah","Michael MacKellar","Lib46",40984,62.91
"Warringah","Christopher Osborne","ALP",16102,24.72
"Warringah","Anita Stiller","AD",6385,9.8
"Wentworth","John Curvers","Prog",1909,3.05
"Wentworth","Robert Ellicott","Lib46",35980,57.48
"Wentworth","Joan Kersey","AD",5069,8.1
"Wentworth","Michael Winters","ALP",19638,31.37
"Werriwa","Jonas Abromas","Lib46",22787,33.93
"Werriwa","Ross May","Ind",1079,1.61
"Werriwa","Keith Olson","AD",6035,8.99
"Werriwa","Gough Whitlam","ALP",37262,55.48
"Wide Bay","Frederick Faircloth","ALP",23276,36.8
"Wide Bay","Douglas Mackenzie","AD",6321,9.99
"Wide Bay","Clarrie Millar","NCP75",33655,53.21
"Wills","Gordon Bryant","ALP",38456,57.64
"Wills","Thomas Burrowes","Lib46",17597,26.37
"Wills","John Flint","DLP",4964,7.44
"Wills","Vernon Weaver","AD",5703,8.55
"Wilmot","Max Burr","Lib46",26066,53.59
"Wilmot","Leon Gourlay","AD",2157,4.43
"Wilmot","David Llewellyn","ALP",20415,41.97
