"Seat","Candidate","Party","Votes","Vote_perc"
"Adelaide","Arthur Wreford","Nat",15171,38.56
"Adelaide","Edwin Yates","ALP",24174,61.44
"Angas","Moses Gabb","ALP",25679,54.73
"Angas","Walter Parsons","Nat",21239,45.27
"Balaclava","Don Cameron","ALP",22480,41.45
"Balaclava","Thomas White","Nat",31751,58.55
"Ballaarat","Fred Edmunds","Nat",16129,42.57
"Ballaarat","Charles McGrath","ALP",21760,57.43
"Barker","Malcolm Cameron","Nat",23189,51.24
"Barker","Frank Nieass","ALP",22067,48.76
"Barton","William Myhill","Nat",20722,32.41
"Barton","James Tully","ALP",43207,67.59
"Bass","Allan Guy","ALP",13318,60.37
"Bass","David Jackson","Nat",8741,39.63
"Batman","Frank Brennan","ALP",46666,75.81
"Batman","Cecil Keeley","Nat",14891,24.19
"Bendigo","Geoffry Hurry","Nat",17177,44.86
"Bendigo","Richard Keane","ALP",21111,55.14
"Boothby","Bill McCann","Nat",19847,44.41
"Boothby","John Price","ALP",24841,55.59
"Bourke","Frank Anstey","ALP",43714,77.4
"Bourke","Lionel Hahn","Nat",12763,22.6
"Brisbane","Donald Cameron","Nat",21048,52.42
"Brisbane","Myles Ferricks","ALP",19103,47.58
"Calare","George Gibbons","ALP",20492,51.56
"Calare","Sir Neville Howse","Nat",19252,48.44
"Capricornia","Frank Forde","ALP",24362,53.38
"Capricornia","Robert Staines","Nat",21277,46.62
"Cook","William Pickup","Nat",6409,15.77
"Cook","Edward Riley","ALP",34221,84.23
"Corangamite","Richard Crouch","ALP",20924,52.09
"Corangamite","William Gibson","CP",19244,47.91
"Corio","Arthur Lewis","ALP",27525,55.99
"Corio","John Lister","Nat",21639,44.01
"Dalley","Thomas Morrow","Nat",8870,22.09
"Dalley","Ted Theodore","ALP",31276,77.91
"Darling","Arthur Blakeley","ALP",24124,70.16
"Darling","Brian Doe","Nat",10259,29.84
"Darling Downs","Sir Littleton Groom","Ind Nat",9290,22.51
"Darling Downs","Evan Llewelyn","ALP",12738,30.87
"Darling Downs","Arthur Morgan","Nat",19238,46.62
"Darwin","George Bell","Nat",11982,53.61
"Darwin","Thomas d'Alton","ALP",5137,22.98
"Darwin","Henry Lane","ALP",5233,23.41
"Denison","David Blanchard","Ind",161,0.74
"Denison","Hubert Brettingham-Moore","Nat",681,3.15
"Denison","Charles Culley","ALP",12451,57.53
"Denison","John Gage","Nat",605,2.8
"Denison","Sir John Gellibrand","Nat",5663,26.17
"Denison","Horace Walch","Nat",2082,9.62
"East Sydney","Hyman Diamond","Nat",11583,31.57
"East Sydney","John West","ALP",25105,68.43
"Echuca","Edward Hill","ALP",18734,46.28
"Echuca","William Hill","CP",21750,53.72
"Eden-Monaro","John Cusack","ALP",19732,50.05
"Eden-Monaro","John Perkins","Nat",19692,49.95
"Fawkner","George Maxwell","Ind Nat",25564,59.37
"Fawkner","Sir Arthur Robinson","Nat",16547,38.43
"Fawkner","James Ronald","Ind",950,2.21
"Flinders","Stanley Bruce","Nat",30054,48.14
"Flinders","Joseph Burch","Ind Lib22",2267,3.63
"Flinders","Jack Holloway","ALP",30114,48.23
"Franklin","Alfred Seabrook","Nat",10175,45.07
"Franklin","William McWilliams","Ind",12399,54.93
"Fremantle","John Curtin","ALP",24482,57.06
"Fremantle","Keith Watson","Nat",18426,42.94
"Gippsland","Michael Buckley","ALP",18030,41.85
"Gippsland","Thomas Paterson","CP",25056,58.15
"Grey","Oliver Badman","CP",13445,40.36
"Grey","Andrew Lacey","ALP",19870,59.64
"Gwydir","Aubrey Abbott","CP",18014,46.32
"Gwydir","Lou Cunningham","ALP",20873,53.68
"Henty","William Bolton","Ind Nat",4355,5.96
"Henty","Billy Duggan","ALP",33195,45.41
"Henty","Henry Gullett","Nat",35557,48.64
"Herbert","William Amiet","Nat",25772,47.21
"Herbert","George Martens","ALP",28813,52.79
"Hume","Thomas Fitzpatrick","CP",17743,43.4
"Hume","Parker Moloney","ALP",23144,56.6
"Indi","Robert Cook","CP",11493,29.38
"Indi","Paul Jones","ALP",19319,49.39
"Indi","Leslie Sambell","CP",2180,5.57
"Indi","Arthur Walter","CP",6124,15.66
"Kalgoorlie","Albert Green","ALP",15761,63.94
"Kalgoorlie","William Greenard","Nat",3203,12.99
"Kalgoorlie","William Pickering","CP",5684,23.06
"Kennedy","Grosvenor Francis","Nat",13593,46.9
"Kennedy","Darby Riordan","ALP",15392,53.1
"Kooyong","Albert Langker","ALP",28276,44.75
"Kooyong","John Latham","Nat",34909,55.25
"Lang","Dick Dein","Nat",14736,33.77
"Lang","William Long","ALP",28898,66.23
"Lilley","George Mackay","Nat",34726,67.12
"Lilley","Frederick O'Keefe","Ind",17010,32.88
"Macquarie","Ben Chifley","ALP",25349,65.64
"Macquarie","Charles Dash","Nat",13271,34.36
"Maranoa","James Hunter","CP",17215,54.93
"Maranoa","Robert Munro","ALP",14123,45.07
"Maribyrnong","Percy Anderson","Nat",14441,26.82
"Maribyrnong","James Fenton","ALP",39409,73.18
"Martin","Edward Beeby","APP29",4459,7.25
"Martin","John Eldridge","ALP",31804,51.73
"Martin","Graham Pratten","Nat",25218,41.02
"Moreton","Josiah Francis","Nat",27716,60.14
"Moreton","Robert Taylor","ALP",18371,39.86
"New England","Victor Thompson","CP",21005,54.57
"New England","Thomas Wilson","ALP",17489,45.43
"North Sydney","Clifford Banks","Ind ALP",618,1.14
"North Sydney","Billy Hughes","Ind Nat",33263,61.19
"North Sydney","Ernie Judd","Soc",180,0.33
"North Sydney","Lewis Nott","Nat",20298,37.34
"Oxley","Francis Baker","ALP",26208,49.9
"Oxley","James Bayley","Nat",26308,50.1
"Parkes","Edward McTiernan","ALP",32387,57.83
"Parkes","Charles Marr","Nat",23618,42.17
"Parramatta","Eric Bowden","Nat",26874,46.69
"Parramatta","Albert Rowe","ALP",30686,53.31
"Perth","John McCoo","Ind",522,1.37
"Perth","Edward Mann","Ind Nat",7645,20.07
"Perth","Walter Nairn","Nat",13521,35.49
"Perth","Ted Needham","ALP",16411,43.07
"Reid","Ernest Carr","Nat",16977,25.38
"Reid","Percy Coleman","ALP",49909,74.62
"Richmond","Robert Gibson","CP",13748,36.04
"Richmond","Roland Green","CP",24400,63.96
"Riverina","William Killen","CP",22200,51.59
"Riverina","Horace Nock","CP",1224,2.84
"Riverina","William Nulty","ALP",19606,45.56
"Robertson","Michael Fitzgerald","ALP",18077,48.51
"Robertson","Sydney Gardner","Nat",19188,51.49
"South Sydney","William Adkins","Nat",17782,33.7
"South Sydney","Edward Riley","ALP",34978,66.3
"Wakefield","Maurice Collins","CP",9437,27.47
"Wakefield","Charles Hawker","Nat",12417,36.14
"Wakefield","Sydney McHugh","ALP",12503,36.39
"Wannon","John McNeill","ALP",21338,51.97
"Wannon","Arthur Rodgers","Nat",19720,48.03
"Warringah","Archdale Parkhill","Nat",25129,52.55
"Warringah","Richard Windeyer","Ind APP29",22688,47.45
"Wentworth","Arthur Manning","Nat",22878,41.7
"Wentworth","Walter Marks","Ind Nat",31991,58.3
"Werriwa","Bernard Grogan","Nat",14903,34.56
"Werriwa","Bert Lazzarini","ALP",28213,65.44
"West Sydney","Jack Beasley","ALP",28121,86.46
"West Sydney","Lindsay Thompson","Nat",4404,13.54
"Wide Bay","Bernard Corser","CP",29249,67.15
"Wide Bay","John O'Keefe","ALP",14307,32.85
"Wilmot","Llewellyn Atkinson","Nat",9538,47.14
"Wilmot","Joseph Lyons","ALP",10697,52.86
"Wimmera","John Harris","CP",18609,39.98
"Wimmera","Percy Stewart","CPP28",27942,60.02
