"Seat","Candidate","Party","Votes","Vote_perc"
"Adelaide","James Craig","Lib10",7104,29.4
"Adelaide","Edward Craigie","Ind",1077,4.46
"Adelaide","Ernest Roberts","ALP",15985,66.15
"Balaclava","Louis Holmes","ALP",9895,35.01
"Balaclava","Agar Wynne","Lib10",18369,64.99
"Ballaarat","Charles McGrath","ALP",16417,50.57
"Ballaarat","Hugh McKay","Lib10",16049,49.43
"Barker","John Livingston","Lib10",15590,58.97
"Barker","William Sampson","ALP",10849,41.03
"Barrier","Arthur Harrison","Lib10",4537,23.17
"Barrier","Josiah Thomas","ALP",15047,76.83
"Bass","Jens Jensen","ALP",7945,52.42
"Bass","Stephen Margetts","Lib10",7212,47.58
"Batman","Frank Brennan","ALP",19268,64.95
"Batman","Frederick O'Neill","Lib10",10398,35.05
"Bendigo","John Arthur","ALP",14488,50.5
"Bendigo","Cyril James","Ind",821,2.86
"Bendigo","Sir John Quick","Lib10",13378,46.63
"Boothby","George Dankel","ALP",16976,53.03
"Boothby","David Gordon","Lib10",15035,46.97
"Bourke","Frank Anstey","ALP",19225,60.02
"Bourke","Frank Maldon Robb","Lib10",12806,39.98
"Brisbane","Osborne Fenwick","Lib10",14050,43.09
"Brisbane","William Finlayson","ALP",18559,56.91
"Calare","Thomas Brown","ALP",10911,47.94
"Calare","Henry Pigott","Lib10",11848,52.06
"Capricornia","Francis Dyer","Lib10",8720,35.88
"Capricornia","William Higgs","ALP",15583,64.12
"Cook","James Catts","ALP",17271,58.73
"Cook","David Doull","Lib10",11473,39.02
"Cook","Tom Walsh","Soc",661,2.25
"Corangamite","Chester Manifold","Lib10",16572,52.2
"Corangamite","James Scullin","ALP",15173,47.8
"Corio","William Kendell","Lib10",14804,51.45
"Corio","Alfred Ozanne","ALP",13770,47.85
"Corio","John Reed","Ind",201,0.7
"Cowper","Con Hogan","ALP",6620,27.85
"Cowper","John Thomson","Lib10",17152,72.15
"Dalley","Robert Howe","ALP",17520,57.73
"Dalley","Harry Scott","Lib10",12829,42.27
"Dampier","Henry Gregory","Lib10",12463,52.62
"Dampier","Hugh Mahon","ALP",11222,47.38
"Darling","William Spence","ALP",11582,60.51
"Darling","Edwin Townsend","Lib10",7560,39.49
"Darling Downs","Frank Allen","ALP",10451,40.04
"Darling Downs","Littleton Groom","Lib10",15648,59.96
"Darwin","Alexander Marshall","Lib10",7652,47.93
"Darwin","King O'Malley","ALP",8312,52.07
"Denison","Alicia O'Shea Petersen","Ind",261,1.53
"Denison","William Laird Smith","ALP",8943,52.47
"Denison","William Trenwith","Lib10",7839,46
"East Sydney","John West","ALP",14174,56.13
"East Sydney","John Willson","Lib10",11077,43.87
"Echuca","Egbert England","Ind",1811,6.68
"Echuca","Chris Fitzgerald","ALP",9692,35.74
"Echuca","Albert Palmer","Lib10",15618,57.59
"Eden-Monaro","Austin Chapman","Lib10",13321,58.71
"Eden-Monaro","Harry Lestrange","ALP",9367,41.29
"Fawkner","George Fairbairn","Lib10",14610,46.75
"Fawkner","Joseph Hannan","ALP",16643,53.25
"Flinders","William Irvine","Lib10",15640,57.8
"Flinders","David Russell","ALP",11418,42.2
"Franklin","William McWilliams","Lib10",9202,55.77
"Franklin","William Shoobridge","ALP",7299,44.23
"Fremantle","Reginald Burchell","ALP",15428,55.79
"Fremantle","William Hedges","Lib10",12225,44.21
"Gippsland","James Bennett","Lib10",15473,54.98
"Gippsland","George Wise","Ind",12671,45.02
"Grampians","Hans Irvine","Lib10",15414,53.89
"Grampians","Archibald Stewart","ALP",13191,46.11
"Grey","Arthur McDonald","Lib10",11642,47.98
"Grey","Alexander Poynton","ALP",12622,52.02
"Gwydir","John Blackney","Lib10",10348,47.81
"Gwydir","William Webster","ALP",11296,52.19
"Henty","James Boyd","Lib10",19138,66.29
"Henty","Joseph Hewison","Ind Lib10",446,1.54
"Henty","William Miles","ALP",9284,32.16
"Herbert","Fred Bamford","ALP",16709,58.04
"Herbert","John Mann","Lib10",12081,41.96
"Hume","Sir William Lyne","Ind",11236,49.26
"Hume","Robert Patten","Lib10",11575,50.74
"Hunter","Matthew Charlton","ALP",12884,54.48
"Hunter","John Fegan","Lib10",10763,45.52
"Illawarra","George Burns","ALP",14852,50.18
"Illawarra","George Fuller","Lib10",14746,49.82
"Indi","Cornelius Ahern","Lib10",14759,51.82
"Indi","Joseph Brown","Ind",67,0.24
"Indi","Parker Moloney","ALP",13653,47.94
"Kennedy","Owen Edwards","Lib10",6112,25.62
"Kennedy","Charles McDonald","ALP",17745,74.38
"Kooyong","Sir Robert Best","Lib10",18777,61.94
"Kooyong","Vida Goldstein","Ind",11540,38.06
"Lang","Elliot Johnson","Lib10",18293,57.15
"Lang","Hector Lamond","ALP",13714,42.85
"Lilley","Arthur Lilley","ALP",13010,45.27
"Lilley","Jacob Stumm","Lib10",15729,54.73
"Macquarie","Ernest Carr","ALP",11163,50.04
"Macquarie","Henry Fletcher","Ind",693,3.11
"Macquarie","Robert Moore","Lib10",10451,46.85
"Maranoa","Jim Page","ALP",13969,65.02
"Maranoa","Herbert Yeates","Lib10",7516,34.98
"Maribyrnong","James Hume Cook","Lib10",12210,39.24
"Maribyrnong","James Fenton","ALP",18906,60.76
"Melbourne","William Maloney","ALP",18692,71.86
"Melbourne","Ellen Mulcahy","Ind ALP",7320,28.14
"Melbourne Ports","James Mathews","ALP",24203,79.2
"Melbourne Ports","Charles Merrett","Lib10",6357,20.8
"Moreton","John Sherlock","ALP",10975,39.28
"Moreton","Hugh Sinclair","Lib10",16967,60.72
"Nepean","George Cann","ALP",12947,43.01
"Nepean","Alexander Huie","Ind",835,2.77
"Nepean","Richard Orchard","Lib10",16322,54.22
"Newcastle","Thomas Collins","Lib10",6334,26.17
"Newcastle","David Watkins","ALP",17865,73.83
"New England","Percy Abbott","Lib10",14248,56.48
"New England","Francis Foster","ALP",10978,43.52
"North Sydney","Granville Ryrie","Lib10",21639,69.14
"North Sydney","Martin Shannon","ALP",9659,30.86
"Oxley","David Hunter","Lib10",14027,45.59
"Oxley","James Sharpe","ALP",16744,54.41
"Parkes","William Russell","ALP",12546,38.05
"Parkes","Bruce Smith","Lib10",20424,61.95
"Parramatta","Joseph Cook","Lib10",20727,68.34
"Parramatta","Oscar Zieman","ALP",9603,31.66
"Perth","James Fowler","Lib10",14846,53.31
"Perth","Alick McCallum","ALP",13001,46.69
"Richmond","Walter Massy-Greene","Lib10",16954,69.94
"Richmond","Percy Tighe","ALP",7286,30.06
"Riverina","John Chanter","ALP",11208,48.98
"Riverina","Franc Falkiner","Lib10",11674,51.02
"Robertson","William Fleming","Lib10",12566,55.33
"Robertson","William Johnson","ALP",10143,44.67
"South Sydney","Douglas Cooper","Lib10",9489,35.05
"South Sydney","Edward Riley","ALP",17584,64.95
"Swan","Sir John Forrest","Lib10",15055,54.88
"Swan","Peter O'Loghlen","ALP",12379,45.12
"Wakefield","Richard Foster","Lib10",14193,53.75
"Wakefield","William Harvey","ALP",12213,46.25
"Wannon","John McDougall","ALP",13773,45.82
"Wannon","Arthur Rodgers","Lib10",16286,54.18
"Wentworth","Sydney Green","ALP",11386,38.26
"Wentworth","Willie Kelly","Lib10",18375,61.74
"Werriwa","Alfred Conroy","Lib10",13998,55.86
"Werriwa","Richard Cornish","ALP",11062,44.14
"West Sydney","Billy Hughes","ALP",17658,71.27
"West Sydney","John Sutton","Lib10",7119,28.73
"Wide Bay","Andrew Fisher","ALP",15702,55.59
"Wide Bay","Arnold Wienholt","Lib10",12543,44.41
"Wilmot","Llewellyn Atkinson","Lib10",8251,62.64
"Wilmot","Henry McFie","ALP",4922,37.36
"Wimmera","Thomas Carey","ALP",7362,28.99
"Wimmera","Sydney Sampson","Lib10",18030,71.01
"Yarra","Edwin Purbrick","Lib10",7398,25.02
"Yarra","Frank Tudor","ALP",22168,74.98
