"Seat","Candidate","Party","Votes","Vote_perc"
"Adelaide","Cyril Chambers","ALP",23823,59.81
"Adelaide","Christopher Doherty","Ind",504,1.27
"Adelaide","Basil Harford","Lib46",14820,37.21
"Adelaide","Elsie Watt","CPA",683,1.71
"Angas","Alec Downer","Lib46",23987,60.79
"Angas","Albert Strachan","ALP",13615,34.5
"Angas","Ralph Whittle","Ind",1857,4.71
"Australian Capital Territory","Jessie Ashton","Ind",366,3.28
"Australian Capital Territory","Malcolm Moir","Lib46",2510,22.46
"Australian Capital Territory","Lewis Nott","Ind",3475,31.1
"Australian Capital Territory","Sidney Rhodes","ALP",4823,43.16
"Balaclava","Martin Dunne","ALP",14796,36.13
"Balaclava","Thomas White","Lib46",26157,63.87
"Ballaarat","Raymond Hyatt","ALP",19522,49.58
"Ballaarat","Alan Pittard","Lib46",19851,50.42
"Banks","Dominic Costa","ALP",24537,58.27
"Banks","Howard Fletcher","Lib46",15371,36.5
"Banks","Francis Foy","LL43",2202,5.23
"Barker","Archie Cameron","Lib46",26034,64.45
"Barker","John Gartner","Ind",1004,2.49
"Barker","John Klar","ALP",13354,33.06
"Barton","H. V. Evatt","ALP",21681,53.25
"Barton","Nancy Wake","Lib46",19037,46.75
"Bass","Claude Barnard","ALP",15312,49.4
"Bass","Bruce Kekwick","Lib46",15686,50.6
"Batman","Alan Bird","ALP",22662,58.41
"Batman","Neil McKay","Lib46",16139,41.59
"Bendigo","Percy Clarey","ALP",18962,46.98
"Bendigo","Allan Goodman","Ind",2134,5.29
"Bendigo","Thomas Grigg","Lib46",19268,47.74
"Bennelong","John Cramer","Lib46",23568,59.64
"Bennelong","Raymond Watt","ALP",15952,40.36
"Blaxland","Thomas Handran-Smith","Lib46",9364,23.78
"Blaxland","Jim Harrison","ALP",19403,49.27
"Blaxland","Roy Kirby","CPA",865,2.2
"Blaxland","Jack Lang","LL43",9752,24.76
"Boothby","John McLeay","Lib46",24897,61.31
"Boothby","Ralph Wells","ALP",15714,38.69
"Bowman","Wilfred Coutts","ALP",16886,44.87
"Bowman","Mabel Hanson","CPA",656,1.74
"Bowman","Malcolm McColm","Lib46",20090,53.39
"Bradfield","Ken Gee","ALP",8645,21.7
"Bradfield","Billy Hughes","Lib46",28428,71.36
"Bradfield","Edward Price","Ind",2764,6.94
"Brisbane","Alby Graham","CPA",1954,5.41
"Brisbane","George Lawson","ALP",18890,52.31
"Brisbane","James Long","Lib46",15269,42.28
"Burke","Henry Hodges","Ind",4720,12.04
"Burke","Ted Peters","ALP",24362,62.12
"Burke","Alfred Wall","Lib46",9865,25.15
"Burke","James Whitworth","Ind",271,0.69
"Calare","George Gibbons","ALP",16139,42.99
"Calare","John Howse","Lib46",21399,57.01
"Canning","William Gillespie","Lib46",10244,31.04
"Canning","Len Hamilton","CP",12159,36.85
"Canning","Arthur Neville","Ind CP",594,1.8
"Canning","Thomas Scaddan","ALP",10002,30.31
"Capricornia","Mick Gardner","ALP",15121,46.55
"Capricornia","Henry Pearce","Lib46",16949,52.18
"Capricornia","Ted Robertson","CPA",413,1.27
"Chisholm","Leo Fennessy","ALP",13615,33.06
"Chisholm","Wilfrid Kent Hughes","Lib46",26628,64.66
"Chisholm","Bill Tregear","CPA",937,2.28
"Cook","Gerald Davis","Lib46",5970,16.29
"Cook","John Eldridge","LL43",1920,5.24
"Cook","Mervyn Pidcock","CPA",1276,3.48
"Cook","Tom Sheehan","ALP",27485,74.99
"Corangamite","Elsie Brushfield","Ind",1080,2.87
"Corangamite","Allan McDonald","Lib46",21670,57.5
"Corangamite","Henry Stacpoole","ALP",14936,39.63
"Corio","John Dedman","ALP",19783,49.7
"Corio","Hubert Opperman","Lib46",20018,50.3
"Cowper","Louis Jabour","ALP",14134,38.28
"Cowper","Sir Earle Page","CP",22791,61.72
"Cunningham","Eric Aarons","CPA",2854,7.6
"Cunningham","Billy Davies","ALP",22795,60.72
"Cunningham","Alan Thomson","Lib46",11892,31.68
"Curtin","Paul Hasluck","Lib46",24857,61.17
"Curtin","William Lonnie","ALP",15781,38.83
"Dalley","Sol Rosevear","ALP",27501,72.96
"Dalley","Charles Shields","Lib46",10190,27.04
"Darebin","Tom Andrews","ALP",24719,62.73
"Darebin","Jack McColl","Lib46",14688,37.27
"Darling","Joe Clark","ALP",20843,63.82
"Darling","Cecil Connors","CPA",1017,3.11
"Darling","Madge Roberts","Ind",450,1.38
"Darling","Elson Whyte","CP",10348,31.69
"Darling Downs","Charles Farquharson","Ind",3041,8.42
"Darling Downs","James Kane","ALP",11281,31.23
"Darling Downs","Charles Lacaze","Ind",260,0.72
"Darling Downs","Raymond Mullaly","CPA",281,0.78
"Darling Downs","Reginald Swartz","Lib46",21261,58.86
"Darwin","Harold Kirkpatrick","ALP",12602,43.37
"Darwin","Dame Enid Lyons","Lib46",16455,56.63
"Dawson","Richard Andrew","CPA",1379,4.17
"Dawson","George Burns","ALP",12389,37.46
"Dawson","Charles Davidson","CP",19302,58.37
"Deakin","Frank Davis","Lib46",23517,55.59
"Deakin","Rod Leeson","ALP",18784,44.41
"Denison","Henry Cosgrove","ALP",13394,44.91
"Denison","Athol Townley","Lib46",16431,55.09
"East Sydney","William Dalton","Ind",1552,3.93
"East Sydney","John Mant","Lib46",15398,39.04
"East Sydney","Eddie Ward","ALP",22496,57.03
"Eden-Monaro","Allan Fraser","ALP",19004,50.92
"Eden-Monaro","Denzil Macarthur-Onslow","Lib46",18317,49.08
"Evans","Ronald Nicholls","ALP",16588,43.42
"Evans","Frederick Osborne","Lib46",21616,56.58
"Farrer","David Fairbairn","Lib46",14425,38.17
"Farrer","Bill Gollan","CPA",419,1.11
"Farrer","Thomas McGrath","ALP",14853,39.3
"Farrer","John Mackay","CP",8099,21.43
"Fawkner","Bill Bourke","ALP",20228,50.03
"Fawkner","Magnus Cormack","Lib46",20201,49.97
"Fisher","Charles Adermann","CP",26630,66.53
"Fisher","Norman Logan","Ind",3419,8.54
"Fisher","Edmund Roberts","ALP",9980,24.93
"Flinders","Andrew Hughes","Ind ALP",6018,15.62
"Flinders","Rupert Ryan","Lib46",21096,54.76
"Flinders","Robert Wilson","ALP",11410,29.62
"Forrest","James Bolitho","Ind",642,1.76
"Forrest","Gordon Freeth","Lib46",9828,26.99
"Forrest","Nelson Lemmon","ALP",15935,43.77
"Forrest","Arnold Potts","CP",10003,27.47
"Franklin","Bill Falkinder","Lib46",17644,57.97
"Franklin","Jack Frost","ALP",12790,42.03
"Fremantle","Kim Beazley","ALP",22463,54.71
"Fremantle","Billy Snedden","Lib46",17918,43.64
"Fremantle","Paddy Troy","CPA",675,1.64
"Gellibrand","William Anderson","Ind",2865,7.16
"Gellibrand","John Arrowsmith","CPA",1418,3.54
"Gellibrand","Angus Macdonald","Ind ALP",6323,15.8
"Gellibrand","William Massey","Lib46",8904,22.24
"Gellibrand","Jack Mullens","ALP",20519,51.26
"Gippsland","George Bowden","CP",22824,66.74
"Gippsland","Horace Hawkins","ALP",11373,33.26
"Grayndler","Donald Clark","Lib46",11299,29.59
"Grayndler","Fred Daly","ALP",25622,67.09
"Grayndler","Timothy McCristal","ARP49",349,0.91
"Grayndler","Henry McPhillips","CPA",920,2.41
"Grey","Edward Andrews","Lib46",17145,45.59
"Grey","Edgar Russell","ALP",20465,54.41
"Griffith","Doug Berry","Lib46",18381,51.67
"Griffith","William Conelan","ALP",16464,46.28
"Griffith","Anna Slater","CPA",727,2.04
"Gwydir","William Scully","ALP",16282,44.85
"Gwydir","Thomas Treloar","CP",20018,55.15
"Henty","Charles Dicker","LL43",858,2.09
"Henty","Val Doube","ALP",17548,42.74
"Henty","Jo Gullett","Lib46",22650,55.17
"Herbert","Bill Edmonds","ALP",17395,49.4
"Herbert","Jim Henderson","CPA",1847,5.24
"Herbert","Doug Jeffrey","CP",15973,45.36
"Higgins","Harold Holt","Lib46",26018,66.84
"Higgins","Jules Meltzer","ALP",12909,33.16
"Higinbotham","Frank Field","ALP",19760,46.39
"Higinbotham","Frank Timson","Lib46",22832,53.61
"Hindmarsh","Clyde Cameron","ALP",29260,69.67
"Hindmarsh","Albert Turnbull","Lib46",12736,30.33
"Hoddle","Jack Cremean","ALP",28351,77.1
"Hoddle","Terence Kirby","Lib46",6593,17.93
"Hoddle","Leslie Loye","CPA",1137,3.09
"Hoddle","Albert Wallace","Ind",689,1.87
"Hume","Charles Anderson","CP",18871,51.04
"Hume","Arthur Fuller","ALP",18104,48.96
"Hunter","Ted Fletcher","Lib46",8502,21.84
"Hunter","Rowley James","ALP",26704,68.59
"Hunter","Evan Phillips","CPA",3729,9.58
"Indi","William Bostock","Lib46",12377,33.31
"Indi","Charles Edmondson","ALP",13626,36.67
"Indi","Clive Nason","CP",11157,30.02
"Isaacs","John Bourke","ALP",18100,45.99
"Isaacs","William Haworth","Lib46",21260,54.01
"Kalgoorlie","Herbert Johnson","ALP",18127,62.44
"Kalgoorlie","John Porteus","Lib46",10902,37.56
"Kennedy","Ulick Browne","CP",11397,41.49
"Kennedy","Bill Riordan","ALP",15127,55.07
"Kennedy","Eric Wyper","CPA",947,3.45
"Kingsford-Smith","Gordon Anderson","ALP",18573,49.68
"Kingsford-Smith","Henry Crittenden","Ind",1206,3.23
"Kingsford-Smith","Charles de Monchaux","Lib46",17387,46.51
"Kingsford-Smith","Clare Peters","Ind",221,0.59
"Kingston","Jim Handby","Lib46",23713,51.61
"Kingston","Thomas Sheehy","ALP",22233,48.39
"Kooyong","Keith Ewert","ALP",13691,32.91
"Kooyong","Robert Menzies","Lib46",27912,67.09
"Lalor","John Bellair","Lib46",18970,48.35
"Lalor","Reg Pollard","ALP",20264,51.65
"Lang","Roy Boyd","CPA",1905,4.68
"Lang","Dan Mulcahy","ALP",20421,50.18
"Lang","Eric Willis","Lib46",18369,45.14
"La Trobe","Robert Balcombe","ALP",16714,41.41
"La Trobe","Richard Casey","Lib46",23645,58.59
"Lawson","Elwyn Croft","Lib46",9249,24.9
"Lawson","Laurie Failes","CP",11531,31.05
"Lawson","William Ferguson","Ind",392,1.06
"Lawson","Alan Manning","ALP",15969,43
"Leichhardt","Tom Gilmore","CP",16291,49.58
"Leichhardt","Cecil Holdcroft","ALP",13894,42.29
"Leichhardt","Leslie Keough","Ind",424,1.29
"Leichhardt","Ralph Leinster","CPA",1141,3.47
"Leichhardt","Thomas Mackey","Ind",1106,3.37
"Lilley","James Hadley","ALP",15368,40.6
"Lilley","Bruce Wight","Lib46",22488,59.4
"Lowe","Hector McDonald","ALP",15908,40.93
"Lowe","William McMahon","Lib46",20489,52.72
"Lowe","Edith Shortland","Ind Lib46",2470,6.36
"Lyne","Joe Cordner","Ind",1057,2.87
"Lyne","Jim Eggins","CP",10212,27.73
"Lyne","Francis Hain","CP",2296,6.24
"Lyne","Edward Hayes","ALP",10160,27.59
"Lyne","Philip Lucock","CP",6984,18.97
"Lyne","Eric Mackay","CP",6111,16.6
"Macarthur","Jeff Bate","Lib46",25184,64.64
"Macarthur","William McDonnell","ALP",13776,35.36
"Mackellar","James Mitchell","ALP",15314,37.36
"Mackellar","William Wentworth","Lib46",25678,62.64
"Macquarie","Ben Chifley","ALP",21683,57.69
"Macquarie","Bob Cotton","Lib46",14585,38.8
"Macquarie","John King","CPA",1320,3.51
"Mallee","Alfred O'Connor","ALP",12410,35.39
"Mallee","Winton Turnbull","CP",22658,64.61
"Maranoa","Martin Laracy","ALP",12657,40.43
"Maranoa","Charles Russell","CP",18652,59.57
"Maribyrnong","Arthur Drakeford","ALP",26639,61.86
"Maribyrnong","George Hannan","Lib46",14675,34.08
"Maribyrnong","Colin Neyland","Ind",1751,4.07
"Martin","Tom Dowling","CPA",1847,4.8
"Martin","Malinda Ivey","Ind",681,1.77
"Martin","Frederick Mann","Lib46",14550,37.8
"Martin","Frank Moss","LL43",808,2.1
"Martin","William O'Connor","ALP",20603,53.53
"McMillan","Geoffrey Brown","Lib46",11938,32.42
"McMillan","Bob Hamilton","CPA",912,2.48
"McMillan","Adam Keltie","ALP",14263,38.73
"McMillan","Bob May","CP",9714,26.38
"McPherson","Arthur Fadden","CP",24263,74.2
"McPherson","John Hilton","ALP",8436,25.8
"Melbourne","Arthur Calwell","ALP",24187,64.47
"Melbourne","Desmond McGinnes","Lib46",9366,24.96
"Melbourne","Charles McLaren","Ind",1350,3.6
"Melbourne","Niven Neyland","PCD",794,2.12
"Melbourne","Gerry O'Day","CPA",1244,3.32
"Melbourne","Philip Wilson","LL43",576,1.54
"Melbourne Ports","Frank Block","Lib46",12690,32.14
"Melbourne Ports","Jack Holloway","ALP",26792,67.86
"Mitchell","Roy Wheeler","Lib46",23274,56.88
"Mitchell","Joseph White","ALP",17643,43.12
"Moore","Kevin Byrne","ALP",12282,37.95
"Moore","Ken Jones","Lib46",7836,24.21
"Moore","Hugh Leslie","CP",12244,37.83
"Moreton","Josiah Francis","Lib46",25125,61.36
"Moreton","William Thieme","ALP",14915,36.43
"Moreton","Bill Yarrow","CPA",904,2.21
"Murray","Desmond Devlin","ALP",13650,36.47
"Murray","John McEwen","CP",23778,63.53
"Newcastle","Laurie Aarons","CPA",1257,3.23
"Newcastle","Grahame Bland","Ind",445,1.14
"Newcastle","Harry Quinlan","Lib46",15529,39.88
"Newcastle","David Watkins","ALP",21705,55.75
"New England","David Drummond","CP",16159,44.27
"New England","Donald Shand","CP",6830,18.71
"New England","William Wilson","ALP",13515,37.02
"Northern Territory","Adair Blain","Ind",1932,37.18
"Northern Territory","Jock Nelson","ALP",2303,44.32
"Northern Territory","Victor Webster","Ind",961,18.49
"North Sydney","Norman Ferguson","LL43",1205,3.12
"North Sydney","Leo Haylen","ALP",16094,41.7
"North Sydney","William Jack","Lib46",19650,50.92
"North Sydney","Patrick Williams","Ind",1642,4.25
"Oxley","Donald Cameron","Lib46",14895,42.08
"Oxley","Edmund Crisp","CPA",576,1.63
"Oxley","Evan Marginson","ALP",14268,40.31
"Oxley","John Martin","CP",5658,15.98
"Parkes","Dick Dein","Lib46",18579,48.2
"Parkes","Les Haylen","ALP",19966,51.8
"Parramatta","Howard Beale","Lib46",25411,62.55
"Parramatta","Clement Jackson","ALP",15211,37.45
"Paterson","Robert Clendinning","CP",2101,5.65
"Paterson","Arie Dorsman","CP",5293,14.24
"Paterson","Allen Fairhall","Lib46",11189,30.1
"Paterson","Greg McGirr","CP",3842,10.34
"Paterson","Cecil Robinson","ALP",14089,37.9
"Paterson","Ernest Slater","CP",656,1.76
"Perth","Tom Burke","ALP",18412,47.81
"Perth","James Collins","Ind",1756,4.56
"Perth","Gordon Hack","Lib46",17858,46.37
"Perth","James Kelly","CPA",486,1.26
"Petrie","Alan Hulme","Lib46",23803,59.68
"Petrie","Samuel Martin","ALP",14593,36.59
"Petrie","James Ryan","Ind",1488,3.73
"Phillip","Joe Fitzgerald","ALP",19455,51.16
"Phillip","William Latimer","Lib46",16302,42.87
"Phillip","Jessie Street","Ind",2272,5.97
"Port Adelaide","Frederick Boscombe","Lib46",11879,26.55
"Port Adelaide","Peter Symon","CPA",889,1.99
"Port Adelaide","Albert Thompson","ALP",31977,71.46
"Reid","Jim Clough","Lib46",12304,29.03
"Reid","Charles Morgan","ALP",24607,58.07
"Reid","Rupert Sheldon","LL43",5467,12.9
"Richmond","Larry Anthony","CP",27504,75.06
"Richmond","Alexander Bryen","ALP",9139,24.94
"Riverina","Joe Langtry","ALP",16880,45.2
"Riverina","William Mitchell","CPA",560,1.5
"Riverina","Hugh Roberton","CP",19904,53.3
"Robertson","Roger Dean","Lib46",21617,54.24
"Robertson","Thomas Williams","ALP",18236,45.76
"Ryan","Nigel Drury","Lib46",24917,60.26
"Ryan","Leonard Eastment","ALP",16431,39.74
"Shortland","Alfred Boa","Ind",6423,15.93
"Shortland","Harold Daisley","Lib46",10513,26.08
"Shortland","Charles Griffiths","ALP",21921,54.38
"Shortland","Isabel Longworth","Ind",570,1.41
"Shortland","Eugene Marshall","CPA",882,2.19
"St George","Bill Graham","Lib46",19987,51.97
"St George","Joseph Nicholson","ALP",18475,48.03
"Sturt","Leslie McMullin","ALP",18828,45.25
"Sturt","Leonard Smith","Ind",1628,3.91
"Sturt","Keith Wilson","Lib46",21157,50.84
"Swan","Bill Grayden","Lib46",22821,52.44
"Swan","Harry Webb","ALP",20699,47.56
"Wakefield","Cyril Hasse","ALP",15008,38.63
"Wakefield","Philip McBride","Lib46",23847,61.37
"Wannon","Dan Mackinnon","Lib46",13235,36.91
"Wannon","Don McLeod","ALP",16905,47.15
"Wannon","Helena Marfell","CP",5716,15.94
"Warringah","Norman Chadwick","Ind ALP",3315,8.45
"Warringah","Bill Fisher","Ind ALP",8356,21.3
"Warringah","Percy Spender","Lib46",27563,70.25
"Watson","Stanley Card","Lib46",15147,38.32
"Watson","Dan Curtin","ALP",19515,49.37
"Watson","Max Falstein","Ind ALP",3656,9.25
"Watson","Harold O'Reilly","LL43",1210,3.06
"Wentworth","Eric Harrison","Lib46",28821,75.14
"Wentworth","William McKell","ALP",9533,24.86
"Werriwa","Bert Lazzarini","ALP",24142,56.24
"Werriwa","Ray Watson","Lib46",18787,43.76
"West Sydney","Horace Foley","LL43",8872,24.9
"West Sydney","Dan Minogue","ALP",17732,49.77
"West Sydney","Stan Moran","CPA",1786,5.01
"West Sydney","Basil Mottershead","Lib46",7235,20.31
"Wide Bay","Bernard Corser","CP",22037,56.48
"Wide Bay","Robert McDowell","Ind ALP",6037,15.47
"Wide Bay","Samuel Round","ALP",10941,28.04
"Wills","Doris Blackburn","Ind ALP",8801,20.55
"Wills","Bill Bryson","ALP",18918,44.18
"Wills","Allan Tyrer","Lib46",15101,35.27
"Wilmot","Gil Duthie","ALP",16150,52.64
"Wilmot","Rickman Furmage","Lib46",14532,47.36
"Wimmera","William Lawrence","Lib46",13761,39
"Wimmera","Cyril Sudholz","ALP",11184,31.69
"Wimmera","Harrie Wade","CP",10343,29.31
"Yarra","Charles Barrington","Lib46",14189,35.93
"Yarra","Stan Keon","ALP",23211,58.78
"Yarra","John Prescott","CPA",1098,2.78
"Yarra","Wenham Vines","Ind",991,2.51
