"Seat","Candidate","Party","Votes","Vote_perc"
"Adelaide","Agnes Goode","Ind",2449,6.49
"Adelaide","Tom Howard","LL31",3058,8.1
"Adelaide","Fred Stacey","EC",15907,42.12
"Adelaide","Crawford Vaughan","Ind EC",4500,11.92
"Adelaide","Edwin Yates","ALP",11193,29.64
"Adelaide","John Zwolsman","CPA",655,1.73
"Angas","Moses Gabb","EC",37719,76.81
"Angas","David Fraser","ALP",11390,23.19
"Balaclava","James Denyer","ADP31",2147,3.89
"Balaclava","Edward Stewart","ALP",11409,20.65
"Balaclava","Thomas White","UAP31",41703,75.47
"Ballaarat","Henry Bromfield","CP",6608,16.82
"Ballaarat","Charles McGrath","UAP31",19260,49.04
"Ballaarat","Stewart Miller","ALP",13409,34.14
"Barker","Malcolm Cameron","EC",30597,64.02
"Barker","Cyril Hasse","ALP",10904,22.82
"Barker","Percy Spehr","Ind",6291,13.16
"Barton","John Eldridge","LL31",22669,33.95
"Barton","Albert Lane","UAP31",31226,46.77
"Barton","James Tully","ALP",12877,19.29
"Bass","Claude Barnard","ALP",6763,30.62
"Bass","Allan Guy","UAP31",10293,46.6
"Bass","Harold Solomon","Nat",5032,22.78
"Batman","Frank Blake","ADP31",2323,3.76
"Batman","Frank Brennan","ALP",28198,45.61
"Batman","Samuel Dennis","UAP31",30148,48.76
"Batman","Jim Hannan","CPA",1156,1.87
"Bendigo","Eric Harrison","UAP31",23710,59.46
"Bendigo","Richard Keane","ALP",16167,40.54
"Boothby","Sam Lindsay","STL",3978,8.95
"Boothby","John Price","EC",30440,68.51
"Boothby","Cecil Skitch","ALP",10016,22.54
"Bourke","James Adie","CPA",1644,2.91
"Bourke","Frank Anstey","ALP",26948,47.68
"Bourke","Roy Ivey","UAP31",25572,45.24
"Bourke","Walter Norman","Ind",2357,4.17
"Brisbane","Donald Cameron","UAP31",19965,48.88
"Brisbane","George Lawson","ALP",19152,46.89
"Brisbane","Hugh Talty","LL31",1725,4.22
"Calare","George Gibbons","ALP",7863,19.03
"Calare","Harold Thorby","CP",22842,55.3
"Calare","Tom Watson","LL31",10604,25.67
"Capricornia","Frank Forde","ALP",28449,58.79
"Capricornia","Robert Staines","CP",19944,41.21
"Cook","Jock Garden","LL31",19352,47.9
"Cook","Edward Riley","ALP",12531,31.01
"Cook","Charles Robinson","UAP31",7986,19.76
"Cook","Tom Wright","CPA",536,1.33
"Corangamite","Richard Crouch","ALP",15321,37.09
"Corangamite","William Gibson","CP",25985,62.91
"Corio","Richard Casey","UAP31",18724,37.05
"Corio","Arthur Lewis","ALP",17623,34.87
"Corio","John Lister","Ind UAP31",14191,28.08
"Cowper","John Cusack","ALP",6417,15.86
"Cowper","Earle Page","CP",29266,72.31
"Cowper","Tom Roach","LL31",4790,11.84
"Dalley","William Little","Ind Nat",902,2.43
"Dalley","Sidney Massey","UAP31",10459,28.16
"Dalley","Sol Rosevear","LL31",17835,48.02
"Dalley","Jack Sylvester","CPA",671,1.81
"Dalley","Ted Theodore","ALP",7272,19.58
"Darling","Arthur Blakeley","ALP",14581,40.79
"Darling","Harold Campbell","CP",11847,33.14
"Darling","Richard Quintrell","LL31",8795,24.6
"Darling","Ted Tripp","CPA",522,1.46
"Darling Downs","Sir Littleton Groom","Ind",23597,54.66
"Darling Downs","Arthur Morgan","UAP31",15212,35.23
"Darling Downs","Herbert Yeates","Ind",4365,10.11
"Darwin","George Bell","UAP31",16149,69.88
"Darwin","Joseph McGrath","ALP",6962,30.12
"Denison","Charles Culley","ALP",9868,44.96
"Denison","Arthur Hutchin","UAP31",12078,55.04
"East Sydney","George Buckland","ALP",5112,13.32
"East Sydney","John Clasby","UAP31",16977,44.23
"East Sydney","Eddie Ward","LL31",16291,42.45
"Echuca","William Hill","CP",16116,39.71
"Echuca","John Fitzpatrick","Ind UAP31",2168,5.34
"Echuca","William Moss","Ind CP",8020,19.76
"Echuca","Galloway Stewart","Ind CP",14278,35.18
"Eden-Monaro","Arthur Christian","CP",11334,27.75
"Eden-Monaro","Gerald O'Sullivan","ALP",12619,30.9
"Eden-Monaro","John Perkins","UAP31",16888,41.35
"Fawkner","John McKenna","ALP",11508,27.24
"Fawkner","George Maxwell","UAP31",28586,67.65
"Fawkner","David Robertson","Ind",2159,5.11
"Flinders","Stanley Bruce","UAP31",45304,68.32
"Flinders","Arthur Haywood","ALP",21004,31.68
"Franklin","Albert Beard","Ind",2778,12.15
"Franklin","Archibald Blacklow","UAP31",12819,56.05
"Franklin","Charles Frost","ALP",7274,31.8
"Fremantle","John Curtin","ALP",19142,41.98
"Fremantle","Keith Watson","Ind",12365,27.12
"Fremantle","William Watson","UAP31",14092,30.9
"Grey","Alfred Barns","Ind",1292,3.8
"Grey","James Hodgson","STL",3674,10.8
"Grey","Andrew Lacey","ALP",12691,37.29
"Grey","Philip McBride","EC",16372,48.11
"Gwydir","Aubrey Abbott","CP",18321,45.63
"Gwydir","Arnold Brown","CP",3900,9.71
"Gwydir","Edward Cummins","LL31",7931,19.75
"Gwydir","Lou Cunningham","ALP",9995,24.9
"Henty","Henry Gullett","UAP31",56404,74.97
"Henty","Fred Katz","ALP",18835,25.03
"Herbert","Grosvenor Francis","UAP31",24733,43.7
"Herbert","George Martens","ALP",31866,56.3
"Hindmarsh","Ernest Evans","EC",20657,40.32
"Hindmarsh","Norman Makin","ALP",28047,54.75
"Hindmarsh","Sid O'Flaherty","LL31",2524,4.93
"Hume","Thomas Collins","CP",22836,54.61
"Hume","Parker Moloney","ALP",14208,33.98
"Hume","Lynden Regan","LL31",4771,11.41
"Hunter","Arnold Bailey","Ind",18879,39.19
"Hunter","Harris Burnham","CPA",1891,3.93
"Hunter","Allan Howie","ALP",4213,8.74
"Hunter","Rowley James","LL31",23194,48.14
"Indi","William Hutchinson","UAP31",18149,44.98
"Indi","Paul Jones","ALP",14190,35.17
"Indi","Arthur Walter","CP",8011,19.85
"Kalgoorlie","Albert Green","ALP",15419,57.48
"Kalgoorlie","William Pickering","CP",7156,26.68
"Kalgoorlie","George Rainsford","UAP31",4248,15.84
"Kennedy","Jim Clarke","UAP31",11655,39.83
"Kennedy","Darby Riordan","ALP",17605,60.17
"Kooyong","John Latham","UAP31",50590,76.48
"Kooyong","Cornelius Loughnan","ALP",15557,23.52
"Lang","Alfred Bennett","UAP31",8439,19.53
"Lang","Dick Dein","UAP31",12858,29.75
"Lang","William Long","ALP",8669,20.06
"Lang","Dan Mulcahy","LL31",13249,30.66
"Lilley","Alexander Costello","Ind ALP",18988,33.55
"Lilley","George Mackay","UAP31",30422,53.75
"Lilley","Frank Mason","SC",7185,12.7
"Macquarie","Ben Chifley","ALP",11085,28.06
"Macquarie","Robert Deveney","CPA",499,1.26
"Macquarie","John Lawson","UAP31",19381,49.06
"Macquarie","Tony Luchetti","LL31",8539,21.62
"Maranoa","Myles Ferricks","ALP",15119,48.15
"Maranoa","James Hunter","CP",16278,51.85
"Maribyrnong","William Beckett","ALP",26242,48.65
"Maribyrnong","James Fenton","UAP31",26605,49.32
"Maribyrnong","William Scott","ADP31",1094,2.03
"Martin","Mac Abbott","UAP31",15741,24.9
"Martin","James Catts","ALP",7098,11.23
"Martin","Charles Hankin","LL31",14300,22.62
"Martin","William Holman","UAP31",26075,41.25
"Melbourne","William Maloney","ALP",22224,62.04
"Melbourne","Israel Smith","UAP31",13599,37.96
"Melbourne Ports","Jack Holloway","ALP",22901,56.42
"Melbourne Ports","Thomas Houston","LL31",448,1.1
"Melbourne Ports","William Howey","Ind UAP31",3945,9.72
"Melbourne Ports","Noble Kerby","Ind",154,0.38
"Melbourne Ports","Thomas le Huray","CPA",823,2.03
"Melbourne Ports","William Orr","UAP31",12319,30.35
"Newcastle","Rowland Clark","AAL",10726,21.37
"Newcastle","James Kidd","LL31",13233,26.36
"Newcastle","Jack Simpson","CPA",910,1.81
"Newcastle","Walter Skelton","Ind ALP",10037,20
"Newcastle","David Watkins","ALP",15290,30.46
"New England","Angus Campbell","Ind",13295,33.36
"New England","Victor Thompson","CP",26555,66.64
"Northern Territory","William Easton","Ind",577,38.96
"Northern Territory","John McMillan","Ind ALP",157,10.6
"Northern Territory","Harold Nelson","ALP",747,50.44
"North Sydney","Norman Cowper","UAP31",19724,36.03
"North Sydney","Billy Hughes","UAP31",22317,40.77
"North Sydney","Norman Nelson","LL31",12696,23.19
"Oxley","Francis Baker","ALP",29252,54.26
"Oxley","James Bayley","UAP31",23563,43.71
"Oxley","Frank Pforr","LL31",1094,2.03
"Parkes","Herbert Garden","LL31",16483,28.61
"Parkes","William Gibbs","ALP",6636,11.52
"Parkes","Charles Marr","UAP31",34502,59.88
"Parramatta","Anwoth Brown","Ind",1134,1.77
"Parramatta","Valentine Patterson","LL31",13727,21.47
"Parramatta","Albert Rowe","ALP",9456,14.79
"Parramatta","Frederick Stewart","UAP31",39620,61.97
"Perth","John Moloney","ALP",14459,39.55
"Perth","Walter Nairn","UAP31",22102,60.45
"Reid","Percy Coleman","ALP",19724,27.99
"Reid","Joe Gander","LL31",26032,36.94
"Reid","Robert Uebel","UAP31",24717,35.07
"Richmond","Jim Fredericks","Ind",8383,20.55
"Richmond","Robert Gibson","CP",10874,26.65
"Richmond","Roland Green","CP",14342,35.15
"Richmond","Leonard Greening","CP",1370,3.36
"Richmond","Percy Tighe","CP",5830,14.29
"Riverina","Robert Hankinson","CP",14778,34.26
"Riverina","John Heiss","LL31",8882,20.59
"Riverina","Louis Levy","ALP",5951,13.8
"Riverina","Horace Nock","CP",13518,31.34
"Robertson","William Fleming","Ind CP",8246,20
"Robertson","Sydney Gardner","UAP31",21669,52.56
"Robertson","Peter Robb","LL31",7300,17.71
"Robertson","Wilfred Turnbull","ALP",4014,9.74
"South Sydney","John Jennings","UAP31",26711,49.2
"South Sydney","Edward Riley","ALP",10512,19.36
"South Sydney","John Stewart","LL31",17071,31.44
"Swan","Carlyle Ferguson","Ind",4623,9.65
"Swan","John Fraser","ALP",14232,29.7
"Swan","Henry Gregory","CP",26234,54.74
"Swan","Alfred Reynolds","Ind CP",2832,5.91
"Wakefield","Maurice Collins","Ind CP",12030,34.74
"Wakefield","Charles Hawker","EC",22596,65.26
"Wannon","John McNeill","ALP",14772,34.67
"Wannon","Arthur Rodgers","CP",12627,29.64
"Wannon","Thomas Scholfield","UAP31",15205,35.69
"Warringah","Walter Duncan","UAP31",19989,40.65
"Warringah","Archdale Parkhill","UAP31",29180,59.35
"Wentworth","Eric Harrison","UAP31",35460,65.8
"Wentworth","Walter Marks","UAP31",18434,34.2
"Werriwa","Bert Lazzarini","LL31",18948,41.68
"Werriwa","Walter McNicoll","CP",21762,47.87
"Werriwa","Mont Sheppard","Ind AAL",496,1.09
"Werriwa","Ernest Tully","ALP",4254,9.36
"West Sydney","Jack Beasley","LL31",19768,63.89
"West Sydney","Arthur Butterell","UAP31",6579,21.26
"West Sydney","James Donaldson","ALP",4596,14.85
"Wilmot","George Becker","ALP",5586,26.62
"Wilmot","Joseph Lyons","UAP31",12622,60.15
"Wilmot","George Pullen","Nat",2776,13.23
"Wimmera","Alexander Dowsley","Ind",12584,27.62
"Wimmera","Samuel Lockhart","CP",5233,11.49
"Wimmera","William McCann","CP",2906,6.38
"Wimmera","Hugh McClelland","CP",12071,26.5
"Wimmera","William Morgan","UAP31",12763,28.02
"Yarra","Patrick Branagan","STL",895,2.35
"Yarra","John Davis","UAP31",13284,34.85
"Yarra","James Scullin","ALP",22843,59.93
"Yarra","Ernie Thornton","CPA",1095,2.87
