"Seat","Candidate","Party","Votes","Vote_perc"
"Adelaide","Cyril Chambers","ALP",22938,59.83
"Adelaide","Thomas Phillips","Lib46",14670,38.26
"Adelaide","Edward Robertson","CPA",732,1.91
"Angas","Alec Downer","Lib46",25323,63.87
"Angas","John Edwards","ALP",14324,36.13
"Australian Capital Territory","Jessie Ashton","Ind",373,3.15
"Australian Capital Territory","Jim Fraser","ALP",5905,49.92
"Australian Capital Territory","Clyde Greenwood","Lib46",2287,19.33
"Australian Capital Territory","Lewis Nott","Ind",3265,27.6
"Balaclava","Arthur Lewis","ALP",14845,36.72
"Balaclava","Thomas White","Lib46",25578,63.28
"Ballaarat","Bob Joshua","ALP",20482,51.21
"Ballaarat","Alan Pittard","Lib46",19517,48.79
"Banks","Dominic Costa","ALP",28219,61.67
"Banks","George Roffey","Lib46",17536,38.33
"Barker","Archie Cameron","Lib46",25256,61.38
"Barker","Jim Corcoran","ALP",14880,36.16
"Barker","Charles Lloyd","Ind",528,1.28
"Barker","Frank Rieck","Ind",481,1.17
"Barton","H. V. Evatt","ALP",20949,50.29
"Barton","Nancy Wake","Lib46",20706,49.71
"Bass","Bruce Kekwick","Lib46",16469,53.44
"Bass","Colman O'Byrne","ALP",14346,46.56
"Batman","Alan Bird","ALP",23335,60.58
"Batman","Fred Capp","Lib46",15184,39.42
"Bendigo","Charles Carty-Salmon","Lib46",18997,46.37
"Bendigo","Percy Clarey","ALP",21975,53.63
"Bennelong","John Cramer","Lib46",24732,60.96
"Bennelong","William Fitzgibbon","ALP",15840,39.04
"Blaxland","Jim Dennison","Lib46",14547,36.1
"Blaxland","Jim Harrison","ALP",25749,63.9
"Boothby","John McLeay","Lib46",24644,61.06
"Boothby","Len Wright","ALP",15714,38.94
"Bowman","Mabel Hanson","CPA",1552,3.92
"Bowman","Michael Lyons","ALP",16637,42.01
"Bowman","Malcolm McColm","Lib46",21410,54.07
"Bradfield","Billy Hughes","Lib46",32469,78.71
"Bradfield","Hugh Milne","ALP",8784,21.29
"Brisbane","Alby Graham","CPA",2225,6.41
"Brisbane","George Lawson","ALP",18588,53.57
"Brisbane","Donagh McDonagh","Lib46",13883,40.01
"Burke","Ted Peters","ALP",27422,72.41
"Burke","Alfred Wall","Lib46",10446,27.59
"Calare","Archibald Gardiner","Ind",2067,5.48
"Calare","John Howell","ALP",15141,40.14
"Calare","John Howse","Lib46",20517,54.39
"Canning","Len Hamilton","CP",22012,64.61
"Canning","Percy Munday","ALP",12057,35.39
"Capricornia","Mick Gardner","ALP",15848,48.14
"Capricornia","Henry Pearce","Lib46",17073,51.86
"Chisholm","Wilfrid Kent Hughes","Lib46",27016,64.98
"Chisholm","Ronald Whiting","ALP",14563,35.02
"Cook","Tom Sheehan","ALP",27637,78.06
"Cook","Roy Hatfield","Lib46",4790,13.53
"Cook","Harry Hatfield","CPA",2976,8.41
"Corangamite","Allan McDonald","Lib46",22087,58.71
"Corangamite","Angus McLean","ALP",15535,41.29
"Corio","John Dedman","ALP",20592,49.83
"Corio","Hubert Opperman","Lib46",20731,50.17
"Cowper","William Bailey","ALP",13743,37.04
"Cowper","Sir Earle Page","CP",22632,61
"Cowper","William Tomlinson","Ind",724,1.95
"Cunningham","Eric Aarons","CPA",2466,6.23
"Cunningham","Billy Davies","ALP",24433,61.74
"Cunningham","Alan Thomson","Lib46",12674,32.03
"Curtin","Paul Hasluck","Lib46",25998,64.69
"Curtin","John Henshaw","ALP",14193,35.31
"Dalley","John Laffin","Lib46",12204,32.93
"Dalley","Sol Rosevear","ALP",24851,67.07
"Darebin","Tom Andrews","ALP",26412,64.44
"Darebin","Gordon Savage","Lib46",14572,35.56
"Darling","Joe Clark","ALP",22610,68.8
"Darling","Elson Whyte","CP",10253,31.2
"Darwin","Clem Foster","ALP",5171,17.35
"Darwin","Aubrey Luck","Lib46",14819,49.71
"Darwin","Max Poulter","ALP",9820,32.94
"Dawson","Charles Davidson","CP",19058,56.33
"Dawson","George Hyde","ALP",14773,43.67
"Deakin","Gordon Bryant","ALP",21908,46.4
"Deakin","Eric Butler","Ind",2364,5.01
"Deakin","Frank Davis","Lib46",22946,48.6
"Denison","Mervyn McNeair","ALP",13545,46.72
"Denison","Athol Townley","Lib46",15449,53.28
"East Sydney","Allan Stewart","Lib46",16767,45.14
"East Sydney","Eddie Ward","ALP",20379,54.86
"Eden-Monaro","Allan Fraser","ALP",19574,50.97
"Eden-Monaro","Bill Keys","Lib46",18832,49.03
"Evans","Robert Bailey","ALP",15467,41.35
"Evans","Frederick Osborne","Lib46",21936,58.65
"Farrer","Daniel Byrnes","ALP",16744,43.58
"Farrer","David Fairbairn","Lib46",21678,56.42
"Fawkner","Bill Bourke","ALP",20158,51.59
"Fawkner","Peter Howson","Lib46",18586,47.56
"Fawkner","Colin Kennedy","Ind",332,0.85
"Fisher","Charles Adermann","CP",29417,72.87
"Fisher","Geoffrey Arnell","ALP",10952,27.13
"Flinders","Keith Ewert","ALP",17833,43.02
"Flinders","Robert Hipwell","Ind",891,2.15
"Flinders","Rupert Ryan","Lib46",22728,54.83
"Forrest","Gordon Freeth","Lib46",22287,59.5
"Forrest","Frederick O'Connor","ALP",15171,40.5
"Franklin","Bill Falkinder","Lib46",17983,55.43
"Franklin","Jack Frost","ALP",14460,44.57
"Fremantle","Kim Beazley","ALP",23901,56.67
"Fremantle","Len Seaton","Lib46",18273,43.33
"Gellibrand","Alex Dobbin","CPA",4003,10.05
"Gellibrand","Jack Mullens","ALP",25863,64.92
"Gellibrand","Gordon Trewin","Lib46",9973,25.03
"Gippsland","George Bowden","CP",22799,65.05
"Gippsland","Victor Fitzgerald","ALP",12247,34.95
"Grayndler","Fred Daly","ALP",28038,74.94
"Grayndler","Timothy McCristal","ARP49",977,2.61
"Grayndler","Roy Squire","Lib46",8398,22.45
"Grey","Edward Andrews","Lib46",16749,43.92
"Grey","Edgar Russell","ALP",21384,56.08
"Griffith","Doug Berry","Lib46",19019,53.74
"Griffith","William Thieme","ALP",16373,46.26
"Gwydir","Norman Ferguson","ALP",17147,46.84
"Gwydir","Thomas Treloar","CP",19460,53.16
"Henty","Jo Gullett","Lib46",23642,57.33
"Henty","Doris McRae","CPA",781,1.89
"Henty","Percy Treyvaud","ALP",16814,40.77
"Herbert","Doug Jeffrey","CP",15332,42.66
"Herbert","Bill Edmonds","ALP",19445,54.11
"Herbert","Gloria Phelan","CPA",1160,3.23
"Higgins","Harold Holt","Lib46",24217,64.35
"Higgins","Mary Kent Hughes","Ind",1925,5.12
"Higgins","Benjamin Nicholas","ALP",11490,30.53
"Higinbotham","Geoffrey Sowerbutts","ALP",21368,45.6
"Higinbotham","Frank Timson","Lib46",25493,54.4
"Hoddle","Jack Cremean","ALP",27685,78.68
"Hoddle","Jack Easton","Lib46",6193,17.6
"Hoddle","Leslie Loye","CPA",1310,3.72
"Hume","Charles Anderson","CP",18622,49.7
"Hume","Arthur Fuller","ALP",18849,50.3
"Hunter","Arthur English","Ind",2075,5.14
"Hunter","Ted Fletcher","Lib46",6810,16.85
"Hunter","Rowley James","ALP",28595,70.77
"Hunter","Evan Phillips","CPA",2927,7.24
"Indi","William Bostock","Lib46",22137,58.63
"Indi","Charles Edmondson","ALP",15623,41.37
"Isaacs","John Bourke","ALP",16165,42.61
"Isaacs","Sam Goldbloom","Ind ALP",2224,5.86
"Isaacs","William Haworth","Lib46",19548,51.53
"Kennedy","Ulick Browne","CP",11038,39.79
"Kennedy","Bill Riordan","ALP",16700,60.21
"Kingsford-Smith","Gordon Anderson","ALP",18110,50.45
"Kingsford-Smith","Arthur Butterell","Lib46",17784,49.55
"Kingston","Pat Galvin","ALP",24834,50.58
"Kingston","Jim Handby","Lib46",23614,48.09
"Kingston","Eric Stead","CPA",654,1.33
"Kooyong","Ted Laurie","CPA",1734,4.15
"Kooyong","Robert Menzies","Lib46",28174,67.43
"Kooyong","Maurice Sheehy","ALP",11873,28.42
"Lalor","Allen Bateman","Lib46",19103,45.07
"Lalor","Reg Pollard","ALP",23278,54.93
"Lang","Roy Boyd","CPA",1968,4.7
"Lang","Robert Bruce","Lib46",18951,45.27
"Lang","Dan Mulcahy","ALP",20944,50.03
"La Trobe","Richard Casey","Lib46",26920,58.04
"La Trobe","Bernard Rees","ALP",19464,41.96
"Lawson","Laurie Failes","CP",19819,53.01
"Lawson","Alan Manning","ALP",17570,46.99
"Leichhardt","Richard Anear","CPA",1329,3.87
"Leichhardt","Harry Bruce","ALP",16827,49.03
"Leichhardt","Tom Gilmore","CP",16163,47.1
"Lilley","Walter Collings","Ind",1681,4.24
"Lilley","James Hadley","ALP",15055,37.94
"Lilley","Bruce Wight","Lib46",22945,57.82
"Lowe","John Burton","ALP",16250,42.18
"Lowe","William McMahon","Lib46",22276,57.82
"Lyne","Joe Cordner","Ind",1745,4.58
"Lyne","Jim Eggins","CP",24971,65.55
"Lyne","Edward Hayes","ALP",11381,29.87
"Macarthur","Jeff Bate","Lib46",25835,63.84
"Macarthur","William McDonnell","ALP",14633,36.16
"Mackellar","Thomas Sherley","ALP",15684,36.89
"Mackellar","William Wentworth","Lib46",26832,63.11
"Macquarie","Ben Chifley","ALP",23136,61.76
"Macquarie","Bob Cotton","Lib46",14325,38.24
"Mallee","Alfred O'Connor","ALP",13542,38.33
"Mallee","Winton Turnbull","CP",21784,61.67
"Maranoa","Wilfred Brimblecombe","CP",10316,32.43
"Maranoa","Alfred Dohring","ALP",11989,37.69
"Maranoa","Charles Russell","Ind",9502,29.87
"Maribyrnong","Stuart Collie","Lib46",15502,35.67
"Maribyrnong","Arthur Drakeford","ALP",27963,64.33
"Martin","Terry Gordon","CPA",2379,6.3
"Martin","Malinda Ivey","Ind",908,2.4
"Martin","William O'Connor","ALP",20362,53.89
"Martin","George Read","Lib46",14132,37.41
"McMillan","Geoffrey Brown","Lib46",21465,55.74
"McMillan","Fred Charlesworth","CPA",1328,3.45
"McMillan","Horace Hawkins","ALP",15717,40.81
"McPherson","Arthur Fadden","CP",24899,74.91
"McPherson","John Rosser","Ind",8338,25.09
"Melbourne","Desmond Byrne","Lib46",12168,33.12
"Melbourne","Arthur Calwell","ALP",23131,62.96
"Melbourne","Gerry O'Day","CPA",1441,3.92
"Melbourne Ports","Frank Crean","ALP",26502,71.16
"Melbourne Ports","Michael Prowse","Lib46",10740,28.84
"Mitchell","Mel McCalman","CPA",2158,5.05
"Mitchell","Roy Wheeler","Lib46",23028,53.85
"Mitchell","Joseph White","ALP",17580,41.11
"Moore","Arthur Hunter","ALP",13492,40.38
"Moore","Hugh Leslie","CP",19921,59.62
"Moreton","Josiah Francis","Lib46",27146,59.5
"Moreton","Ted Mansfield","ALP",17661,38.71
"Moreton","Bill Yarrow","CPA",813,1.78
"Murray","Gordon Anderson","ALP",14834,38.95
"Murray","John McEwen","CP",23248,61.05
"Newcastle","Laurie Aarons","CPA",1645,4.3
"Newcastle","Roy Stewart","Lib46",13485,35.23
"Newcastle","David Watkins","ALP",23152,60.48
"New England","David Drummond","CP",21259,57.89
"New England","William Wilson","ALP",15462,42.11
"Northern Territory","Ralph Edwards","CP",1085,21.64
"Northern Territory","Jessie Litchfield","Ind",717,14.3
"Northern Territory","Jock Nelson","ALP",3213,64.07
"North Sydney","William Jack","Lib46",22110,58.04
"North Sydney","Eileen Powell","ALP",15984,41.96
"Oxley","Donald Cameron","Lib46",21219,58.18
"Oxley","Andrew Crilly","ALP",14648,40.17
"Oxley","Frank O'Connor","CPA",602,1.65
"Parkes","Dick Dein","Lib46",18283,49.09
"Parkes","Les Haylen","ALP",18964,50.91
"Parramatta","Howard Beale","Lib46",26852,63.52
"Parramatta","John Holmes","ALP",15422,36.48
"Paterson","Allen Fairhall","Lib46",21677,57.06
"Paterson","Cecil Robinson","ALP",16312,42.94
"Perth","Tom Burke","ALP",17501,48.97
"Perth","James Kelly","CPA",532,1.49
"Perth","Billy Snedden","Lib46",17705,49.54
"Petrie","Patrick Bredhauer","ALP",17533,41.37
"Petrie","Alan Hulme","Lib46",24843,58.63
"Phillip","Les Fingleton","Lib46",16913,46.57
"Phillip","Joe Fitzgerald","ALP",19401,53.43
"Port Adelaide","John Caskey","Lib46",12342,25.91
"Port Adelaide","Alan Finger","CPA",1304,2.74
"Port Adelaide","Albert Thompson","ALP",33979,71.35
"Reid","Jim Clough","Lib46",15051,33.4
"Reid","Charles Morgan","ALP",28115,62.38
"Reid","Rupert Sheldon","Ind",1903,4.22
"Richmond","Larry Anthony","CP",28034,76.28
"Richmond","Alexander Bryen","ALP",8718,23.72
"Riverina","Leslie Kelton","CPA",1358,3.66
"Riverina","Hugh Roberton","CP",19781,53.3
"Riverina","Michael Sheehan","ALP",15975,43.04
"Robertson","Roger Dean","Lib46",22804,54.03
"Robertson","Walter Geraghty","ALP",19406,45.97
"Ryan","Nigel Drury","Lib46",26021,60.86
"Ryan","Frank Luton","ALP",16733,39.14
"Shortland","Arthur Downey","Lib46",14369,34.98
"Shortland","Charles Griffiths","ALP",26708,65.02
"St George","Bill Graham","Lib46",19890,51.58
"St George","Nelson Lemmon","ALP",18670,48.42
"Sturt","Leslie McMullin","ALP",20554,47.63
"Sturt","Keith Wilson","Lib46",22599,52.37
"Swan","Bill Grayden","Lib46",24336,53.05
"Swan","Alex Jolly","CPA",1280,2.79
"Swan","Harry Webb","ALP",20258,44.16
"Wakefield","Cyril Hasse","ALP",15437,39.92
"Wakefield","Philip McBride","Lib46",23232,60.08
"Wannon","Dan Mackinnon","Lib46",17601,48.85
"Wannon","Don McLeod","ALP",18427,51.15
"Warringah","Francis Bland","Lib46",29362,75.72
"Warringah","Frank McCullum","ALP",9417,24.28
"Watson","Donald Clark","Lib46",17158,43.25
"Watson","Dan Curtin","ALP",22510,56.75
"Wentworth","Eric Harrison","Lib46",28127,75.68
"Wentworth","Cecil Trevelyan","ALP",9041,24.32
"Werriwa","Ian Griffith","Lib46",21257,44.88
"Werriwa","Bert Lazzarini","ALP",26104,55.12
"West Sydney","Jack Miles","CPA",3483,10.45
"West Sydney","Dan Minogue","ALP",21123,63.36
"West Sydney","Basil Mottershead","Lib46",8203,24.61
"West Sydney","Clare Peters","Ind ALP",528,1.58
"Wide Bay","Bernard Corser","CP",22895,56.91
"Wide Bay","Thomas Wallace","ALP",17337,43.09
"Wills","Doris Blackburn","Ind ALP",7595,17.58
"Wills","Bill Bryson","ALP",21136,48.93
"Wills","Baden Grafen","Lib46",14461,33.48
"Wilmot","Lionel Browning","Lib46",14794,46.91
"Wilmot","Gil Duthie","ALP",16746,53.09
"Wimmera","William Lawrence","Lib46",22005,62.98
"Wimmera","Cyril Sudholz","ALP",12932,37.02
"Yarra","Kenneth Bisney","Lib46",13668,35.66
"Yarra","Stan Keon","ALP",23039,60.11
"Yarra","Ken Miller","CPA",1619,4.22
