"Seat","Candidate","Party","Votes","Vote_perc"
"Adelaide","Walter Hamilton","Lib10",8461,33.54
"Adelaide","Edwin Yates","ALP",16762,66.46
"Balaclava","John Curtin","ALP",12526,41.57
"Balaclava","William Watt","Lib10",17607,58.43
"Ballaarat","Russell Coldham","Lib10",15963,48.82
"Ballaarat","Charles McGrath","ALP",16734,51.18
"Barker","John Livingston","Lib10",16866,56.71
"Barker","William Sampson","ALP",12876,43.29
"Barrier","William Ferguson","Lib10",4094,20.31
"Barrier","Josiah Thomas","ALP",16063,79.69
"Bass","Jens Jensen","ALP",9731,56.03
"Bass","Alexander Marshall","Lib10",7638,43.97
"Bendigo","John Arthur","ALP",16134,55.1
"Bendigo","Frank Maldon Robb","Lib10",13145,44.9
"Boothby","George Dankel","ALP",18822,55.28
"Boothby","Samuel Hunt","Lib10",15227,44.72
"Bourke","Frank Anstey","ALP",22075,65.93
"Bourke","Richard Jennings","Lib10",11407,34.07
"Brisbane","William Finlayson","ALP",18743,60.27
"Brisbane","John Lackey","Lib10",12353,39.73
"Calare","William Johnson","ALP",12169,48.8
"Calare","Henry Pigott","Lib10",12770,51.2
"Capricornia","William Higgs","ALP",15475,67.39
"Capricornia","Neal Macrossan","Lib10",7489,32.61
"Cook","James Catts","ALP",16568,60.75
"Cook","Emily Paul","Soc",509,1.87
"Cook","Stanley Yarrington","Lib10",10197,37.39
"Corangamite","Thomas Burke","ALP",15535,48.38
"Corangamite","Chester Manifold","Lib10",16575,51.62
"Corio","William Kendell","Lib10",15316,48.81
"Corio","Alfred Ozanne","ALP",16064,51.19
"Dalley","Robert Howe","ALP",14963,61.29
"Dalley","John McEachern","Lib10",9450,38.71
"Dampier","Patrick Coffey","ALP",10941,46.05
"Dampier","Henry Gregory","Lib10",12817,53.95
"Darling","William Kelk","Lib10",8036,39.5
"Darling","William Spence","ALP",12309,60.5
"Darling Downs","Paul Bauers","ALP",11495,43.14
"Darling Downs","Littleton Groom","Lib10",15148,56.86
"Darwin","King O'Malley","ALP",8585,56.08
"Darwin","Ernest Plummer","Lib10",6723,43.92
"Denison","Arthur Clarke","Lib10",7701,44.12
"Denison","William Laird Smith","ALP",9752,55.88
"East Sydney","Lindsay Thompson","Lib10",9568,42.72
"East Sydney","John West","ALP",12831,57.28
"Echuca","James Gourley","ALP",12053,41.77
"Echuca","Albert Palmer","Lib10",16805,58.23
"Eden-Monaro","Austin Chapman","Lib10",13439,59.2
"Eden-Monaro","Harry Lestrange","ALP",9261,40.8
"Fawkner","Frank Carse","Lib10",11981,40.66
"Fawkner","Joseph Hannan","ALP",17483,59.34
"Flinders","Sir William Irvine","Lib10",14956,52.65
"Flinders","John McDougall","ALP",13448,47.35
"Fremantle","Reginald Burchell","ALP",16385,56.33
"Fremantle","Thomas Briggs","Lib10",12705,43.67
"Gippsland","James Bennett","Lib10",14874,49
"Gippsland","George Wise","Ind Lib10",15484,51
"Grampians","Hans Irvine","Lib10",14517,49.7
"Grampians","Edward Jolley","ALP",14694,50.3
"Grey","William Morrow","Lib10",12116,46.01
"Grey","Alexander Poynton","ALP",14218,53.99
"Gwydir","John Blackney","Lib10",11658,46.23
"Gwydir","William Webster","ALP",13560,53.77
"Henty","Albert Andrews","ALP",12607,37.54
"Henty","James Boyd","Lib10",17742,52.82
"Henty","Richard Crouch","Ind",3238,9.64
"Herbert","Fred Bamford","ALP",18700,64.37
"Herbert","Frank Fraser","Lib10",10350,35.63
"Hindmarsh","William Archibald","ALP",25913,74.45
"Hindmarsh","James Craig","Lib10",8895,25.55
"Hume","Robert Patten","Lib10",13841,50.96
"Hume","Patrick Sullivan","ALP",13320,49.04
"Hunter","Matthew Charlton","ALP",12057,54.55
"Hunter","Alexander Hay","Lib10",10045,45.45
"Illawarra","George Burns","ALP",17884,54.23
"Illawarra","George Fuller","Lib10",15096,45.77
"Indi","Cornelius Ahern","Lib10",14900,48.98
"Indi","Parker Moloney","ALP",15519,51.02
"Kooyong","Sir Robert Best","Lib10",18545,59.38
"Kooyong","Vida Goldstein","Ind",10264,32.87
"Kooyong","Edward Terry","Ind",2420,7.75
"Lang","Elliot Johnson","Lib10",16556,53.5
"Lang","Hector Lamond","ALP",14391,46.5
"Lilley","Arthur Lilley","ALP",14102,47.68
"Lilley","Jacob Stumm","Lib10",15475,52.32
"Macquarie","Ernest Carr","ALP",12888,53.31
"Macquarie","Robert Moore","Lib10",11288,46.69
"Maribyrnong","James Fenton","ALP",20834,64.29
"Maribyrnong","Edward Reynolds","Lib10",11574,35.71
"Melbourne","Wilfred Kent Hughes","Lib10",8194,30.73
"Melbourne","William Maloney","ALP",18471,69.27
"Moreton","John Sherlock","ALP",11774,42.68
"Moreton","Hugh Sinclair","Lib10",15811,57.32
"Nepean","Voltaire Molesworth","ALP",15092,47.3
"Nepean","Richard Orchard","Lib10",16815,52.7
"New England","Percy Abbott","Lib10",13929,56.71
"New England","Edward Bowman","ALP",10633,43.29
"North Sydney","Roland Bradley","ALP",9507,32.43
"North Sydney","Granville Ryrie","Lib10",19810,67.57
"Oxley","James Bayley","Lib10",13841,43.15
"Oxley","James Sharpe","ALP",18234,56.85
"Parkes","William Russell","ALP",13676,41.52
"Parkes","Bruce Smith","Lib10",19259,58.48
"Perth","James Fowler","Lib10",15256,55.83
"Perth","Alick McCallum","ALP",12071,44.17
"Riverina","John Chanter","ALP",14454,52.05
"Riverina","Franc Falkiner","Lib10",13315,47.95
"Robertson","William Fleming","Lib10",11822,53.35
"Robertson","John Fraser","ALP",10337,46.65
"South Sydney","George Pitt","Lib10",7157,31.19
"South Sydney","Edward Riley","ALP",15792,68.81
"Swan","Sir John Forrest","Lib10",15950,59.22
"Swan","Walter Peters","ALP",10985,40.78
"Wakefield","Richard Foster","Lib10",14505,52.36
"Wakefield","William Harvey","ALP",13197,47.64
"Wannon","Neil Mackinnon","ALP",13902,46.37
"Wannon","Arthur Rodgers","Lib10",16079,53.63
"Wentworth","Robert Cruickshank","ALP",13171,43.54
"Wentworth","Willie Kelly","Lib10",17079,56.46
"Werriwa","Alfred Conroy","Lib10",13155,49.99
"Werriwa","John Lynch","ALP",13162,50.01
"West Sydney","Walter Finch","Lib10",5187,24.75
"West Sydney","Billy Hughes","ALP",15774,75.25
"Wide Bay","John Austin","QFU",9155,35.69
"Wide Bay","Andrew Fisher","ALP",16494,64.31
"Wilmot","Llewellyn Atkinson","Lib10",8169,60.85
"Wilmot","Henry McFie","ALP",5255,39.15
