"Seat","Candidate","Party","Votes","Vote_perc"
"Adelaide","Reginald Blundell","Nat",10523,50.82
"Adelaide","Edwin Yates","ALP",10184,49.18
"Angas","Moses Gabb","ALP",9468,50.67
"Angas","Paddy Glynn","Nat",9217,49.33
"Balaclava","Percy Smith","ALP",9311,28.43
"Balaclava","William Watt","Nat",19051,58.17
"Balaclava","Norman Worrall","RSC",4388,13.4
"Ballaarat","Edwin Kerby","Nat",13569,50
"Ballaarat","Charles McGrath","ALP",13568,50
"Barker","Albert Davies","ALP",7023,31.82
"Barker","John Livingston","Nat",13233,59.96
"Barker","Alexander Williams","Ind",1813,8.22
"Barrier","Michael Considine","ALP",8786,51.69
"Barrier","Arthur Lawrence","RSSCPA",4735,27.86
"Barrier","Charles McAllister","Nat",3476,20.45
"Bass","Luke Bryant","Ind",167,1.37
"Bass","Timothy Earley","Ind",328,2.7
"Bass","Alfred Higgins","ALP",4292,35.31
"Bass","David Jackson","Nat",3127,25.72
"Bass","Jens Jensen","Ind Nat",1689,13.89
"Bass","Stephen Margetts","Nat",2553,21
"Batman","Frank Brennan","ALP",16039,57.07
"Batman","William Spence","Nat",12064,42.93
"Bendigo","Alfred Hampson","ALP",11676,44.96
"Bendigo","Billy Hughes","Nat",14291,55.04
"Boothby","George Illingworth","Ind",1779,6.1
"Boothby","William Story","Nat",18501,63.46
"Boothby","Stanley Whitford","ALP",8872,30.43
"Bourke","Frank Anstey","ALP",21359,53.17
"Bourke","Reginald Tracey","Nat",18814,46.83
"Brisbane","Sine Boland","Ind",773,2.14
"Brisbane","Donald Cameron","Nat",17804,49.25
"Brisbane","William Finlayson","ALP",17576,48.62
"Calare","Thomas Lavelle","ALP",12628,52.28
"Calare","Henry Pigott","Nat",11526,47.72
"Capricornia","Alexander Cameron","Nat",13521,47.19
"Capricornia","William Higgs","ALP",15134,52.81
"Cook","James Catts","ALP",14559,62.3
"Cook","George Holt","Nat",7248,31.02
"Cook","Timothy McCristal","ISLP",1562,6.68
"Corangamite","William Gibson","VFU",8632,31.42
"Corangamite","Allan McDonald","Nat",8563,31.17
"Corangamite","Edward Malone","ALP",10280,37.42
"Corio","Anwoth Brown","Ind Nat",282,0.93
"Corio","John Lister","Nat",13702,45.27
"Corio","Alfred Ozanne","ALP",11658,38.52
"Corio","Arthur Walter","VFU",4623,15.28
"Cowper","Earle Page","FSA",11372,52.39
"Cowper","Ross Pryor","ALP",5712,26.31
"Cowper","John Thomson","Nat",4624,21.3
"Dalley","Walter Clutton","Nat",10956,40.28
"Dalley","William Mahony","ALP",16242,59.72
"Dampier","Henry Gregory","Nat",10440,64.6
"Dampier","Thomas Lowry","ALP",5720,35.4
"Darling","Arthur Blakeley","ALP",11344,61.83
"Darling","Alfred Perkins","Nat",7004,38.17
"Darling Downs","Phil Alke","ALP",13180,42.31
"Darling Downs","Littleton Groom","Nat",17974,57.69
"Darwin","George Bell","Nat",6630,54.01
"Darwin","Joseph Lyons","ALP",5645,45.99
"Denison","King O'Malley","ALP",8141,46.14
"Denison","William Laird Smith","Nat",9505,53.86
"East Sydney","John West","ALP",12751,57.75
"East Sydney","John Willson","Nat",9327,42.25
"Echuca","William Hill","VFU",11411,43.28
"Echuca","James Stewart","Nat",8734,33.13
"Echuca","Edward Russell","ALP",6218,23.59
"Eden-Monaro","Harry Brown","ALP",9770,48.79
"Eden-Monaro","Austin Chapman","Nat",10253,51.21
"Fawkner","Joseph Hannan","ALP",14927,48.55
"Fawkner","George Maxwell","Nat",15819,51.45
"Flinders","Stanley Bruce","Nat",12968,47.99
"Flinders","William Burrage","VFU",6126,22.67
"Flinders","Frederick Riley","ALP",7926,29.33
"Franklin","William McWilliams","Nat",7291,62.09
"Franklin","Louis Shoobridge","Nat",4451,37.91
"Fremantle","Reginald Burchell","Nat",15988,60.83
"Fremantle","Andrew Clementson","ALP",10294,39.17
"Gippsland","Erland Erlandson","VFU",11675,44.83
"Gippsland","George Wise","Nat",14367,55.17
"Grampians","Edmund Jowett","VFU",13736,58.23
"Grampians","Mark Lazarus","ALP",9855,41.77
"Grey","Charles Gray","ALP",10843,48.22
"Grey","Alexander Poynton","Nat",11642,51.78
"Gwydir","James Bell","Ind",1992,9.47
"Gwydir","Lou Cunningham","ALP",10333,49.15
"Gwydir","William Webster","Nat",8699,41.38
"Henty","James Boyd","Nat",17293,40.83
"Henty","Frederick Francis","Ind Nat",12382,29.23
"Henty","Norman Grant","ALP",9582,22.62
"Henty","Edwin Purbrick","Ind Nat",3097,7.31
"Herbert","Fred Bamford","Nat",17470,50.97
"Herbert","Terence Haren","Ind",443,1.29
"Herbert","Eugene McKenna","ALP",15872,46.3
"Herbert","Henry Madden","Ind",493,1.44
"Hindmarsh","William Archibald","Nat",16279,48.63
"Hindmarsh","Norman Makin","ALP",17195,51.37
"Hume","Charles Milthorpe","FSA",5149,23.13
"Hume","Parker Moloney","ALP",11702,52.56
"Hume","Andrew Scambler","Ind",125,0.56
"Hume","Edwin Townsend","Nat",5288,23.75
"Hunter","Matthew Charlton","ALP",13692,58.89
"Hunter","John Lee","Nat",9558,41.11
"Illawarra","George Burns","ISLP",2075,6.81
"Illawarra","Hector Lamond","Nat",15419,50.62
"Illawarra","Thomas Marshall","Ind",446,1.46
"Illawarra","Bertie Sheiles","ALP",12520,41.1
"Indi","Robert Cook","VFU",7673,32.19
"Indi","Joseph Hanigan","ALP",8668,36.37
"Indi","John Leckie","Nat",7492,31.44
"Kalgoorlie","Edward Heitmann","Nat",8480,47.91
"Kalgoorlie","Hugh Mahon","ALP",9220,52.09
"Kennedy","Charles McDonald","ALP",13360,61.73
"Kennedy","James Suter","Nat",8283,38.27
"Kooyong","Sir Robert Best","Nat",22732,62.54
"Kooyong","Mary Grant","ALP",6589,18.13
"Kooyong","Stephen Thompson","Ind Nat",7025,19.33
"Lang","Elliot Johnson","Nat",18939,57.31
"Lang","Archibald Moate","ALP",14105,42.69
"Lilley","Joseph Johnston","ALP",14762,36.69
"Lilley","George Mackay","Nat",25473,63.31
"Macquarie","Ernest Carr","Nat",11859,46.85
"Macquarie","Samuel Nicholls","ALP",13455,53.15
"Maranoa","James Hunter","PPU",10885,47.3
"Maranoa","Jim Page","ALP",12127,52.7
"Maribyrnong","James Fenton","ALP",20165,52.14
"Maribyrnong","Arthur Thompson","Nat",18509,47.86
"Melbourne","William Maloney","ALP",15179,65.63
"Melbourne","Ernest Nicholls","Nat",7949,34.37
"Moreton","William Heffernan","ALP",14491,44.83
"Moreton","Arnold Wienholt","Nat",17834,55.17
"Nepean","Eric Bowden","Nat",20630,57.06
"Nepean","Con Wallace","ALP",15524,42.94
"New England","Alexander Hay","Nat",12622,57.34
"New England","James Tully","ALP",9390,42.66
"North Sydney","Cecil Murphy","ALP",8558,24.45
"North Sydney","Sir Granville Ryrie","Nat",26438,75.55
"Oxley","James Bayley","Nat",22576,53.78
"Oxley","James Sharpe","ALP",19401,46.22
"Parkes","Arthur Jones","ALP",13807,34.42
"Parkes","Charles Marr","Nat",18276,45.56
"Parkes","Bruce Smith","Ind Nat",8032,20.02
"Parramatta","Sir Joseph Cook","Nat",27000,72.57
"Parramatta","William Hutchison","ALP",10205,27.43
"Perth","Lionel Carter","Nat",4699,23.37
"Perth","John Curtin","ALP",6877,34.2
"Perth","James Fowler","Nat",7721,38.4
"Perth","Gerald Hartrey","Ind FT",811,4.03
"Richmond","Walter Massy-Greene","Nat",14215,66.9
"Richmond","Ernest O'Dea","ALP",4650,21.88
"Richmond","John Steel","Ind",2384,11.22
"Riverina","John Chanter","Nat",11114,51.35
"Riverina","James Hoad","ALP",10530,48.65
"Robertson","William Fleming","Nat",11468,53.45
"Robertson","James Kelly","ALP",9987,46.55
"South Sydney","Edward Riley","ALP",17521,68.32
"South Sydney","Frederick Sykes","Nat",8123,31.68
"Swan","Edwin Corboy","ALP",7444,39.14
"Swan","William Hedges","Nat",4260,22.4
"Swan","John Prowse","FSA",7313,38.46
"Wakefield","Richard Foster","Nat",10872,49.68
"Wakefield","Edward Stokes","ALP",8067,36.86
"Wakefield","Herbert Tuck","FSA",2946,13.46
"Wannon","John Collins","ALP",12577,45.93
"Wannon","Arthur Rodgers","Nat",14806,54.07
"Wentworth","James Dunn","ALP",12998,38.49
"Wentworth","Walter Marks","Nat",20768,61.51
"Werriwa","Bert Lazzarini","ALP",11948,49.61
"Werriwa","John Lynch","Nat",7600,31.56
"Werriwa","William Wright","Ind",4536,18.83
"West Sydney","Thomas Ryan","ALP",14234,72.17
"West Sydney","Richard Sleath","Nat",5488,27.83
"Wide Bay","Edward Corser","Nat",16272,54.32
"Wide Bay","Frederick Martyn","ALP",13685,45.68
"Wilmot","Llewellyn Atkinson","Nat",4015,46.72
"Wilmot","Norman Cameron","FSA",2210,25.72
"Wilmot","Henry McFie","Nat",2368,27.56
"Wimmera","Percy Stewart","VFU",15963,59.48
"Wimmera","Sydney Sampson","Nat",10875,40.52
"Yarra","Andrew Davidson","Nat",8398,29.74
"Yarra","Frank Tudor","ALP",19843,70.26
