"Seat","Candidate","Party","Votes","Vote_perc"
"Adelaide","George Basisovs","DLP",1466,4.85
"Adelaide","Andrew Jones","Lib46",14724,48.73
"Adelaide","Joe Sexton","ALP",14027,46.42
"Angas","Geoffrey Giles","Lib46",30070,70.7
"Angas","Robert Nielsen","ALP",12464,29.3
"Australian Capital Territory","Anne Dalgarno","Ind",1458,3.31
"Australian Capital Territory","John Donohue","DLP",2193,4.98
"Australian Capital Territory","Jim Fraser","ALP",22721,51.64
"Australian Capital Territory","Robert Greenish","Ind",938,2.13
"Australian Capital Territory","Robert Rowell","Lib46",16685,37.92
"Balaclava","Ralph James","DLP",5552,14.19
"Balaclava","Brian McLure","LRG",2762,7.06
"Balaclava","Leo Richards","ALP",9668,24.72
"Balaclava","Ray Whittorn","Lib46",21131,54.03
"Ballaarat","Dudley Erwin","Lib46",21288,49.44
"Ballaarat","Bob Joshua","DLP",6729,15.63
"Ballaarat","David Pollock","ALP",15042,34.93
"Banks","Norma Boyle","DLP",2866,4.74
"Banks","Dominic Costa","ALP",28748,47.5
"Banks","Harry Hatfield","CPA",1563,2.58
"Banks","Herman Tibben","Lib46",27349,45.19
"Barker","Norman Alcock","ALP",15923,31.43
"Barker","Jim Forbes","Lib46",33921,66.95
"Barker","Don Jarrett","CPA",819,1.62
"Barton","William Arthur","Lib46",23089,49.62
"Barton","Edwin Bellchambers","Ind",371,0.8
"Barton","Phillip Kennedy","DLP",1252,2.69
"Barton","Len Reynolds","ALP",21818,46.89
"Bass","Lance Barnard","ALP",21262,57.18
"Bass","Timothy Barrenger","Lib46",13739,36.95
"Bass","Richard Delany","DLP",2183,5.87
"Batman","John Anderson","ALP",14859,38.43
"Batman","Sam Benson","Ind",8697,22.49
"Batman","Henry Darroch","DLP",3592,9.29
"Batman","Robert Desailly","LRG",1117,2.89
"Batman","Bruce Skeggs","Lib46",10398,26.89
"Bendigo","Noel Beaton","ALP",23191,51.66
"Bendigo","Bill Drechsler","DLP",5640,12.56
"Bendigo","Frank Dunphy","Lib46",16062,35.78
"Bennelong","Edward Connolly","DLP",2672,5.07
"Bennelong","Sir John Cramer","Lib46",31239,59.27
"Bennelong","Geoffrey O'Donnell","ALP",14987,28.44
"Bennelong","Robert Turner","LRG",3808,7.22
"Blaxland","Jim Harrison","ALP",24924,55.84
"Blaxland","Terence Keenan","DLP",2299,5.15
"Blaxland","Robert Lovell","Lib46",17411,39.01
"Bonython","Luke Horan","SC",4549,5.61
"Bonython","John Kershaw","Lib46",33493,41.33
"Bonython","Martin Nicholls","ALP",40133,49.53
"Bonython","Edward Timlin","DLP",2856,3.52
"Boothby","Ted Farrell","DLP",2315,5.37
"Boothby","John McLeay","Lib46",28187,65.42
"Boothby","Thomas Sheehy","ALP",12586,29.21
"Bowman","Jack Comber","ALP",21152,41.86
"Bowman","Wylie Gibbs","Lib46",25921,51.3
"Bowman","Paul Tucker","DLP",3458,6.84
"Braddon","John Chapman-Mortimer","DLP",1934,5.14
"Braddon","Ron Davies","ALP",21040,55.94
"Braddon","Paul Fenton","Lib46",14637,38.92
"Bradfield","William Bramwell","ALP",8698,15.38
"Bradfield","Allan Dwyer","DLP",3533,6.25
"Bradfield","Harry Turner","Lib46",44317,78.37
"Brisbane","Manfred Cross","ALP",16728,48.61
"Brisbane","Patrick Hallinan","DLP",3076,8.94
"Brisbane","Brian Perkins","Lib46",14607,42.45
"Bruce","Henri de Sachau","DLP",13242,12.03
"Bruce","Leslie Donnelly","ALP",32410,29.44
"Bruce","Ralph Gibson","CPA",1467,1.33
"Bruce","John Saunderson","Ind",526,0.48
"Bruce","Billy Snedden","Lib46",58268,52.92
"Bruce","Herbert Wessley","LRG",4188,3.8
"Calare","John England","CP",25200,62.63
"Calare","John Grant","DLP",3053,7.59
"Calare","William Stavert","ALP",11985,29.79
"Canning","Charles Edwards","ALP",11110,26.99
"Canning","Bryan Finlay","DLP",2227,5.41
"Canning","John Hallett","CP",17709,43.02
"Canning","Norman Snow","Lib46",10119,24.58
"Capricornia","Peter Boyle","DLP",3635,9.34
"Capricornia","George Gray","ALP",20315,52.19
"Capricornia","Neil McKendry","Lib46",14977,38.47
"Chisholm","Kenneth Grigg","ALP",10359,26.86
"Chisholm","Sir Wilfrid Kent Hughes","Lib46",22556,58.5
"Chisholm","Russell Malseed","Ind",1446,3.75
"Chisholm","Mary Stanley","DLP",4199,10.89
"Corangamite","Gilbert Anderson","CP",7585,16.15
"Corangamite","Brian Cronin","DLP",5634,11.99
"Corangamite","Lindsay Romey","ALP",11419,24.31
"Corangamite","Tony Street","Lib46",22334,47.55
"Corio","Elsie Brushfield","Ind",1262,2.54
"Corio","William Dobell","LRG",1044,2.1
"Corio","James Mahoney","DLP",5369,10.81
"Corio","Hubert Opperman","Lib46",22519,45.34
"Corio","Gordon Scholes","ALP",19478,39.21
"Cowper","Burwood Gillett","ALP",13044,33.69
"Cowper","Ian Robinson","CP",24602,63.53
"Cowper","William Tredinnick","LRG",1076,2.78
"Cunningham","Rex Connor","ALP",31986,54.45
"Cunningham","Jeffrey Fenton","Ind",354,0.6
"Cunningham","Victor Kearney","Ind",1951,3.32
"Cunningham","John Poel","Lib46",23473,39.96
"Cunningham","Reginald Wilding","CPA",977,1.66
"Curtin","John Brind","ALP",12206,30.3
"Curtin","Francis Dwyer","DLP",3945,9.79
"Curtin","Paul Hasluck","Lib46",24135,59.91
"Dalley","John Kavanagh","DLP",2377,7.66
"Dalley","Elton Lewis","Lib46",9709,31.3
"Dalley","William O'Connor","ALP",18938,61.04
"Darebin","Tom Andrews","DLP",10232,20
"Darebin","Frank Courtnay","ALP",25325,49.5
"Darebin","Noel Stubbs","Lib46",15601,30.5
"Darling","Joe Clark","ALP",20848,60.32
"Darling","Allan Connell","Lib46",13714,39.68
"Darling Downs","Desmond Hare","ALP",13413,30.52
"Darling Downs","Francis Mullins","DLP",3944,8.98
"Darling Downs","Reginald Swartz","Lib46",26585,60.5
"Dawson","John Fordyce","CP",16510,41
"Dawson","Bernard Lewis","DLP",1335,3.31
"Dawson","Rex Patterson","ALP",22428,55.69
"Deakin","Michael Degendorjer","LRG",5284,6.74
"Deakin","Alan Jarman","Lib46",39183,49.96
"Deakin","David McKenzie","ALP",25039,31.93
"Deakin","Maurice Weston","DLP",8915,11.37
"Denison","Neil Batt","ALP",14743,45.38
"Denison","Max Bound","CPA",289,0.89
"Denison","Adrian Gibson","Lib46",15516,47.76
"Denison","Harold Grace","DLP",1942,5.98
"East Sydney","Melvyn Antcliff","DLP",1807,6.37
"East Sydney","William Berman","Lib46",10636,37.47
"East Sydney","Bill Brown","CPA",940,3.31
"East Sydney","Len Devine","ALP",15004,52.86
"Eden-Monaro","Allan Fraser","ALP",19875,47.67
"Eden-Monaro","Dugald Munro","Lib46",17024,40.83
"Eden-Monaro","John Mills","DLP",1177,2.82
"Eden-Monaro","Anthony Pratten","CP",3618,8.68
"Evans","Francis Collins","DLP",2071,5.61
"Evans","John Gunn","LRG",1619,4.39
"Evans","Malcolm Mackay","Lib46",20342,55.14
"Evans","James Monaghan","ALP",12857,34.85
"Farrer","David Fairbairn","Lib46",28700,66.56
"Farrer","James Keogh","DLP",4271,9.9
"Farrer","Alan Thomson","ALP",10151,23.54
"Fawkner","Yvonne Abolins","DLP",3511,10.83
"Fawkner","George Gabriel","LRG",1699,5.24
"Fawkner","Peter Howson","Lib46",17955,55.39
"Fawkner","Anthony Sanders","Ind",367,1.13
"Fawkner","Robert Vernon","ALP",8883,27.4
"Fisher","Charles Adermann","CP",29855,66.18
"Fisher","Robert Barron","DLP",2814,6.24
"Fisher","Alfred Walker","ALP",12445,27.59
"Flinders","Ian Boraston","ALP",24067,37.87
"Flinders","George Brunning","Ind",1787,2.81
"Flinders","John Cass","DLP",6171,9.71
"Flinders","Phillip Lynch","Lib46",31530,49.61
"Forrest","Maurice Bailey","DLP",4163,10.21
"Forrest","Gordon Freeth","Lib46",20834,51.07
"Forrest","Frank Kirwan","ALP",15796,38.72
"Franklin","John Lynch","DLP",3249,7.27
"Franklin","John Parsons","ALP",19986,44.73
"Franklin","Thomas Pearsall","Lib46",21442,47.99
"Fremantle","Kim Beazley","ALP",29827,56.96
"Fremantle","John Martyr","DLP",2378,4.54
"Fremantle","Paddy Troy","CPA",1248,2.38
"Fremantle","John Waghorne","Lib46",18909,36.11
"Gellibrand","Ian Daykin","CPA",2890,8.03
"Gellibrand","John McArthur","Lib46",8777,24.38
"Gellibrand","Hector McIvor","ALP",19913,55.3
"Gellibrand","Robin Thomas","DLP",4426,12.29
"Gippsland","John Hansen","DLP",6439,14.46
"Gippsland","Peter Nixon","CP",28627,64.27
"Gippsland","Thomas Powell","ALP",9478,21.28
"Grayndler","Lyle Antcliffe","DLP",1895,6.49
"Grayndler","Fred Daly","ALP",17247,59.04
"Grayndler","Basil Mottershead","Lib46",10070,34.47
"Grey","Douglas Barnes","DLP",2811,6.01
"Grey","Don Jessop","Lib46",22562,48.25
"Grey","Jack Mortimer","ALP",21391,45.74
"Griffith","Donald Cameron","Lib46",17047,44.99
"Griffith","Wilfred Coutts","ALP",17755,46.86
"Griffith","John Fitz-Gibbon","DLP",2633,6.95
"Griffith","Victor Slater","CPA",456,1.2
"Gwydir","Ian Allan","CP",25184,61.31
"Gwydir","Reginald Lang","ALP",15895,38.69
"Henty","Maureen Campbell-Teich","ALP",18053,39.04
"Henty","Max Fox","Lib46",23072,49.9
"Henty","Henry Moore","DLP",5114,11.06
"Herbert","Robert Bonnett","Lib46",18721,38.22
"Herbert","Kiernan Dorney","DLP",8053,16.44
"Herbert","Ted Harding","ALP",22212,45.34
"Higgins","Harold Holt","Lib46",23918,63.28
"Higgins","Bruce Phayer","ALP",9510,25.16
"Higgins","Frederick Skinner","DLP",4370,11.56
"Higinbotham","John A'Murray","ARP49",1561,2.63
"Higinbotham","Reginald Butler","ALP",18667,31.41
"Higinbotham","William Cameron","DLP",5463,9.19
"Higinbotham","Don Chipp","Lib46",30497,51.31
"Higinbotham","John Little","LRG",3251,5.47
"Hindmarsh","Clyde Cameron","ALP",26096,50.89
"Hindmarsh","Cyril Holasek","DLP",1927,3.76
"Hindmarsh","Ross Stanford","Lib46",23255,45.35
"Hughes","Don Dobie","Lib46",37647,49.91
"Hughes","William Goslett","DLP",1989,2.64
"Hughes","Les Johnson","ALP",35793,47.45
"Hume","John Hogan","DLP",2825,7.35
"Hume","John Menadue","ALP",16189,42.11
"Hume","John Pettitt","CP",19435,50.55
"Hunter","William Gilchrist","Lib46",9044,19.7
"Hunter","Bert James","ALP",33037,71.94
"Hunter","Donald Richards","DLP",3839,8.36
"Indi","Christopher Cody","DLP",5614,12.99
"Indi","Mac Holten","CP",22146,51.23
"Indi","William O'Neill","ALP",8895,20.58
"Indi","James Stewart","Lib46",6571,15.2
"Isaacs","William Haworth","Lib46",18468,53.98
"Isaacs","John Hughes","DLP",4032,11.79
"Isaacs","Peter Wilkinson","ALP",11712,34.23
"Kalgoorlie","Fred Collard","ALP",18393,59.49
"Kalgoorlie","Grahame Jonas","Lib46",10762,34.81
"Kalgoorlie","Geoffrey Sands","DLP",1765,5.71
"Kennedy","Edward Bennett","DLP",2762,8.04
"Kennedy","Felix Dittmer","ALP",15250,44.41
"Kennedy","John Donaldson","Ind",942,2.74
"Kennedy","Bob Katter","CP",15387,44.81
"Kingsford-Smith","Dan Curtin","ALP",21859,50.46
"Kingsford-Smith","Nancy Wake","Lib46",19268,44.48
"Kingsford-Smith","Cornelius Woodbury","DLP",2193,5.06
"Kingston","Allan Anderson","DLP",3776,5.76
"Kingston","Kay Brownbill","Lib46",35041,53.43
"Kingston","Pat Galvin","ALP",26764,40.81
"Kooyong","William Cooper","ALP",12370,26.31
"Kooyong","Bernie Gaynor","DLP",5888,12.52
"Kooyong","Andrew Peacock","Lib46",28760,61.17
"Lalor","Paul de Tert","Ind",6914,7.06
"Lalor","Mervyn Lee","Lib46",29211,29.83
"Lalor","James Marmion","DLP",13706,14
"Lalor","Victor Parsons","LRG",1568,1.6
"Lalor","Reg Pollard","ALP",45243,46.21
"Lalor","Peter Spencer","Ind",592,0.6
"Lalor","Michael Wood","Ind",681,0.7
"Lang","Bernard Atkinson","DLP",2450,5.53
"Lang","Graham Crawford","Lib46",19432,43.87
"Lang","Frank Stewart","ALP",22417,50.6
"La Trobe","Kevin Adamson","DLP",10311,12.78
"La Trobe","John Jess","Lib46",38427,47.64
"La Trobe","Don Pritchard","ALP",26847,33.28
"La Trobe","Leonard Weber","LRG",5075,6.29
"Lawson","John Canobi","ALP",14399,37.61
"Lawson","Laurie Failes","CP",21649,56.54
"Lawson","Mario Morandini","DLP",2239,5.85
"Leichhardt","Bill Fulton","ALP",24639,55.97
"Leichhardt","Geoffrey Higham","DLP",2395,5.44
"Leichhardt","Michael Turner","CP",16988,38.59
"Lilley","Kevin Cairns","Lib46",24001,51.69
"Lilley","Reginald Lincoln","DLP",3402,7.33
"Lilley","Frank Melit","ALP",18695,40.26
"Lilley","Sarah Ross","Ind",334,0.72
"Lowe","Peter Dunn","ALP",12687,34.37
"Lowe","Francis James","LRG",1485,4.02
"Lowe","William McMahon","Lib46",21595,58.5
"Lowe","Anthony Rooney","DLP",1147,3.11
"Lyne","John Allan","ALP",13537,31.32
"Lyne","Joe Cordner","Ind",923,2.14
"Lyne","Philip Lucock","CP",27822,64.38
"Lyne","William Power","Ind",933,2.16
"Macarthur","Jeff Bate","Lib46",39004,60.92
"Macarthur","Patrick O'Halloran","ALP",22753,35.54
"Macarthur","Albert Perish","DLP",1270,1.98
"Macarthur","Ronald Sarina","Ind",510,0.8
"Macarthur","John Souter","Ind",484,0.76
"Mackellar","Peter Allison","LRG",4534,6.65
"Mackellar","Philip Cohen","DLP",2699,3.96
"Mackellar","Kenneth McLean","ALP",16018,23.48
"Mackellar","William Wentworth","Lib46",44980,65.92
"Macquarie","Richard Ambrose","DLP",3762,8.23
"Macquarie","Allan Fuary","Ind",372,0.81
"Macquarie","John Heesh","Lib46",17630,38.55
"Macquarie","Tony Luchetti","ALP",23973,52.41
"Mallee","John Carty","DLP",6034,15.5
"Mallee","Hibbe Draaisma","ALP",6857,17.61
"Mallee","Winton Turnbull","CP",26041,66.89
"Maranoa","James Corbett","CP",22656,59.54
"Maranoa","Bryan Hurley","DLP",3419,8.99
"Maranoa","Jack Tonkin","ALP",11974,31.47
"Maribyrnong","Lancelot Hutchinson","Ind",2734,6.48
"Maribyrnong","Barry O'Brien","DLP",6822,16.18
"Maribyrnong","John O'Brien","ALP",14715,34.9
"Maribyrnong","Philip Stokes","Lib46",17888,42.43
"McMillan","Alexander Buchanan","Lib46",22857,50.41
"McMillan","Les Hilton","DLP",5040,11.11
"McMillan","Eric Kent","ALP",15449,34.07
"McMillan","Thomas Yates","Ind",2000,4.41
"McPherson","Charles Barnes","CP",39271,59.51
"McPherson","Harold Brennan","Ind",2578,3.91
"McPherson","Frederick Burges","DLP",3137,4.75
"McPherson","Allan Swinton","ALP",21001,31.83
"Melbourne","Ronald Batey","Ind",1577,5.8
"Melbourne","Arthur Calwell","ALP",14355,52.81
"Melbourne","Donald Gibson","Lib46",7593,27.94
"Melbourne","James Whitehead","DLP",3655,13.45
"Melbourne Ports","David Clark","CPA",2402,8.33
"Melbourne Ports","Frank Crean","ALP",16003,55.5
"Melbourne Ports","George O'Dwyer","DLP",3304,11.46
"Melbourne Ports","Richard Thomas","Lib46",7123,24.71
"Mitchell","Francis Bonnor","Ind",2885,3.22
"Mitchell","Michael Deecke","Ind",414,0.46
"Mitchell","Andrew Diehm","DLP",2878,3.22
"Mitchell","Les Irwin","Lib46",48570,54.29
"Mitchell","Alan Jones","Ind",433,0.48
"Mitchell","Kevin Martin","Ind",318,0.36
"Mitchell","Peter McLoughlin","ALP",30070,33.61
"Mitchell","William Murray","Ind",3528,3.94
"Mitchell","Dennis Rees","Ind",373,0.42
"Moore","Mal Bryce","ALP",14109,34.09
"Moore","Harold Lundy","Lib46",10495,25.36
"Moore","Donald Maisey","CP",14815,35.8
"Moore","Gavin O'Connor","DLP",1963,4.74
"Moreton","Miroslav Jansky","DLP",4405,6.81
"Moreton","Len Keogh","ALP",25092,38.8
"Moreton","James Killen","Lib46",35179,54.39
"Murray","Mervyn Huggins","ALP",9848,20.96
"Murray","Brian Lacey","DLP",5927,12.61
"Murray","John McEwen","CP",31209,66.42
"Newcastle","Warren Bridge","Ind",1392,3.96
"Newcastle","Frances Clack","Lib46",12000,34.16
"Newcastle","Jack Collins","DLP",2054,5.85
"Newcastle","Charles Jones","ALP",19682,56.03
"New England","John Affleck","ALP",12529,30.73
"New England","Ian Sinclair","CP",28245,69.27
"Northern Territory","Sam Calder","CP",7221,51.74
"Northern Territory","Richard Ward","ALP",6734,48.26
"North Sydney","Edmund Bateman","DLP",2391,6.66
"North Sydney","Joyce Duncan","Ind",720,2
"North Sydney","Nicholas Gorshenin","Ind",391,1.09
"North Sydney","Bill Graham","Lib46",21477,59.79
"North Sydney","John Grahame","ALP",8776,24.43
"North Sydney","Romualds Kemps","Ind",62,0.17
"North Sydney","Frederick Simpson","LRG",1940,5.4
"North Sydney","David Wall","Ind",161,0.45
"Oxley","Thomas Dalton","DLP",1832,4.08
"Oxley","Stewart Fletcher","CP",7755,17.27
"Oxley","Bill Hayden","ALP",25692,57.21
"Oxley","Colin Logan","Lib46",9627,21.44
"Parkes","John Crew","LRG",2364,6.3
"Parkes","Kevin Davis","DLP",1122,2.99
"Parkes","Tom Hughes","Lib46",19196,51.16
"Parkes","Doug Sutherland","ALP",14843,39.55
"Parramatta","Edward Beck","DLP",2982,5.12
"Parramatta","Nigel Bowen","Lib46",33087,56.76
"Parramatta","Kenneth Cook","LRG",3380,5.8
"Parramatta","Paul Nolan","Ind",322,0.55
"Parramatta","Barry Wilde","ALP",18518,31.77
"Paterson","Aubrey Barr","DLP",2889,7.16
"Paterson","Allen Fairhall","Lib46",25437,63.01
"Paterson","Francis Murray","ALP",12045,29.84
"Perth","Annette Aarons","CPA",1627,6.09
"Perth","Alan Bate","ALP",9785,36.64
"Perth","Fred Chaney","Lib46",13223,49.51
"Perth","George Mazak","DLP",2071,7.75
"Petrie","Thomas Grundy","DLP",5740,8.59
"Petrie","Alan Hulme","Lib46",34715,51.95
"Petrie","Reginald O'Brien","ALP",26073,39.02
"Petrie","Francis O'Mara","Ind",299,0.45
"Phillip","William Aston","Lib46",20277,56.24
"Phillip","Dominique Droulers","DLP",1159,3.21
"Phillip","John Hannan","Ind",1228,3.41
"Phillip","Brian O'Kane","ALP",13389,37.14
"Port Adelaide","Peter Balnaves","Lib46",12911,31.21
"Port Adelaide","Fred Birrell","ALP",23766,57.45
"Port Adelaide","Michael Bowler","DLP",1973,4.77
"Port Adelaide","Denis McEvoy","SC",1803,4.36
"Port Adelaide","Jim Moss","CPA",918,2.22
"Reid","Mick Carroll","DLP",5764,10.39
"Reid","Stanislaus Kelly","Lib46",21089,38
"Reid","Tom Uren","ALP",28645,51.61
"Richmond","Doug Anthony","CP",26030,65.93
"Richmond","Keith Compton","Ind",8407,21.29
"Richmond","Ernest Jones","ALP",5043,12.77
"Riverina","Bill Armstrong","CP",24570,59.07
"Riverina","Leslie Kennedy","DLP",3373,8.11
"Riverina","Patrick Newman","ALP",9803,23.57
"Riverina","Arthur Solly","ALP",3851,9.26
"Robertson","William Bridges-Maxwell","Lib46",31984,53.71
"Robertson","Brian Dwyer","DLP",2929,4.92
"Robertson","Percival McPherson","LRG",2112,3.55
"Robertson","William Smith","ALP",22529,37.83
"Ryan","Nigel Drury","Lib46",32283,59.59
"Ryan","Donald Jeffries","ALP",16351,30.18
"Ryan","Brian O'Brien","DLP",4788,8.84
"Ryan","John Thurwall","Ind",756,1.4
"Scullin","John Daley","Ind",2164,8.08
"Scullin","Ronald Hay","Lib46",7267,27.14
"Scullin","Peter McCabe","DLP",3072,11.47
"Scullin","Ted Peters","ALP",14271,53.3
"Shortland","Douglas Blackshaw","Lib46",20956,36.85
"Shortland","Robert Burke","DLP",2747,4.83
"Shortland","Geoff Curthoys","CPA",1600,2.81
"Shortland","Charles Griffiths","ALP",30309,53.29
"Shortland","Stanley Millington","Ind",1262,2.22
"St George","Hans Andreasson","DLP",1713,4.23
"St George","Leonard Bosman","Lib46",22091,54.53
"St George","Malcolm Cameron","ALP",15406,38.03
"St George","John Mant","LRG",1304,3.22
"Stirling","Doug Cash","Lib46",27403,41.31
"Stirling","Frank Pownall","DLP",5836,8.8
"Stirling","Harry Webb","ALP",33089,49.89
"Sturt","Walter Doran","DLP",2157,4.35
"Sturt","Keith Le Page","ALP",15941,32.15
"Sturt","Ian Wilson","Lib46",31479,63.5
"Swan","Richard Cleaver","Lib46",25014,47.1
"Swan","Alan Crofts","DLP",4154,7.82
"Swan","Edward Gillett","ALP",23942,45.08
"Wakefield","Bert Kelly","Lib46",31280,69.48
"Wakefield","John Phelan","ALP",13737,30.52
"Wannon","Terence Callander","DLP",6514,14.96
"Wannon","Malcolm Fraser","Lib46",23220,53.34
"Wannon","Cyril Primmer","ALP",13800,31.7
"Warringah","Keith Chambers","Ind",6806,15.53
"Warringah","Francis Hicks","DLP",1953,4.46
"Warringah","Jim McClelland","ALP",8395,19.15
"Warringah","Eric Riches","Ind",292,0.67
"Warringah","Edward St John","Lib46",26387,60.2
"Watson","Thomas Colman","DLP",2664,7.69
"Watson","Jim Cope","ALP",21492,62.06
"Watson","Peter Lowe","Lib46",10476,30.25
"Wentworth","Doris Brown","DLP",1489,4.2
"Wentworth","Les Bury","Lib46",26601,75.1
"Wentworth","Brian King","Ind",527,1.49
"Wentworth","Jack Mundey","CPA",334,0.94
"Wentworth","Kerry Sibraa","ALP",6471,18.27
"Werriwa","Leslie Kelton","CPA",4411,5.35
"Werriwa","Andrew Murphy","DLP",2539,3.08
"Werriwa","Elga Rodze","Lib46",30198,36.61
"Werriwa","Gough Whitlam","ALP",45345,54.97
"West Sydney","Denise Clancy","DLP",1770,6.91
"West Sydney","Albert Curtin","Lib46",6908,26.97
"West Sydney","Ron Maxwell","CPA",1115,4.35
"West Sydney","Dan Minogue","ALP",15823,61.77
"Wide Bay","Brendan Hansen","ALP",23459,54.89
"Wide Bay","William Hutchinson","DLP",2347,5.49
"Wide Bay","Albert White","CP",16936,39.62
"Wills","Gordon Bryant","ALP",18455,53.64
"Wills","John Flint","DLP",5239,15.23
"Wills","David Hutchinson","Lib46",10714,31.14
"Wilmot","Gil Duthie","ALP",19215,55.88
"Wilmot","Donald Paterson","Lib46",13350,38.82
"Wilmot","Robert Wright","DLP",1824,5.3
"Wimmera","Wilson Bolton","Lib46",10139,26.42
"Wimmera","Bruno d'Elia","DLP",3160,8.24
"Wimmera","George Jeffs","ALP",10210,26.61
"Wimmera","Robert King","CP",14860,38.73
"Yarra","Bruno Bonomo","Ind",1564,5.32
"Yarra","Jim Cairns","ALP",14352,48.8
"Yarra","Lionel Hawkins","Lib46",9381,31.9
"Yarra","Stan Keon","DLP",4110,13.98
