"Seat","Candidate","Party","Votes","Vote_perc"
"Adelaide","Alexander McLachlan","Lib10",5466,36.66
"Adelaide","Ernest Roberts","ALP",9443,63.34
"Balaclava","George Mead","ALP",7615,37.99
"Balaclava","Agar Wynne","Lib10",12432,62.01
"Ballaarat","Alfred Deakin","Lib10",10179,51.11
"Ballaarat","David Russell","ALP",9736,48.89
"Barker","Martin Dwyer","ALP",6473,40.48
"Barker","John Livingston","Lib10",9519,59.52
"Barrier","William Shepherd","Lib10",1562,14.19
"Barrier","Josiah Thomas","ALP",9447,85.81
"Bass","Jens Jensen","ALP",6612,56.83
"Bass","David Storrer","Ind Lib10",5022,43.17
"Batman","Henry Beard","ALP",13569,63.6
"Batman","Jabez Coon","Lib10",7765,36.4
"Bendigo","Frank Brennan","ALP",12065,48.67
"Bendigo","Sir John Quick","Lib10",12723,51.33
"Boothby","Lee Batchelor","ALP",9786,63.83
"Boothby","Paris Nesbit","Ind Lib10",5546,36.17
"Bourke","Frank Anstey","ALP",17918,58.6
"Bourke","James Hume Cook","Lib10",12660,41.4
"Brisbane","William Finlayson","ALP",8909,51.17
"Brisbane","Justin Foxton","Lib10",8500,48.83
"Calare","Thomas Brown","ALP",10561,53.59
"Calare","Henry Pigott","Lib10",9147,46.41
"Capricornia","Edward Archer","Lib10",8950,43.22
"Capricornia","William Higgs","ALP",11759,56.78
"Cook","James Catts","ALP",14021,64.09
"Cook","William Clegg","Lib10",7856,35.91
"Coolgardie","Robert Hastie","Lib10",3170,23.81
"Coolgardie","Harry McClay","Ind",226,1.7
"Coolgardie","Hugh Mahon","ALP",9915,74.49
"Corangamite","James Scullin","ALP",11300,54.72
"Corangamite","Gratton Wilson","Lib10",9350,45.28
"Corio","Richard Crouch","Lib10",8519,45.6
"Corio","Alfred Ozanne","ALP",10164,54.4
"Cowper","Clem Johnson","ALP",3692,28.85
"Cowper","John O'Brien","Ind ALP",418,3.27
"Cowper","John Thomson","Lib10",8686,67.88
"Dalley","Robert Howe","ALP",14610,56.57
"Dalley","William Wilks","Lib10",11215,43.43
"Darling","James Carroll","Lib10",5222,35.35
"Darling","William Spence","ALP",9551,64.65
"Darling Downs","Littleton Groom","Lib10",13010,69.87
"Darling Downs","Morris Harland","ALP",5609,30.13
"Darwin","William Fisher","Lib10",3881,36.74
"Darwin","King O'Malley","ALP",6681,63.26
"Denison","Matthew Simmons","Lib10",5172,41.91
"Denison","William Laird Smith","ALP",7170,58.09
"East Sydney","Samuel Lees","Lib10",7890,42.93
"East Sydney","John West","ALP",10487,57.07
"Echuca","Hugh Davies","Ind Lib10",168,0.93
"Echuca","William Everard","Ind Lib10",1052,5.83
"Echuca","Anthony O'Dwyer","Ind",1188,6.58
"Echuca","William Orr","Ind",7757,42.98
"Echuca","Albert Palmer","Lib10",7881,43.67
"Fawkner","George Fairbairn","Lib10",14544,58.87
"Fawkner","Joseph Hannan","ALP",10161,41.13
"Flinders","Frank Buckley","ALP",5490,31.85
"Flinders","William Irvine","Lib10",8258,47.9
"Flinders","Timothy McInerney","Ind Lib10",3491,20.25
"Franklin","William McWilliams","Lib10",6356,53.37
"Franklin","William Shoobridge","ALP",5554,46.63
"Fremantle","William Carpenter","ALP",6496,45.48
"Fremantle","William Hedges","Lib10",7788,54.52
"Gippsland","James Bowden","Lib10",6897,37.89
"Gippsland","George Wise","Ind Lib10",11306,62.11
"Grampians","Hans Irvine","Lib10",9000,50.4
"Grampians","Archibald Stewart","ALP",8857,49.6
"Gwydir","Robert Patten","Lib10",7160,40.39
"Gwydir","William Webster","ALP",10569,59.61
"Herbert","Fred Bamford","ALP",13668,60.97
"Herbert","Thomas Crawford","Lib10",8751,39.03
"Hume","Bernard Grogan","Lib10",4708,33.56
"Hume","Sir William Lyne","Ind",9322,66.44
"Hunter","Matthew Charlton","ALP",14803,60.85
"Hunter","Frank Liddell","Lib10",9523,39.15
"Illawarra","George Burns","ALP",9025,48.04
"Illawarra","George Fuller","Lib10",9763,51.96
"Indi","Joseph Brown","Lib10",9633,46.91
"Indi","Parker Moloney","ALP",10900,53.09
"Kalgoorlie","Charles Frazer","ALP",11162,81.4
"Kalgoorlie","John Thornett","Lib10",2550,18.6
"Kennedy","John Houghton","Lib10",4742,35.2
"Kennedy","Charles McDonald","ALP",8729,64.8
"Kooyong","William Knox","Lib10",15089,56.26
"Kooyong","Alfred Lumsden","Ind Lib10",11733,43.74
"Laanecoorie","Arthur Fraser","ALP",8664,49.16
"Laanecoorie","Carty Salmon","Lib10",8959,50.84
"Lang","Thomas Crawford","ALP",12402,48.98
"Lang","Elliot Johnson","Lib10",12921,51.02
"Macquarie","Ernest Carr","ALP",9875,56.45
"Macquarie","Alfred Conroy","Lib10",7618,43.55
"Maranoa","Jasper Harvey","Lib10",4436,29
"Maranoa","Jim Page","ALP",10862,71
"Maribyrnong","James Fenton","ALP",16284,60.81
"Maribyrnong","Samuel Mauger","Lib10",10496,39.19
"Melbourne","William McPherson","Lib10",6825,33.04
"Melbourne","William Maloney","ALP",13830,66.96
"Melbourne Ports","James Mathews","ALP",15055,69.58
"Melbourne Ports","Alexander Ramsay","Lib10",6583,30.42
"Mernda","Robert Harper","Lib10",7917,44.14
"Mernda","Thomas Hunt","Ind Lib10",1945,10.84
"Mernda","James Kenneally","ALP",7280,40.59
"Mernda","Stephen Thompson","Ind",794,4.43
"Moreton","Thomas Emmerson","ALP",7191,38.94
"Moreton","Hugh Sinclair","Lib10",11276,61.06
"Nepean","George Cann","ALP",11113,51.51
"Nepean","Eric Bowden","Lib10",10461,48.49
"Newcastle","Frank Pulsford","Lib10",4825,23.26
"Newcastle","David Watkins","ALP",15920,76.74
"New England","William Fleming","Lib10",8637,47.3
"New England","Francis Foster","ALP",9622,52.7
"North Sydney","George Edwards","Lib10",15233,65.16
"North Sydney","John Steel","YANP",294,1.26
"North Sydney","Percy Tighe","ALP",7850,33.58
"Oxley","Frederick Dent","Ind",6317,37.79
"Oxley","Richard Edwards","Lib10",10399,62.21
"Parkes","Ernest Burgess","ALP",8776,34.8
"Parkes","Herbert Pratten","Ind Lib10",5099,20.22
"Parkes","Bruce Smith","Lib10",11342,44.98
"Parramatta","Bert Broue","ALP",5579,31.95
"Parramatta","Joseph Cook","Lib10",11881,68.05
"Perth","James Fowler","Lib10",9648,60.74
"Perth","Ernest Henshaw","ALP",6237,39.26
"Richmond","William Gillies","ALP",2858,15.59
"Richmond","Walter Massy-Greene","Lib10",6843,37.33
"Richmond","Venour Nathan","Ind Lib10",3311,18.06
"Richmond","Robert Pyers","Ind ALP",5319,29.02
"Riverina","John Chanter","ALP",9274,57.04
"Riverina","John Jackson","Lib10",6520,40.1
"Riverina","Edmund O'Dwyer","Ind Lib10",464,2.85
"Robertson","William Johnson","ALP",7957,50.88
"Robertson","Henry Willis","Lib10",7681,49.12
"South Sydney","Eden George","Lib10",4509,25.94
"South Sydney","Edward Riley","ALP",12875,74.06
"Swan","Sir John Forrest","Lib10",15012,60.19
"Swan","Peter O'Loghlen","ALP",9930,39.81
"Wakefield","Richard Foster","Lib10",8702,49.86
"Wakefield","Charles Horne","YANP",296,1.7
"Wakefield","John Vaughan","ALP",8454,48.44
"Wannon","Samuel Cooke","Lib10",9797,44.99
"Wannon","John McDougall","ALP",11977,55.01
"Wentworth","Willie Kelly","Lib10",11641,60.97
"Wentworth","Arthur Vernon","ALP",7451,39.03
"Werriwa","David Hall","ALP",10876,54.62
"Werriwa","Granville Ryrie","Lib10",9036,45.38
"West Sydney","Stanley Cole","Lib10",4986,26.79
"West Sydney","Harry Holland","RSP",628,3.37
"West Sydney","Billy Hughes","ALP",13000,69.84
"Wide Bay","Andrew Fisher","ALP",12154,54.12
"Wide Bay","Jacob Stumm","Lib10",10303,45.88
"Wilmot","Llewellyn Atkinson","Lib10",5498,56.6
"Wilmot","Thomas Wilson","ALP",4216,43.4
"Wimmera","Sydney Sampson","Lib10",11488,65.99
"Wimmera","Richard Taffe","ALP",5920,34.01
"Yarra","Elizee De Garis","Lib10",4258,23.91
"Yarra","Frank Tudor","ALP",13549,76.09
