"Seat","Candidate","Party","Votes","Vote_perc"
"Adelaide","Liah Lazarou","SAl",980,1.07
"Adelaide","Kate Ellis","ALP",38650,42.26
"Adelaide","Vince Scali","PUP",1943,2.12
"Adelaide","Carmen Garcia","Lib46",38463,42.06
"Adelaide","Peter Lee","FFP",2169,2.37
"Adelaide","Ruth Beach","Grn",9251,10.12
"Aston","Rupert Evans","ALP",27850,32.63
"Aston","Jennifer Speer","RUA",581,0.68
"Aston","Steve Raymond","Grn",5017,5.88
"Aston","Alan Tudge","Lib46",44030,51.59
"Aston","Brad Watt","PUP",3206,3.76
"Aston","Tony Foster","FFP",2362,2.77
"Aston","Charity Jenkins","ASXP",2295,2.69
"Ballarat","Anne Foster","ACh",1139,1.22
"Ballarat","Ana Rojas","RUA",229,0.24
"Ballarat","Shane Dunne","KAP",849,0.91
"Ballarat","Joshua Mathieson","ASXP",2135,2.28
"Ballarat","Stephanie Hodgins-May","Grn",8911,9.51
"Ballarat","John Fitzgibbon","Lib46",35592,38
"Ballarat","Stephen Vereker","DLP",1022,1.09
"Ballarat","Gerard Murphy","PUP",3396,3.63
"Ballarat","Shane Clark","FFP",1139,1.22
"Ballarat","Catherine King","ALP",39251,41.91
"Banks","Daryl Melham","ALP",34835,41.04
"Banks","Jake Wellham","PUP",2125,2.5
"Banks","Sayed Khedr","Ind",768,0.9
"Banks","Ross Richardson","KAP",553,0.65
"Banks","Paul Spight","Grn",4242,5
"Banks","Mark Falanga","CDP",1983,2.34
"Banks","Robert Haddad","DLP",470,0.55
"Banks","David Coleman","Lib46",39899,47.01
"Barker","Mark Keough","Grn",5224,5.65
"Barker","Kristin Lambert","FFP",7368,7.96
"Barker","Balwinder Singh Jhandi","PUP",3623,3.92
"Barker","Miles Hannemann","NPA",4021,4.35
"Barker","Phil Golding","ALP",16993,18.37
"Barker","Richard Sage","Ind",6617,7.15
"Barker","Tony Pasin","Lib46",48678,52.61
"Barton","Edward Caruana","PUP",3114,3.89
"Barton","Nickolas Varvaris","Lib46",33881,42.35
"Barton","Michael Nagi","Ind",3071,3.84
"Barton","Perry Theo","ON",686,0.86
"Barton","Steve McMahon","ALP",32345,40.43
"Barton","Kylie French","CDP",1549,1.94
"Barton","Jackie Brooker","Grn",4788,5.98
"Barton","Rod Wyse","KAP",567,0.71
"Bass","Ray Kroeze","ACh",963,1.47
"Bass","Andrew Nikolic","Lib46",31267,47.85
"Bass","Chris Dobson","PUP",3520,5.39
"Bass","Christine Bergman","FFP",1407,2.15
"Bass","Geoff Lyons","ALP",22643,34.65
"Bass","Lucy Landon-Lane","Grn",5160,7.9
"Bass","Jin-oh Choi","SPA10",384,0.59
"Batman","Pat Winterton","RUA",1121,1.26
"Batman","Ken Smithies","FFP",1126,1.26
"Batman","Philip Sutton","Ind",726,0.81
"Batman","George Souris","Lib46",20017,22.46
"Batman","Lianna Sliwczynski","ASXP",2301,2.58
"Batman","Alex Bhathal","Grn",23522,26.4
"Batman","Franco Guardiani","PUP",2253,2.53
"Batman","David Feeney","ALP",36798,41.29
"Batman","Rosemary Lavin","AJP",1250,1.4
"Bendigo","Sarah Sheedy","NPA",4644,5.02
"Bendigo","Lisa Chesters","ALP",33829,36.56
"Bendigo","Greg Bickley","Lib46",36701,39.67
"Bendigo","Lachlan Slade","Grn",8600,9.3
"Bendigo","Charlie Crutchfield","ASXP",2220,2.4
"Bendigo","Alan Howard","FFP",1036,1.12
"Bendigo","Rod Leunig","ACA",538,0.58
"Bendigo","Daniel Abikhair","Ind",545,0.59
"Bendigo","Matine Rahmani","Ind",259,0.28
"Bendigo","Sandra Caddy","RUA",499,0.54
"Bendigo","Anita Donlon","PUP",2336,2.52
"Bendigo","Stephen Stingel","KAP",745,0.81
"Bendigo","Ewan McDonald","ACh",567,0.61
"Bennelong","Lindsay Peters","Grn",7454,8.42
"Bennelong","Jason Yat-sen Li","ALP",28726,32.45
"Bennelong","Julie Worsley","CDP",2135,2.41
"Bennelong","Rob Marks","PUP",1589,1.8
"Bennelong","Lachlan McCaffrey","DLP",617,0.7
"Bennelong","John Alexander","Lib46",46907,52.99
"Bennelong","John August","SPA10",602,0.68
"Bennelong","Victor Waterson","AFP",492,0.56
"Berowra","Mick Gallagher","Ind",3374,3.89
"Berowra","Leighton Thew","CDP",2135,2.46
"Berowra","John Storey","Grn",8684,10.02
"Berowra","Deborah Smythe","SPP",492,0.57
"Berowra","Philip Ruddock","Lib46",53236,61.44
"Berowra","Paul Graves","PUP",2324,2.68
"Berowra","Michael Stove","ALP",16402,18.93
"Blair","Elwyn Denman","FFP",2257,2.86
"Blair","Shayne Neumann","ALP",32818,41.55
"Blair","Dale Chorley","KAP",2491,3.15
"Blair","Anthony Mackin","RUA",504,0.64
"Blair","Teresa Harding","LNP",26734,33.85
"Blair","Anthony Stanton","PUP",9805,12.41
"Blair","Clare Rudkin","Grn",3359,4.25
"Blair","Shannon Deguara","AIn",1011,1.28
"Blaxland","Norm Taleb","KAP",1921,2.46
"Blaxland","Anthony Khouri","Lib46",25579,32.72
"Blaxland","Zali Burrows","PUP",2119,2.71
"Blaxland","Jason Clare","ALP",43568,55.73
"Blaxland","Juliat Nasr","CDP",1757,2.25
"Blaxland","John Ky","Grn",2416,3.09
"Blaxland","Boutros Zalloua","DLP",817,1.05
"Bonner","Ross Vasta","LNP",40186,46.8
"Bonner","Jeff Penny","FFP",1789,2.08
"Bonner","Jarrod Wirth","UAP13",386,0.45
"Bonner","Dave Nelson","Grn",5876,6.84
"Bonner","James MacAnally","PUP",6712,7.82
"Bonner","Laura Fraser Hardy","ALP",30927,36.01
"Boothby","Stephen Thomas","Grn",11287,11.97
"Boothby","Andrew Southcott","Lib46",47484,50.35
"Boothby","Sally Cox","PUP",2835,3.01
"Boothby","Annabel Digance","ALP",29018,30.77
"Boothby","Natasha Edmonds","FFP",3683,3.91
"Bowman","Andrew O'Shea","FFP",1868,2.15
"Bowman","Andrew Laming","LNP",42828,49.28
"Bowman","Darryl Briskey","ALP",25967,29.88
"Bowman","Penny Allman-Payne","Grn",5198,5.98
"Bowman","John Wayne","PUP",11049,12.71
"Braddon","Melissa Houghton","Grn",3410,5.17
"Braddon","Sid Sidebottom","ALP",24791,37.59
"Braddon","Kevin Morgan","PUP",6125,9.29
"Braddon","Bernard Shaw","RUA",726,1.1
"Braddon","Brett Whiteley","Lib46",30904,46.86
"Bradfield","Blake Buchanan","PUP",2366,2.67
"Bradfield","Paul Harrold","DLP",992,1.12
"Bradfield","John Archer","CDP",1671,1.88
"Bradfield","Chris Haviland","ALP",14720,16.6
"Bradfield","Paul Fletcher","Lib46",57506,64.84
"Bradfield","Pippa McInnes","Grn",11429,12.89
"Brand","Andrew Newhouse","FFP",2079,2.39
"Brand","Craig Lawrence","PUP",6518,7.5
"Brand","Gary Gray","ALP",35093,40.39
"Brand","Mick Le-Cocq","CEC",280,0.32
"Brand","Paul Young","AD",598,0.69
"Brand","Gabrielle Iriks","RUA",646,0.74
"Brand","Dawn Jecks","Grn",6343,7.3
"Brand","Bob Burdett","ACh",1685,1.94
"Brand","Donna Gordin","Lib46",33634,38.71
"Brisbane","John Roles","SPP",564,0.65
"Brisbane","Tony Rose","SPA10",602,0.69
"Brisbane","Teresa Gambaro","LNP",41681,47.99
"Brisbane","Connie Cicchini","KAP",951,1.09
"Brisbane","Veronica Ford","PUP",3643,4.19
"Brisbane","Rachael Jacobs","Grn",12452,14.34
"Brisbane","Sharyn Joyner","FFP",801,0.92
"Brisbane","Fiona McNamara","ALP",26163,30.12
"Bruce","Rebecca Filliponi","FFP",2186,2.65
"Bruce","Paul Tuyau","PUP",2173,2.63
"Bruce","Alan Griffin","ALP",34626,41.9
"Bruce","Emanuele Cicchiello","Lib46",35501,42.96
"Bruce","Geraldine Gonsalvez","DLP",1334,1.61
"Bruce","Robert White","RUA",652,0.79
"Bruce","Lynette Keleher","Grn",5491,6.64
"Bruce","Kiry Uth","Ind",682,0.83
"Calare","John Cobb","NPA",52650,57.65
"Calare","Billie Kirkland","KAP",1293,1.42
"Calare","Ian Lyons","CDP",1628,1.78
"Calare","Jess Jennings","ALP",23185,25.39
"Calare","Macgregor Ross","Ind",2388,2.61
"Calare","Brian Cain","PUP",4356,4.77
"Calare","David Mallard","Grn",4054,4.44
"Calare","Anthony Craig","DLP",759,0.83
"Calare","Peter Schultze","AFP",1010,1.11
"Calwell","Brett Watson","KAP",1915,2.23
"Calwell","Paul Graham","FFP",2175,2.53
"Calwell","Bryce Letcher","PUP",3728,4.34
"Calwell","Maria Vamvakinou","ALP",42819,49.81
"Calwell","Nevena Spirovska","ASXP",2367,2.75
"Calwell","Ali Khan","Lib46",24490,28.49
"Calwell","Maria Bengtsson","ACh",2121,2.47
"Calwell","Charles Rozario","RUA",415,0.48
"Calwell","Omar Jabir Omar","DLP",1310,1.52
"Calwell","Joanna Nevill","Grn",4632,5.39
"Canberra","Tom Sefton","Lib46",43919,37.87
"Canberra","Julie Melrose","Grn",14691,12.67
"Canberra","Tony Hanley","PUP",3725,3.21
"Canberra","Damien Maher","BTA",4756,4.1
"Canberra","Gai Brodtmann","ALP",47613,41.06
"Canberra","Nicolle Burt","SPA10",1264,1.09
"Canning","Don Randall","Lib46",45189,51.07
"Canning","Damon Pages-Oliver","Grn",6547,7.4
"Canning","Derek Bruning","ACh",2742,3.1
"Canning","Joanne Dean","ALP",23578,26.64
"Canning","James Forsyth","NPA",1707,1.93
"Canning","Wendy Lamotte","PUP",6088,6.88
"Canning","Alice Harper","FFP",1197,1.35
"Canning","Lee Rumble","RUA",669,0.76
"Canning","Richard Eldridge","KAP",776,0.88
"Capricornia","Peter Freeleagus","ALP",31450,37.04
"Capricornia","Paul Lewis","RUA",439,0.52
"Capricornia","Derek Ison","PUP",6747,7.95
"Capricornia","Paul Bambrick","Grn",2910,3.43
"Capricornia","Bruce Diamond","Ind",1777,2.09
"Capricornia","Hazel Alley","FFP",3274,3.86
"Capricornia","Michelle Landry","LNP",33608,39.58
"Capricornia","Robbie Williams","KAP",4708,5.54
"Casey","Steve Meacher","Grn",9641,10.89
"Casey","Gary Coombes","FFP",2370,2.68
"Casey","Cathy Farrell","ALP",24651,27.85
"Casey","Jeffrey Leake","ACA",986,1.11
"Casey","Mike Brown","ACh",1126,1.27
"Casey","Jeanette McRae","Ind",1358,1.53
"Casey","Paul Barbieri","RUA",446,0.5
"Casey","Milton Wilde","PUP",4413,4.98
"Casey","Tony Smith","Lib46",43538,49.18
"Charlton","Pat Conroy","ALP",40125,46.44
"Charlton","Kevin Baker","Lib46",24646,28.53
"Charlton","Steve Camilleri","CDP",2671,3.09
"Charlton","Dessie Kocher","Grn",5820,6.74
"Charlton","Brian Burston","ON",2266,2.62
"Charlton","Bronwyn Reid","PUP",9412,10.89
"Charlton","Trevor Anthoney","BTA",1460,1.69
"Chifley","Ammar Khan","Ind",1749,2.13
"Chifley","Ed Husic","ALP",43044,52.3
"Chifley","Isabelle White","Lib46",26479,32.17
"Chifley","Michael Wright","DLP",810,0.98
"Chifley","Dave Vincent","CDP",2862,3.48
"Chifley","Alex Norwick","AFP",396,0.48
"Chifley","Ben Hammond","Grn",2198,2.67
"Chifley","Elizabeth Power","ON",1402,1.7
"Chifley","Christopher Buttel","PUP",3361,4.08
"Chisholm","Josh Fergeus","Grn",8133,9.45
"Chisholm","Anna Burke","ALP",34015,39.5
"Chisholm","Luzio Grossi","ASXP",1762,2.05
"Chisholm","Melanie Vassiliou","RUA",650,0.75
"Chisholm","John Nguyen","Lib46",37990,44.12
"Chisholm","Brian Woods","PUP",1405,1.63
"Chisholm","Martin Myszka","FFP",949,1.1
"Chisholm","Vidura Jayaratne","SPA10",345,0.4
"Chisholm","Pat Shea","DLP",860,1
"Cook","Peter Scaysbrook","ALP",22850,24.76
"Cook","Matt Palise","PUP",3765,4.08
"Cook","Beth Smith","CDP",1981,2.15
"Cook","Jim Saleam","AFP",617,0.67
"Cook","Mithra Cox","Grn",6058,6.56
"Cook","Scott Morrison","Lib46",55707,60.35
"Cook","Graeme Strang","Ind",1321,1.43
"Corangamite","Lloyd Davies","Grn",11007,11.86
"Corangamite","Helen Rashleigh","RUA",273,0.29
"Corangamite","Alan Barron","ACh",499,0.54
"Corangamite","Adrian Whitehead","Ind",694,0.75
"Corangamite","Darren Cheeseman","ALP",29728,32.03
"Corangamite","Peter Wray","FFP",908,0.98
"Corangamite","Jayden Millard","ASXP",1726,1.86
"Corangamite","Warren Jackman","ACA",408,0.44
"Corangamite","Buddy Rojek","PUP",2026,2.18
"Corangamite","Andrew Black","NPA",598,0.64
"Corangamite","Sarah Henderson","Lib46",44778,48.25
"Corangamite","Nick Steel","APP13",156,0.17
"Corio","Tony Harrington","PUP",5122,5.68
"Corio","Yann Legrand","RUA",364,0.4
"Corio","Richard Marles","ALP",39267,43.51
"Corio","Brendan Fenn","FFP",1461,1.62
"Corio","Peter Read","Lib46",31768,35.2
"Corio","Sue Bull","SAl",679,0.75
"Corio","Patrick Atherton","ACh",549,0.61
"Corio","Greg Lacey","Grn",6593,7.31
"Corio","Stephanie Asher","Ind",1958,2.17
"Corio","Justine Martin","ASXP",2492,2.76
"Cowan","Tristan Cockman","ALP",27248,32.29
"Cowan","David Kingston","ACh",1802,2.14
"Cowan","Sheila Mundy","RUA",869,1.03
"Cowan","Adam Collins","Grn",6677,7.91
"Cowan","Che Tam Nguyen","FFP",1442,1.71
"Cowan","Vimal Sharma","PUP",4501,5.33
"Cowan","Luke Simpkins","Lib46",41849,49.59
"Cowper","Carol Vernon","Grn",10685,12.37
"Cowper","Bethany McAlpine","CDP",2224,2.57
"Cowper","Luke Hartsuyker","NPA",45820,53.05
"Cowper","Rod Jeanneret","PUP",5739,6.64
"Cowper","Alfredo Navarro","ALP",21910,25.37
"Cunningham","Philip Clifford","Lib46",30685,33.65
"Cunningham","Christopher Atlee","PUP",4253,4.66
"Cunningham","Helen Wilson","Grn",10730,11.77
"Cunningham","Rob George","CDP",2204,2.42
"Cunningham","Sharon Bird","ALP",41522,45.54
"Cunningham","John Bursill","KAP",886,0.97
"Cunningham","John Flanagan","NCP01",897,0.98
"Curtin","Jennifer Whately","RUA",708,0.83
"Curtin","Judith Cullity","Grn",12985,15.31
"Curtin","Gail Forder","ACh",1058,1.25
"Curtin","Daryl Tan","ALP",15189,17.91
"Curtin","Glenn Baker","PUP",2237,2.64
"Curtin","Julie Bishop","Lib46",52623,62.06
"Dawson","Jonathon Dykyj","Grn",4396,5.02
"Dawson","George Christensen","LNP",40507,46.23
"Dawson","Lindsay Temple","FFP",1663,1.9
"Dawson","Ian Ferguson","PUP",8777,10.02
"Dawson","Andrew Harris","CEC",345,0.39
"Dawson","Bronwyn Taha","ALP",26030,29.71
"Dawson","Justin Englert","KAP",5905,6.74
"Deakin","Ian Dobby","ACh",1698,1.92
"Deakin","Yasmin De Zilwa","RUA",327,0.37
"Deakin","Toni Smith","ACA",261,0.3
"Deakin","Michael Sukkar","Lib46",40482,45.88
"Deakin","Mario Guardiani","PUP",1949,2.21
"Deakin","Steve Raskovy","KAP",293,0.33
"Deakin","John Carbonari","AFP",212,0.24
"Deakin","Mike Barclay","Ind",1519,1.72
"Deakin","Stephen Barber","ASXP",1856,2.1
"Deakin","Hannah Westbrook","FFP",1200,1.36
"Deakin","Brendan Powell","Grn",9560,10.83
"Deakin","Mike Symon","ALP",28883,32.73
"Denison","Tanya Denison","Lib46",15058,23.23
"Denison","Andrew Wilkie","Ind",24688,38.08
"Denison","Anna Reynolds","Grn",5133,7.92
"Denison","Wayne Williams","DLP",554,0.85
"Denison","Bob Butler","ASXP",877,1.35
"Denison","Brandon Hoult","SPP",124,0.19
"Denison","Trevlyn McCallum","FFP",593,0.91
"Denison","Debra Thurley","PUP",1576,2.43
"Denison","Jane Austin","ALP",16043,24.75
"Denison","Graeme Devlin","RUA",179,0.28
"Dickson","Peter Dutton","LNP",41163,48.01
"Dickson","Geoffrey Taylor","RUA",585,0.68
"Dickson","Michael McDowell","FFP",1542,1.8
"Dickson","Tyrone D'Lisle","Grn",5507,6.42
"Dickson","Michael Gilliver","ALP",26848,31.32
"Dickson","Mark Taverner","PUP",8390,9.79
"Dickson","Jim Cornwell","KAP",1697,1.98
"Dobell","Greg Owen","CEC",711,0.83
"Dobell","Craig Thomson","Ind",3444,4
"Dobell","Christian Kunde","BTA",622,0.72
"Dobell","Emma McBride","ALP",30248,35.11
"Dobell","Nathan Bracken","Ind",7090,8.23
"Dobell","Kate McGill","PUP",2920,3.39
"Dobell","Hadden Ervin","CDP",1250,1.45
"Dobell","Karen McNamara","Lib46",35617,41.35
"Dobell","Sue Wynn","Grn",4238,4.92
"Dunkley","Simon Tiller","Grn",8199,9.32
"Dunkley","Sonya Kilkenny","ALP",27155,30.88
"Dunkley","Kate Ryder","PUP",3707,4.22
"Dunkley","Cameron Eastman","FFP",1682,1.91
"Dunkley","Rod Burt","Ind",740,0.84
"Dunkley","Bruce Billson","Lib46",42869,48.75
"Dunkley","Yvonne Gentle","RUA",477,0.54
"Dunkley","Eloise Palmi","ASXP",2589,2.94
"Dunkley","Roy Broff","Ind",516,0.59
"Durack","Des Headland","PUP",4998,6.75
"Durack","Ian James","Grn",5227,7.06
"Durack","Melissa Price","Lib46",28143,38.01
"Durack","Shane Foreman","RUA",810,1.09
"Durack","Shane Van Styn","NPA",17145,23.16
"Durack","Judy Sudholz","CEC",177,0.24
"Durack","Grahame Gould","ACh",972,1.31
"Durack","Ian Rose","FFP",763,1.03
"Durack","Daron Keogh","ALP",15018,20.28
"Durack","Aaron Todd","KAP",783,1.06
"Eden-Monaro","Peter Hendy","Lib46",40431,45.27
"Eden-Monaro","Martin Tye","SPP",601,0.67
"Eden-Monaro","Mike Kelly","ALP",34638,38.78
"Eden-Monaro","Dean Lynch","PUP",4655,5.21
"Eden-Monaro","Catherine Moore","Grn",6725,7.53
"Eden-Monaro","Costas Goumas","CEC",179,0.2
"Eden-Monaro","Andrew Thaler","Ind",1223,1.37
"Eden-Monaro","Warren Catton","CDP",861,0.96
"Fadden","Petrina Maizey","Grn",3995,4.99
"Fadden","Jeremy Fredericks","FFP",1305,1.63
"Fadden","Jim MacAnally","PUP",11759,14.67
"Fadden","Billy Lawrence","KAP",1088,1.36
"Fadden","Maurie Carroll","Ind",712,0.89
"Fadden","Stewart Boyd","ON",510,0.64
"Fadden","Nicole Lessio","ALP",17804,22.22
"Fadden","Stuart Robert","LNP",42962,53.61
"Fairfax","Mike Holt","ON",709,0.84
"Fairfax","Trudy Byrnes","Ind",1016,1.2
"Fairfax","Clive Palmer","PUP",22409,26.49
"Fairfax","Ted O'Brien","LNP",34959,41.32
"Fairfax","Angela Meyer","FFP",1416,1.67
"Fairfax","Elaine Hughes","ALP",15429,18.24
"Fairfax","David Knobel","Grn",7046,8.33
"Fairfax","Ray Sawyer","KAP",1623,1.92
"Farrer","Narelle Davis","RUA",1646,1.98
"Farrer","Brendan Cattell","DLP",1509,1.82
"Farrer","Ken Trewin","KAP",3091,3.72
"Farrer","Sussan Ley","Lib46",47977,57.81
"Farrer","Ron Emmerton","PUP",3392,4.09
"Farrer","Gavin Hickey","ALP",19708,23.75
"Farrer","Tracey Powell","BTA",1048,1.26
"Farrer","Frank Horwill","CDP",982,1.18
"Farrer","Chris Sobey","Grn",3643,4.39
"Fisher","Mark Meldon","KAP",2520,3.24
"Fisher","Mark Maguire","AIn",890,1.14
"Fisher","Mal Brough","LNP",34619,44.47
"Fisher","Tony Moore","FFP",1593,2.05
"Fisher","Bill Gissane","ALP",16297,20.93
"Fisher","Bill Schoch","PUP",13559,17.42
"Fisher","Rod Christensen","RUA",305,0.39
"Fisher","Jarreau Terry","Ind",957,1.23
"Fisher","Peter Slipper","Ind",1207,1.55
"Fisher","Garry Claridge","Grn",5908,7.59
"Flinders","Linda Clark","PUP",5639,6
"Flinders","Paul Madigan","Ind",708,0.75
"Flinders","John Zabaneh","NCP01",215,0.23
"Flinders","Angela Dorian","RUA",481,0.51
"Flinders","Ashleigh Belsar","ACh",523,0.56
"Flinders","Denis McCormack","Ind",478,0.51
"Flinders","Joshua Sinclair","ALP",23666,25.2
"Flinders","David Clark","FFP",1091,1.16
"Flinders","Greg Hunt","Lib46",51972,55.34
"Flinders","Martin Rush","Grn",9148,9.74
"Flynn","Craig Tomsett","Ind",1573,1.84
"Flynn","Ken O'Dowd","LNP",39362,46.02
"Flynn","Duncan Scott","Ind",792,0.93
"Flynn","Kingsley Dickins","RUA",584,0.68
"Flynn","Serena Thompson","Grn",1890,2.21
"Flynn","Renae Moldre","FFP",1287,1.5
"Flynn","Steve Ensby","PUP",7908,9.25
"Flynn","Richard Love","KAP",3536,4.13
"Flynn","Chris Trevor","ALP",28598,33.44
"Forde","Jonathan Jennings","RUA",745,0.98
"Forde","Bert van Manen","LNP",32271,42.54
"Forde","Peter Beattie","ALP",25794,34
"Forde","Keith Douglas","AVP",262,0.35
"Forde","Blair Brewster","PUP",9445,12.45
"Forde","Joshua Sloss","Ind",698,0.92
"Forde","Jan Pukallus","CEC",130,0.17
"Forde","Sally Spain","Grn",3162,4.17
"Forde","Amanda Best","FFP",1701,2.24
"Forde","Paul Hunter","KAP",1652,2.18
"Forrest","John Borlini","ALP",21579,25.26
"Forrest","Bev Custers","FFP",1270,1.49
"Forrest","Nola Marino","Lib46",42640,49.92
"Forrest","Mark Morien","RUA",581,0.68
"Forrest","Wayne Barnett","ACh",1374,1.61
"Forrest","Gordon Tayler","Grn",8136,9.52
"Forrest","Ian Tuffnell","CEC",204,0.24
"Forrest","Michael Rose","NPA",5338,6.25
"Forrest","Edward Dabrowski","PUP",4301,5.03
"Fowler","Matt Attia","CDP",3559,4.53
"Fowler","Ben Silaphet","Grn",2684,3.41
"Fowler","Darren McLean","KAP",848,1.08
"Fowler","Andrew Nguyen","Lib46",21043,26.76
"Fowler","Chris Hayes","ALP",47772,60.76
"Fowler","Brad Pastoors","PUP",2722,3.46
"Franklin","Julie Collins","ALP",26893,39.93
"Franklin","Marti Zucco","PUP",4108,6.1
"Franklin","Bernadette Black","Lib46",26070,38.71
"Franklin","Josh Downes","FFP",1264,1.88
"Franklin","Sarah Ugalde","KAP",478,0.71
"Franklin","Rosalie Woodruff","Grn",8201,12.18
"Franklin","Olwyn Bowden","RUA",330,0.49
"Fraser","Darren Churchill","AD",2444,1.95
"Fraser","Elizabeth Lee","Lib46",39693,31.62
"Fraser","Andrew Leigh","ALP",56063,44.66
"Fraser","Freddy Alcazar","PUP",3063,2.44
"Fraser","Jill Ross","RUA",1508,1.2
"Fraser","Sam Huggins","BTA",5099,4.06
"Fraser","Adam Verwey","Grn",17665,14.07
"Fremantle","Richard McNaught","KAP",1061,1.22
"Fremantle","Jordon Steele-John","Grn",10354,11.89
"Fremantle","Owen Mulder","ACh",1163,1.34
"Fremantle","Teresa van Lieshout","APP13",205,0.24
"Fremantle","Vashil Sharma","PUP",3451,3.96
"Fremantle","Matthew Hanssen","Lib46",33219,38.14
"Fremantle","Jim McCourt","FFP",811,0.93
"Fremantle","Ron Rowlands","CEC",131,0.15
"Fremantle","Philip Scott","RUA",416,0.48
"Fremantle","Sam Wainwright","SAl",743,0.85
"Fremantle","Melissa Parke","ALP",35554,40.82
"Gellibrand","Kerry Arch","FFP",2266,2.59
"Gellibrand","David McConnell","Lib46",23343,26.71
"Gellibrand","Anthony O'Neill","ACh",967,1.11
"Gellibrand","Tim Watts","ALP",40236,46.04
"Gellibrand","Dwayne Singleton","PUP",3413,3.91
"Gellibrand","Rod Swift","Grn",14623,16.73
"Gellibrand","Allan Cashion","ASXP",2540,2.91
"Gilmore","Steve Ryan","CDP",3030,3.34
"Gilmore","Neil Reilly","ALP",31789,35.05
"Gilmore","Terry Barratt","Grn",8438,9.3
"Gilmore","Lyndal Harris","PUP",5726,6.31
"Gilmore","Ann Sudmalis","Lib46",41726,46
"Gippsland","Peter Gardner","Ind",1992,2.25
"Gippsland","Douglas Leitch","ASXP",2101,2.38
"Gippsland","Jeff McNeill","ALP",20467,23.15
"Gippsland","Darren Chester","NPA",47533,53.76
"Gippsland","Angie Foster","FFP",1591,1.8
"Gippsland","Peter Dorian","RUA",367,0.42
"Gippsland","Sav Mangion","ACA",623,0.7
"Gippsland","Deborah Gravenall","PUP",3785,4.28
"Gippsland","Mark Guerin","SPA10",201,0.23
"Gippsland","Scott Campbell-Smith","Grn",5039,5.7
"Gippsland","Ben Buckley","LDP",4716,5.33
"Goldstein","Daniel Guttmann","ALP",21591,23.83
"Goldstein","Keith Ryder","PUP",2044,2.26
"Goldstein","Rose Read","Grn",14408,15.9
"Goldstein","Lynette Hannie","RUA",604,0.67
"Goldstein","Andrew Robb","Lib46",51193,56.51
"Goldstein","Ian Joyner","FFP",751,0.83
"Gorton","Dinesh Jayasuriya","Grn",5597,6.39
"Gorton","Rhiannon Hunter","ASXP",2850,3.25
"Gorton","Mabor Chadhuol","ACh",1132,1.29
"Gorton","Michael Deverala","DLP",2392,2.73
"Gorton","Graham Macardy","KAP",1090,1.24
"Gorton","Brendan O'Connor","ALP",44449,50.73
"Gorton","Anthony Barnes","PUP",5238,5.98
"Gorton","Phil Humphreys","Lib46",22328,25.48
"Gorton","Scott Amberley","FFP",2538,2.9
"Grayndler","Joshua Green","CDP",1828,2.05
"Grayndler","Joel Scully","BTA",1171,1.32
"Grayndler","Cedric Spencer","Lib46",21981,24.7
"Grayndler","Hall Greenland","Grn",20498,23.03
"Grayndler","Mohanas Balasingham","PUP",1522,1.71
"Grayndler","Anthony Albanese","ALP",42009,47.2
"Greenway","Jaymes Diaz","Lib46",34488,40.04
"Greenway","Jamie Cavanough","AVP",545,0.63
"Greenway","Jodie Wootton","PUP",3483,4.04
"Greenway","Tom Lillicrap","ASXP",1516,1.76
"Greenway","Michelle Rowland","ALP",38319,44.48
"Greenway","Anthony Belcastro","KAP",681,0.79
"Greenway","Allan Green","CDP",3253,3.78
"Greenway","Chris Brentin","Grn",3175,3.69
"Greenway","Maree Nichols","RUA",681,0.79
"Grey","Ben Browne","ALP",24205,27.3
"Grey","Kristian Rees","PUP",4457,5.03
"Grey","Cheryl Kaminski","FFP",4878,5.5
"Grey","Alison Sentance","Grn",3289,3.71
"Grey","Rowan Ramsey","Lib46",49334,55.65
"Grey","Greg Fidge","Ind",2488,2.81
"Griffith","Sherrilyn Church","RUA",418,0.48
"Griffith","Jan McNicol","SPP",165,0.19
"Griffith","Greg Sowden","Ind",705,0.82
"Griffith","Luke Murray","KAP",595,0.69
"Griffith","Liam Flenady","SAl",377,0.44
"Griffith","Kevin Rudd","ALP",34878,40.36
"Griffith","Anne Reid","SPA10",445,0.51
"Griffith","Geoff Ebbs","Grn",8799,10.18
"Griffith","Bill Glasson","LNP",36481,42.22
"Griffith","Karin Hunter","PUP",2903,3.36
"Griffith","Adam Kertesz","FFP",643,0.74
"Groom","Robert Thies","CEC",743,0.84
"Groom","Troy Murray","ALP",19451,22.1
"Groom","Chris Whitty","KAP",3243,3.69
"Groom","Ian Macfarlane","LNP",48966,55.64
"Groom","Trevor Smith","Grn",3823,4.34
"Groom","Rick Armitage","RUA",1210,1.37
"Groom","Ewan Mathieson","PUP",8225,9.35
"Groom","Alex Todd","FFP",2342,2.66
"Hasluck","Ken Wyatt","Lib46",38951,45.42
"Hasluck","Chris Munro","ASXP",2236,2.61
"Hasluck","Daniel Stevens","KAP",569,0.66
"Hasluck","Adrian Evans","ALP",28081,32.74
"Hasluck","Robin Scott","PUP",5885,6.86
"Hasluck","Peter Langlands","Grn",6546,7.63
"Hasluck","Jason Whittaker","ACh",2130,2.48
"Hasluck","Kyran Sharrin","FFP",1365,1.59
"Herbert","Gail Hamilton","Grn",4463,5.24
"Herbert","Steve Moir","ON",710,0.83
"Herbert","Nino Marolla","RUA",549,0.64
"Herbert","Bronwyn Walker","KAP",6890,8.08
"Herbert","Ewen Jones","LNP",36952,43.34
"Herbert","Cathy O'Toole","ALP",25051,29.38
"Herbert","Michael Punshon","FFP",1106,1.3
"Herbert","Costa George","ASXP",1576,1.85
"Herbert","Margaret Bell","AVP",383,0.45
"Herbert","Martin Brewster","PUP",7573,8.88
"Higgins","Kelly O'Dwyer","Lib46",47467,54.37
"Higgins","Jamie Baldwin","FFP",742,0.85
"Higgins","Wesa Chau","ALP",21027,24.08
"Higgins","Leanne Price","RUA",354,0.41
"Higgins","Phillip Dall","PUP",1385,1.59
"Higgins","James Harrison","Grn",14669,16.8
"Higgins","Graeme Weber","Ind",1663,1.9
"Hindmarsh","Andrew Payne","Grn",8360,8.84
"Hindmarsh","Matt Williams","Lib46",43639,46.17
"Hindmarsh","George Melissourgos","PUP",2332,2.47
"Hindmarsh","David McCabe","DLP",834,0.88
"Hindmarsh","Kym McKay","KAP",599,0.63
"Hindmarsh","Steve Georganas","ALP",35876,37.95
"Hindmarsh","Bob Randall","FFP",2883,3.05
"Hinkler","Leanne Donaldson","ALP",23442,27.6
"Hinkler","David Dalgleish","KAP",3887,4.58
"Hinkler","Reid Schirmer","Ind",706,0.83
"Hinkler","Troy Sullivan","FFP",1590,1.87
"Hinkler","Keith Pitt","LNP",38005,44.75
"Hinkler","Mark Simpson","Grn",2308,2.72
"Hinkler","Rob Messenger","PUP",14990,17.65
"Holt","Bobby Singh","PUP",4931,5.51
"Holt","Ricardo Balancy","Lib46",29181,32.63
"Holt","Jackie McCullough","Grn",3469,3.88
"Holt","Pam Keenan","FFP",2232,2.5
"Holt","Anthony Byrne","ALP",43096,48.19
"Holt","Jonathan Eli","RUA",933,1.04
"Holt","Lachlan Smith","ASXP",2514,2.81
"Holt","Michael Palma","DLP",1835,2.05
"Holt","Vivian Hill","ACh",1232,1.38
"Hotham","Clare O'Neil","ALP",40512,47.13
"Hotham","Stephen Nowland","FFP",1818,2.11
"Hotham","Fazal Cader","Lib46",31929,37.14
"Hotham","Lorna Wyatt","Grn",7327,8.52
"Hotham","Sam Porter","PUP",2981,3.47
"Hotham","Peter Vassiliou","RUA",1392,1.62
"Hughes","John Peters","PUP",5224,5.9
"Hughes","Alison Megarrity","ALP",28406,32.07
"Hughes","Peter Colsell","CDP",2561,2.89
"Hughes","Signe Westerberg","Grn",3948,4.46
"Hughes","Craig Kelly","Lib46",48436,54.68
"Hume","Lindsay Cosgrove","CEC",1273,1.4
"Hume","Bruce Nicholson","KAP",1658,1.82
"Hume","James Harker-Mortlock","Ind",2096,2.3
"Hume","Michael Pilbrow","ALP",23711,26.06
"Hume","Angus Taylor","Lib46",49105,53.97
"Hume","Jason Cornelius","PUP",4015,4.41
"Hume","Adrian Van Der Byl","CDP",1397,1.54
"Hume","Zaza Chevalier","Grn",5218,5.73
"Hume","Lynette Styles","ON",2521,2.77
"Hunter","David Atwell","Grn",5066,5.89
"Hunter","Michael Johnsen","NPA",30170,35.11
"Hunter","Ann Lawler","CEC",833,0.97
"Hunter","Bill Fox","ON",3245,3.78
"Hunter","Jennifer Stefanac","PUP",6552,7.62
"Hunter","Joel Fitzgibbon","ALP",38241,44.5
"Hunter","Richard Stretton","CDP",1834,2.13
"Indi","Robert Dudley","RUA",985,1.11
"Indi","Cathy McGowan","Ind",27763,31.18
"Indi","Rick Leeworthy","FFP",1330,1.49
"Indi","Sophie Mirabella","Lib46",39785,44.68
"Indi","Helma Aschenbrenner","ASXP",1402,1.57
"Indi","William Hayes","BTA",489,0.55
"Indi","Robyn Walsh","ALP",10375,11.65
"Indi","Jenny O'Connor","Grn",3041,3.42
"Indi","Phil Rourke","KAP",615,0.69
"Indi","Robert Murphy","PUP",2417,2.71
"Indi","Jennifer Podesta","Ind",841,0.94
"Isaacs","John Elliott","FFP",2503,2.89
"Isaacs","James Leach","DLP",1144,1.32
"Isaacs","Nadia Seaman","RUA",558,0.64
"Isaacs","Avtar Gill","PUP",2846,3.28
"Isaacs","Karen Dobby","ACh",743,0.86
"Isaacs","Mark Dreyfus","ALP",35837,41.33
"Isaacs","Sandra Miles","Grn",6120,7.06
"Isaacs","Laith Graham","ASXP",2093,2.41
"Isaacs","Garry Spencer","Lib46",34864,40.21
"Jagajaga","Nick Wallis","ASXP",2565,2.8
"Jagajaga","Tahlia Eadie","FFP",1490,1.63
"Jagajaga","Jenny Macklin","ALP",34813,38
"Jagajaga","Kitten Snape","PUP",2452,2.68
"Jagajaga","Chris Kearney","Grn",11863,12.95
"Jagajaga","Nick McGowan","Lib46",38422,41.94
"Kennedy","George Brazier","PUP",6419,7.63
"Kennedy","Chester Tuxford","Ind",571,0.68
"Kennedy","Jenny Stirling","Grn",2727,3.24
"Kennedy","Bob Katter","KAP",24691,29.36
"Kennedy","Pam Hecht","RUA",508,0.6
"Kennedy","Dan Vogler","FFP",1064,1.27
"Kennedy","Noeline Ikin","LNP",34344,40.84
"Kennedy","Andrew Turnour","ALP",13777,16.38
"Kingsford Smith","Jacquie Shiha","CDP",1379,1.6
"Kingsford Smith","Danielle Somerfield","RUA",357,0.41
"Kingsford Smith","Matt Thistlethwaite","ALP",36177,42.02
"Kingsford Smith","Diane Happ","PUP",1611,1.87
"Kingsford Smith","Michael Feneley","Lib46",37455,43.5
"Kingsford Smith","Geordie Lucas","Fut",693,0.8
"Kingsford Smith","James Macdonald","Grn",8431,9.79
"Kingston","Andy Snoswell","RUA",1191,1.35
"Kingston","Palitja Moore","Grn",6062,6.89
"Kingston","Mitchell Frost","PUP",3709,4.22
"Kingston","Damien Mills","Lib46",28492,32.4
"Kingston","Geoff Doecke","FFP",5168,5.88
"Kingston","Amanda Rishworth","ALP",43328,49.26
"Kooyong","Tiffany Harrison","Ind",1464,1.67
"Kooyong","Josh Frydenberg","Lib46",48802,55.69
"Kooyong","Luke McNamara","PUP",1406,1.6
"Kooyong","Tim Kriedeman","RUA",327,0.37
"Kooyong","Helen McLeod","Grn",14526,16.58
"Kooyong","Angelina Zubac","Ind",621,0.71
"Kooyong","John Kennedy","ALP",19655,22.43
"Kooyong","Jaxon Calder","FFP",825,0.94
"Lalor","Marion Vale","RUA",1684,1.8
"Lalor","Geoff Rogers","ACh",1535,1.64
"Lalor","Jonathan Page","SPP",359,0.38
"Lalor","Michael Freeman","DLP",1768,1.89
"Lalor","Nathan Mullins","Ind",1842,1.97
"Lalor","Beck Sheffield-Brotherton","Grn",5615,6.01
"Lalor","Joe Zappia","PUP",5416,5.8
"Lalor","Angel Harwood","ASXP",3004,3.22
"Lalor","Joanne Ryan","ALP",42184,45.17
"Lalor","Nihal Samara","Lib46",27321,29.26
"Lalor","Daryl Pollard","FFP",2653,2.84
"La Trobe","Michael Schilling","Grn",8905,10.02
"La Trobe","Jason Wood","Lib46",40925,46.05
"La Trobe","Martin Leahy","ASXP",2475,2.79
"La Trobe","Laura Smyth","ALP",28488,32.06
"La Trobe","Rachel Jenkins","DLP",1168,1.31
"La Trobe","Daniel Martin","FFP",1680,1.89
"La Trobe","Jason Kennedy","PUP",4514,5.08
"La Trobe","Kevin Seaman","RUA",711,0.8
"Leichhardt","Frank Miles","FFP",1876,2.19
"Leichhardt","Dale Edwards","RUA",476,0.56
"Leichhardt","George Ryan","KAP",3677,4.29
"Leichhardt","Bruce Gibson","PUP",7326,8.55
"Leichhardt","Johanna Kloot","Grn",5646,6.59
"Leichhardt","Warren Entsch","LNP",38795,45.26
"Leichhardt","Billy Gordon","ALP",27920,32.57
"Lilley","James Ryan","KAP",1899,2.11
"Lilley","Nic Forster","Grn",6908,7.67
"Lilley","Benedict Figueroa","PUP",6193,6.87
"Lilley","Rod McGarvie","LNP",37232,41.32
"Lilley","Wayne Swan","ALP",36228,40.21
"Lilley","Allan Vincent","FFP",1297,1.44
"Lilley","Nick Contarino","CEC",344,0.38
"Lindsay","Jeffrey Lawson","ON",1901,2.17
"Lindsay","David Lenton","Grn",2679,3.06
"Lindsay","Mick Saunders","AFP",610,0.7
"Lindsay","Andrew Wilcox","PUP",4517,5.15
"Lindsay","David Bradbury","ALP",34212,39.03
"Lindsay","Geoff Brown","SPP",408,0.47
"Lindsay","Fiona Scott","Lib46",40882,46.64
"Lindsay","Andrew Green","CDP",2449,2.79
"Lingiari","Peter Flynn","CEC",1639,3.56
"Lingiari","Barbara Shaw","Grn",3572,7.76
"Lingiari","Alf Gould","Ind",748,1.63
"Lingiari","Tina McFarlane","CLP",17593,38.23
"Lingiari","Regina McCarthy","RUA",917,1.99
"Lingiari","Trevor Hedland","PUP",1918,4.17
"Lingiari","Kenny Lechleitner","FNPP",1340,2.91
"Lingiari","Warren Snowdon","ALP",18292,39.75
"Longman","Wyatt Roy","LNP",37570,44.84
"Longman","Brad Kennedy","KAP",2364,2.82
"Longman","Clem van der Weegen","PUP",10714,12.79
"Longman","Caleb Wells","Ind",895,1.07
"Longman","Michael Caisley","ALP",25683,30.65
"Longman","Will Smith","FFP",1977,2.36
"Longman","Ayla Goeytes","ASXP",1283,1.53
"Longman","Helen Fairweather","Grn",3304,3.94
"Lyne","John Klose","CDP",2054,2.38
"Lyne","Craig Huth","ON",2208,2.56
"Lyne","Brian Buckley Clare","KAP",814,0.94
"Lyne","Peter Alley","ALP",18352,21.28
"Lyne","Ian Oxenford","Grn",5340,6.19
"Lyne","David Gillespie","NPA",45871,53.19
"Lyne","Troy Wilkie","PUP",4727,5.48
"Lyne","Michael Gough","CEC",318,0.37
"Lyne","Steve Attkins","Ind",6561,7.61
"Lyons","Eric Hutchinson","Lib46",29662,44.39
"Lyons","Gaye James","FFP",1707,2.55
"Lyons","Quentin Von Stieglitz","PUP",4697,7.03
"Lyons","Pip Brinklow","Grn",5563,8.32
"Lyons","Julian Rogers","RUA",589,0.88
"Lyons","Dick Adams","ALP",24607,36.82
"Macarthur","Mick Williams","KAP",1751,2.06
"Macarthur","Russell Matheson","Lib46",46185,54.33
"Macarthur","Sarah Ramsay","CDP",2189,2.58
"Macarthur","Rob Grosche","PUP",4916,5.78
"Macarthur","Ian Fulton","ALP",26039,30.63
"Macarthur","Patrick Darley-Jones","Grn",3929,4.62
"Mackellar","Jonathan King","Grn",12843,14.19
"Mackellar","Debra Drummond","PUP",3771,4.17
"Mackellar","Silvana Nero","CDP",1791,1.98
"Mackellar","Chris Hedge","ALP",15606,17.24
"Mackellar","Bronwyn Bishop","Lib46",56521,62.43
"Macquarie","Tony Piper","CDP",2720,3.02
"Macquarie","Louise Markus","Lib46",42590,47.36
"Macquarie","Susan Templeman","ALP",27872,31
"Macquarie","Teresa Elaro","DLP",499,0.55
"Macquarie","Philip Maxwell","PUP",3731,4.15
"Macquarie","Matt Hodgson","AFP",750,0.83
"Macquarie","Danielle Wheeler","Grn",9986,11.1
"Macquarie","Mark Littlejohn","ASXP",1776,1.98
"Makin","Tony Zappia","ALP",41873,45.56
"Makin","Andrew Graham","PUP",3818,4.15
"Makin","Robert Jameson","KAP",705,0.77
"Makin","Sue Lawrie","Lib46",34192,37.2
"Makin","Ami Harrison","Grn",5429,5.91
"Makin","Mark Potter","FFP",5891,6.41
"Mallee","Chris Crewther","Lib46",23363,27.22
"Mallee","Mark Cory","PUP",2883,3.36
"Mallee","Amy Mulcahy","ASXP",2118,2.47
"Mallee","Vince Cirillo","KAP",3195,3.72
"Mallee","Chris Lahy","CEC",241,0.28
"Mallee","Allen Ridgeway","Ind",595,0.69
"Mallee","Jan Macallister","Grn",2637,3.07
"Mallee","Tim Middleton","RUA",772,0.9
"Mallee","Neil Buller","FFP",1356,1.58
"Mallee","Andrew Broad","NPA",33270,38.76
"Mallee","Michael Coldham","ACA",384,0.45
"Mallee","Lydia Senior","ALP",15020,17.5
"Maranoa","John Spellman","FFP",2481,2.76
"Maranoa","Nick Cedric-Thompson","ALP",14649,16.29
"Maranoa","Grant Newson","Grn",2762,3.07
"Maranoa","Bruce Scott","LNP",51622,57.42
"Maranoa","George Clouston","RUA",861,0.96
"Maranoa","John Bjelke-Petersen","PUP",12506,13.91
"Maranoa","Rowell Walton","KAP",5027,5.59
"Maribyrnong","Richard Keech","Grn",8920,9.9
"Maribyrnong","Joe Paterno","ACh",888,0.99
"Maribyrnong","Bill Shorten","ALP",43162,47.9
"Maribyrnong","Philip Cutler","PUP",2470,2.74
"Maribyrnong","Marguerita Kavanagh","DLP",1258,1.4
"Maribyrnong","Ted Hatzakortzian","Lib46",29767,33.03
"Maribyrnong","Amy Myers","ASXP",2313,2.57
"Maribyrnong","Hayleigh Carlson","FFP",944,1.05
"Maribyrnong","Jeff Truscott","RUA",395,0.44
"Mayo","Bruce Hicks","FFP",6525,7.14
"Mayo","Bikkar Singh Brar","PUP",3434,3.76
"Mayo","Norah Fahy","ALP",19325,21.14
"Mayo","Ian Grosser","Grn",12931,14.15
"Mayo","Jamie Briggs","Lib46",49195,53.82
"McEwen","Barry Newton","FFP",2906,2.87
"McEwen","Trevor Dance","PUP",6822,6.74
"McEwen","Ferdie Verdan","RUA",463,0.46
"McEwen","Ian Cranson","ACA",686,0.68
"McEwen","Bruce Stevens","KAP",997,0.98
"McEwen","Vicki Nash","ASXP",3256,3.22
"McEwen","Donna Petrovich","Lib46",40853,40.34
"McEwen","Rob Mitchell","ALP",38091,37.62
"McEwen","Neil Barker","Grn",7187,7.1
"McMahon","Ray King","Lib46",33430,40.59
"McMahon","Matthew Dobrincic","PUP",2862,3.48
"McMahon","Chris Bowen","ALP",41334,50.19
"McMahon","Astrid O'Neill","Grn",2410,2.93
"McMahon","Manny Poularas","CDP",2323,2.82
"McMillan","David Amor","KAP",2262,2.41
"McMillan","Gary Patton","SOL",209,0.22
"McMillan","Ben Staggard","ASXP",2168,2.31
"McMillan","Malcolm McKelvie","Grn",7157,7.62
"McMillan","John Parker","Ind",1245,1.33
"McMillan","Andrew Kis-Rigo","DLP",1641,1.75
"McMillan","Matthew Sherry","PUP",4380,4.66
"McMillan","Norman Baker","RUA",627,0.67
"McMillan","Russell Broadbent","Lib46",47316,50.36
"McMillan","Anthony Naus","ALP",23537,25.05
"McMillan","Leigh Gatt","Ind",695,0.74
"McMillan","Ross Fisher","ACA",822,0.87
"McMillan","Luke Conlon","FFP",1893,2.01
"McPherson","Simon Green","FFP",3084,3.72
"McPherson","Susie Douglas","PUP",13203,15.92
"McPherson","Charles Blake","AVP",491,0.59
"McPherson","Gail Hislop","ALP",18866,22.75
"McPherson","Karen Andrews","LNP",41594,50.16
"McPherson","David Wyatt","Grn",5689,6.86
"Melbourne","Anthony Main","Ind",1140,1.35
"Melbourne","Sean Armistead","Lib46",19301,22.83
"Melbourne","Kate Borland","Ind",443,0.52
"Melbourne","Noelle Walker","FFP",453,0.54
"Melbourne","Adam Bandt","Grn",36035,42.62
"Melbourne","Cath Bowtell","ALP",22490,26.6
"Melbourne","Martin Vrbnjak","PUP",780,0.92
"Melbourne","Michael Bayliss","SPP",173,0.2
"Melbourne","Michael Murphy","DLP",442,0.52
"Melbourne","Nyree Walshe","AJP",628,0.74
"Melbourne","Josh Davidson","BTA",297,0.35
"Melbourne","Joyce Khoo","RUA",165,0.2
"Melbourne","Royston Wilding","SPA10",230,0.27
"Melbourne","James Mangisi","ASXP",1621,1.92
"Melbourne","Frazer Kirkman","Ind",183,0.22
"Melbourne","Paul Cummins","AIn",170,0.2
"Melbourne Ports","Melissa Star","ASXP",3089,3.81
"Melbourne Ports","Michael Danby","ALP",25676,31.67
"Melbourne Ports","Robert Keenan","FFP",490,0.6
"Melbourne Ports","Toby Stodart","PUP",1122,1.38
"Melbourne Ports","Vince Stefano","DLP",540,0.67
"Melbourne Ports","Ann Birrell","Grn",16353,20.17
"Melbourne Ports","Kevin Ekendahl","Lib46",33278,41.05
"Melbourne Ports","Margaret Quinn","RUA",201,0.25
"Melbourne Ports","Steven Armstrong","SPP",324,0.4
"Menzies","Kevin Andrews","Lib46",52290,58.88
"Menzies","Richard Cranston","Grn",7663,8.63
"Menzies","Manoj Kumar","ALP",22788,25.66
"Menzies","Agostino Guardiani","PUP",2353,2.65
"Menzies","Ramon Robinson","Ind",1287,1.45
"Menzies","Phil Baker","RUA",508,0.57
"Menzies","Andrew Conlon","FFP",1917,2.16
"Mitchell","Darryl Allen","CDP",2794,3.23
"Mitchell","Michael Bellstedt","Grn",5554,6.41
"Mitchell","Murray Schultz","PUP",2792,3.22
"Mitchell","Nathan Dodd","DLP",987,1.14
"Mitchell","Alex Hawke","Lib46",56706,65.47
"Mitchell","Andrew Punch","ALP",17775,20.52
"Moncrieff","Barrie Nicholson","FFP",1744,2.19
"Moncrieff","Peter Spajic","CEC",330,0.41
"Moncrieff","Steven Ciobo","LNP",44295,55.69
"Moncrieff","Grant Pforr","PUP",10882,13.68
"Moncrieff","Veronica Beric","ON",600,0.75
"Moncrieff","Toni McPherson","Grn",5127,6.45
"Moncrieff","Jason Munro","ALP",16562,20.82
"Moore","Jason Lawrance","ALP",22324,26.01
"Moore","Gary Morris","PUP",5745,6.69
"Moore","Rex Host","ACh",1602,1.87
"Moore","Louahna Lloyd","Grn",8539,9.95
"Moore","Mary Pritchett","RUA",738,0.86
"Moore","Josh Catalano","Sprt",1324,1.54
"Moore","Ian Goodenough","Lib46",45562,53.08
"Moreton","Graham Perrett","ALP",31932,38.73
"Moreton","Wayne Grunert","CEC",208,0.25
"Moreton","Chris Mallcott","KAP",1070,1.3
"Moreton","Haydon Muscat","Fut",481,0.58
"Moreton","Carolyn Ferrando","FFP",1250,1.52
"Moreton","Malcolm Cole","LNP",34824,42.24
"Moreton","Jeremy Davey","PUP",4147,5.03
"Moreton","Bruce Fry","RUA",303,0.37
"Moreton","Elissa Jenkins","Grn",8234,9.99
"Murray","Tristram Chellew","ASXP",2337,2.63
"Murray","Sharman Stone","Lib46",54490,61.41
"Murray","Michael Bourke","KAP",2423,2.73
"Murray","Wendy Buck","Ind",1176,1.33
"Murray","Damien Stevens","Grn",3485,3.93
"Murray","Catriona Thoolen","PUP",2964,3.34
"Murray","Fern Summer","BTA",986,1.11
"Murray","Raymond Hungerford","RUA",563,0.63
"Murray","Alan Walker","FFP",1589,1.79
"Murray","Rod Higgins","ALP",18403,20.74
"Murray","Jeff Davy","CEC",316,0.36
"Newcastle","Michael Chehoff","AFP",922,1.08
"Newcastle","Zane Alcorn","SAl",616,0.72
"Newcastle","Yegon McLellan","PUP",3518,4.11
"Newcastle","Rod Holding","Ind",674,0.79
"Newcastle","Susanna Scurry","Ind",1026,1.2
"Newcastle","Milton Caine","CDP",1091,1.28
"Newcastle","Jaimie Abbott","Lib46",29632,34.66
"Newcastle","Lawrence Higgins","AIn",367,0.43
"Newcastle","Sharon Claydon","ALP",37391,43.73
"Newcastle","Michael Osborne","Grn",10258,12
"New England","Phillip Girle","PUP",4746,5.2
"New England","Brian Dettmann","ON",1566,1.72
"New England","Pat Schultz","Grn",4184,4.58
"New England","Rob Taber","Ind",12574,13.77
"New England","Jamie McIntyre","Ind",6059,6.64
"New England","Barnaby Joyce","NPA",49486,54.21
"New England","Richard Witten","CEC",353,0.39
"New England","Stephen Hewitt","ALP",10825,11.86
"New England","Aaron Evans","CDP",1496,1.64
"North Sydney","Raheam Khan","PUP",1493,1.69
"North Sydney","Joe Hockey","Lib46",53991,61.04
"North Sydney","Alison Haines","Grn",13579,15.35
"North Sydney","Angus McCaffrey","DLP",766,0.87
"North Sydney","Peter Hayes","ALP",17727,20.04
"North Sydney","Maureen Guthrie","CDP",892,1.01
"O'Connor","Michael Salt","ALP",14234,17.25
"O'Connor","Jean Robinson","CEC",407,0.49
"O'Connor","Phillip Bouwman","KAP",660,0.8
"O'Connor","Chub Witham","NPA",20914,25.35
"O'Connor","Vanessa Korber","RUA",595,0.72
"O'Connor","Diane Evers","Grn",5627,6.82
"O'Connor","Mike Walsh","ACh",2079,2.52
"O'Connor","Rick Wilson","Lib46",32284,39.13
"O'Connor","Steven Fuhrmann","FFP",698,0.85
"O'Connor","Jane Mouritz","Ind",1431,1.73
"O'Connor","Michael Lucas","PUP",3581,4.34
"Oxley","Andrew Nguyen","LNP",29064,38.44
"Oxley","Frank Karg","DLP",1075,1.42
"Oxley","Martin Stephenson","Grn",4072,5.38
"Oxley","Kathleen Hewlett","KAP",1499,1.98
"Oxley","Scott Moerland","RUA",400,0.53
"Oxley","Ricky Tang","PUP",5368,7.1
"Oxley","Bernie Ripoll","ALP",32589,43.1
"Oxley","Carrie McCormack","FFP",1551,2.05
"Page","Kevin Hogan","NPA",40088,46.65
"Page","Janelle Saffin","ALP",33336,38.79
"Page","Carol Ordish","CDP",1394,1.62
"Page","Stephen Janes","PUP",4135,4.81
"Page","Desley Banks","Grn",5601,6.52
"Page","Rod Smith","ON",1381,1.61
"Parkes","Mark Coulton","NPA",58020,64.01
"Parkes","Matt Parmeter","Grn",4691,5.18
"Parkes","Neil Gorman","PUP",6724,7.42
"Parkes","Michelle Ryan","CDP",2354,2.6
"Parkes","Brendan Byron","ALP",18850,20.8
"Parramatta","Miechele Williams","DLP",1626,2.02
"Parramatta","Gary Loke","PUP",1760,2.18
"Parramatta","Kalpesh Patel","Ind",1204,1.49
"Parramatta","Julie Owens","ALP",33261,41.26
"Parramatta","Phil Bradley","Grn",4261,5.29
"Parramatta","Martin Zaiter","Lib46",35724,44.31
"Parramatta","Tania Rollinson","ON",822,1.02
"Parramatta","Alex Sharah","CDP",1957,2.43
"Paterson","Anna Balfour","CDP",1854,2.13
"Paterson","Jayson Packett","PUP",5451,6.26
"Paterson","Peter Davis","CEC",390,0.45
"Paterson","Bob Holz","RUA",877,1.01
"Paterson","John Brown","Grn",5812,6.67
"Paterson","Bay Marshall","ALP",25811,29.63
"Paterson","Bob Baldwin","Lib46",46922,53.86
"Pearce","Sarah Nielsen-Harvey","Grn",9901,11.23
"Pearce","Craig McAllister","NPA",4326,4.91
"Pearce","Norman Gay","CEC",439,0.5
"Pearce","Eddie Richards","KAP",727,0.82
"Pearce","Madeleine West","ALP",22827,25.88
"Pearce","Matthew Corica","AD",572,0.65
"Pearce","Danielle Canas","ACh",1746,1.98
"Pearce","Diane Davies","RUA",791,0.9
"Pearce","Christian Porter","Lib46",40275,45.67
"Pearce","Frank Hough","PUP",6587,7.47
"Perth","Paul Connelly","ACh",1891,2.28
"Perth","Ant Clark","Ind",1025,1.24
"Perth","Alannah MacTiernan","ALP",34215,41.25
"Perth","Jonathan Hallett","Grn",8801,10.61
"Perth","Evelyn Edney","RUA",422,0.51
"Perth","Lesley Croll","FFP",669,0.81
"Perth","Gabriel Harfouche","PUP",2897,3.49
"Perth","Darryl Moore","Lib46",33021,39.81
"Petrie","Elise Jennings","RUA",920,1.11
"Petrie","Thor Prohaska","PUP",8422,10.2
"Petrie","John Marshall","Grn",3729,4.52
"Petrie","Chris Thomson","KAP",1336,1.62
"Petrie","Tasman Spence","FFP",1774,2.15
"Petrie","Luke Howarth","LNP",33570,40.65
"Petrie","Geoff Cornell","CEC",192,0.23
"Petrie","Yvette D'Ath","ALP",32630,39.52
"Port Adelaide","Bruce Hambour","FFP",6843,7.52
"Port Adelaide","Chandy Huynh","PUP",5227,5.74
"Port Adelaide","Terry Cooksley","AFP",1116,1.23
"Port Adelaide","Nigel McKenna","Lib46",23955,26.32
"Port Adelaide","Dusan Popovic","Grn",7834,8.61
"Port Adelaide","Mark Butler","ALP",46024,50.58
"Rankin","Neil Cotter","Grn",4405,5.29
"Rankin","Chris Claydon","KAP",1697,2.04
"Rankin","Bill Rogan","PUP",9228,11.09
"Rankin","Jim Chalmers","ALP",35098,42.18
"Rankin","David Lin","LNP",30260,36.37
"Rankin","Chris Lawrie","FFP",2514,3.02
"Reid","John Murphy","ALP",34817,40.57
"Reid","Raymond Palmer","AIn",1215,1.42
"Reid","Pauline Tyrrell","Grn",5968,6.95
"Reid","Bishrul Izadeen","KAP",297,0.35
"Reid","Nadeem Ashraf","PUP",1298,1.51
"Reid","Emily Dunn","DLP",580,0.68
"Reid","Craig Laundy","Lib46",40430,47.11
"Reid","Bill Shailer","CDP",1219,1.42
"Richmond","John Ordish","CDP",1224,1.44
"Richmond","Kev Skinner","Ind",1971,2.31
"Richmond","Matthew Fraser","NPA",32066,37.6
"Richmond","Justine Elliot","ALP",28575,33.51
"Richmond","Dawn Walker","Grn",15083,17.69
"Richmond","Phil Allen","PUP",6359,7.46
"Riverina","Andrew Lamont","BTA",2405,2.73
"Riverina","Lorraine Sharp","AFP",1287,1.46
"Riverina","Paul Funnell","DLP",3137,3.57
"Riverina","Michael McCormack","NPA",52062,59.18
"Riverina","Keith Pech","CDP",1314,1.49
"Riverina","Norm Dunn","KAP",1044,1.19
"Riverina","Tim Kurylowicz","ALP",17970,20.43
"Riverina","Ros Prangnell","Grn",3169,3.6
"Riverina","Lex Stewart","PUP",4545,5.17
"Riverina","Kim Heath","RUA",1040,1.18
"Robertson","Jake Cassar","Ind",2480,2.78
"Robertson","Paul Sheeran","DLP",474,0.53
"Robertson","Lucy Wicks","Lib46",38704,43.42
"Robertson","Steve Whitaker","PUP",2082,2.34
"Robertson","Holly Beecham","CDP",1115,1.25
"Robertson","Lawrie McKinna","Ind",7763,8.71
"Robertson","Kate Da Costa","Grn",4966,5.57
"Robertson","Douglas McFarland","AIn",510,0.57
"Robertson","Deborah O'Neill","ALP",31046,34.83
"Ryan","Damien Hamwood","ALP",23385,25.51
"Ryan","Charles Worringham","Grn",13235,14.44
"Ryan","Jane Prentice","LNP",47366,51.68
"Ryan","Craig Gunnis","PUP",4558,4.97
"Ryan","Peter Walker","KAP",1140,1.24
"Ryan","Michael Sweedman","SPA10",761,0.83
"Ryan","Lisa Demedio","FFP",1213,1.32
"Scullin","Peter Cooper","PUP",5991,6.62
"Scullin","Andrew Giles","ALP",45484,50.26
"Scullin","Katie Conlon","FFP",2394,2.65
"Scullin","Nathan Rolph","ASXP",2453,2.71
"Scullin","Jag Chugha","Lib46",26369,29.14
"Scullin","Domenic Greco","KAP",1025,1.13
"Scullin","Rose Ljubicic","Grn",6780,7.49
"Shortland","Jill Hall","ALP",41892,48.69
"Shortland","Andrew Weatherstone","CDP",1081,1.26
"Shortland","John Church","Lib46",32532,37.81
"Shortland","Jane Oakley","Grn",5198,6.04
"Shortland","Phil Baldwin","PUP",5341,6.21
"Solomon","Krystal Metcalf","ASXP",1847,3.46
"Solomon","Trudy Campbell","CEC",217,0.41
"Solomon","Todd Williams","Grn",4269,7.99
"Solomon","Martin Burgess","VEP",597,1.12
"Solomon","Luke Gosling","ALP",18929,35.43
"Solomon","Paul Sellick","RUA",527,0.99
"Solomon","Stephen Spain","PUP",2691,5.04
"Solomon","Natasha Griggs","CLP",23875,44.69
"Solomon","Eileen Cummings","FNPP",470,0.88
"Stirling","Tim Clifford","Grn",9359,11.27
"Stirling","Kevin Host","ACh",1704,2.05
"Stirling","Matueny Luke","FFP",686,0.83
"Stirling","Wayne Thompson","PUP",3342,4.02
"Stirling","Kim Mubarak","Ind",901,1.08
"Stirling","Michael Keenan","Lib46",43039,51.82
"Stirling","Alison Rowe","RUA",498,0.6
"Stirling","Dan Caddy","ALP",23531,28.33
"Sturt","Christopher Pyne","Lib46",49429,54.4
"Sturt","Kylie Barnes","FFP",3565,3.92
"Sturt","Rick Sarre","ALP",26258,28.9
"Sturt","Gabriella Scali","PUP",2713,2.99
"Sturt","Anne Walker","Grn",8902,9.8
"Swan","Troy Ellis","APP13",718,0.88
"Swan","Steve Irons","Lib46",39972,48.86
"Swan","Steve Klomp","ACh",1465,1.79
"Swan","Paul Davies","RUA",488,0.6
"Swan","Ken Duncan","PUP",3463,4.23
"Swan","John Bissett","ALP",25037,30.6
"Swan","Moyna Rapp","FFP",797,0.97
"Swan","Noel Avery","KAP",421,0.51
"Swan","Gerard Siero","Grn",9446,11.55
"Sydney","Jane Ward","Ind",1408,1.6
"Sydney","Sean O'Connor","Lib46",26901,30.52
"Sydney","Peter Boyle","SAl",613,0.7
"Sydney","Lesley Mason","CDP",723,0.82
"Sydney","Joanna Rzetelski","Ind",602,0.68
"Sydney","Tim Kelly","PUP",1261,1.43
"Sydney","Leah Gartner","BTA",791,0.9
"Sydney","Dianne Hiles","Grn",15273,17.33
"Sydney","Tanya Plibersek","ALP",40579,46.03
"Tangney","Stephen Carson","RUA",922,1.08
"Tangney","Dennis Jensen","Lib46",48752,57.17
"Tangney","Wayne Driver","PUP",3738,4.38
"Tangney","Luke Willis","ALP",20744,24.33
"Tangney","John Wieske","ACh",2236,2.62
"Tangney","Peter Best","Grn",8882,10.42
"Throsby","May King","PUP",3885,4.6
"Throsby","Peter Moran","Grn",4613,5.47
"Throsby","Larissa Mallinson","Lib46",23498,27.84
"Throsby","John Kadwell","CDP",1938,2.3
"Throsby","Stephen Jones","ALP",37980,45
"Throsby","Brian Boulton","DLP",407,0.48
"Throsby","Glenn Turner","KAP",473,0.56
"Throsby","Wayne Hartman","NCP01",435,0.52
"Throsby","Paul Matters","Ind",1948,2.31
"Throsby","Gary Anderson","NPA",8539,10.12
"Throsby","Elrond Veness","BTA",677,0.8
"Wakefield","Tom Zorich","Lib46",34425,37.89
"Wakefield","Sherree Clay","Grn",4683,5.15
"Wakefield","Mark Aldridge","Ind",3729,4.1
"Wakefield","Tony Musolino","KAP",964,1.06
"Wakefield","Dino Musolino","PUP",3890,4.28
"Wakefield","Nick Champion","ALP",37723,41.52
"Wakefield","Paul Coombe","FFP",5436,5.98
"Wannon","Tess Corbett","ACh",1167,1.32
"Wannon","Michael Barling","ALP",26044,29.53
"Wannon","Tim Emanuelle","Grn",5668,6.43
"Wannon","Chris Johnson","ASXP",2455,2.78
"Wannon","Craig Haberfield","FFP",1957,2.22
"Wannon","Dan Tehan","Lib46",47392,53.73
"Wannon","Bradley Ferguson","PUP",3519,3.99
"Warringah","Jules Zanetti","ALP",17259,19.32
"Warringah","Brodie Stewart","PUP",1961,2.2
"Warringah","Mike Bloomfield","RUA",472,0.53
"Warringah","Will Kitching","Grn",13873,15.53
"Warringah","Ula Falanga","CDP",630,0.71
"Warringah","Tony Abbott","Lib46",54388,60.89
"Warringah","Mike Cottee","SPP",744,0.83
"Watson","Ron Delezio","Lib46",30617,38.74
"Watson","Barbara Bloch","Grn",4171,5.28
"Watson","Stephen Rawson","DLP",897,1.14
"Watson","John Nasser","PUP",1970,2.49
"Watson","Tony Burke","ALP",39126,49.51
"Watson","Paul Kamlade","RUA",376,0.48
"Watson","David Fraser","CDP",1873,2.37
"Wentworth","Di Smith","ALP",17840,19.37
"Wentworth","Marsha Foxman","PUP",998,1.08
"Wentworth","Malcolm Turnbull","Lib46",58306,63.32
"Wentworth","Beresford Thomas","CDP",431,0.47
"Wentworth","Pat Sheil","Ind",1054,1.14
"Wentworth","Matthew Robertson","Grn",13455,14.61
"Werriwa","John Ramsay","CDP",2936,3.79
"Werriwa","Michael Byrne","DLP",1562,2.02
"Werriwa","Kent Johns","Lib46",30693,39.67
"Werriwa","Marella Harris","ON",1519,1.96
"Werriwa","Laurie Ferguson","ALP",34117,44.09
"Werriwa","Daniel Griffiths","Grn",2532,3.27
"Werriwa","Katryna Thirup","PUP",3363,4.35
"Werriwa","Kerryn Ball","KAP",657,0.85
"Wide Bay","Warren Truss","LNP",41767,48.87
"Wide Bay","Gordon Dale","KAP",5022,5.88
"Wide Bay","Joy Ringrose","Grn",5596,6.55
"Wide Bay","Stephen Anderson","PUP",13574,15.88
"Wide Bay","John Chapman","FFP",1286,1.5
"Wide Bay","Grace Dickins","RUA",517,0.6
"Wide Bay","Lucy Stanton","ALP",17697,20.71
"Wills","Dean O'Callaghan","Ind",2040,2.25
"Wills","Tim Read","Grn",20157,22.23
"Wills","Adrian Trajstman","ASXP",2363,2.61
"Wills","Margarita Windisch","SAl",1024,1.13
"Wills","Concetta Giglia","FFP",1285,1.42
"Wills","Anne Murray-Dufoulon","PUP",2158,2.38
"Wills","Shilpa Hegde","Lib46",20710,22.84
"Wills","Kelvin Thomson","ALP",40931,45.14
"Wright","Stephen Lynch","FFP",2087,2.58
"Wright","Tony Maunder","RUA",565,0.7
"Wright","Judith Summers","Grn",4358,5.4
"Wright","David Nuendorf","KAP",4332,5.37
"Wright","Angie Ison","PUP",11691,14.48
"Wright","Matthew Wright","Ind",1810,2.24
"Wright","Sharon Murakami","ALP",17267,21.39
"Wright","Scott Buchholz","LNP",38630,47.84
