"Seat","Candidate","Party","Votes","Vote_perc"
"Adelaide","Chris Hurford","ALP",34960,55.33
"Adelaide","John Buik","Ind",284,0.45
"Adelaide","Andrew Sickerdick","AD",4383,6.94
"Adelaide","Jenni London","Lib46",22650,35.84
"Adelaide","Mark Thiel","Ind",479,0.76
"Adelaide","Bryan Stokes","NPA",434,0.69
"Aston","Harry Eichler","AD",3920,6.93
"Aston","John Saunderson","ALP",28926,51.14
"Aston","Robert Garratt","DLP",1433,2.53
"Aston","Rob Llewellyn","Lib46",22286,39.4
"Ballarat","Graham Gough","AD",2163,3.44
"Ballarat","John Ferwerda","DLP",737,1.17
"Ballarat","John Ronan","Lib46",27952,44.42
"Ballarat","Douglas Stewart","NPA",961,1.53
"Ballarat","John Mildren","ALP",31119,49.45
"Banks","John Mountford","ALP",35473,57.43
"Banks","Montague Green","AD",4590,7.43
"Banks","Max Parker","Lib46",21705,35.14
"Barker","James Porter","Lib46",35429,57.25
"Barker","Meg Lees","AD",3266,5.28
"Barker","Richard Jacka","NPA",1775,2.87
"Barker","Jeremy Moore","ALP",21412,34.6
"Barton","Ron George","AD",4209,6.49
"Barton","Jim Bradfield","Lib46",29199,45.03
"Barton","Gary Punch","ALP",31431,48.48
"Bass","Warwick Smith","Lib46",27226,51.96
"Bass","Michael Preece","AD",2624,5.01
"Bass","Vicki Buchanan","ALP",22544,43.03
"Batman","Brian Howe","ALP",39128,71.57
"Batman","Philip L'Huillier","DLP",1836,3.36
"Batman","Mary Hoysted","Lib46",11371,20.8
"Batman","James Cockell","AD",2338,4.28
"Bendigo","Vincent Jordan","DLP",1361,2.15
"Bendigo","Reginald Holt","NPA",5599,8.86
"Bendigo","Daryl McClure","Lib46",23197,36.69
"Bendigo","Nola Rixon","AD",2017,3.19
"Bendigo","John Brumby","ALP",31047,49.11
"Bennelong","Steve Gabell","AD",5377,8.61
"Bennelong","John Howard","Lib46",33820,54.16
"Bennelong","Margaret Duckett","ALP",23251,37.23
"Berowra","Rodney Berry","ALP",19092,30.59
"Berowra","Harry Edwards","Lib46",37545,60.15
"Berowra","Chris Rogers","AD",5777,9.26
"Blaxland","Samuel Adams","AD",4165,7.32
"Blaxland","Paul Keating","ALP",35139,61.77
"Blaxland","Bob Young","Lib46",17581,30.91
"Bonython","Graham Sara","Lib46",14902,26.61
"Bonython","John Longhurst","AD",5279,9.43
"Bonython","Neal Blewett","ALP",35817,63.96
"Boothby","Steele Hall","Lib46",33640,54.24
"Boothby","Bruce Whyatt","ALP",21736,35.04
"Boothby","Douglas Lindley","NPA",585,0.94
"Boothby","Margaret-Ann Williams","AD",6064,9.78
"Bowman","Ronald Heindorff","AD",3691,6.5
"Bowman","Noel Willersdorf","NPA",11443,20.14
"Bowman","Leo White","Lib46",12378,21.78
"Bowman","Len Keogh","ALP",29312,51.58
"Braddon","Greg Peart","ALP",22500,43.4
"Braddon","Chris Miles","Lib46",27296,52.65
"Braddon","Gavin Bugg","AD",2047,3.95
"Bradfield","David Connolly","Lib46",44901,71.55
"Bradfield","Emma Veitch","AD",4864,7.75
"Bradfield","Matthew Strassberg","ALP",12991,20.7
"Brand","Thomas Renfrey","Ind",1820,3.32
"Brand","Wendy Fatin","ALP",29321,53.53
"Brand","Christopher Boyle","Lib46",23633,43.15
"Brisbane","Manfred Cross","ALP",30391,50.28
"Brisbane","George Leigh","AD",3764,6.23
"Brisbane","Ian Douglas","Lib46",16918,27.99
"Brisbane","William Owen","NPA",9370,15.5
"Bruce","Mary Mulholland","DLP",2171,3.68
"Bruce","Ken Aldred","Lib46",27536,46.7
"Bruce","Michael Johnson","AD",3528,5.98
"Bruce","Joan Graystone","ALP",25723,43.63
"Burke","Marisa d'Agostino","Lib46",23273,41.27
"Burke","Leslie Vidler","NPA",1823,3.23
"Burke","Genevieve Cormick","DLP",862,1.53
"Burke","Neil O'Keefe","ALP",27446,48.67
"Burke","George Hunter","AD",2985,5.29
"Calare","Ian Byrne","Lib46",10794,17.38
"Calare","Russ Turner","NPA",13664,22
"Calare","Margaret Stevenson","Ind",4596,7.4
"Calare","David Simmons","ALP",30956,49.84
"Calare","Gregory Hamilton","AD",2101,3.38
"Calwell","Andrew Theophanous","ALP",36660,68.77
"Calwell","Lesley Ellen","AD",2502,4.69
"Calwell","Martin Mulholland","DLP",870,1.63
"Calwell","Graham Anderson","Lib46",13277,24.91
"Canberra","Gary Humphries","Lib46",21667,33.4
"Canberra","Robyn Hancock","NDP",4945,7.62
"Canberra","Joanne Hansen","DSPA",724,1.12
"Canberra","Fiona Richardson","AD",4087,6.3
"Canberra","Ros Kelly","ALP",33454,51.57
"Canning","George Gear","ALP",27415,50.57
"Canning","Elizabeth Capill","AD",3363,6.2
"Canning","Ricky Johnston","Lib46",23430,43.22
"Capricornia","Peter Knack","AD",1588,2.7
"Capricornia","Alan Agnew","Lib46",5385,9.15
"Capricornia","Keith Wright","ALP",29936,50.86
"Capricornia","Eric Geissmann","Ind",416,0.71
"Capricornia","Colin Webber","NPA",21539,36.59
"Casey","John Garratt","DLP",1744,3.06
"Casey","Robert Gray","NPA",729,1.28
"Casey","Bob Halverson","Lib46",25070,43.94
"Casey","Peter Steedman","ALP",25240,44.24
"Casey","Michael Nardella","AD",3709,6.5
"Casey","Rosamund Ewan","PPA",564,0.99
"Charlton","Don Harris","Lib46",16216,27.4
"Charlton","Lyn Godfrey","AD",6105,10.32
"Charlton","Bob Brown","ALP",36860,62.28
"Chifley","Ken Jessup","Lib46",14115,27.62
"Chifley","Dominic Fanning","AD",2951,5.77
"Chifley","Roger Price","ALP",34034,66.6
"Chisholm","Kevin Carroll","DLP",1779,2.83
"Chisholm","Colin Rochford","AD",3928,6.24
"Chisholm","Graham Harris","Lib46",27860,44.25
"Chisholm","Helen Mayer","ALP",28696,45.58
"Chisholm","Ray Murphy","NPA",693,1.1
"Cook","Peter McIlwaine","ALP",26153,41.75
"Cook","Don Dobie","Lib46",32915,52.55
"Cook","Brett Gooley","AD",3572,5.7
"Corangamite","James Jordan","DLP",1559,2.53
"Corangamite","Roy Charles","PPA",552,0.9
"Corangamite","Robert Mann","AD",2178,3.54
"Corangamite","Bruce Webster","NPA",2028,3.29
"Corangamite","Gavan O'Connor","ALP",25772,41.85
"Corangamite","Stewart McArthur","Lib46",29487,47.89
"Corio","Roger Phipps","Lib46",19927,33.67
"Corio","Gordon Scholes","ALP",35042,59.2
"Corio","James King","NPA",1198,2.02
"Corio","Ian Green","Ind",368,0.62
"Corio","Louise Sharah","DLP",865,1.46
"Corio","Greta Pearce","AD",1788,3.02
"Cowan","Jeff Roberts","Lib46",22969,42.99
"Cowan","Alan Needham","AD",3081,5.77
"Cowan","Carolyn Jakobsen","ALP",27373,51.24
"Cowper","Garry Nehl","NPA",18110,30.15
"Cowper","David Rees","Ind",2027,3.37
"Cowper","Alfred Tozer","AD",1729,2.88
"Cowper","Peter Simpson","Lib46",12032,20.03
"Cowper","Keith Jervis","Ind",1499,2.5
"Cowper","Joe Moran","ALP",24672,41.07
"Cunningham","Stewart West","ALP",35250,62.79
"Cunningham","Rudolph Dezelin","Ind",621,1.11
"Cunningham","Neil Cleary","Ind",1221,2.17
"Cunningham","Greg Butler","AD",4281,7.63
"Cunningham","John Garcia","SWP",561,1
"Cunningham","Gayle Mitchell","Lib46",14209,25.31
"Curtin","Marjorie McKercher","AD",4690,7.64
"Curtin","Beth Schultz","ALP",22205,36.16
"Curtin","Allan Rocher","Lib46",34519,56.21
"Dawson","Ray Braithwaite","NPA",31299,52.13
"Dawson","Antony Lucas","AD",1913,3.19
"Dawson","John Bird","ALP",26823,44.68
"Deakin","Richard Johns","ALP",27980,45.15
"Deakin","Jeffrey McAlpine","AD",3774,6.09
"Deakin","Peter Ferwerda","DLP",1240,2
"Deakin","Julian Beale","Lib46",28975,46.76
"Denison","Mary Willey","Ind",3747,6.95
"Denison","Michael Hodgman","Lib46",25929,48.1
"Denison","Kay Spurr","ALP",24230,44.95
"Dobell","Isaac Shields","Lib46",20114,36.31
"Dobell","Lynn Sawyer","AD",4168,7.52
"Dobell","Michael Lee","ALP",31112,56.16
"Dundas","John Tuminello","AD",5400,8.81
"Dundas","Margaret Blaxell","ALP",22076,36
"Dundas","Philip Ruddock","Lib46",33846,55.19
"Dunkley","Judy Hale","NPA",1494,2.61
"Dunkley","Leonie Clark","Lib46",25070,43.75
"Dunkley","Bob Chynoweth","ALP",26605,46.42
"Dunkley","Grenville Charles","AD",3519,6.14
"Dunkley","John Cass","DLP",621,1.08
"Eden-Monaro","Murray Sainsbury","Lib46",23675,42.72
"Eden-Monaro","Jim Snow","ALP",26131,47.15
"Eden-Monaro","Alexander Black","NPA",2178,3.93
"Eden-Monaro","Bob Shumack","NDP",3435,6.2
"Fadden","Janice Barber","AD",3354,6.41
"Fadden","Peter Wilson","ALP",21335,40.74
"Fadden","Alun Preece","NPA",8738,16.69
"Fadden","David Jull","Lib46",18938,36.17
"Fairfax","Bob Borsellino","AD",3608,6.91
"Fairfax","Peter Shooter","ALP",17607,33.72
"Fairfax","Terry Welch","Lib46",7402,14.18
"Fairfax","Evan Adermann","NPA",23593,45.19
"Farrer","Eric Thomas","ALP",22238,35.79
"Farrer","Tim Fischer","NPA",26986,43.43
"Farrer","John Roach","Lib46",12915,20.78
"Fisher","Kent Farrell","AD",3807,6.85
"Fisher","Garth Head","ALP",23554,42.38
"Fisher","Peter Slipper","NPA",20214,36.37
"Fisher","Lionel Kilner","Lib46",7998,14.39
"Flinders","Peter Reith","Lib46",25450,45.38
"Flinders","Russell Joiner","ALP",25287,45.09
"Flinders","Murray Gill","AD",2389,4.26
"Flinders","John McNamara","DLP",646,1.15
"Flinders","John Miln","PPA",529,0.94
"Flinders","Paul van Staveren","NPA",1780,3.17
"Forde","Michael Coogan","AD",3564,6.79
"Forde","Francis Gaffy","NPA",8675,16.52
"Forde","Hamish Linacre","ALP",23573,44.88
"Forde","David Watson","Lib46",16707,31.81
"Forrest","Alfred Bessell","Ind",646,1.09
"Forrest","Peter Drummond","Lib46",30009,50.41
"Forrest","Peter Holland","ALP",27177,45.65
"Forrest","Anne Fussell","AD",1701,2.86
"Fowler","Ted Grace","ALP",34075,66.92
"Fowler","David Bransdon","Ind",3065,6.02
"Fowler","Ken Wills","Lib46",13781,27.06
"Franklin","John Thomson","AD",2916,5.73
"Franklin","John Devereux","ALP",20701,40.64
"Franklin","Bruce Goodluck","Lib46",27315,53.63
"Fraser","Rozalyn Daniell","DSPA",2102,3.03
"Fraser","Kevin Wise","Ind",353,0.51
"Fraser","Arthur Burns","Ind",345,0.5
"Fraser","Andrew Freeman","AD",6138,8.84
"Fraser","John McLaren","Lib46",21558,31.06
"Fraser","John Langmore","ALP",38183,55.01
"Fraser","Emile Brunoro","Ind",737,1.06
"Fremantle","Max Adams","Lib46",19152,33.88
"Fremantle","Shirley de la Hunty","AD",3362,5.95
"Fremantle","John Dawkins","ALP",33366,59.02
"Fremantle","Timothy Peach","Ind",650,1.15
"Gellibrand","Christopher Gowing","Lib46",14073,23.99
"Gellibrand","Shirley Bold","AD",2148,3.66
"Gellibrand","Margaret Reed","DLP",982,1.67
"Gellibrand","James Doughney","SWP",672,1.15
"Gellibrand","Ralph Willis","ALP",40777,69.52
"Gilmore","John Sharp","NPA",16463,28.29
"Gilmore","John Sanders","AD",1595,2.74
"Gilmore","Noel Anderson","Lib46",12213,20.98
"Gilmore","Rodney Lander","NDP",2003,3.44
"Gilmore","Ronald Sarina","Ind",114,0.2
"Gilmore","Bob Stephens","ALP",25812,44.35
"Gippsland","Peter Gardner","NDP",2702,4.44
"Gippsland","Ben Buckley","Ind",1176,1.93
"Gippsland","Bill de Vink","ALP",17522,28.82
"Gippsland","Peter McGauran","NPA",24818,40.82
"Gippsland","Rod Conley","Lib46",11984,19.71
"Gippsland","Margaret Handley","DLP",789,1.3
"Gippsland","Wilma Western","AD",1808,2.97
"Goldstein","Patrick Keelan","DLP",1763,2.8
"Goldstein","Pat Brown","NPA",1014,1.61
"Goldstein","Maureen Boaler","AD",3232,5.13
"Goldstein","Garry Moore","ALP",24147,38.36
"Goldstein","Ian Macphee","Lib46",32788,52.09
"Grayndler","Christine Broi","SWP",2909,5.04
"Grayndler","John Marsden-Lynch","Lib46",16908,29.28
"Grayndler","Peter Hennessy","AD",3090,5.35
"Grayndler","Leo McLeay","ALP",34847,60.34
"Greenway","Ray Eade","Ind",2557,4.63
"Greenway","Russ Gorman","ALP",31384,56.79
"Greenway","Michael Corbin","Ind",5557,10.06
"Greenway","Edna Mitchell","Lib46",15765,28.53
"Grey","Harm Folkers","AD",3626,6.04
"Grey","Robin Dixon-Thompson","NPA",2354,3.92
"Grey","Lloyd O'Neil","ALP",31518,52.46
"Grey","Russell Reid","Lib46",22584,37.59
"Griffith","Sean Cousins","NPA",9521,16.3
"Griffith","Daniel Roth","AD",2996,5.13
"Griffith","Ben Humphreys","ALP",31786,54.42
"Griffith","Kaylene Low","Lib46",13519,23.14
"Griffith","Helen Jones","SWP",592,1.01
"Groom","Alexander Munro","Lib46",5417,8.91
"Groom","Tom McVeigh","NPA",34047,56.03
"Groom","Ronald Cullin","ALP",19142,31.5
"Groom","Raymond Dow","AD",2160,3.55
"Gwydir","Pamela Smith","ALP",25271,40.64
"Gwydir","Ralph Hunt","NPA",33988,54.66
"Gwydir","John Brazier","Ind",968,1.56
"Gwydir","Lyall Munro","AD",1958,3.15
"Hawker","Thomas Correll","NPA",1045,1.66
"Hawker","Charles Campbell","Lib46",26101,41.46
"Hawker","Graham Pamount","AD",4852,7.71
"Hawker","Ralph Jacobi","ALP",30956,49.17
"Henty","Joan Child","ALP",32297,52.88
"Henty","Martin Callanan","DLP",988,1.62
"Henty","Rudi Michelson","Lib46",23885,39.11
"Henty","Margaret Moore","AD",3216,5.27
"Henty","Peter Ryan","NPA",690,1.13
"Herbert","Vicky Kippin","NPA",18602,31.64
"Herbert","Theo Theofanes","Lib46",8326,14.16
"Herbert","Ana Bristowe-Lamb","AD",2273,3.87
"Herbert","Ted Lindsay","ALP",29589,50.33
"Higgins","Roger Shipton","Lib46",35062,57.04
"Higgins","Kenneth Penaluna","ALP",20543,33.42
"Higgins","Babette Francis","NPA",1600,2.6
"Higgins","Robert Semmel","DLP",692,1.13
"Higgins","Laurence Levy","AD",3570,5.81
"Hindmarsh","Ian Haines","AD",6124,9.99
"Hindmarsh","Barry Lewis","Lib46",23011,37.56
"Hindmarsh","John Scott","ALP",31595,51.57
"Hindmarsh","Paul Petit","SWP",542,0.88
"Hinkler","Brian Courtice","ALP",27981,47.12
"Hinkler","Ronald Owen","Lib46",2940,4.95
"Hinkler","Marcus Platen","Ind",287,0.48
"Hinkler","Frank Coulthard","AD",2322,3.91
"Hinkler","Bryan Conquest","NPA",25856,43.54
"Holt","John Ferwerda","Lib46",18436,34.8
"Holt","Michael Duffy","ALP",31117,58.73
"Holt","Brian McDonald","DLP",960,1.81
"Holt","Louise Stewart","AD",2467,4.66
"Hotham","Edwards Woods","DLP",1845,3.1
"Hotham","Michael Heffernan","Lib46",20736,34.89
"Hotham","Lewis Kent","ALP",31821,53.54
"Hotham","Greg Chipp","AD",5028,8.46
"Hughes","Cliff Mason","Lib46",22790,39.59
"Hughes","Marjorie Wisby","Ind",497,0.86
"Hughes","Harold Jeffrey","AD",4058,7.05
"Hughes","Robert Tickner","ALP",30224,52.5
"Hume","Rodney Milliken","ALP",24342,39.31
"Hume","Stephen Lusher","NPA",18245,29.47
"Hume","Wal Fife","Lib46",19331,31.22
"Hunter","Ron Dolton","Lib46",16483,27.27
"Hunter","John Turner","NPA",12420,20.55
"Hunter","Eric Fitzgibbon","ALP",28589,47.3
"Hunter","Warren Reid","AD",2952,4.88
"Indi","Joe Murphy","ALP",21349,34.31
"Indi","Ewen Cameron","Lib46",20691,33.26
"Indi","Paul Carroll","DLP",780,1.25
"Indi","Geoffrey le Couteur","AD",1797,2.89
"Indi","Bill Baxter","NPA",17602,28.29
"Isaacs","David Charles","ALP",30612,50.94
"Isaacs","Peter Zablud","Lib46",24079,40.07
"Isaacs","Dudley de Rozario","DLP",933,1.55
"Isaacs","Peter Lindemann","AD",3693,6.15
"Isaacs","Charles Lacey","NPA",774,1.29
"Jagajaga","Len Moore","DLP",2106,3.75
"Jagajaga","Peter Lovell","AD",3038,5.41
"Jagajaga","Nino de Tress","Ind",357,0.64
"Jagajaga","Frederick Garratt","Lib46",20905,37.21
"Jagajaga","Peter Staples","ALP",29781,53
"Kalgoorlie","Graeme Campbell","ALP",27903,51.28
"Kalgoorlie","William Mason","AD",1649,3.03
"Kalgoorlie","Douglas Krepp","Lib46",22241,40.87
"Kalgoorlie","David Nourish","NDP",2623,4.82
"Kennedy","Brigid Walsh","ALP",25033,42.94
"Kennedy","Lance Winter","AD",1586,2.72
"Kennedy","Bob Katter","NPA",29323,50.3
"Kennedy","Gerald Porter","Lib46",2358,4.04
"Kingsford-Smith","Peter Longfield","AD",4519,7.49
"Kingsford-Smith","Lionel Bowen","ALP",37979,62.94
"Kingsford-Smith","Collin O'Neill","Lib46",15526,25.73
"Kingsford-Smith","Helen Boyle","Ind",2321,3.85
"Kingston","Robert Ralph","AD",4951,8.61
"Kingston","Neville Agars","NPA",584,1.02
"Kingston","Paul Breakwell","NDP",2270,3.95
"Kingston","Richard Noble","Lib46",20546,35.74
"Kingston","Gordon Bilney","ALP",29140,50.69
"Kooyong","Andrew Peacock","Lib46",36491,58.85
"Kooyong","John Mulholland","DLP",1156,1.86
"Kooyong","Russell White","AD",3385,5.46
"Kooyong","David Greagg","Ind",351,0.57
"Kooyong","Kate Nash","ALP",20624,33.26
"Lalor","Barry Jones","ALP",38024,67.24
"Lalor","Barry McLeod","AD",2383,4.21
"Lalor","Gail de Rozario","DLP",839,1.48
"Lalor","Mark Pallett","Lib46",15306,27.07
"La Trobe","Ted French","Lib46",19438,36.37
"La Trobe","Peter Milton","ALP",28853,53.98
"La Trobe","Andrew McCann","AD",4185,7.83
"La Trobe","Julie Garratt","DLP",976,1.83
"Leichhardt","Eda Celledoni","NPA",20115,36.32
"Leichhardt","Daas Saba","Ind",463,0.84
"Leichhardt","John Gayler","ALP",28256,51.01
"Leichhardt","Hugh Anthony","Lib46",3879,7
"Leichhardt","Cliff Truelove","AD",2675,4.83
"Lilley","John Frew","NPA",11958,19.53
"Lilley","Ian Parminter","Lib46",15102,24.66
"Lilley","Anthony Catip","Ind",821,1.34
"Lilley","Elaine Darling","ALP",33348,54.46
"Lindsay","Ross Free","ALP",32609,57.54
"Lindsay","Stuart Coppock","Lib46",19383,34.2
"Lindsay","Kevin Crameri","AD",4683,8.26
"Lowe","Kent Buncombe","AD",4400,7.13
"Lowe","Geoffrey Howe","Lib46",26812,43.46
"Lowe","Michael Maher","ALP",30483,49.41
"Lyne","Fred May","ALP",23707,39.66
"Lyne","Stewart Cooper","Ind",863,1.44
"Lyne","Roland Inman","AD",3401,5.69
"Lyne","Bruce Cowan","NPA",31801,53.2
"Lyons","Liz Holloway","AD",2845,5.54
"Lyons","David Llewellyn","ALP",23119,45
"Lyons","Max Burr","Lib46",25407,49.46
"Macarthur","Meg Sampson","AD",6421,11.46
"Macarthur","Stephen Martin","ALP",31100,55.49
"Macarthur","Mark Stanham","Lib46",18521,33.05
"Mackellar","Graeme Maclennan","AD",5472,9.28
"Mackellar","Maurice Foley","Ind",977,1.66
"Mackellar","Jim Carlton","Lib46",31875,54.08
"Mackellar","Tim Cusack","ALP",20614,34.98
"Macquarie","Alasdair Webster","Lib46",22796,41.06
"Macquarie","Dick Jackson-Hope","AD",4053,7.3
"Macquarie","Garry Cronan","ALP",22565,40.64
"Macquarie","Paul McGirr","NPA",3036,5.47
"Macquarie","Peter Quirk","Ind",3069,5.53
"Makin","Bernhard Buechner","Ind",1442,2.55
"Makin","Peter Duncan","ALP",27282,48.19
"Makin","John Henderson","NPA",412,0.73
"Makin","Neville Joyce","Lib46",22073,38.99
"Makin","Andrew Coventry","AD",5401,9.54
"Mallee","Robert Hogarth","DLP",1776,2.87
"Mallee","Lindsay Leake","ALP",15584,25.15
"Mallee","Albertus Stoutjesdijk","Ind",613,0.99
"Mallee","M. Treseder","Lib46",9506,15.34
"Mallee","Peter Fisher","NPA",33173,53.53
"Mallee","Colin Cavanagh","AD",1318,2.13
"Maranoa","Mick Brannigan","AD",3384,5.58
"Maranoa","Dave Summers","ALP",19084,31.49
"Maranoa","Ian Cameron","NPA",38132,62.92
"Maribyrnong","Rosemary Maurus","DLP",2577,4.44
"Maribyrnong","Alan Griffiths","ALP",31684,54.65
"Maribyrnong","Richard Wright","Ind",249,0.43
"Maribyrnong","Helen Said","SWP",564,0.97
"Maribyrnong","Kathie Gizycki","AD",2466,4.25
"Maribyrnong","Sally Gooch","Lib46",20441,35.25
"Mayo","John Quirke","ALP",20194,34.01
"Mayo","Donald Chisholm","AD",5424,9.14
"Mayo","Alexander Downer","Lib46",31131,52.44
"Mayo","Bob Shearer","NPA",2620,4.41
"McEwen","Julie Stayner","AD",3547,6.42
"McEwen","Peter Cleeland","ALP",25984,47
"McEwen","Daniel Mason","DLP",853,1.54
"McEwen","Brian Dixon","Lib46",20331,36.77
"McEwen","John Brewster","NPA",4571,8.27
"McMillan","Barry Cunningham","ALP",31517,53.51
"McMillan","Heather Ronald","NPA",3580,6.08
"McMillan","John Dwyer","Lib46",19559,33.21
"McMillan","James Richards","AD",2509,4.26
"McMillan","Anne Barrett","DLP",1732,2.94
"McPherson","Warren Tapp","NPA",13072,23.18
"McPherson","Ken Peterson","AD",2398,4.25
"McPherson","Rupe Granrott","ALP",18156,32.2
"McPherson","Peter White","Lib46",22437,39.79
"McPherson","Maria Parer","Ind",321,0.57
"Melbourne","James Ferrari","Ind",2068,3.58
"Melbourne","Michael Hammet","DLP",1174,2.03
"Melbourne","Chris Carter","AD",4107,7.1
"Melbourne","Ian Davis","Lib46",12856,22.23
"Melbourne","Gerry Hand","ALP",37639,65.07
"Melbourne Ports","Michael Rowe","DLP",1825,3.19
"Melbourne Ports","Dorothy Turner","NPA",795,1.39
"Melbourne Ports","Russell Morse","Ind",159,0.28
"Melbourne Ports","Sue McDougall","AD",3312,5.79
"Melbourne Ports","Clyde Holding","ALP",32665,57.1
"Melbourne Ports","Denice Stephens","Ind",845,1.48
"Melbourne Ports","Allan Paull","Lib46",17603,30.77
"Menzies","Vin Considine","DLP",1306,2.33
"Menzies","Neil Brown","Lib46",28395,50.6
"Menzies","David McKenzie","ALP",22901,40.81
"Menzies","Lynden Kenyon","AD",3519,6.27
"Mitchell","Alan Cadman","Lib46",37568,67.47
"Mitchell","Edward Mason","ALP",14188,25.48
"Mitchell","Alan Page","AD",3928,7.05
"Moncrieff","Will Aabraham-Steer","Ind",471,0.9
"Moncrieff","Peter Courtney","Ind",264,0.5
"Moncrieff","Susan Mulley","AD",1958,3.74
"Moncrieff","Athol Paterson","ALP",18847,36.01
"Moncrieff","Judy Gamin","NPA",14609,27.91
"Moncrieff","Kathy Martin","Lib46",16194,30.94
"Moore","Rita Waters","Lib46",24164,44.88
"Moore","Allen Blanchard","ALP",29672,55.12
"Moreton","Donald Cameron","Lib46",25875,42.55
"Moreton","Michael Kinnane","ALP",26441,43.48
"Moreton","Howard Baskerville","NPA",5534,9.1
"Moreton","Geoffrey Fawthrop","AD",2956,4.86
"Murray","Bruce Lloyd","NPA",35681,58.32
"Murray","Mark Anderson","ALP",15034,24.57
"Murray","Desmond Semmel","DLP",887,1.45
"Murray","Anne Adams","Lib46",7484,12.23
"Murray","John Weir","AD",2096,3.43
"Newcastle","Ashley Saunders","Lib46",10840,18.24
"Newcastle","Don Geddes","Ind",10460,17.6
"Newcastle","Jim Campbell","Ind",837,1.41
"Newcastle","Steve Jeffries","AD",3570,6.01
"Newcastle","Allan Morris","ALP",33715,56.74
"New England","Ian Sinclair","NPA",33356,51.27
"New England","Rod Irvine","AD",4287,6.59
"New England","Joe Horan","ALP",27413,42.14
"Northern Territory","Wiyendji Roberts","AD",1906,3.41
"Northern Territory","Paul Everingham","CLP",27335,48.85
"Northern Territory","Phil Ward","Ind",1191,2.13
"Northern Territory","John Reeves","ALP",25140,44.92
"Northern Territory","Strider","Ind",390,0.7
"North Sydney","Rod Dominish","AD",6331,10.43
"North Sydney","Philip Kelso","ALP",19780,32.59
"North Sydney","John Spender","Lib46",34579,56.98
"O'Connor","Wilson Tuckey","Lib46",33405,53.58
"O'Connor","Denis Kidby","AD",1740,2.79
"O'Connor","Kim Chance","ALP",17382,27.88
"O'Connor","James Ferguson","NPA",9817,15.75
"Oxley","George Hannaford","AD",2622,4.73
"Oxley","Les Woodforth","Lib46",9292,16.78
"Oxley","Charles Groves","NPA",10539,19.03
"Oxley","Bill Hayden","ALP",32926,59.46
"Page","Brian Morris","ALP",24144,41.13
"Page","Ian Robinson","NPA",27883,47.5
"Page","Brian Stone","Ind",3800,6.47
"Page","Anne Brown","AD",2875,4.9
"Parkes","Bruce Rowley","Lib46",17327,28.11
"Parkes","Michael Cobb","NPA",17407,28.24
"Parkes","Jim Curran","ALP",25097,40.71
"Parkes","Gloria Collison","AD",1815,2.94
"Parramatta","John Brown","ALP",35077,57.97
"Parramatta","John Butterworth","AD",4256,7.03
"Parramatta","Charles Stanley","Lib46",21176,35
"Perth","Catherine Brown","SWP",1535,2.58
"Perth","Joan Walters","Lib46",25148,42.2
"Perth","Ric Charlesworth","ALP",32906,55.22
"Petrie","John Hodges","Lib46",20395,33.18
"Petrie","Don Munro","NPA",9701,15.78
"Petrie","Deane Wells","ALP",28392,46.2
"Petrie","Garry Somerville","AD",2971,4.83
"Phillip","Donald Rugless","Ind",1326,2.11
"Phillip","Peter Bardos","Lib46",25911,41.13
"Phillip","Fred Brinkman","Ind",685,1.09
"Phillip","Jeannette McHugh","ALP",31601,50.17
"Phillip","Karin Sowada","AD",3469,5.51
"Port Adelaide","Deborah Gordon","SWP",1294,2.15
"Port Adelaide","Robert Manhire","AD",4295,7.13
"Port Adelaide","Mick Young","ALP",37440,62.15
"Port Adelaide","Thomas Ireland","Lib46",17208,28.57
"Prospect","Dick Klugman","ALP",38475,65.95
"Prospect","Adrian Burke","Lib46",16085,27.57
"Prospect","Dick Nichols","SWP",791,1.36
"Prospect","Robert Neesam","AD",2987,5.12
"Rankin","Bev Peereboom","AD",2880,5.64
"Rankin","Cec Jamieson","NPA",16998,33.32
"Rankin","Bruce Mackenzie-Forbes","Lib46",7324,14.35
"Rankin","David Beddall","ALP",23820,46.69
"Reid","Jim Saleam","Ind",2803,4.72
"Reid","Tom Uren","ALP",36384,61.26
"Reid","John Roveen","AD",2936,4.94
"Reid","Mary-Ruth Kain","Lib46",17269,29.08
"Richmond","Jon Axens","Ind",866,1.55
"Richmond","Charles Blunt","NPA",29364,52.58
"Richmond","Klaas Woldring","ALP",20565,36.82
"Richmond","Jim Saunders","Ind",2238,4.01
"Richmond","Ivor Brown","AD",2814,5.04
"Riverina-Darling","John Sullivan","Lib46",3936,6.58
"Riverina-Darling","Noel Hicks","NPA",28316,47.35
"Riverina-Darling","Frederick Martin","Ind",276,0.46
"Riverina-Darling","Ron Adams","ALP",26304,43.99
"Riverina-Darling","Peter Hains","AD",969,1.62
"Robertson","Barry Cohen","ALP",32165,55.3
"Robertson","Peter Jansen","Lib46",21674,37.26
"Robertson","Trevor Willsher","AD",4325,7.44
"Ryan","John Peeters","AD",5029,8.28
"Ryan","Mike Foley","ALP",20644,34.01
"Ryan","John Moore","Lib46",24734,40.74
"Ryan","Maxwell Crofts","NPA",10300,16.97
"Scullin","Jane Green","AD",3444,6.75
"Scullin","Helen Walsh","DLP",1635,3.2
"Scullin","Harry Jenkins","ALP",36513,71.54
"Scullin","Pamela Philpot","Lib46",9448,18.51
"Shortland","Milton Caine","Lib46",20459,32.28
"Shortland","Jane Power","Ind",1005,1.59
"Shortland","John Aitken","AD",5058,7.98
"Shortland","Peter Morris","ALP",36855,58.15
"St George","Bob Gemmell","Lib46",24612,40.24
"St George","Stanley Duncan","Ind",1008,1.65
"St George","Stephen Dubois","ALP",32417,53.01
"St George","Paul Terrett","AD",2599,4.25
"St George","Brian Compton","Ind",521,0.85
"Stirling","Ron Edwards","ALP",29736,49.7
"Stirling","Terence Barrett","AD",2421,4.05
"Stirling","Eric Martin","Ind",675,1.13
"Stirling","Greg Hancock","Lib46",26994,45.12
"Streeton","John Clifford","NPA",1538,2.77
"Streeton","David Grulke","DLP",852,1.53
"Streeton","Russell Broadbent","Lib46",21798,39.23
"Streeton","Tony Lamb","ALP",27239,49.03
"Streeton","Tessa Cunningham","AD",4133,7.44
"Sturt","Ian Wilson","Lib46",32404,52.48
"Sturt","Alison Dolling","AD",4443,7.2
"Sturt","Jim Gale","ALP",24901,40.33
"Swan","Frank Hayes","Lib46",24305,40.67
"Swan","Linda Mottram","AD",3077,5.15
"Swan","Kim Beazley","ALP",32376,54.18
"Sydney","Vito Radice","Ind",2219,3.91
"Sydney","Daphne Gollan","Ind",3118,5.5
"Sydney","Peter Baldwin","ALP",32412,57.17
"Sydney","Michael Walsh","AD",4600,8.11
"Sydney","James Harker-Mortlock","Lib46",12847,22.66
"Sydney","Noel Hazard","Ind",290,0.51
"Sydney","Aileen Beaver","CPA",1213,2.14
"Tangney","Ron Murray","AD",2514,4.41
"Tangney","Peter Shack","Lib46",31531,55.3
"Tangney","David Dale","ALP",22978,40.3
"Throsby","Colin Hollis","ALP",31472,57.06
"Throsby","Wendy Stubbs","Lib46",14648,26.56
"Throsby","Paul Trevardis","Ind",399,0.72
"Throsby","Alan Cole","AD",3095,5.61
"Throsby","Martin Essenberg","Ind",298,0.54
"Throsby","Duncan Gair","NPA",5241,9.5
"Wakefield","Terry Halford","NPA",1800,2.9
"Wakefield","Neil Andrew","Lib46",35574,57.33
"Wakefield","Anne Hausler","AD",3714,5.99
"Wakefield","Suzanne Owens","ALP",20964,33.78
"Wannon","David Hawker","Lib46",36748,58.36
"Wannon","Nancy Genardini","ALP",20130,31.97
"Wannon","Bill Verhoef","DLP",1115,1.77
"Wannon","Betty Gee","NPA",3294,5.23
"Wannon","Kathleen May","AD",1683,2.67
"Warringah","Brian Green","ALP",22188,34.59
"Warringah","Michael MacKellar","Lib46",36415,56.77
"Warringah","Richard Jones","AD",4444,6.93
"Warringah","Margaret Broome","Ind",1100,1.71
"Wentworth","George Warnecke","Ind",1591,2.72
"Wentworth","Kasula Fitzroy-Mendis","Ind",162,0.28
"Wentworth","Stephen Rothman","ALP",21252,36.31
"Wentworth","Peter Coleman","Lib46",30389,51.93
"Wentworth","Ray Oakes","Ind",242,0.41
"Wentworth","Yvonne Jayawardena","AD",4478,7.65
"Wentworth","George Atkinson","Ind",410,0.7
"Werriwa","John Kerin","ALP",36892,63.68
"Werriwa","Peter Swiderski","Lib46",16963,29.28
"Werriwa","Valerie George","AD",4079,7.04
"Wide Bay","Fred Hoberg","ALP",19833,35.91
"Wide Bay","Glen Spicer","AD",2745,4.97
"Wide Bay","Clarrie Millar","NPA",32656,59.12
"Wills","Mark Ferguson","Ind",1360,2.33
"Wills","Lance Hutchinson","Ind",1056,1.81
"Wills","Glen Mann","Ind",81,0.14
"Wills","Peter Allan","AD",2350,4.02
"Wills","Martin Mantell","Ind",242,0.41
"Wills","Gloria Brook","DLP",856,1.46
"Wills","Victor Perton","Lib46",13649,23.36
"Wills","Bob Hawke","ALP",38846,66.47
