"Seat","Candidate","Party","Votes","Vote_perc"
"Adelaide","Tyron Beard","AD",7077,9.55
"Adelaide","Rita Hunt","Ind",462,0.62
"Adelaide","Vladimir Lorenzon","NLP93",287,0.39
"Adelaide","Karen Hannon","ALP",27756,37.45
"Adelaide","Suzanne Ramsey","ON",3837,5.18
"Adelaide","Trish Worth","Lib46",32173,43.41
"Adelaide","Mark Moran","Grn",2518,3.4
"Aston","Darrell Stosegan","AD",6000,7.53
"Aston","Peter Lockwood","ALP",30689,38.51
"Aston","Peter Nugent","Lib46",38645,48.49
"Aston","Paul Rigoni","ARP98",685,0.86
"Aston","Ian Cameron","ON",2306,2.89
"Aston","Guosheng Chen","Uni",1371,1.72
"Ballarat","Frank Colosimo","CDP",840,1.1
"Ballarat","Michael Ronaldson","Lib46",34527,45.23
"Ballarat","John Blanchard","ON",3738,4.9
"Ballarat","Peta Price","AD",2824,3.7
"Ballarat","John Wiley","ASP",1569,2.06
"Ballarat","Margaret Taylor","Uni",182,0.24
"Ballarat","Ian Harrison","Ind",188,0.25
"Ballarat","Alex Graham","Ind",147,0.19
"Ballarat","Malcolm Campbell","Grn",1083,1.42
"Ballarat","Marg Card","ALP",31232,40.92
"Banks","Stephen Iacono","Lib46",24744,33.79
"Banks","Philip Maddison","ON",8010,10.94
"Banks","Bin Chen","Uni",2250,3.07
"Banks","Greg Archer","Grn",1075,1.47
"Banks","Alison Bailey","AD",3128,4.27
"Banks","Daryl Melham","ALP",32599,44.52
"Banks","Brian Grigg","CDP",1422,1.94
"Barker","Philip Cornish","CDP",2161,2.78
"Barker","Tom Haig","NPA",1746,2.25
"Barker","David Detchon","ALP",16844,21.69
"Barker","Bill Jerram","Ind",784,1.01
"Barker","Tony Beck","Ind",3985,5.13
"Barker","Judith Ludwig","AFP",713,0.92
"Barker","Patrick Secker","Lib46",36412,46.89
"Barker","John Lavers","AD",4919,6.33
"Barker","Dona Wright","ON",10096,13
"Barton","Robert McClelland","ALP",37382,49.61
"Barton","Lin Tang","Uni",3182,4.22
"Barton","Adam Nelson","Grn",1161,1.54
"Barton","James Jordan","Lib46",26430,35.08
"Barton","Neil Baird","ON",5162,6.85
"Barton","Craig Chung","AD",2028,2.69
"Bass","Warwick Smith","Lib46",27974,45.75
"Bass","Michelle O'Byrne","ALP",25864,42.3
"Bass","Stuart Baird","Grn",2595,4.24
"Bass","Allan Lockhart","ON",2057,3.36
"Bass","Harvey Smith","TFP",1165,1.91
"Bass","Brian Muir","AD",1491,2.44
"Batman","Martin Richardson","NLP93",1486,1.84
"Batman","Martin Ferguson","ALP",53034,65.84
"Batman","Helen Rosenbaum","Grn",3705,4.6
"Batman","Wayne Barwick","CEC",254,0.32
"Batman","Marc Nicholls","AD",4038,5.01
"Batman","Lauri Rowe","Lib46",16290,20.22
"Batman","Sami Mazloum","Uni",659,0.82
"Batman","Matt Wilson","Ind",1087,1.35
"Bendigo","Alan McDonald","NLP93",526,0.67
"Bendigo","Max Turner","Lib46",28004,35.89
"Bendigo","Alan Tilley","AD",3533,4.53
"Bendigo","Gayle Maddigan","Uni",361,0.46
"Bendigo","Scott Mitchell","NPA",2479,3.18
"Bendigo","Alfred Thorpe","ARP98",1108,1.42
"Bendigo","Peter Biggs","AFP",332,0.43
"Bendigo","Karel Zegers","ON",5159,6.61
"Bendigo","Steve Gibbons","ALP",33483,42.91
"Bendigo","Lyn Speirs","CEC",126,0.16
"Bendigo","David Jones","Grn",2080,2.67
"Bendigo","Peter Morley","Ind",846,1.08
"Bennelong","Jamie Parker","Grn",2306,3.07
"Bennelong","Gordon King","ON",3099,4.13
"Bennelong","John Howard","Lib46",36976,49.24
"Bennelong","Julien Droulers","Ind",128,0.17
"Bennelong","David Lung","Ind",1319,1.76
"Bennelong","Tim Carr","NLP93",123,0.16
"Bennelong","Marcus Aussie-Stone","Ind",71,0.09
"Bennelong","Bob Springett","AD",3504,4.67
"Bennelong","Prime Piss","ACS",183,0.24
"Bennelong","Sarah Kemp","Uni",2923,3.89
"Bennelong","William Gollan","NAN",341,0.45
"Bennelong","John Dawson","Ind",186,0.25
"Bennelong","Wendy Mahon","ALP",23929,31.87
"Berowra","Wayne Stewart","ON",4788,6.03
"Berowra","Bernard Teuben","AD",5255,6.62
"Berowra","Philip Ruddock","Lib46",43180,54.36
"Berowra","Owen Nannelli","CDP",1893,2.38
"Berowra","Andrew Burke","Grn",2561,3.22
"Berowra","Nola McCarroll","ALP",21763,27.4
"Blair","Neal McKenzie","AD",2478,3.64
"Blair","Brett White","NPA",6989,10.25
"Blair","Owen Bassingthwaighte","CEC",199,0.29
"Blair","Virginia Clarke","ALP",17239,25.29
"Blair","Libby Connors","Grn",1230,1.8
"Blair","Pauline Hanson","ON",24516,35.97
"Blair","Cameron Thompson","Lib46",14787,21.69
"Blair","Lee Roberts","Ind",556,0.82
"Blair","Mark Sloan","ACS",170,0.25
"Blaxland","Michael Hatton","ALP",44096,61.42
"Blaxland","Matthew Hua","AD",1733,2.41
"Blaxland","Kylie Laurence","CDP",1623,2.26
"Blaxland","Benjamin Donnelly","Grn",1107,1.54
"Blaxland","Maureen Shelley","Lib46",15649,21.8
"Blaxland","Hussein Abou-Ghaida","ON",5052,7.04
"Blaxland","Harold Hassapis","Uni",2536,3.53
"Bonython","Phil Newton","Lib46",17253,24.24
"Bonython","Martyn Evans","ALP",35961,50.52
"Bonython","Ted Shaw","ON",10542,14.81
"Bonython","Robert Fisher","AD",6539,9.19
"Bonython","Dave Carter","AFP",891,1.25
"Boothby","Andrew Southcott","Lib46",36435,48.22
"Boothby","Trevor Whittaker","ON",5213,6.9
"Boothby","Bevan Morris","NLP93",544,0.72
"Boothby","Don Gilbert","AD",9821,13
"Boothby","Jo Chesson","ALP",23547,31.16
"Bowman","Barry Myatt","ON",8227,11.06
"Bowman","Jenny van Rooyen","AD",4021,5.41
"Bowman","Con Sciacca","ALP",32606,43.83
"Bowman","Deeane Moorhead","Grn",1606,2.16
"Bowman","Andrea West","Lib46",27927,37.54
"Braddon","Clare Thompson","Grn",2794,4.81
"Braddon","Sid Sidebottom","ALP",26643,45.85
"Braddon","Gavin Thompson","TFP",1143,1.97
"Braddon","John Thomson","ON",2446,4.21
"Braddon","Chris Miles","Lib46",23480,40.41
"Braddon","Peter Morgan","AD",1601,2.76
"Bradfield","Alexandra Kiely","NLP93",412,0.56
"Bradfield","Brendan Nelson","Lib46",47725,64.37
"Bradfield","Robert Webeck","ON",2832,3.82
"Bradfield","Marc Allas","Grn",2218,2.99
"Bradfield","Margaret Ratcliffe","CDP",1228,1.66
"Bradfield","Nadesu Kailainathan","ALP",13937,18.8
"Bradfield","Carmel Morris","AD",5791,7.81
"Brand","Anne Leishman","NLP93",343,0.49
"Brand","Kent Reynolds","Ind",308,0.44
"Brand","Paul Roth","Ind",310,0.44
"Brand","Nick Dunlop","Grn",2012,2.88
"Brand","Kim Beazley","ALP",36391,52
"Brand","Kate Dorrington","Ind",399,0.57
"Brand","Ron Higgins","ACS",167,0.24
"Brand","Lee Dawson","ON",8308,11.87
"Brand","Rick Palmer","Lib46",19413,27.74
"Brand","Graham Lawn","CDP",402,0.57
"Brand","Carolyn Gent","AFP",296,0.42
"Brand","Collin Mullane","AD",1630,2.33
"Brisbane","Brenda Mason","Grn",3824,4.76
"Brisbane","Marion Feros","Lib46",30570,38.02
"Brisbane","Darryl Holbrook","AD",4878,6.07
"Brisbane","Duncan Spender","Ind",814,1.01
"Brisbane","Samuel Tornatore","ON",3895,4.84
"Brisbane","Graham Matthews","DSL",778,0.97
"Brisbane","Arch Bevis","ALP",35653,44.34
"Bruce","Adam McBeth","AD",4718,6.02
"Bruce","Laurence Lowe","ON",2296,2.93
"Bruce","Michael Soos","NLP93",209,0.27
"Bruce","Alan Griffin","ALP",38165,48.66
"Bruce","Dikran Chabdjian","ACS",253,0.32
"Bruce","Toan Huynh","Uni",1336,1.7
"Bruce","Colin Smith","Grn",1195,1.52
"Bruce","Jim Wood","Lib46",30257,38.58
"Burke","Neil O'Keefe","ALP",36516,50
"Burke","Rod Hardy","Ind",957,1.31
"Burke","Serge Petrovich","Lib46",26317,36.03
"Burke","Paul Fyffe","Grn",1397,1.91
"Burke","Ngaire Mason","NLP93",163,0.22
"Burke","Vaughan Williams","AD",4365,5.98
"Burke","Frank Preston","ON",3319,4.54
"Calare","Martin Gleeson","ON",7954,10.92
"Calare","Peter Andren","Ind",29522,40.55
"Calare","Garry Sloane","Lib46",7640,10.49
"Calare","Joan Lambert","Grn",676,0.93
"Calare","Rod Blume","NPA",8556,11.75
"Calare","Ben Saul","AD",581,0.8
"Calare","David Simpson","CEC",168,0.23
"Calare","Terence Corkin","ALP",17425,23.93
"Calare","Nelle Edwards","Uni",290,0.4
"Calwell","Robert Livesay","AD",5363,6.69
"Calwell","Trevor Blake","Lib46",21111,26.32
"Calwell","Andrew Theophanous","ALP",50022,62.36
"Calwell","Michael Harris","NLP93",755,0.94
"Calwell","Benal Keceli","Uni",2968,3.7
"Canberra","Nikki Ulasowski","DSL",1427,1.45
"Canberra","Annette Ellis","ALP",48015,48.9
"Canberra","Ian Morison","Lib46",32336,32.93
"Canberra","Sue Ellerman","Grn",3774,3.84
"Canberra","Burl Doble","ON",5122,5.22
"Canberra","Maryan England","NLP93",281,0.29
"Canberra","Yulia Onsman","AD",7237,7.37
"Canning","Lance Scott","Ind",918,1.27
"Canning","Dean Craig","AD",2489,3.43
"Canning","Ricky Johnston","Lib46",25350,34.93
"Canning","Margo Beilby","Grn",3007,4.14
"Canning","Patti Roberts","NLP93",185,0.25
"Canning","Brian McCarthy","CEC",136,0.19
"Canning","Michelle Shave","CDP",1457,2.01
"Canning","Colin Taylor","ON",9823,13.54
"Canning","Jane Gerick","ALP",29201,40.24
"Capricornia","Joan Furness","Grn",1334,1.78
"Capricornia","Kirsten Livermore","ALP",35229,47.11
"Capricornia","Fay Lawrence","AD",2255,3.02
"Capricornia","Paul Marek","NPA",24197,32.35
"Capricornia","Len Timms","ON",10393,13.9
"Capricornia","Peter Schuback","Ind",1107,1.48
"Capricornia","Andrew Purvis","CEC",271,0.36
"Casey","Robert Kendi","NLP93",557,0.75
"Casey","Frank Armenio","ALP",24732,33.42
"Casey","Steve Raskovy","Ind",396,0.54
"Casey","John McLaren","AD",5481,7.41
"Casey","Gary Smart","Uni",405,0.55
"Casey","John Mackellar","Ind",2067,2.79
"Casey","Stephen Beck","ON",2412,3.26
"Casey","Chris James","Grn",1634,2.21
"Casey","Judy Warwick","ASP",1070,1.45
"Casey","Basil Smidt","CDP",917,1.24
"Casey","Michael Wooldridge","Lib46",34322,46.39
"Charlton","Pamela Young","ON",9664,12.03
"Charlton","Ralph Gourlay","CDP",2494,3.11
"Charlton","Nathan Ross","Grn",2679,3.34
"Charlton","Stephen Bisgrove","AD",3689,4.59
"Charlton","Kelly Hoare","ALP",39604,49.32
"Charlton","Bruce Gatgens","Lib46",22175,27.61
"Chifley","Andrew Owen","AD",3595,4.9
"Chifley","Joseph Wyness","CDP",1520,2.07
"Chifley","Dave Vincent","Ind",761,1.04
"Chifley","Robert Nolan","Grn",1014,1.38
"Chifley","John Coles","Lib46",14485,19.73
"Chifley","Roger Price","ALP",43496,59.26
"Chifley","Joe Damjanovic","ON",7400,10.08
"Chifley","Zahra Razavikashan","NLP93",162,0.22
"Chifley","Aooe Boyd Pio","Uni",969,1.32
"Chisholm","Julian Guess","Grn",2431,3.1
"Chisholm","Nicholas Fell","RPA",176,0.22
"Chisholm","Anna Burke","ALP",33275,42.38
"Chisholm","Peter Vlahos","Lib46",32771,41.74
"Chisholm","Ka-Sing Chua","Uni",2214,2.82
"Chisholm","Mark Toomey","NLP93",193,0.25
"Chisholm","Bernie Millane","AD",5392,6.87
"Chisholm","Douglas Hesse","ON",2064,2.63
"Cook","Zanthe Abdurahman","Uni",1103,1.49
"Cook","Bruce Baird","Lib46",37075,50.22
"Cook","Terri Richardson","AD",3147,4.26
"Cook","John Kaye","Grn",1556,2.11
"Cook","Peri Young","ALP",22850,30.95
"Cook","Darren Boehm","Ind",997,1.35
"Cook","Malcolm Smith","CDP",948,1.28
"Cook","Gareth Kimberley","ON",6144,8.32
"Corangamite","Duncan Maclean","ON",4140,5.55
"Corangamite","Michael Bjork-Billings","ALP",26923,36.08
"Corangamite","Robert Harwood","Uni",525,0.7
"Corangamite","Adrian Whitehead","Grn",2292,3.07
"Corangamite","Simon Arundell","Ind",1634,2.19
"Corangamite","Stewart McArthur","Lib46",34336,46.02
"Corangamite","Jeffrey Paull","AD",4765,6.39
"Corio","Therese Self","PLP98",3116,4.1
"Corio","Andre Czausov","AD",4352,5.73
"Corio","Gavan O'Connor","ALP",38608,50.82
"Corio","Dennis Jensen","Lib46",25561,33.64
"Corio","Robert Grant","ON",3854,5.07
"Corio","Michael Garbutcheon Singh","Uni",486,0.64
"Cowan","Graham Edwards","ALP",31312,43.89
"Cowan","Ron Holt","ON",5777,8.1
"Cowan","Phillip Hayes","CDP",850,1.19
"Cowan","Miguel Castillo","Grn",2760,3.87
"Cowan","Richard Evans","Lib46",27797,38.96
"Cowan","Craig Wakeford","AD",2847,3.99
"Cowper","Jillian Cranny","Grn",2960,4.04
"Cowper","Paul Sekfy","ALP",24213,33.02
"Cowper","John Willey","ON",11234,15.32
"Cowper","Paul Corben","AD",2570,3.5
"Cowper","Garry Nehl","NPA",30810,42.01
"Cowper","Mark Spencer","Ind",1550,2.11
"Cunningham","John Curtis","ON",5378,7.57
"Cunningham","Margaret Perrott","DSL",663,0.93
"Cunningham","Frank Coluccio","Ind",515,0.73
"Cunningham","Les Robinson","Grn",3158,4.45
"Cunningham","Stephen Ivaneza","AD",4108,5.79
"Cunningham","Jennifer van der Horn","Uni",550,0.77
"Cunningham","Stephen Martin","ALP",37592,52.94
"Cunningham","Alan Akhurst","Lib46",17285,24.34
"Cunningham","Robert O'Neill","CDP",1755,2.47
"Curtin","Allan Rocher","Ind",13925,17.67
"Curtin","Andrew Waddell","ALP",18026,22.87
"Curtin","Stephen Lipple","AD",3780,4.8
"Curtin","Ian Trinder","ON",2934,3.72
"Curtin","Phillip Farren","Grn",4971,6.31
"Curtin","Julie Bishop","Lib46",35174,44.63
"Dawson","Barbara Eggers","ON",12350,15.91
"Dawson","Mark Stroppiana","ALP",29507,38.02
"Dawson","Darin Preston","AD",1567,2.02
"Dawson","De-Anne Kelly","NPA",32312,41.64
"Dawson","Helen King","Grn",1027,1.32
"Dawson","Kevin McLean","Ind",840,1.08
"Deakin","Geoffrey Teng","Uni",1289,1.66
"Deakin","Phil Barresi","Lib46",34047,43.95
"Deakin","Tim Petherbridge","Ind",1486,1.92
"Deakin","John Siddons","AD",6177,7.97
"Deakin","Linda Keath","NLP93",230,0.3
"Deakin","Peter Bertolus","ALP",30079,38.83
"Deakin","Paul Coelli","ON",2232,2.88
"Deakin","Robyn Evans","Grn",1929,2.49
"Denison","Andrew Gregson","Lib46",20114,32.12
"Denison","Gregory Broszczyk","NLP93",497,0.79
"Denison","Mat Hines","Grn",4698,7.5
"Denison","Brent Blackburn","AD",2460,3.93
"Denison","Duncan Kerr","ALP",34854,55.66
"Dickson","Tony Smith","Ind",6595,8.96
"Dickson","Mark Kelly","Ind",264,0.36
"Dickson","Cheryl Kernot","ALP",29899,40.6
"Dickson","Bruce Camfield","ON",6271,8.52
"Dickson","Kim Pantano","Grn",1536,2.09
"Dickson","Robert Halliday","Ind",227,0.31
"Dickson","Rod Henshaw","Lib46",25622,34.79
"Dickson","Lis Manktelow","AD",3008,4.08
"Dickson","Eddie Dunne","FLR",224,0.3
"Dobell","Michael Lee","ALP",34770,45.26
"Dobell","Karen Russell","CDP",1564,2.04
"Dobell","June Beckett","ON",7300,9.5
"Dobell","David Parker","Lib46",29014,37.77
"Dobell","David Mott","AD",2546,3.31
"Dobell","Philip Dwyer","Grn",1626,2.12
"Dunkley","Henry Kelsall","Grn",2971,3.89
"Dunkley","Michael Quayle","ALP",29755,38.98
"Dunkley","Robyn Brown","ON",3399,4.45
"Dunkley","Jan Chapman Davis","Uni",335,0.44
"Dunkley","Tony Seals","AD",4392,5.75
"Dunkley","Ben Mason","NLP93",185,0.24
"Dunkley","Bruce Billson","Lib46",35297,46.24
"Eden-Monaro","Gary Nairn","Lib46",31654,43.25
"Eden-Monaro","Steve Whan","ALP",28692,39.21
"Eden-Monaro","Dan McMillan","AD",3343,4.57
"Eden-Monaro","Adam Miller","ON",7004,9.57
"Eden-Monaro","Rosemary Beaumont","Grn",2301,3.14
"Eden-Monaro","Gordon Harriott","CEC",188,0.26
"Fadden","Neil Pitt","ON",9213,12.79
"Fadden","David Jull","Lib46",34195,47.49
"Fadden","Mike Smith","ALP",22460,31.19
"Fadden","Neil Cotter","AD",3248,4.51
"Fadden","John McGuigan","CDP",1418,1.97
"Fadden","Fay Smith","Grn",1472,2.04
"Fairfax","Alex Somlyay","Lib46",24709,36.03
"Fairfax","Fraser Anning","ON",12171,17.75
"Fairfax","Mike Harper","Ind",921,1.34
"Fairfax","Harry Cook","CDP",1279,1.86
"Fairfax","Peter Bakhash","Grn",2381,3.47
"Fairfax","John Henderson","ALP",19679,28.69
"Fairfax","Lindsay Horswood","NPA",4692,6.84
"Fairfax","John Ryan","AD",2754,4.02
"Farrer","Vivien Voss","ALP",16489,23.82
"Farrer","Tim Fischer","NPA",36602,52.87
"Farrer","Rohan Sharp","AD",2940,4.25
"Farrer","Maurice Furlan","ACS",240,0.35
"Farrer","Alan Boyd","CEC",329,0.48
"Farrer","Don McKinnon","ON",9664,13.96
"Farrer","Amanda Duncan-Strelec","Ind",2234,3.23
"Farrer","Cliff Broderick","AFP",728,1.05
"Fisher","Ray O'Donnell","ALP",19205,27.79
"Fisher","Peter Urquhart","CDP",1348,1.95
"Fisher","Les Shotton","Grn",1852,2.68
"Fisher","Tim Jenkins","ON",10132,14.66
"Fisher","Jenny Henman","AD",2697,3.9
"Fisher","Alexander Taylor","Ind",396,0.57
"Fisher","Trevor Mumford","Ind",289,0.42
"Fisher","Peter Slipper","Lib46",33187,48.02
"Flinders","John Armitage","ALP",28874,37.42
"Flinders","Tony Kamps","Uni",451,0.58
"Flinders","Jan Charlwood","NLP93",264,0.34
"Flinders","Peter Reith","Lib46",36570,47.39
"Flinders","Mervyn Vogt","Grn",2057,2.67
"Flinders","Robert Langley","ON",4029,5.22
"Flinders","David Allison","AD",4923,6.38
"Forde","Adrian Dean","ON",11746,17.1
"Forde","Danny Hope","CEC",229,0.33
"Forde","Alan Dickson","AD",3093,4.5
"Forde","Daniel Habermann","Grn",1546,2.25
"Forde","Geoff Daniels","FLR",286,0.42
"Forde","Kay Elson","Lib46",29358,42.74
"Forde","Peter Keech","ALP",22431,32.66
"Forrest","Ted Stone","AFP",897,1.19
"Forrest","Paddy Embry","ON",10029,13.34
"Forrest","Geoff Prosser","Lib46",32171,42.78
"Forrest","Jim Cummins","CDP",1316,1.75
"Forrest","Steve Thomas","NPA",2354,3.13
"Forrest","Jon Doust","Ind",424,0.56
"Forrest","Alf Denman","AD",2253,3
"Forrest","John Watson","CEC",117,0.16
"Forrest","Paul Llewellyn","Grn",5303,7.05
"Forrest","Tony Dean","ALP",20332,27.04
"Fowler","Julia Irwin","ALP",49472,61.69
"Fowler","Lorna Dooner","Lib46",13705,17.09
"Fowler","Andrew Su","Uni",8532,10.64
"Fowler","Rodney Smith","ON",5886,7.34
"Fowler","Mark Stevens","AD",2603,3.25
"Franklin","Irene Fisher","AD",3003,4.89
"Franklin","Jane Goodluck","Lib46",24266,39.51
"Franklin","Harry Quick","ALP",30180,49.14
"Franklin","Kay McFarlane","Grn",3962,6.45
"Fraser","Bob McMullan","ALP",50573,52.41
"Fraser","Chris Spence","ON",4773,4.95
"Fraser","Sue Bull","DSL",1214,1.26
"Fraser","Joanne Clarke","Ind",1057,1.1
"Fraser","Peter Smith","Lib46",27088,28.07
"Fraser","Gordon McAllister","Grn",4371,4.53
"Fraser","David Seaton","NLP93",258,0.27
"Fraser","Jason Wood","AD",7157,7.42
"Fremantle","Tony Hill","ON",5834,7.56
"Fremantle","Carmen Lawrence","ALP",36631,47.45
"Fremantle","Jakica Zaknic","AD",3450,4.47
"Fremantle","Leonie Deegan","Grn",5281,6.84
"Fremantle","Lawrence Shave","Ind",957,1.24
"Fremantle","Mick Tiller","Lib46",25051,32.45
"Gellibrand","Nicola Roxon","ALP",51443,67.47
"Gellibrand","Anthony Cursio","Lib46",15233,19.98
"Gellibrand","Nikolas Kavalenka","ON",2638,3.46
"Gellibrand","Michael Pollock","NLP93",249,0.33
"Gellibrand","Liz Ingham","Grn",2180,2.86
"Gellibrand","David Wark","AD",3420,4.49
"Gellibrand","Adrian Shorland","Uni",1078,1.41
"Gilmore","Steve Ryan","CDP",1481,2
"Gilmore","Joanna Gash","Lib46",33390,45.09
"Gilmore","Peter Fraser","AD",2444,3.3
"Gilmore","Jane Bange","Grn",2020,2.73
"Gilmore","Sandra McCarthy","ALP",26509,35.8
"Gilmore","Tom Dell","ON",8206,11.08
"Gippsland","Frances Clarke","NLP93",751,1.02
"Gippsland","Robert Thorpe","Uni",567,0.77
"Gippsland","Leonie Cameron","Ind",2611,3.53
"Gippsland","Doug Treasure","Ind",4076,5.51
"Gippsland","Judith Stone","ALP",19438,26.28
"Gippsland","Tony Peters","ON",8454,11.43
"Gippsland","Les Horsfield","Ind",799,1.08
"Gippsland","Jo McCubbin","AD",3931,5.32
"Gippsland","Peter McGauran","NPA",31774,42.97
"Gippsland","Jack Vanderland","Ind",900,1.22
"Gippsland","John Weatherhead","AFP",650,0.88
"Goldstein","Meret Field","ACS",413,0.51
"Goldstein","Margaret Khouri","ALP",26980,33.53
"Goldstein","Peter Crawford","ON",1822,2.26
"Goldstein","Joan Dickins","NLP93",225,0.28
"Goldstein","Nick Brunton","Grn",2328,2.89
"Goldstein","David Kemp","Lib46",41881,52.04
"Goldstein","Arkady Shtrambrandt","Uni",672,0.84
"Goldstein","Diane Barry","AD",6156,7.65
"Grayndler","Michael Armani","Lib46",15628,20.73
"Grayndler","Sylvia Hale","NAN",2816,3.74
"Grayndler","Sean Roberts","Grn",3373,4.47
"Grayndler","Katherine Cummings","AD",4301,5.7
"Grayndler","Anthony Albanese","ALP",41971,55.67
"Grayndler","Ning Gao","Uni",3621,4.8
"Grayndler","Warren Webb","ON",2342,3.11
"Grayndler","Michael Karadjis","DSL",535,0.71
"Grayndler","Michael Robinson","CDP",630,0.84
"Grayndler","John Ryder","NLP93",177,0.23
"Greenway","Bob Bawden","CDP",3292,4.24
"Greenway","Frank Mossfield","ALP",36010,46.43
"Greenway","Jocelyn Howden","Grn",1459,1.88
"Greenway","Mathew Cross","Lib46",23865,30.77
"Greenway","Bill Nixon","ON",7774,10.02
"Greenway","Salvinder Dhillon","Ind",586,0.76
"Greenway","Reynolds Bonuedi","Uni",1082,1.39
"Greenway","Peter Reddy","AD",3497,4.51
"Grey","Noel Dickson","ON",9469,12.6
"Grey","Martin Jackson","Ind",729,0.97
"Grey","Geoff Buckland","ALP",23581,31.37
"Grey","Ian Gray","NPA",1592,2.12
"Grey","Nick Weetman","AD",3802,5.06
"Grey","Paul Brown","NLP93",325,0.43
"Grey","Barry Wakelin","Lib46",35669,47.45
"Griffith","Graeme McDougall","Lib46",32018,40.26
"Griffith","Iain Renton","AD",3920,4.93
"Griffith","Jeni Eastwood","AWP96",807,1.01
"Griffith","Greg George","Grn",2108,2.65
"Griffith","Kevin Rudd","ALP",35121,44.17
"Griffith","Neil Jorgensen","ON",5546,6.97
"Groom","Geoff Brown","ALP",18787,25.23
"Groom","Cynthia Mayne","Ind",1629,2.19
"Groom","Avril Baynes","ON",13382,17.97
"Groom","Paul Harry","CDP",1409,1.89
"Groom","Glenn Polson","AD",1993,2.68
"Groom","Bruce Green","NPA",11335,15.22
"Groom","Sarah Moles","Grn",1307,1.75
"Groom","Ian Macfarlane","Lib46",24631,33.07
"Gwydir","John Anderson","NPA",30829,46.14
"Gwydir","Derrick Paxton","CDP",1106,1.66
"Gwydir","Anne Murnain","ALP",17773,26.6
"Gwydir","Ken Graham","AD",1624,2.43
"Gwydir","Jim Perrett","Ind",856,1.28
"Gwydir","Bob Johns","ON",13875,20.77
"Gwydir","Gary Edwards","Ind",747,1.12
"Herbert","Rebecca Smith","Grn",1747,2.27
"Herbert","Ted Lindsay","ALP",28588,37.19
"Herbert","Mark Swain","ON",10991,14.3
"Herbert","Pauline Woodbridge","AWP96",619,0.81
"Herbert","Althea Smith","AD",1979,2.57
"Herbert","John Edmiston","CDP",948,1.23
"Herbert","Bob Bradley","Ind",503,0.65
"Herbert","Peter Lindsay","Lib46",30683,39.91
"Herbert","Elaine Steley","Ind",816,1.06
"Higgins","Ian Lawson","Ind",584,0.75
"Higgins","Robert Trafficante","Grn",2155,2.78
"Higgins","Peter Costello","Lib46",41353,53.44
"Higgins","Rod Spencer","ON",1208,1.56
"Higgins","Russell Dwyer","Ind",128,0.17
"Higgins","President Torney","ACS",93,0.12
"Higgins","Jude Wallace","ALP",24852,32.12
"Higgins","Michael Dickins","NLP93",205,0.26
"Higgins","David Zyngier","Uni",1031,1.33
"Higgins","Craig Shaw","AD",5770,7.46
"Hindmarsh","Steve Georganas","ALP",29912,39.19
"Hindmarsh","Colin Gibson","ON",5362,7.03
"Hindmarsh","Deb Cashel","Grn",2058,2.7
"Hindmarsh","Christine Gallus","Lib46",33031,43.28
"Hindmarsh","Sandra Dunning","NLP93",302,0.4
"Hindmarsh","Neil Raw","AD",5659,7.41
"Hinkler","Paul Neville","NPA",26471,36.58
"Hinkler","Cheryl Dorron","ALP",29021,40.11
"Hinkler","Ray Pearce","Grn",1139,1.57
"Hinkler","Marcus Ringuet","ON",13739,18.99
"Hinkler","Lance Hall","AD",1677,2.32
"Hinkler","Cindy Rolls","CEC",309,0.43
"Holt","Daniel Berk","AD",4425,5.99
"Holt","Kunwar Raj Singh","Uni",931,1.26
"Holt","Margaret Nicholls","Lib46",21823,29.54
"Holt","Heath Allison","NLP93",379,0.51
"Holt","Gareth Evans","ALP",44172,59.78
"Holt","Robert Bisset","Ind",860,1.16
"Holt","Lynne Dickson","CDP",1296,1.75
"Hotham","Alan Salter","ON",2559,3.16
"Hotham","Simon Crean","ALP",46107,56.98
"Hotham","John Pesutto","Lib46",26059,32.21
"Hotham","Stan Rosenthal","Uni",841,1.04
"Hotham","Polly Morgan","AD",3720,4.6
"Hotham","John Cordon","NLP93",137,0.17
"Hotham","Susan Walters","Grn",1492,1.84
"Hughes","Jim McGoldrick","Ind",2069,2.54
"Hughes","Danna Vale","Lib46",38199,46.97
"Hughes","Jo-Anne Lentern","Grn",2224,2.73
"Hughes","Suthep Kunathai","Uni",655,0.81
"Hughes","Jim Bowen","ACS",211,0.26
"Hughes","David Hill","ALP",27711,34.07
"Hughes","Adrian Blackburn","AD",3096,3.81
"Hughes","Martin Heald","RPA",148,0.18
"Hughes","Reginald Lowder","ON",7020,8.63
"Hume","Jan Green","Grn",1560,2.26
"Hume","Wayne Hickson","ON",7471,10.8
"Hume","Mick Veitch","ALP",22466,32.49
"Hume","Christine Ferguson","NPA",6433,9.3
"Hume","Philip Fowler","Ind",413,0.6
"Hume","Dave Cox","Ind",551,0.8
"Hume","Jean McClung","CEC",142,0.21
"Hume","Alby Schultz","Lib46",28299,40.92
"Hume","Greg Butler","AD",1817,2.63
"Hunter","Rod Bennison","AD",2278,3.18
"Hunter","Peter Meddows","AFP",296,0.41
"Hunter","Terry Cook","SEP",152,0.21
"Hunter","Joel Fitzgibbon","ALP",39187,54.63
"Hunter","Cherrilyn McLean","Lib46",11919,16.62
"Hunter","James Ryan","Grn",1433,2
"Hunter","Ann Lawler","CEC",362,0.5
"Hunter","Rob Macaulay","NPA",7976,11.12
"Hunter","Darren Culley","ON",8131,11.33
"Indi","Susan Griffith","NLP93",738,0.97
"Indi","Zuvele Leschen","ALP",21572,28.43
"Indi","Jurek Paz","Ind",368,0.49
"Indi","Brian Robson","AFP",2157,2.84
"Indi","Kevin Smith","AD",3708,4.89
"Indi","Lou Lieberman","Lib46",38590,50.87
"Indi","David Maroney","Ind",431,0.57
"Indi","John Anderson","ON",6023,7.94
"Indi","Tim Bardsley","Grn",1825,2.41
"Indi","Norm Ryan","Ind",454,0.6
"Isaacs","Greg Wilton","ALP",35604,48.43
"Isaacs","Daniel Tirawa","Grn",1570,2.14
"Isaacs","Mija Carkeek","Uni",421,0.57
"Isaacs","Robert Ryan","AD",4355,5.92
"Isaacs","Amanda McIntosh","NLP93",211,0.29
"Isaacs","Denis Reed-Smith","ON",2971,4.04
"Isaacs","Mike Rawlinson","Lib46",28060,38.17
"Isaacs","Patricia Brook","AFP",325,0.44
"Jagajaga","Robyn Roberts","Grn",2633,3.26
"Jagajaga","Ray Mason","ON",1971,2.44
"Jagajaga","Jenny Macklin","ALP",38842,48.15
"Jagajaga","Steve Griffith","NLP93",265,0.33
"Jagajaga","John McPherson","AD",4732,5.87
"Jagajaga","Grant Walters","Uni",468,0.58
"Jagajaga","Tony Raunic","Lib46",31760,39.37
"Kalgoorlie","Robin Chapple","Grn",2899,4.24
"Kalgoorlie","Clark Butson","ALP",18890,27.62
"Kalgoorlie","Barry Haase","Lib46",19169,28.03
"Kalgoorlie","Dean Richter","AD",1367,2
"Kalgoorlie","Kathy Finlayson","NPA",4088,5.98
"Kalgoorlie","Graeme Campbell","AFP",15585,22.79
"Kalgoorlie","Laurie Sugg","CDP",466,0.68
"Kalgoorlie","Neville Smith","ON",5737,8.39
"Kalgoorlie","Ian Burt","CEC",185,0.27
"Kennedy","Greg Pohlmann","Ind",2219,2.94
"Kennedy","Steve Theodore","Ind",476,0.63
"Kennedy","Judy Harris","CEC",255,0.34
"Kennedy","Jayson Dalton","ON",14240,18.84
"Kennedy","Ken Parker","Grn",1033,1.37
"Kennedy","Alan Isherwood","AD",1907,2.52
"Kennedy","Kenneth Stark","ALP",22110,29.25
"Kennedy","Bob Katter","NPA",33355,44.12
"Kingsford-Smith","Tio Faulkner","Lib46",21852,30.54
"Kingsford-Smith","Laurie Brereton","ALP",37123,51.87
"Kingsford-Smith","Tatiana Haralambous","Uni",2698,3.77
"Kingsford-Smith","Allan Caswell","AD",2723,3.81
"Kingsford-Smith","Murray Matson","Grn",2505,3.5
"Kingsford-Smith","Jack McEwen","ON",4167,5.82
"Kingsford-Smith","Vladimir Goryachev","Ind",495,0.69
"Kingston","Olive Weston","Ind",980,1.2
"Kingston","Susan Jeanes","Lib46",32211,39.45
"Kingston","Hugh Dickson","NLP93",400,0.49
"Kingston","Chris Planeta","EFF",513,0.63
"Kingston","Charlie McCormack","ON",7510,9.2
"Kingston","Ralph Hahnheuser","Ind",869,1.06
"Kingston","Graham Pratt","AD",7725,9.46
"Kingston","David Cox","ALP",31441,38.51
"Kooyong","Petro Georgiou","Lib46",43028,54.83
"Kooyong","Brad Starkie","AD",6366,8.11
"Kooyong","Ron McKean","ON",1637,2.09
"Kooyong","Milton Nomikoudis","Uni",1164,1.48
"Kooyong","Maxine Morand","ALP",23107,29.44
"Kooyong","Wendy Salter","Grn",3177,4.05
"Lalor","George Papaellinas","Uni",1446,1.91
"Lalor","Anthony Shaw","AD",4090,5.4
"Lalor","Julia Gillard","ALP",46374,61.21
"Lalor","Cynthia Manson","Grn",1339,1.77
"Lalor","John Brodel","ON",3127,4.13
"Lalor","Cameron O'Sullivan","Lib46",19381,25.58
"La Trobe","Amanda Leeper","AD",6447,8.78
"La Trobe","Assyl Haidar","Uni",411,0.56
"La Trobe","Jeff Thomas","ON",3173,4.32
"La Trobe","Frank Dean","Ind",331,0.45
"La Trobe","Wolf Voigt","CDP",740,1.01
"La Trobe","Robyn Holtham","Grn",2801,3.81
"La Trobe","Carolyn Hirsh","ALP",27733,37.77
"La Trobe","Bob Charles","Lib46",31456,42.84
"La Trobe","Graham Woolley","ACS",186,0.25
"La Trobe","Andrew Stenberg","NLP93",152,0.21
"Leichhardt","Harold Salier","AD",2243,3.15
"Leichhardt","Warren Entsch","Lib46",29550,41.45
"Leichhardt","Rob Kenyon","Ind",267,0.37
"Leichhardt","Trudy Alberts","Ind",218,0.31
"Leichhardt","Steve Dimitriou","Ind",522,0.73
"Leichhardt","Chris Lewis","ALP",26361,36.98
"Leichhardt","Beth Hudson","ON",9904,13.89
"Leichhardt","Steven Nowakowski","Grn",2056,2.88
"Leichhardt","Rata Hami Pugh","Ind",173,0.24
"Lilley","Warren Bray","ON",6702,8.5
"Lilley","Sue Meehan","Grn",1785,2.26
"Lilley","Kirsty Fraser","AD",3863,4.9
"Lilley","Elizabeth Grace","Lib46",30185,38.28
"Lilley","Wayne Swan","ALP",35617,45.16
"Lilley","Gerard O'Keeffe","CDP",711,0.9
"Lindsay","Steve Grim-Reaper","Ind",1043,1.36
"Lindsay","Sidney Acker","Uni",475,0.62
"Lindsay","Stephen Lear","AD",2221,2.91
"Lindsay","Jean Eykamp","CDP",1047,1.37
"Lindsay","David Lipman","Ind",166,0.22
"Lindsay","Lesley Edwards","Grn",1518,1.99
"Lindsay","Cathy O'Toole","ALP",29903,39.12
"Lindsay","Jackie Kelly","Lib46",31872,41.7
"Lindsay","F Ivor","Ind",126,0.16
"Lindsay","Rick Putra","ON",7621,9.97
"Lindsay","Dion Bailey","Ind",446,0.58
"Longman","John Langford","Grn",2206,3.16
"Longman","Paul Barnes","AD",3477,4.98
"Longman","Mal Brough","Lib46",27161,38.93
"Longman","Ian Burgett","ALP",24254,34.77
"Longman","Gavin Badke","ON",12663,18.15
"Lowe","Vince Sicari","NAN",1603,2.16
"Lowe","Paul Zammit","Ind",11700,15.77
"Lowe","Jeff Meikle","AD",1714,2.31
"Lowe","Robert Lee","Lib46",24617,33.18
"Lowe","Natasha Verco","Grn",1300,1.75
"Lowe","Gary Wilkinson","NLP93",80,0.11
"Lowe","John Wright","ON",2768,3.73
"Lowe","John Murphy","ALP",26730,36.03
"Lowe","Owen Davies","CDP",597,0.8
"Lowe","Chris Wong","Uni",2813,3.79
"Lowe","Giancarlo Maisano","Ind",267,0.36
"Lyne","Terrence Simms","Ind",984,1.29
"Lyne","Carrie Jacobi","Grn",1501,1.97
"Lyne","Vicki Grieves","ALP",22456,29.51
"Lyne","Graeme Muldoon","CEC",197,0.26
"Lyne","Ray Danton","ON",9011,11.84
"Lyne","Mark Vaile","NPA",38812,51
"Lyne","Allan Quartly","AD",1974,2.59
"Lyne","Barry Watts","CDP",1166,1.53
"Lyons","Dick Adams","ALP",32843,51.17
"Lyons","Andrew Wilson","ON",3050,4.75
"Lyons","Richard Colbeck","Lib46",21543,33.56
"Lyons","Annie Willock","Grn",3042,4.74
"Lyons","Bob Bensemann","AD",1469,2.29
"Lyons","Darryl Gerrity","TFP",2243,3.49
"Macarthur","John Fahey","Lib46",40395,47.75
"Macarthur","Michael Banasik","ALP",28495,33.69
"Macarthur","Michelle Wood","Grn",2692,3.18
"Macarthur","Damian Alm","ON",9246,10.93
"Macarthur","Anthony Kaufmann","AD",3761,4.45
"Mackellar","Bob Ellis","Ind",4729,6.35
"Mackellar","Trevor Ockenden","Grn",2500,3.36
"Mackellar","Stephen Doric","NLP93",193,0.26
"Mackellar","Bronwyn Bishop","Lib46",39966,53.68
"Mackellar","Vicki Dimond","AD",7104,9.54
"Mackellar","John Webeck","ON",5355,7.19
"Mackellar","Nick Lorentzen","ALP",14605,19.62
"Macquarie","Shirley Grigg","CTA",1510,1.99
"Macquarie","Kerry Bartlett","Lib46",32432,42.74
"Macquarie","Michael Penny","NLP93",222,0.29
"Macquarie","Les Sheather","ON",7870,10.37
"Macquarie","Maggie Deahm","ALP",26391,34.78
"Macquarie","Adele Doust","Grn",2563,3.38
"Macquarie","Jon Rickard","AD",4895,6.45
"Makin","Christine Posta","AD",8502,10.27
"Makin","Trish Draper","Lib46",33702,40.7
"Makin","Rodney Kowald","ON",8009,9.67
"Makin","Geoffrey Wells","NLP93",391,0.47
"Makin","Mike Wohltmann","Ind",1002,1.21
"Makin","Gail Gago","ALP",31194,37.67
"Mallee","John Forrest","NPA",43132,57.18
"Mallee","Tom Joyce","AD",3440,4.56
"Mallee","Bill Croft","ON",9516,12.61
"Mallee","Lee Cubit","CEC",600,0.8
"Mallee","Lionel McKenzie","Ind",2278,3.02
"Mallee","John Zigouras","ALP",16471,21.83
"Maranoa","Robyn Cadzow","ON",16892,22.4
"Maranoa","Elizabeth Pommer","ALP",18936,25.11
"Maranoa","Kim Olsen","Grn",1066,1.41
"Maranoa","Regina Gleeson","AD",2114,2.8
"Maranoa","Bruce Scott","NPA",34075,45.19
"Maranoa","Peter Miller","CEC",243,0.32
"Maranoa","Lorraine Wheeldon","Ind",2076,2.75
"Maribyrnong","Paul Gallagher","CEC",1366,1.82
"Maribyrnong","Bob Sercombe","ALP",48458,64.66
"Maribyrnong","Diana Kalantzis","Uni",1203,1.61
"Maribyrnong","Tony Camilleri","Grn",1867,2.49
"Maribyrnong","Paul Treacy","NLP93",273,0.36
"Maribyrnong","Will Charlton","Lib46",18305,24.43
"Maribyrnong","Helen Martin","AD",3469,4.63
"Mayo","John Schumann","AD",18791,22.43
"Mayo","Howie Coombe","Ind",598,0.71
"Mayo","Jade Evans","ALP",18290,21.83
"Mayo","Ian Wynn","CDP",1360,1.62
"Mayo","Anthony Coombe","NLP93",360,0.43
"Mayo","Alexander Downer","Lib46",38246,45.64
"Mayo","Lee Peacock","ON",6146,7.33
"McEwen","Graeme McEwen","ALP",30350,40.03
"McEwen","Dennis Lacey","ON",3877,5.11
"McEwen","Sean Carter","AD",3652,4.82
"McEwen","Susan Brown","NLP93",186,0.25
"McEwen","Stephen Bowden","Ind",611,0.81
"McEwen","Pam Lawson","Grn",2020,2.66
"McEwen","Vicki Treble","ASP",1808,2.38
"McEwen","Fran Bailey","Lib46",32951,43.46
"McEwen","Elizabeth Savage Kooroonya","Ind",363,0.48
"McMillan","Peter Kelly","ASP",2954,3.89
"McMillan","Barry Cunningham","Ind",3800,5.01
"McMillan","Anthony Geoghegan","Ind",352,0.46
"McMillan","Peter Jackson","NLP93",116,0.15
"McMillan","Colin Milne","Uni",247,0.33
"McMillan","Peter Wells","AFP",2036,2.68
"McMillan","Russell Broadbent","Lib46",29512,38.91
"McMillan","Bryan Atkin","ON",3963,5.22
"McMillan","Jenny Farrar","Grn",1645,2.17
"McMillan","David Wall","AD",3228,4.26
"McMillan","Christian Zahra","ALP",27995,36.91
"McPherson","Robert Poole","ALP",24441,33.12
"McPherson","Margaret May","Lib46",33329,45.17
"McPherson","John Palmer","Grn",2390,3.24
"McPherson","Lynne Grimsey","AD",2826,3.83
"McPherson","Peter Murphy","ON",7065,9.58
"McPherson","Ted Shepherd","NPA",3190,4.32
"McPherson","Kevin Goodwin","Ind",544,0.74
"Melbourne","Brent McKenna","AD",7122,8.97
"Melbourne","James Ferrari","Ind",365,0.46
"Melbourne","Lindsay Tanner","ALP",45958,57.9
"Melbourne","Paul Nettelbeck","Lib46",19289,24.3
"Melbourne","Sherridan Maxwell","Uni",1095,1.38
"Melbourne","Lawrence Clarke","NLP93",176,0.22
"Melbourne","Ivan Horvat","CEC",133,0.17
"Melbourne","Maurice Sibelle","DSL",425,0.54
"Melbourne","Nolan Tyrrell","Grn",4811,6.06
"Melbourne Ports","Arthur Hawley","ON",1380,1.85
"Melbourne Ports","Diana Wolowski","Uni",1413,1.9
"Melbourne Ports","Michael Danby","ALP",32849,44.1
"Melbourne Ports","Julie Peters","AD",6099,8.19
"Melbourne Ports","Fiona Snedden","Lib46",29037,38.99
"Melbourne Ports","Tom Haynes","NLP93",180,0.24
"Melbourne Ports","Dinesh Mathew","Grn",3523,4.73
"Menzies","Damian Wise","AD",4395,5.82
"Menzies","John Casley","ON",1383,1.83
"Menzies","Marcia Riordan","Ind",1060,1.4
"Menzies","Peter Allan","ALP",24812,32.85
"Menzies","Philip Nitschke","Ind",6843,9.06
"Menzies","Mark Bunn","NLP93",240,0.32
"Menzies","Mohamed Morsy","Uni",1383,1.83
"Menzies","Kevin Andrews","Lib46",35415,46.89
"Mitchell","Anthony Ellard","ALP",16263,21.26
"Mitchell","Ken Gregory","CDP",1235,1.61
"Mitchell","Stephen Burke","ON",5090,6.65
"Mitchell","Cindy Taylor","Grn",1719,2.25
"Mitchell","Alan Cadman","Lib46",46203,60.4
"Mitchell","Ilo Uzonoski","Uni",1988,2.6
"Mitchell","Helen McAuliffe","AD",3852,5.04
"Mitchell","Michael Lyons","NLP93",145,0.19
"Moncrieff","Anne Bennett","ALP",21055,29.11
"Moncrieff","Warren Fenton","ON",7357,10.17
"Moncrieff","Colin O'Brien","AD",2610,3.61
"Moncrieff","Kathy Sullivan","Lib46",37527,51.88
"Moncrieff","Julie Falcke","CDP",1615,2.23
"Moncrieff","Sally Spain","Grn",2175,3.01
"Moore","Mal Washer","Lib46",24754,34.38
"Moore","Paul Filing","Ind",14739,20.47
"Moore","Allison Walker","ON",4943,6.87
"Moore","Steve Magyar","Grn",3209,4.46
"Moore","Patti Lock","AD",2611,3.63
"Moore","Christine Power","ALP",21743,30.2
"Moreton","Lenore Taylor","Grn",2627,3.36
"Moreton","Gary Hardgrave","Lib46",33724,43.12
"Moreton","Jim Vote","CDP",959,1.23
"Moreton","Kathleen Brookes","ALP",31227,39.93
"Moreton","Anthony Lee","AD",4046,5.17
"Moreton","Vanessa Stewart","ON",5626,7.19
"Murray","Geoff Wilson","ASP",5274,6.8
"Murray","Eleisha Mullane","Grn",1243,1.6
"Murray","John Stuart","ALP",16061,20.72
"Murray","Diane Teasdale","AFP",955,1.23
"Murray","Sharman Stone","Lib46",46070,59.43
"Murray","Robert Hellemons","ON",5259,6.78
"Murray","Nino Marcucci","Ind",386,0.5
"Murray","Ray Cadmore","AD",2276,2.94
"Newcastle","Harry Criticos","Ind",2718,4.17
"Newcastle","Carrie Jacobi","Grn",5965,9.15
"Newcastle","Allan Morris","ALP",31441,48.21
"Newcastle","Stephen Bisgrove","AD",5607,8.6
"Newcastle","Geoff Payne","DSL",662,1.01
"Newcastle","Greg Budworth","CDP",1798,2.76
"Newcastle","Harry Williams","PLP98",1131,1.73
"Newcastle","Kate Taylor","ON",10466,16.05
"Newcastle","Peter Boyd","Ind",757,1.16
"Newcastle","Ivan Welsh","Ind",4398,6.74
"Newcastle","Tony King","CEC",280,0.43
"New England","James Cronin","Grn",1460,2.13
"New England","Graham Nuttall","Ind",6202,9.06
"New England","Peter Monley","Lib46",11261,16.45
"New England","Oriel Pearce","CDP",1143,1.67
"New England","Frances Letters","NLP93",162,0.24
"New England","David Morton","Ind",449,0.66
"New England","Pat Dixon","ALP",15733,22.98
"New England","Stuart St. Clair","NPA",21299,31.11
"New England","Rebekah Grindlay","AD",1466,2.14
"New England","Victor Weare","ON",9288,13.57
"Northern Territory","Craig Seiler","AD",4658,5.12
"Northern Territory","Barry Nattrass","Ind",1018,1.12
"Northern Territory","Nick Dondas","CLP",36014,39.6
"Northern Territory","Natalie Zirngast","DSL",624,0.69
"Northern Territory","Ilana Eldridge","Grn",2753,3.03
"Northern Territory","Peter Schirmer","ON",7401,8.14
"Northern Territory","Warren Snowdon","ALP",38469,42.3
"North Sydney","Andrew Woodroffe","Grn",3106,3.93
"North Sydney","Henry Pong","Uni",3727,4.72
"North Sydney","Roger Bourne","CDP",698,0.88
"North Sydney","Glenn Russell","NLP93",136,0.17
"North Sydney","Joe Hockey","Lib46",42887,54.32
"North Sydney","John Hockley","ON",2270,2.88
"North Sydney","Anthony Spain","AD",5726,7.25
"North Sydney","Julie Owens","ALP",20403,25.84
"O'Connor","Frank Marciano","ALP",16877,22.17
"O'Connor","Jenny Fowler","NPA",6137,8.06
"O'Connor","Mac Forsyth","CDP",1343,1.76
"O'Connor","Wilson Tuckey","Lib46",35383,46.48
"O'Connor","Hannah McGlade","AD",1799,2.36
"O'Connor","Stuart Smith","CEC",231,0.3
"O'Connor","Frank Hough","ON",10449,13.73
"O'Connor","Ian Stiles","AFP",1054,1.38
"O'Connor","Mark Douglas","Grn",2845,3.74
"Oxley","Simon Trencher","FLR",689,0.96
"Oxley","Anne Scott","Ind",3053,4.26
"Oxley","Maria Forbes","Lib46",17538,24.48
"Oxley","Kate Kunzelmann","AD",2773,3.87
"Oxley","Colene Hughes","ON",12653,17.66
"Oxley","Dele Rule","Ind",614,0.86
"Oxley","John McKeon","Grn",1200,1.68
"Oxley","Bernie Ripoll","ALP",32770,45.75
"Oxley","Xuan Thu Nguyen","Ind",338,0.47
"Page","Ian Causley","NPA",31313,41.76
"Page","Warren Wenban","ON",8473,11.3
"Page","Kath O'Driscoll","DSL",402,0.54
"Page","Graham Clausen","CDP",1133,1.51
"Page","Nicole Rogers","Grn",3460,4.61
"Page","Joy Mathews","ALP",26548,35.4
"Page","Peter Wrightson","AD",2162,2.88
"Page","Doug Behn","Ind",1498,2
"Parkes","Robert Wilson","Ind",8657,11.82
"Parkes","Tony Lawler","NPA",20791,28.38
"Parkes","Scott MacDougall","Lib46",7261,9.91
"Parkes","Barry Brebner","ALP",26070,35.59
"Parkes","David Burton","AD",1246,1.7
"Parkes","Donald McNaught","ON",9230,12.6
"Parramatta","Ross Cameron","Lib46",31060,43.64
"Parramatta","John Cogger","NLP93",108,0.15
"Parramatta","Matthew Wong","Uni",3073,4.32
"Parramatta","Paul Elliott","ALP",27521,38.67
"Parramatta","Peter Mulligan","AD",2033,2.86
"Parramatta","Tina Schembri","Ind",707,0.99
"Parramatta","Peter Consandine","RPA",79,0.11
"Parramatta","Dee Jonsson","CDP",899,1.26
"Parramatta","Ian Hale","ON",4495,6.32
"Parramatta","Peter Wright","Grn",1195,1.68
"Paterson","Anthony King","CEC",666,0.87
"Paterson","Andrew Buchan","Ind",448,0.58
"Paterson","Bob Horne","ALP",33066,43.13
"Paterson","Bob Baldwin","Lib46",31212,40.71
"Paterson","Michelle Moffat","Ind",608,0.79
"Paterson","Jan Davis","Grn",1577,2.06
"Paterson","Geoffrey Rutledge","AD",1467,1.91
"Paterson","Paul Fuller","ON",6355,8.29
"Paterson","Paul Unger","Ind",145,0.19
"Paterson","Alison Dellit","DSL",164,0.21
"Paterson","David Murray","CDP",957,1.25
"Pearce","Paul Andrews","ALP",22751,30.51
"Pearce","John Burt","CEC",288,0.39
"Pearce","David Gunnyon","ON",9381,12.58
"Pearce","Judi Moylan","Lib46",32475,43.54
"Pearce","Roger Cooper","NPA",1017,1.36
"Pearce","Barbara Moxham","AD",4248,5.7
"Pearce","Keith Schekkerman","Grn",4420,5.93
"Perth","Kerry Mills","ON",6555,8.56
"Perth","Stephen Smith","ALP",38395,50.16
"Perth","Gemma Carter","Grn",4713,6.16
"Perth","Kim Iggy","DSL",682,0.89
"Perth","David Montani","Lib46",22689,29.64
"Perth","Brendon Entrekin","AD",3517,4.59
"Petrie","Raymond Bower","ON",8637,11.09
"Petrie","Pamela Stowell","AD",3962,5.09
"Petrie","Teresa Gambaro","Lib46",32994,42.37
"Petrie","Peter Burgoyne","Grn",1395,1.79
"Petrie","Rosemary Hume","ALP",30882,39.66
"Port Adelaide","Matilda Bawden","AD",6696,9.01
"Port Adelaide","Michael Perth","Ind",801,1.08
"Port Adelaide","Rod Sawford","ALP",39449,53.1
"Port Adelaide","Rick Hill","Ind",1527,2.06
"Port Adelaide","John Powell","ON",6731,9.06
"Port Adelaide","Romeo Cavuoto","Lib46",19083,25.69
"Prospect","Manny Poularas","AD",3405,4.91
"Prospect","John Hutchinson","ON",5199,7.49
"Prospect","Nahid Aziz","Lib46",15965,23.01
"Prospect","Chris Harris","Grn",1074,1.55
"Prospect","Janice Crosio","ALP",41310,59.54
"Prospect","Linda Cogger","NLP93",235,0.34
"Prospect","Somchai Tongsumrith","Uni",2199,3.17
"Rankin","Ann Hage","CDP",1556,2.24
"Rankin","Brian Norton","Ind",456,0.66
"Rankin","Lorraine Barnes","Ind",456,0.66
"Rankin","Craig Emerson","ALP",32924,47.48
"Rankin","Ron Frood","ON",8749,12.62
"Rankin","Cuong Bui","Lib46",20736,29.91
"Rankin","Robert Hernandez","AD",2923,4.22
"Rankin","Sara van Tinteren","Grn",1536,2.22
"Reid","John Ananin","CDP",2544,3.56
"Reid","David Poularas","AD",2052,2.87
"Reid","Jamie Thompson","Grn",1293,1.81
"Reid","Laurie Ferguson","ALP",41162,57.56
"Reid","Shane O'Connor","ON",4477,6.26
"Reid","Penny Tongsumrith","Uni",4045,5.66
"Reid","Alma Freame","Lib46",15637,21.87
"Reid","Rupen Savoulian","DSL",302,0.42
"Richmond","Neville Newell","ALP",31129,38.3
"Richmond","John Penhaligon","ON",8278,10.18
"Richmond","Leo Piek","Ind",621,0.76
"Richmond","Peter Cullen","AD",2305,2.84
"Richmond","Alan DeVendra","Ind",1662,2.04
"Richmond","Larry Anthony","NPA",32645,40.16
"Richmond","Helen Patterson","NLP93",320,0.39
"Richmond","Tom Tabart","Grn",4323,5.32
"Riverina","David Kibbey","Lib46",15942,21.44
"Riverina","Rosemary Gillies","AD",1770,2.38
"Riverina","Denis Collins","Ind",1218,1.64
"Riverina","David Barton","ON",9129,12.28
"Riverina","Peter Hargreaves","ALP",19234,25.87
"Riverina","Kay Hull","NPA",27060,36.39
"Robertson","Kevin Glancy","ON",6940,9.24
"Robertson","Jim Lloyd","Lib46",32963,43.9
"Robertson","Andrew Penfold","AD",3303,4.4
"Robertson","Ian McKenzie","Grn",1598,2.13
"Robertson","Marie Ashburn","Uni",364,0.48
"Robertson","Belinda Neal","ALP",29917,39.84
"Ryan","Brian Hoepper","Grn",2945,3.83
"Ryan","Alan Skyring","Ind",353,0.46
"Ryan","Lyn Dengate","AD",6139,7.98
"Ryan","Alan Smith","ON",4032,5.24
"Ryan","Teresa Farruggio","ALP",23350,30.35
"Ryan","John Barker","AFP",158,0.21
"Ryan","John Moore","Lib46",38785,50.4
"Ryan","Peter Mackenzie","Ind",1186,1.54
"Scullin","Hussein Tahiri","AD",4503,5.83
"Scullin","M. Kheirallah","Uni",949,1.23
"Scullin","Robert Brown","NLP93",603,0.78
"Scullin","Peter Pratt","Lib46",18882,24.44
"Scullin","Harry Jenkins","ALP",52320,67.72
"Shortland","Rebecca Moroney","Grn",2681,3.65
"Shortland","Jill Hall","ALP",38004,51.78
"Shortland","Ivan Welsh","Ind",1878,2.56
"Shortland","Aysha Pollnitz","AD",2605,3.55
"Shortland","Ron Gardnir","ON",7499,10.22
"Shortland","Peter Craig","Lib46",20733,28.25
"Stirling","Elaine McNeill","AFP",996,1.3
"Stirling","Eoin Cameron","Lib46",32015,41.71
"Stirling","Leanne Hillel","NLP93",213,0.28
"Stirling","John Evans","ON",5096,6.64
"Stirling","Mark Lockett","Grn",3820,4.98
"Stirling","Jann McFarlane","ALP",30994,40.38
"Stirling","Peter Markham","AD",3303,4.3
"Stirling","Bronislaw Tabaczynski","Uni",321,0.42
"Sturt","Lyndal Vincent","NLP93",917,1.26
"Sturt","Paul Sissons","ON",4385,6.04
"Sturt","Jackie Dearing","AD",8174,11.25
"Sturt","Michal Kinasz","Ind",701,0.96
"Sturt","Christopher Pyne","Lib46",34703,47.77
"Sturt","Lance Worrall","ALP",23766,32.71
"Swan","Malcolm Talbot","CEC",584,0.77
"Swan","Tim Fraser","AD",3720,4.89
"Swan","Kim Wilkie","ALP",30481,40.09
"Swan","Elspeth Clairs","NLP93",210,0.28
"Swan","Juanita Miller","Grn",3892,5.12
"Swan","Richard Birchall","ON",6278,8.26
"Swan","Brett Crook","CDP",1018,1.34
"Swan","Don Randall","Lib46",29848,39.26
"Sydney","Jenny Ryde","Grn",4683,6.21
"Sydney","Tanya Plibersek","ALP",38920,51.59
"Sydney","John Percy","DSL",568,0.75
"Sydney","Warren Hensley","ON",1917,2.54
"Sydney","Denis Doherty","Ind",441,0.58
"Sydney","Jenny Munro","Ind",591,0.78
"Sydney","Anna Lunsmann","NAN",538,0.71
"Sydney","Flavia Abdurahman","Uni",1676,2.22
"Sydney","Ben Hanson","AD",5092,6.75
"Sydney","Michael Lippmann","NLP93",112,0.15
"Sydney","Bruce Morrow","Lib46",20899,27.7
"Tangney","Suryan Chandrasegaran","CDP",1484,1.92
"Tangney","Martin Whitely","ALP",25521,33.04
"Tangney","Manny Goldberg","ACS",246,0.32
"Tangney","Joshua Byrne","Grn",3542,4.58
"Tangney","Geoff Taylor","AD",4350,5.63
"Tangney","Daryl Williams","Lib46",36547,47.31
"Tangney","Raymond O'Dwyer","ON",5564,7.2
"Throsby","Dan Orr","ON",8267,11.39
"Throsby","Peter Stavropoulos","SEP",379,0.52
"Throsby","Ann Barry","AD",2751,3.79
"Throsby","Karla Sperling","Grn",2230,3.07
"Throsby","Charlie Mifsud","Lib46",12538,17.27
"Throsby","Brian Hughes","CDP",1949,2.69
"Throsby","Colin Hollis","ALP",44468,61.27
"Wakefield","Merv Hartwig","ON",13473,16.67
"Wakefield","Karrie Lannstrom","AD",6200,7.67
"Wakefield","Neil Andrew","Lib46",40464,50.07
"Wakefield","Jeremy Challacombe","NPA",1458,1.8
"Wakefield","Carla Leversedge","ALP",17526,21.69
"Wakefield","Pam Kelly","Ind",1690,2.09
"Wannon","David Hawker","Lib46",37570,49.07
"Wannon","Mia Vitue","ALP",23897,31.21
"Wannon","Robert O'Brien","Ind",1824,2.38
"Wannon","Maggie Lindop","AD",4957,6.47
"Wannon","Simon Edge","ON",5889,7.69
"Wannon","Leigh McDonald","ARP98",2427,3.17
"Warringah","Tony Abbott","Lib46",39753,55.46
"Warringah","Heath Johnstone","CDP",725,1.01
"Warringah","Julie Heraghty","ALP",19730,27.53
"Warringah","Janne Lindrum","ON",3873,5.4
"Warringah","Tony Allen","ACS",150,0.21
"Warringah","Brett Paterson","AD",4271,5.96
"Warringah","Keelah Lam","Grn",2970,4.14
"Warringah","Ines Judd","NLP93",204,0.28
"Watson","Joe Rafferty","Lib46",19461,26.88
"Watson","Murray Peterson","CDP",1176,1.62
"Watson","Zahir Abdurahman","Uni",3838,5.3
"Watson","Claire Wright","ON",3392,4.68
"Watson","Caroline Toomey","Grn",1070,1.48
"Watson","Leo McLeay","ALP",41159,56.85
"Watson","Amelia Gavagnin Newman","AD",2309,3.19
"Wentworth","Dezi Koster","NLP93",467,0.64
"Wentworth","Tom McLoughlin","Grn",3592,4.92
"Wentworth","Andrew Thomson","Lib46",36348,49.75
"Wentworth","Margaret Collings","AD",4470,6.12
"Wentworth","Paul Pearce","ALP",24198,33.12
"Wentworth","Alan Jacobs","Uni",1978,2.71
"Wentworth","Waverney Ford","ON",2004,2.74
"Werriwa","Andrew Thorn","Lib46",21251,28.97
"Werriwa","James Cockayne","AD",2594,3.54
"Werriwa","Ibrahim Peck","Uni",1099,1.5
"Werriwa","Mark Latham","ALP",37106,50.58
"Werriwa","John Hyslop","ON",8440,11.51
"Werriwa","Sharynne Freeman","Ind",1260,1.72
"Werriwa","Vicki Kearney","Grn",1605,2.19
"Wide Bay","Desley Fraser","Lib46",5937,8.28
"Wide Bay","Graeme Wicks","ON",18891,26.33
"Wide Bay","Phil Rodhouse","AD",1552,2.16
"Wide Bay","Richard Nielsen","Grn",917,1.28
"Wide Bay","Bob Postle","Ind",1480,2.06
"Wide Bay","Russ Tremlin","ALP",20391,28.42
"Wide Bay","Warren Truss","NPA",22569,31.46
"Wills","Kelvin Thomson","ALP",50507,63.96
"Wills","David Curry","Lib46",20280,25.68
"Wills","Bill Deller","PLP98",1875,2.37
"Wills","Robert Stone","AD",4507,5.71
"Wills","Randa Abdel-Fattah","Uni",1363,1.73
"Wills","Andrew Fox","CEC",435,0.55
