"Seat","Candidate","Party","Votes","Vote_perc"
"Adelaide","Patrick Coffey","DLP",2036,6.28
"Adelaide","Karl-Juergen Liebetrau","Lib46",12188,37.6
"Adelaide","Joe Sexton","ALP",18194,56.12
"Angas","Alec Downer","Lib46",25676,61.93
"Angas","Elliott Johnston","CPA",1075,2.59
"Angas","Robert Nielsen","ALP",14709,35.48
"Australian Capital Territory","Elizabeth Calvert","Lib46",14748,45.06
"Australian Capital Territory","Jim Fraser","ALP",17984,54.94
"Balaclava","Ephraim Briskman","ALP",11802,29.57
"Balaclava","Edith Jewell","Ind",491,1.23
"Balaclava","John Ryan","DLP",4135,10.36
"Balaclava","Ray Whittorn","Lib46",23487,58.84
"Ballaarat","Dudley Erwin","Lib46",20764,48.25
"Ballaarat","Bob Joshua","DLP",6421,14.92
"Ballaarat","Allan Williams","ALP",15846,36.82
"Banks","Pat Clancy","CPA",2885,4.88
"Banks","Dominic Costa","ALP",33175,56.16
"Banks","Milovan Kovjanic","Lib46",23014,38.96
"Barker","Norman Alcock","ALP",19168,40.99
"Barker","Harvey Burns","Ind",1043,2.23
"Barker","Jim Forbes","Lib46",26547,56.78
"Barton","Norma Boyle","DLP",1508,3.29
"Barton","Jack Manning","Lib46",21394,46.72
"Barton","Len Reynolds","ALP",22889,49.99
"Bass","Lance Barnard","ALP",21182,58.33
"Bass","Frederick Kaye","DLP",2055,5.66
"Bass","James Wardlaw","Lib46",13078,36.01
"Batman","Sam Benson","ALP",19858,48.84
"Batman","Jack Little","DLP",5880,14.46
"Batman","Bruce Skeggs","Lib46",14923,36.7
"Bendigo","Noel Beaton","ALP",22646,51.2
"Bendigo","Bill Drechsler","DLP",6044,13.66
"Bendigo","Fred Grimwade","Lib46",15541,35.14
"Bennelong","William Baird","ALP",19462,37.34
"Bennelong","John Cramer","Lib46",29947,57.45
"Bennelong","Allan Dwyer","DLP",2422,4.65
"Bennelong","Joseph Woodhouse","NGP",296,0.57
"Blaxland","Kevin Davis","DLP",2883,6.38
"Blaxland","Jim Harrison","ALP",27558,60.99
"Blaxland","Terence Morrish","Lib46",14741,32.63
"Bonython","Martin Nicholls","ALP",45537,70.86
"Bonython","Alan Miller","CPA",4638,7.22
"Bonython","Edward Timlin","DLP",14084,21.92
"Boothby","Ronald Basten","ALP",17248,40.76
"Boothby","Ted Farrell","DLP",1760,4.16
"Boothby","Sir John McLeay","Lib46",23309,55.08
"Bowman","Jack Comber","ALP",22533,47.74
"Bowman","Wylie Gibbs","Lib46",21618,45.8
"Bowman","Harold Wright","DLP",3052,6.47
"Braddon","Ron Davies","ALP",20843,57.6
"Braddon","Paul Fenton","Lib46",13488,37.28
"Braddon","Frances Lane","DLP",1853,5.12
"Bradfield","Dominique Droulers","DLP",3245,6.05
"Bradfield","Lawrence McCulloch","ALP",8575,15.98
"Bradfield","Harry Turner","Lib46",41831,77.97
"Brisbane","Warren Bowden","CPA",1310,3.76
"Brisbane","Manfred Cross","ALP",17489,50.13
"Brisbane","John O'Connell","DLP",2087,5.98
"Brisbane","Leith Sinclair","Lib46",13999,40.13
"Bruce","Brian Crossley","Ind",920,0.98
"Bruce","Henri de Sachau","DLP",8857,9.4
"Bruce","Tom Gilhoooley","Ind",474,0.5
"Bruce","Barry Jones","ALP",38396,40.76
"Bruce","Billy Snedden","Lib46",45542,48.35
"Calare","George Boland","DLP",3289,8.24
"Calare","John England","CP",21690,54.34
"Calare","Leroy Serisier","ALP",14933,37.41
"Canning","Ronald Batey","Ind",1072,2.74
"Canning","Charles Edwards","ALP",10204,26.08
"Canning","John Hallett","CP",10844,27.72
"Canning","Neil McNeill","Lib46",17000,43.46
"Capricornia","George Gray","ALP",21335,56.13
"Capricornia","Alphonsus Schleger","DLP",2967,7.81
"Capricornia","Maurice South","Lib46",13705,36.06
"Chisholm","John Button","ALP",11878,29.51
"Chisholm","John Duffy","DLP",4230,10.51
"Chisholm","Sir Wilfrid Kent Hughes","Lib46",24139,59.98
"Corangamite","Fred Black","ALP",13324,29.09
"Corangamite","Dan Mackinnon","Lib46",26347,57.51
"Corangamite","Francis O'Brien","DLP",6139,13.4
"Corio","Bob Hawke","ALP",21933,45.58
"Corio","James Mahoney","DLP",5004,10.4
"Corio","Hubert Opperman","Lib46",21185,44.02
"Cowper","Frank McGuren","ALP",18237,47.01
"Cowper","Ian Robinson","CP",20556,52.99
"Cunningham","Rex Connor","ALP",31905,58.39
"Cunningham","Jack Hough","Lib46",20900,38.25
"Cunningham","Bill McDougall","CPA",1836,3.36
"Curtin","Francis Dwyer","DLP",6992,18.11
"Curtin","John Gandini","CPA",2426,6.28
"Curtin","Paul Hasluck","Lib46",29200,75.61
"Dalley","Peter Keogh","DLP",9118,27.08
"Dalley","William O'Connor","ALP",24553,72.92
"Darebin","Tom Andrews","DLP",9388,18.16
"Darebin","Peter Coupe","Lib46",13688,26.48
"Darebin","Frank Courtnay","ALP",28610,55.35
"Darling","Joe Clark","ALP",23352,67.39
"Darling","Frederick Harding","CP",11299,32.61
"Darling Downs","Cyril Mitchell","ALP",14418,33.87
"Darling Downs","Kenneth Rawle","DLP",2078,4.88
"Darling Downs","Reginald Swartz","Lib46",26072,61.25
"Dawson","Edwin Eshmann","DLP",2543,6.79
"Dawson","Doug Everingham","ALP",15508,41.39
"Dawson","George Shaw","CP",19420,51.83
"Deakin","Frank Davis","Lib46",34863,51.96
"Deakin","Pat Hubbard","ALP",25045,37.33
"Deakin","Maurice Weston","DLP",7184,10.71
"Denison","Max Bound","CPA",506,1.49
"Denison","Brian Bresnehan","DLP",2159,6.37
"Denison","Bruce Brown","Ind",558,1.65
"Denison","Donald Finlay","ALP",13286,39.21
"Denison","Athol Townley","Lib46",17372,51.27
"East Sydney","Bill Brown","CPA",1827,5.65
"East Sydney","Len Devine","ALP",19779,61.2
"East Sydney","William Foster","Lib46",10711,33.14
"Eden-Monaro","John Donohue","DLP",1924,4.71
"Eden-Monaro","Allan Fraser","ALP",20807,50.97
"Eden-Monaro","Dugald Munro","Lib46",18095,44.32
"Evans","Jack Kane","DLP",2263,5.99
"Evans","Stanislaus Kelly","Ind",177,0.47
"Evans","Malcolm Mackay","Lib46",19306,51.08
"Evans","James Monaghan","ALP",15863,41.97
"Evans","Harold O'Reilly","Ind",187,0.49
"Farrer","Lawrence Esler","DLP",3901,9.29
"Farrer","David Fairbairn","Lib46",24744,58.93
"Farrer","Herb McPherson","ALP",13341,31.77
"Fawkner","George Gabriel","Ind",966,2.83
"Fawkner","Peter Howson","Lib46",18614,54.47
"Fawkner","Gwendolyn Noad","ALP",11774,34.46
"Fawkner","John Speed","DLP",2818,8.25
"Fisher","Charles Adermann","CP",27512,64.04
"Fisher","Geoffrey Traill","DLP",1567,3.65
"Fisher","William Weir","ALP",13882,32.31
"Flinders","Nola Barber","ALP",21464,37.68
"Flinders","Martin Curry","DLP",5781,10.15
"Flinders","Robert Lindsay","Lib46",29723,52.17
"Forrest","Gordon Freeth","Lib46",20921,52.14
"Forrest","Frank Oates","Ind CP",3304,8.23
"Forrest","Robert Smithson","ALP",15899,39.62
"Franklin","Andrew Defendini","DLP",2732,6.76
"Franklin","Bill Falkinder","Lib46",18322,45.33
"Franklin","John Parsons","ALP",19362,47.91
"Fremantle","Kim Beazley","ALP",27203,54.89
"Fremantle","James Collins","Ind",748,1.51
"Fremantle","Paddy Troy","CPA",676,1.36
"Fremantle","John Waghorne","Lib46",20931,42.24
"Gellibrand","David Davies","CPA",1395,3.58
"Gellibrand","Hector McIvor","ALP",25035,64.21
"Gellibrand","Harley Price","Lib46",8183,20.99
"Gellibrand","Jan Roszkowski","DLP",4375,11.22
"Gippsland","Sydney Evans","ALP",13623,30.95
"Gippsland","John Hansen","DLP",4970,11.29
"Gippsland","Peter Nixon","CP",25422,57.76
"Grayndler","Fred Daly","ALP",21053,64.54
"Grayndler","Robert Leech","Lib46",10684,32.75
"Grayndler","Mary Stevens","CPA",885,2.71
"Grey","William Ahern","DLP",1718,3.84
"Grey","Vern Dyason","Lib46",18749,41.94
"Grey","Jack Mortimer","ALP",24236,54.22
"Griffith","Wilfred Coutts","ALP",21239,54.51
"Griffith","Keith Grant","Lib46",15097,38.75
"Griffith","Paul Tucker","DLP",2627,6.74
"Gwydir","Ian Allan","CP",22477,55.02
"Gwydir","Kenneth Green","ALP",18373,44.98
"Henty","Max Fox","Lib46",24110,51.6
"Henty","Joseph McHugh","DLP",4694,10.05
"Henty","George Taylor","ALP",15425,33.01
"Henty","Herbert Viney","Ind ALP",2500,5.35
"Herbert","Frank Bishop","CPA",1063,2.34
"Herbert","Kiernan Dorney","DLP",8410,18.55
"Herbert","Ted Harding","ALP",21062,46.45
"Herbert","Roy Pope","Lib46",14805,32.65
"Higgins","Harold Holt","Lib46",22835,60.13
"Higgins","Roger Kirby","ALP",10915,28.74
"Higgins","Celia Laird","DLP",4223,11.12
"Higinbotham","Reginald Butler","ALP",22457,38.17
"Higinbotham","William Cameron","DLP",5965,10.14
"Higinbotham","Don Chipp","Lib46",30406,51.69
"Hindmarsh","Clyde Cameron","ALP",33975,71.9
"Hindmarsh","Richard Mills","DLP",13281,28.1
"Hughes","George Apap","DLP",1665,2.43
"Hughes","William Cover","Lib46",30751,44.82
"Hughes","Les Johnson","ALP",35726,52.07
"Hughes","John Mantova","Ind",200,0.29
"Hughes","John Phillips","NGP",269,0.39
"Hume","Geoffrey Ashton","Lib46",7299,18.77
"Hume","Arthur Fuller","ALP",17931,46.12
"Hume","John Pettitt","CP",11078,28.49
"Hume","Charles Rowe","DLP",2574,6.62
"Hunter","Aubrey Barr","DLP",3389,7.5
"Hunter","Bert James","ALP",32132,71.12
"Hunter","Evan Phillips","CPA",2103,4.65
"Hunter","John Wassell","Lib46",7555,16.72
"Indi","Christopher Cody","DLP",5165,12.06
"Indi","Ian Foyster","Lib46",6111,14.27
"Indi","Mac Holten","CP",20551,47.99
"Indi","Mervyn Huggins","ALP",10997,25.68
"Isaacs","Paul Court","ALP",14159,39.93
"Isaacs","William Haworth","Lib46",17591,49.61
"Isaacs","John Hughes","DLP",3710,10.46
"Kalgoorlie","James Ardagh","DLP",1328,4.29
"Kalgoorlie","Antonius Berkhout","DLP",751,2.43
"Kalgoorlie","Peter Browne","Lib46",12668,40.96
"Kalgoorlie","Fred Collard","ALP",16180,52.32
"Kennedy","John Judge","DLP",2174,6.3
"Kennedy","Bill Riordan","ALP",21182,61.4
"Kennedy","Keith Siemon","CP",11144,32.3
"Kingsford-Smith","Jim Baird","CPA",1729,3.94
"Kingsford-Smith","Dan Curtin","ALP",24083,54.83
"Kingsford-Smith","Sidney Pitkethly","Lib46",18108,41.23
"Kingston","Kay Brownbill","Lib46",25375,41.72
"Kingston","Brian Crowe","DLP",2858,4.7
"Kingston","Pat Galvin","ALP",32582,53.58
"Kooyong","Ralph Gibson","CPA",727,1.54
"Kooyong","Sir Robert Menzies","Lib46",30205,63.92
"Kooyong","Charles Murphy","DLP",4806,10.17
"Kooyong","Robert White","ALP",11514,24.37
"Lalor","James Marmion","DLP",15507,17.09
"Lalor","Reg Pollard","ALP",49383,54.43
"Lalor","Bernard Treseder","Lib46",25831,28.47
"Lang","Frank Ball","Ind",1626,3.69
"Lang","Russell Carter","Lib46",17208,39.09
"Lang","Frank Stewart","ALP",25182,57.21
"La Trobe","Kevin Adamson","DLP",7490,10.4
"La Trobe","Moss Cass","ALP",29466,40.92
"La Trobe","John Jess","Lib46",35050,48.68
"Lawson","John Canobi","ALP",16659,42.04
"Lawson","Laurie Failes","CP",20991,52.98
"Lawson","Mario Morandini","DLP",1972,4.98
"Leichhardt","Bill Fulton","ALP",24881,57.95
"Leichhardt","Robert Norman","CP",16895,39.35
"Leichhardt","Arthur Trembath","DLP",1158,2.7
"Lilley","Frank Andrews","DLP",3934,8.75
"Lilley","Kevin Cairns","Lib46",20503,45.58
"Lilley","Don Cameron","ALP",20548,45.68
"Lowe","John Holland","ALP",15426,39.5
"Lowe","Reginald Lawson","DLP",1910,4.89
"Lowe","William McMahon","Lib46",21714,55.61
"Lyne","John Allan","ALP",15039,35.73
"Lyne","Joe Cordner","Ind",1181,2.81
"Lyne","Philip Lucock","CP",25869,61.46
"Macarthur","Jeff Bate","Lib46",31720,54.62
"Macarthur","Don Nilon","ALP",24021,41.36
"Macarthur","Albert Perish","DLP",2021,3.48
"Macarthur","Ronald Sarina","Ind",309,0.53
"Mackellar","Hugh Begg","CPA",1834,3.02
"Mackellar","Philip Cohen","DLP",2725,4.48
"Mackellar","Mabel Elliott","ALP",18440,30.32
"Mackellar","William Wentworth","Lib46",37827,62.19
"Macquarie","John Heesh","Lib46",18868,42.38
"Macquarie","Tony Luchetti","ALP",25649,57.62
"Mallee","Maurice Hinton","ALP",10489,26.69
"Mallee","Michael Howley","DLP",4004,10.19
"Mallee","Winton Turnbull","CP",24805,63.12
"Maranoa","Trevor Alexander","ALP",15965,42.38
"Maranoa","Wilfred Brimblecombe","CP",20649,54.82
"Maranoa","Mervyn Eunson","DLP",1054,2.8
"Maribyrnong","Neil Armour","ALP",18524,43.26
"Maribyrnong","Frank McManus","DLP",6616,15.45
"Maribyrnong","John Murray","ARP49",141,0.33
"Maribyrnong","Edwin Ryan","Ind",162,0.38
"Maribyrnong","Philip Stokes","Lib46",17379,40.58
"McMillan","Alexander Buchanan","Lib46",22479,49.84
"McMillan","Les Hilton","DLP",5243,11.63
"McMillan","Eric Kent","ALP",17377,38.53
"McPherson","Charles Barnes","CP",33422,58.06
"McPherson","Gerry Jones","ALP",21657,37.63
"McPherson","Michael O'Connor","DLP",2481,4.31
"Melbourne","Thomas Brennan","DLP",5084,16.92
"Melbourne","Arthur Calwell","ALP",17100,56.9
"Melbourne","Charles Hider","Lib46",7870,26.19
"Melbourne Ports","Frank Crean","ALP",20654,63.48
"Melbourne Ports","George O'Dwyer","DLP",4074,12.52
"Melbourne Ports","James Pond","Lib46",7178,22.06
"Melbourne Ports","Roger Wilson","CPA",632,1.94
"Mitchell","Albert Ackerman","NGP",1604,2.02
"Mitchell","John Armitage","ALP",35301,44.39
"Mitchell","John Ashe","Ind",438,0.55
"Mitchell","Les Irwin","Lib46",39230,49.34
"Mitchell","Malcolm Towner","DLP",2943,3.7
"Moore","Wilbur Bennett","ALP",12146,32.11
"Moore","Hugh Halbert","Lib46",12876,34.03
"Moore","Donald Maisey","CP",12810,33.86
"Moreton","Eric Allingham","DLP",3790,6.54
"Moreton","James Killen","Lib46",28574,49.29
"Moreton","John O'Donnell","ALP",25609,44.17
"Murray","Neil Frankland","ALP",10292,22.65
"Murray","Brian Lacey","DLP",5914,13.01
"Murray","John McEwen","CP",29240,64.34
"Newcastle","Jack Collins","DLP",2559,7.01
"Newcastle","Eric Cupit","Lib46",12518,34.29
"Newcastle","Charles Jones","ALP",21434,58.71
"New England","James Gordon","Ind",959,2.38
"New England","Andrew Monley","Ind",331,0.82
"New England","Ian Sinclair","CP",22027,54.73
"New England","Donald White","ALP",16930,42.07
"North Sydney","Michael Fitzpatrick","DLP",2035,5.36
"North Sydney","Maurice Isaacs","ALP",13417,35.36
"North Sydney","William Jack","Lib46",22492,59.28
"Oxley","Terence Burns","DLP",1942,4.44
"Oxley","Arthur Chresby","Lib46",16600,37.96
"Oxley","Bill Hayden","ALP",25194,57.6
"Parkes","Vincent Couch","DLP",2331,6.03
"Parkes","Les Haylen","ALP",17900,46.29
"Parkes","Tom Hughes","Lib46",18437,47.68
"Parramatta","Sir Garfield Barwick","Lib46",31660,56
"Parramatta","Edward Beck","DLP",3088,5.46
"Parramatta","Maxwell McLaren","ALP",21791,38.54
"Paterson","Allen Fairhall","Lib46",24695,61.43
"Paterson","Archibald Jones","ALP",15503,38.57
"Perth","Fred Chaney","Lib46",15867,54.27
"Perth","Edward Halse","ALP",11743,40.16
"Perth","Arthur White","DLP",1629,5.57
"Petrie","Brian Balaam","DLP",4035,6.88
"Petrie","Alan Hulme","Lib46",27616,47.12
"Petrie","Reginald O'Brien","ALP",26804,45.73
"Petrie","Francis O'Mara","Ind",159,0.27
"Phillip","John Antill","DLP",2215,5.83
"Phillip","William Aston","Lib46",18128,47.73
"Phillip","Syd Einfeld","ALP",17634,46.43
"Port Adelaide","George Basisovs","DLP",8219,20.21
"Port Adelaide","Fred Birrell","ALP",30994,76.2
"Port Adelaide","Jim Moss","CPA",1463,3.6
"Reid","Mick Carroll","DLP",5547,9.96
"Reid","Thomas Reeves","Lib46",17667,31.71
"Reid","Tom Uren","ALP",32497,58.33
"Richmond","Doug Anthony","CP",26389,66.24
"Richmond","Peter Bray","Ind",607,1.52
"Richmond","Matthew Walsh","ALP",12841,32.23
"Riverina","Victor Groutsch","DLP",2733,6.7
"Riverina","Hugh Roberton","CP",21068,51.68
"Riverina","Jack Ward","ALP",16969,41.62
"Robertson","George Britton","DLP",2717,4.99
"Robertson","Bob Brown","ALP",24224,44.52
"Robertson","Roger Dean","Lib46",27474,50.49
"Ryan","Robert Hooker","SC",588,1.16
"Ryan","Nigel Drury","Lib46",29608,58.21
"Ryan","Raymond McCreath","ALP",17082,33.58
"Ryan","Brian O'Brien","DLP",3587,7.05
"Scullin","James Abikhair","DLP",5194,18.13
"Scullin","John Harrison","Lib46",6131,21.4
"Scullin","Ron Hearn","CPA",554,1.93
"Scullin","Ted Peters","ALP",16764,58.53
"Shortland","Robert Burke","DLP",4922,9.24
"Shortland","Barbara Curthoys","CPA",1538,2.89
"Shortland","William Gilchrist","Lib46",14535,27.29
"Shortland","Charles Griffiths","ALP",32270,60.58
"St George","Leonard Bosman","Lib46",20869,50.06
"St George","Lionel Clay","ALP",19648,47.13
"St George","John Vandergriff","DLP",1169,2.8
"Stirling","Doug Cash","Lib46",25641,43.1
"Stirling","Brian Peachey","DLP",4044,6.8
"Stirling","Harry Webb","ALP",29806,50.1
"Sturt","Walter Doran","DLP",2551,5.4
"Sturt","Norm Foster","ALP",18264,38.63
"Sturt","Keith Wilson","Lib46",26469,55.98
"Swan","Joe Berinson","ALP",23415,47.28
"Swan","Richard Cleaver","Lib46",23547,47.54
"Swan","Warwick Hill","Ind",312,0.63
"Swan","Gerardus Sappelli","DLP",2253,4.55
"Wakefield","Bert Kelly","Lib46",25177,61.07
"Wakefield","John Penrose","ALP",16049,38.93
"Wannon","Terence Callander","DLP",6549,15.1
"Wannon","Malcolm Fraser","Lib46",22503,51.9
"Wannon","Cyril Primmer","ALP",14307,33
"Warringah","John Cockle","Lib46",31478,72.5
"Warringah","John Lancaster","ALP",9964,22.95
"Warringah","John Plunkett","DLP",1975,4.55
"Watson","Bernard Atkinson","DLP",2136,5.99
"Watson","Jim Cope","ALP",24280,68.07
"Watson","Harry Hatfield","CPA",951,2.67
"Watson","Louis Mamo","Lib46",8302,23.28
"Wentworth","Arthur Bergman","Ind",1140,3.03
"Wentworth","Les Bury","Lib46",27485,73.07
"Wentworth","Nell Simpson","ALP",8991,23.9
"Werriwa","Kevin Byrne","Lib46",25301,37.29
"Werriwa","Harry Cole","DLP",3115,4.59
"Werriwa","Gough Whitlam","ALP",39440,58.12
"West Sydney","William Doherty","DLP",5352,18.03
"West Sydney","Charles Kilduff","NGP",813,2.74
"West Sydney","Maurice Law","Ind",1464,4.93
"West Sydney","Dan Minogue","ALP",22051,74.3
"Wide Bay","Brendan Hansen","ALP",23182,56.02
"Wide Bay","Rogers Judge","DLP",935,2.26
"Wide Bay","Geoffrey Nichols","SC",700,1.69
"Wide Bay","Albert White","CP",16568,40.03
"Wills","Gordon Bryant","ALP",20197,54.14
"Wills","John Hardy","DLP",6315,16.93
"Wills","James Muntz","Lib46",10795,28.94
"Wilmot","Alastair Davidson","DLP",2792,8.23
"Wilmot","Gil Duthie","ALP",19908,58.67
"Wilmot","Donald Paterson","Lib46",11231,33.1
"Wimmera","Adrian Cahill","DLP",3610,9.26
"Wimmera","Robert King","CP",16772,43
"Wimmera","Howard Rodda","Lib46",7599,19.48
"Wimmera","Thomas Windsor","ALP",11023,28.26
"Yarra","Jim Cairns","ALP",17976,56.04
"Yarra","Anthony Hearder","Lib46",9234,28.79
"Yarra","Stan Keon","DLP",4865,15.17
