"Seat","Candidate","Party","Votes","Vote_perc"
"Adelaide","Reginald Blundell","Nat",4123,19.91
"Adelaide","George McLeay","Lib22",5872,28.35
"Adelaide","Edwin Yates","ALP",10714,51.74
"Angas","Moses Gabb","ALP",11192,58.04
"Angas","George Ritchie","Lib22",8090,41.96
"Ballaarat","Russell Coldham","Nat",10098,35.84
"Ballaarat","Sydney King","Lib22",3878,13.76
"Ballaarat","Charles McGrath","ALP",14200,50.4
"Barker","Malcolm Cameron","Lib22",7861,42
"Barker","Ronald Hunt","CP",2791,14.91
"Barker","Eric Shepherd","ALP",8066,43.09
"Barton","Hector Lamond","Nat",9828,42.4
"Barton","Frederick McDonald","ALP",13349,57.6
"Bass","John Hegarty","Ind Nat",337,3.51
"Bass","Alfred Higgins","ALP",3359,34.99
"Bass","David Jackson","Nat",4819,50.2
"Bass","King O'Malley","Ind ALP",1085,11.3
"Batman","Frank Brennan","ALP",14042,51
"Batman","Martin Hannah","Ind ALP",7174,26.06
"Batman","George Mackay","Nat",6315,22.94
"Bendigo","Geoffry Hurry","Nat",7961,31.64
"Bendigo","Edmund Jowett","CP",6348,25.23
"Bendigo","Thomas Jude","ALP",10854,43.13
"Boothby","Jack Duncan-Hughes","Lib22",7793,39.46
"Boothby","Harry Kneebone","ALP",7775,39.37
"Boothby","William Story","Nat",4179,21.16
"Bourke","Frank Anstey","ALP",17068,70.07
"Bourke","John March","Nat",7290,29.93
"Brisbane","Frank Burke","ALP",15183,48.05
"Brisbane","Donald Cameron","Nat",16417,51.95
"Calare","Sir Neville Howse","Nat",8449,34.61
"Calare","Thomas Lavelle","ALP",10263,42.04
"Calare","Henry Pigott","CP",5278,21.62
"Calare","Selina Siggins","CP",421,1.72
"Capricornia","Frank Forde","ALP",19904,51.91
"Capricornia","Albert Gorrie","CP",2362,6.16
"Capricornia","William Higgs","Nat",16079,41.93
"Cook","James Catts","MLP",3122,13.87
"Cook","William Pritchard","Nat",4749,21.09
"Cook","Edward Riley","ALP",14644,65.04
"Corangamite","Richard Crouch","ALP",10788,44.53
"Corangamite","William Gibson","CP",6908,28.51
"Corangamite","Allan McDonald","Nat",6530,26.95
"Corio","Alfred Hampson","ALP",11646,49.16
"Corio","John Lister","Nat",12046,50.84
"Cowper","Earle Page","CP",13157,67.28
"Cowper","John Thomson","Nat",6398,32.72
"Dalley","William Mahony","ALP",16104,66.67
"Dalley","Herbert Mitchell","MLP",2034,8.42
"Dalley","William Simpson","Nat",6017,24.91
"Darling","Arthur Blakeley","ALP",8820,45.28
"Darling","Michael Considine","ISLP",4331,22.23
"Darling","Walter Wright","Nat",6329,32.49
"Darling Downs","Littleton Groom","Nat",19592,58.57
"Darling Downs","James MacDougall","ALP",13857,41.43
"Darwin","George Bell","Nat",4533,45.07
"Darwin","James Campbell","Ind",1473,14.65
"Darwin","Joshua Whitsitt","CP",4051,40.28
"Denison","David Blanshard","Ind",170,1.51
"Denison","Leopold Broinowski","Nat",1667,14.82
"Denison","Edward Mulcahy","Nat",2295,20.41
"Denison","David O'Keefe","ALP",5234,46.54
"Denison","William Laird Smith","Nat",1881,16.72
"East Sydney","Sir Benjamin Fuller","Nat",7518,40.85
"East Sydney","John West","ALP",10885,59.15
"Echuca","William Hill","CP",13991,70.29
"Echuca","James Stewart","Nat",5914,29.71
"Eden-Monaro","Austin Chapman","Nat",14892,61.07
"Eden-Monaro","Ulric Walsh","ALP",9495,38.93
"Fawkner","Alfred Foster","ALP",9881,41.37
"Fawkner","George Maxwell","Nat",12472,52.21
"Fawkner","John Murphy","Lib22",1533,6.42
"Flinders","Stanley Bruce","Nat",10689,55.61
"Flinders","Stephen Thompson","Lib22",8532,44.39
"Forrest","John Prowse","CP",10007,79.53
"Forrest","Peter Wedd","Nat",2576,20.47
"Franklin","Alfred Seabrook","Nat",2829,31.59
"Franklin","Benjamin Watkins","ALP",3364,37.57
"Franklin","William McWilliams","CP",2762,30.84
"Fremantle","William Hedges","Nat",3550,19.44
"Fremantle","John Holman","ALP",7290,39.92
"Fremantle","William Watson","Ind",7420,40.64
"Gippsland","James Bermingham","ALP",6357,27.44
"Gippsland","Thomas Paterson","CP",9132,39.41
"Gippsland","George Wise","Nat",7682,33.15
"Grey","Andrew Lacey","ALP",9778,53.72
"Grey","Alexander Poynton","Nat",8425,46.28
"Gwydir","William Ashford","Nat",4121,17.27
"Gwydir","Lou Cunningham","ALP",11056,46.33
"Gwydir","Gordon Wilkins","CP",8688,36.4
"Henty","Roy Beardsworth","ALP",5615,19.83
"Henty","James Boyd","Nat",3269,11.55
"Henty","Frederick Francis","Nat",10794,38.13
"Henty","Eleanor Glencross","Lib22",3551,12.54
"Henty","Henry Gullett","Lib22",5082,17.95
"Herbert","Fred Bamford","Nat",17396,51.69
"Herbert","Maurice Hynes","ALP",16259,48.31
"Hindmarsh","Charles Hayter","Nat",6925,31.43
"Hindmarsh","Norman Makin","ALP",15111,68.57
"Hume","Fred Belbridge","Nat",6518,27.59
"Hume","Cyril James","CP",4616,19.54
"Hume","Parker Moloney","ALP",12494,52.88
"Indi","Robert Cook","CP",8723,39.32
"Indi","Donald Mackinnon","Nat",5695,25.67
"Indi","John Minogue","ALP",7768,35.01
"Kalgoorlie","George Foley","Nat",7331,42.57
"Kalgoorlie","Albert Green","ALP",9889,57.43
"Kennedy","Robert Nowland","CP",9257,38.44
"Kennedy","Charles McDonald","ALP",14824,61.56
"Kooyong","Sir Robert Best","Nat",13459,47.41
"Kooyong","Jean Daley","ALP",5341,18.81
"Kooyong","John Latham","Lib22",9591,33.78
"Lang","Percy Evans","MLP",1974,9.02
"Lang","Sir Elliot Johnson","Nat",10786,49.3
"Lang","George Smith","ALP",9117,41.67
"Lilley","Alexander Costello","Ind",10576,34.77
"Lilley","George Mackay","Nat",19842,65.23
"Macquarie","Arthur Manning","Nat",9595,44.27
"Macquarie","John Miller","Ind",1674,7.72
"Macquarie","Samuel Nicholls","ALP",10406,48.01
"Maranoa","John Durkin","ALP",11086,45.63
"Maranoa","James Hunter","CP",13207,54.37
"Maribyrnong","James Fenton","ALP",17153,63.23
"Maribyrnong","James Stephens","Nat",9976,36.77
"Melbourne","William Maloney","ALP",16991,77.19
"Melbourne","Ernest Nicholls","Nat",5022,22.81
"Melbourne Ports","James Mathews","ALP",17628,73.11
"Melbourne Ports","Selwyn Neale","Nat",6485,26.89
"Moreton","Francis Brewer","CP",5714,17.24
"Moreton","Josiah Francis","Nat",14762,44.53
"Moreton","Horace Lee","ALP",12676,38.24
"Newcastle","Arthur Gardiner","Ind ALP",4695,20.74
"Newcastle","John Willings","Nat",5580,24.65
"Newcastle","David Watkins","ALP",12362,54.61
"New England","Alexander Hay","Ind",6282,28.96
"New England","Sydney Kearney","ALP",7683,35.42
"New England","Victor Thompson","CP",7726,35.62
"Northern Territory","William Byrne","Ind",43,3.56
"Northern Territory","Arthur Love","NTRL",362,29.99
"Northern Territory","Harold Nelson","ALP",452,37.45
"Northern Territory","George Stevens","Ind",127,10.52
"Northern Territory","Frederick Thompson","Ind",5,0.41
"Northern Territory","Walter Young","Ind",218,18.06
"North Sydney","Billy Hughes","Nat",16475,58.24
"North Sydney","Albert Piddington","Const",11812,41.76
"Oxley","James Bayley","Nat",19552,53.28
"Oxley","James Sharpe","ALP",17146,46.72
"Parkes","Edward Cohen","ALP",8008,38.17
"Parkes","Charles Marr","Nat",12970,61.83
"Parramatta","Eric Bowden","Nat",12793,65.37
"Parramatta","James Stone","ALP",6776,34.63
"Perth","Harry Bolton","Nat",1728,11.95
"Perth","Alfred Carson","Nat",2125,14.7
"Perth","Andrew Clementson","ALP",4951,34.24
"Perth","James Fowler","Nat",2583,17.86
"Perth","Edward Mann","Nat",3073,21.25
"Reid","Percy Coleman","ALP",12316,54.5
"Reid","Howard Fowles","MLP",1226,5.43
"Reid","Frederick Reed","Nat",9057,40.08
"Richmond","Roland Green","CP",9848,45.7
"Richmond","Walter Massy-Greene","Nat",9660,44.83
"Richmond","John Steel","Ind",2039,9.46
"Riverina","William Bartram","CP",1832,8.75
"Riverina","John Chanter","Nat",4342,20.74
"Riverina","James Hoad","ALP",8609,41.11
"Riverina","William Killen","CP",5551,26.51
"Riverina","John Lorimer","CP",606,2.89
"Robertson","William Fleming","CP",5310,27.39
"Robertson","Sydney Gardner","Nat",7366,37.99
"Robertson","Alfred Roberts","ALP",6713,34.62
"South Sydney","Vivian Deacon","MLP",870,4.7
"South Sydney","Robert Moore","Nat",6752,36.45
"South Sydney","Edward Riley","ALP",10902,58.85
"Wakefield","Richard Foster","Lib22",8288,42.93
"Wakefield","Henry Queale","CP",3941,20.41
"Wakefield","Edward Stokes","ALP",7076,36.65
"Wannon","David Gibson","CP",6625,25.23
"Wannon","John McNeill","ALP",10795,41.11
"Wannon","Arthur Rodgers","Nat",8841,33.67
"Wentworth","William Fitzgerald","ALP",6455,32.6
"Wentworth","Walter Marks","Nat",9843,49.71
"Wentworth","Henry Morton","Ind Nat",3502,17.69
"Werriwa","Henry Bate","Nat",8881,38.01
"Werriwa","Bert Lazzarini","ALP",12397,53.06
"Werriwa","James Newman","CP",2085,8.92
"West Sydney","Thomas Bryde","PLP22",3631,20.1
"West Sydney","William Lambert","ALP",13359,73.94
"West Sydney","Arthur O'Donnell","MLP",1077,5.96
"Wide Bay","Edward Corser","Nat",13069,38.35
"Wide Bay","James Heading","CP",9427,27.66
"Wide Bay","Joseph Johnston","ALP",11580,33.98
"Wilmot","Llewellyn Atkinson","CP",1826,22.66
"Wilmot","Norman Cameron","CP",1407,17.46
"Wilmot","John Campbell","CP",302,3.75
"Wilmot","John Palamountain","ALP",2596,32.22
"Wilmot","George Pullen","Nat",1926,23.9
"Wimmera","Alfred Shaw","UCP22",5503,28.79
"Wimmera","Percy Stewart","CP",13614,71.21
"Yarra","Thomas Fitzgerald","Nat",5042,21.98
"Yarra","James Scullin","ALP",17897,78.02
