"Seat","Candidate1","Party1","Votes1","Vote_perc1","Candidate2","Party2","Votes2","Vote_perc2","Est"
"Adelaide","Cyril Chambers","ALP",19002,57,"Nancy Buttfield","Lib46",14335,43,"Psephos"
"Australian Capital Territory","Jim Fraser","ALP",9064,64.9,"Mary Stevenson","Lib46",4902,35.1,"Psephos"
"Balaclava","Leonard Prior","ALP",13365,34.78,"Percy Joske","Lib46",25062,65.22,"exact"
"Ballaarat","Bob Joshua","ALP",20997,52.63,"Allen Driscoll","Lib46",18900,47.37,"exact"
"Banks","Dominic Costa","ALP",36843,66.1,"Harold Stalker","Lib46",18895,33.9,"Psephos"
"Barker","Ralph Dettman","ALP",16107,37.15,"Archie Cameron","Lib46",27255,62.85,"exact"
"Barton","H. V. Evatt","ALP",23303,54.75,"William Arthur","Lib46",19260,45.25,"exact"
"Bass","Lance Barnard","ALP",16623,51.04,"Bruce Kekwick","Lib46",15946,48.96,"exact"
"Batman","Alan Bird","ALP",21996,59.8,"Neil McKay","Lib46",14787,40.2,"Psephos"
"Bendigo","Percy Clarey","ALP",23272,55.78,"John Barton","Lib46",18448,44.22,"exact"
"Bennelong","Thomas Campbell","ALP",18263,42.87,"John Cramer","Lib46",24338,57.13,"exact"
"Blaxland","Jim Harrison","ALP",28795,67.7,"Reginald Allsop","Lib46",13738,32.3,"Psephos"
"Boothby","Rex Mathews","ALP",15930,41.71,"John McLeay","Lib46",22263,58.29,"exact"
"Bowman","Jack Houston","ALP",19986,46.6,"Malcolm McColm","Lib46",22902,53.4,"Psephos"
"Brisbane","George Lawson","ALP",17657,58.5,"Vic Mead","Lib46",12526,41.5,"Psephos"
"Burke","Ted Peters","ALP",24856,72.6,"Alfred Wall","Lib46",9381,27.4,"Psephos"
"Calare","John Breen","ALP",17066,43.7,"John Howse","Lib46",21986,56.3,"Psephos"
"Canning","Percy Munday","ALP",14714,38.81,"Len Hamilton","CP",23196,61.19,"exact"
"Capricornia","Mick Gardner","ALP",14914,44.9,"Henry Pearce","Lib46",18302,55.1,"Psephos"
"Chisholm","Les Cahill","ALP",14390,34.96,"Wilfrid Kent Hughes","Lib46",26775,65.04,"exact"
"Cook","Tom Sheehan","ALP",29085,90.4,"Percy Staines","Ind",3089,9.59999999999999,"Psephos"
"Corangamite","Angus McLean","ALP",16407,42.44,"Dan Mackinnon","Lib46",22253,57.56,"exact"
"Corio","John Dedman","ALP",21487,48.62,"Hubert Opperman","Lib46",22703,51.38,"exact"
"Cowper","William Bailey","ALP",15216,41.1,"Sir Earle Page","CP",21805,58.9,"Psephos"
"Cunningham","Billy Davies","ALP",29763,67.5,"John Parkinson","Lib46",14331,32.5,"Psephos"
"Curtin","Harry Bishop","ALP",15089,38.65,"Paul Hasluck","Lib46",23950,61.35,"exact"
"Dalley","Arthur Greenup","ALP",25971,76.6,"Robert Stafford","Lib46",7934,23.4,"Psephos"
"Darebin","Tom Andrews","ALP",28810,64.97,"Charles White","Lib46",15534,35.03,"exact"
"Darling","Joe Clark","ALP",23875,70.45,"Rodan Dawson","CP",10012,29.55,"exact"
"Darling Downs","William Watson","ALP",13331,34.96,"Reginald Swartz","Lib46",24801,65.04,"exact"
"Darwin","Clem Foster","ALP",16117,49.49,"Aubrey Luck","Lib46",16447,50.51,"exact"
"Dawson","George Hyde","ALP",15802,44.35,"Charles Davidson","CP",19828,55.65,"exact"
"Deakin","Gordon Bryant","ALP",27375,47.81,"Frank Davis","Lib46",29886,52.19,"exact"
"Denison","Bert Lacey","ALP",12958,47.2,"Athol Townley","Lib46",14496,52.8,"Psephos"
"East Sydney","Eddie Ward","ALP",20684,62.2,"George Chambers","Lib46",12570,37.8,"Psephos"
"Eden-Monaro","Allan Fraser","ALP",20824,52.1,"Royce Beavis","Lib46",19149,47.9,"exact"
"Evans","Robert Bailey","ALP",15876,44.99,"Frederick Osborne","Lib46",19413,55.01,"exact"
"Farrer","Daniel Byrnes","ALP",17005,42.86,"David Fairbairn","Lib46",22668,57.14,"exact"
"Fawkner","Bill Bourke","ALP",18038,50.16,"Peter Howson","Lib46",17920,49.84,"exact"
"Fisher","Sydney Campbell","ALP",12774,30.43,"Charles Adermann","CP",29202,69.57,"exact"
"Flinders","Keith Ewert","ALP",22707,48.37,"Robert Lindsay","Lib46",24235,51.63,"exact"
"Forrest","Frederick O'Connor","ALP",17331,42.3,"Gordon Freeth","Lib46",23643,57.7,"exact"
"Franklin","Jack Frost","ALP",17396,45.97,"Bill Falkinder","Lib46",20447,54.03,"exact"
"Fremantle","Kim Beazley","ALP",26794,56,"Douglas McPherson","Lib46",21052,44,"Psephos"
"Gellibrand","Jack Mullens","ALP",27996,72.8,"George Carrington","Lib46",10460,27.2,"Psephos"
"Gippsland","Syd Crofts","ALP",14537,39.59,"George Bowden","CP",22185,60.41,"exact"
"Grayndler","Fred Daly","ALP",26829,77.8,"Kenneth Innes","Lib46",7656,22.2,"Psephos"
"Grey","Edgar Russell","ALP",22749,58.33,"Thomas Cheesman","Lib46",16253,41.67,"exact"
"Griffith","Wilfred Coutts","ALP",16003,50.37,"Doug Berry","Lib46",15768,49.63,"exact"
"Gwydir","Michael Quinn","ALP",17731,46.87,"Ian Allan","CP",20101,53.13,"exact"
"Henty","Alexander Miller","ALP",16960,42,"Jo Gullett","Lib46",23422,58,"Psephos"
"Herbert","Bill Edmonds","ALP",22099,59,"Fred Purdie","CP",15357,41,"Psephos"
"Higgins","Benjamin Nicholas","ALP",12108,34.64,"Harold Holt","Lib46",22849,65.36,"exact"
"Higinbotham","Geoffrey Sowerbutts","ALP",25537,45.51,"Frank Timson","Lib46",30579,54.49,"exact"
"Hoddle","Jack Cremean","ALP",24566,79.4,"Desmond Byrne","Lib46",6373,20.6,"Psephos"
"Hume","Arthur Fuller","ALP",20317,52.2,"Charles Anderson","CP",18604,47.8,"Psephos"
"Hunter","Rowley James","ALP",33810,76.5,"Edward Farrell","Lib46",10386,23.5,"Psephos"
"Indi","Carl Reeves","ALP",15361,39.54,"William Bostock","Lib46",23492,60.46,"exact"
"Isaacs","Don MacSween","ALP",15240,44.1,"William Haworth","Lib46",19315,55.9,"exact"
"Kalgoorlie","Herbert Johnson","ALP",17130,65.58,"Harold Illingworth","Ind",8991,34.42,"exact"
"Kennedy","Bill Riordan","ALP",17585,60.15,"Cliff Lanham","CP",11650,39.85,"exact"
"Kingsford-Smith","Gordon Anderson","ALP",18302,54.25,"George Dan","Lib46",15435,45.75,"exact"
"Kingston","Pat Galvin","ALP",31602,54.97,"Howard Zelling","Lib46",25888,45.03,"exact"
"Kooyong","George Miller","ALP",12950,30.5,"Robert Menzies","Lib46",29509,69.5,"Psephos"
"Lalor","Reg Pollard","ALP",30232,58.33,"George Morison","Lib46",21598,41.67,"exact"
"Lang","Frank Stewart","ALP",23472,54.61,"John Spicer","Lib46",19509,45.39,"exact"
"La Trobe","Edward Smith","ALP",28051,44.7,"Richard Casey","Lib46",34704,55.3,"Psephos"
"Lawson","Alan Manning","ALP",19303,49.66,"Laurie Failes","CP",19565,50.34,"exact"
"Leichhardt","Harry Bruce","ALP",19709,53.2,"Tom Gilmore","CP",17338,46.8,"Psephos"
"Lilley","Bernard Williams","ALP",17824,41.84,"Bruce Wight","Lib46",24777,58.16,"exact"
"Lowe","William Webster","ALP",15602,42.19,"William McMahon","Lib46",21380,57.81,"exact"
"Lyne","Donald Lancaster","Ind",17741,44.4,"Philip Lucock","CP",22216,55.6,"Psephos"
"Macarthur","Claude Allen","ALP",18643,42.43,"Jeff Bate","Lib46",25297,57.57,"exact"
"Mackellar","Francis Neate","ALP",19000,39.8,"William Wentworth","Lib46",28738,60.2,"Psephos"
"Macquarie","Tony Luchetti","ALP",23556,63.5,"Horace Brownlow","Lib46",13540,36.5,"Psephos"
"Maranoa","Eric Taylor","ALP",15514,45.79,"Wilfred Brimblecombe","CP",18364,54.21,"exact"
"Maribyrnong","Arthur Drakeford","ALP",28448,66.1,"Stuart Collie","Lib46",14590,33.9,"Psephos"
"Martin","William O'Connor","ALP",22452,61.9,"Elton Lewis","Lib46",13820,38.1,"Psephos"
"McMillan","Desmond Devlin","ALP",19295,46.37,"Geoffrey Brown","Lib46",22314,53.63,"exact"
"McPherson","Sir Raphael Cilento","ID",11905,34.71,"Sir Arthur Fadden","CP",22397,65.29,"exact"
"Melbourne","Arthur Calwell","ALP",22125,70.65,"Alfred Carter","Lib46",9192,29.35,"exact"
"Melbourne Ports","Frank Crean","ALP",23605,72.3,"Norman Fittock","Lib46",9043,27.7,"Psephos"
"Mitchell","Doug Bowd","ALP",24218,49.7,"Roy Wheeler","Lib46",24510,50.3,"Psephos"
"Moore","Arthur Dargin","ALP",17143,42.96,"Hugh Leslie","CP",22760,57.04,"exact"
"Moreton","Ted Mansfield","ALP",24465,44.1,"Josiah Francis","Lib46",31011,55.9,"Psephos"
"Newcastle","David Watkins","ALP",21570,59.8,"Matthew Tapp","Lib46",14501,40.2,"Psephos"
"New England","Frederick Cowley","ALP",16444,42.94,"David Drummond","CP",21852,57.06,"exact"
"Northern Territory","Jock Nelson","ALP",4021,77.57,"Ralph Edwards","CP",1163,22.43,"exact"
"North Sydney","Leo Haylen","ALP",16916,46.1,"William Jack","Lib46",19780,53.9,"exact"
"Oxley","Norman Thomas","ALP",16423,44,"Donald Cameron","Lib46",20903,56,"Psephos"
"Parkes","Les Haylen","ALP",19307,55.99,"William Ness","Lib46",15173,44.01,"exact"
"Parramatta","John Holmes","ALP",18760,40.17,"Howard Beale","Lib46",27941,59.83,"exact"
"Paterson","Kevin Barlow","ALP",18255,45.5,"Allen Fairhall","Lib46",21870,54.5,"exact"
"Perth","Tom Burke","ALP",15987,51.9,"Robert Phillips","Lib46",14817,48.1,"Psephos"
"Petrie","Alexander Barry","ALP",21774,44.91,"Alan Hulme","Lib46",26706,55.09,"exact"
"Phillip","Joe Fitzgerald","ALP",19826,58.87,"Henry Clarke","Lib46",13849,41.13,"exact"
"Port Adelaide","Albert Thompson","ALP",47355,93.96,"Alan Finger","CPA",3045,6.04,"exact"
"Reid","Charles Morgan","ALP",36827,70.8,"Bob Mutton","Lib46",15189,29.2,"Psephos"
"Riverina","Michael Sheehan","ALP",18145,46.6,"Hugh Roberton","CP",20793,53.4,"Psephos"
"Robertson","Walter Geraghty","ALP",23800,49.71,"Roger Dean","Lib46",24082,50.29,"exact"
"Ryan","Frank Luton","ALP",18514,41.46,"Nigel Drury","Lib46",26140,58.54,"exact"
"Shortland","Charles Griffiths","ALP",27226,64.41,"Arthur Downey","Lib46",15044,35.59,"exact"
"St George","Nelson Lemmon","ALP",20173,52.73,"Bill Graham","Lib46",18084,47.27,"exact"
"Sturt","Norman Makin","ALP",25857,53.04,"Keith Wilson","Lib46",22890,46.96,"exact"
"Swan","Harry Webb","ALP",27568,51.5,"Bill Grayden","Lib46",25962,48.5,"Psephos"
"Wakefield","Edward Harradine","ALP",15520,40.3,"Sir Philip McBride","Lib46",22991,59.7,"Psephos"
"Wannon","Don McLeod","ALP",18509,50.02,"Malcolm Fraser","Lib46",18492,49.98,"exact"
"Warringah","Ronald Nibbs","ALP",12229,32.1,"Francis Bland","Lib46",25869,67.9,"Psephos"
"Watson","Dan Curtin","ALP",25507,63.21,"Hubert O'Connell","Lib46",14846,36.79,"exact"
"Werriwa","Gough Whitlam","ALP",36078,61.3,"Jack Lee","Lib46",22776,38.7,"Psephos"
"West Sydney","Dan Minogue","ALP",22827,78,"Anthony Micallef","Ind",6439,22,"Psephos"
"Wide Bay","Frank Forde","ALP",19045,45.8,"William Brand","CP",22538,54.2,"Psephos"
"Wills","Bill Bryson","ALP",27538,62.4,"Ian Ingram","Lib46",16595,37.6,"exact"
"Wilmot","Gil Duthie","ALP",19193,56.2,"Lionel Browning","Lib46",14959,43.8,"exact"
"Wimmera","Cyril Sudholz","ALP",12407,35.35,"William Lawrence","Lib46",22686,64.65,"exact"
"Yarra","Stan Keon","ALP",22097,65.4,"Jim MacDonald","Lib46",11691,34.6,"Psephos"
