"Seat","Candidate1","Party1","Votes1","Vote_perc1","Candidate2","Party2","Votes2","Vote_perc2","Est"
"Adelaide","Chris Hurford","ALP",39618,56.3,"George Basisovs","Lib46",30752,43.7,"Psephos"
"Balaclava","Robert Steele","ALP",24156,36.7,"Ian Macphee","Lib46",41663,63.3,"Psephos"
"Ballarat","Norman Baker","ALP",26973,42.5,"Jim Short","Lib46",36494,57.5,"Psephos"
"Banks","Vince Martin","ALP",37330,54.22,"Paul Hinton","Lib46",31517,45.78,"exact"
"Barker","Neil Richardson","ALP",21912,32.2,"James Porter","Lib46",46137,67.8,"Psephos"
"Barton","Ron Cunningham","ALP",30544,46.01,"Jim Bradfield","Lib46",35842,53.99,"exact"
"Bass","Mary Willey","ALP",20106,40,"Kevin Newman","Lib46",30158,60,"Psephos"
"Batman","Brian Howe","ALP",35581,53.37,"Gillford Brown","Lib46",31092,46.63,"exact"
"Bendigo","Dennis Muldoon","ALP",25980,41.5,"John Bourchier","Lib46",36622,58.5,"Psephos"
"Bennelong","Noel Welsman","ALP",24146,36.6,"John Howard","Lib46",41828,63.4,"Psephos"
"Berowra","Michael Jones","ALP",19021,30.4,"Harry Edwards","Lib46",43547,69.6,"Psephos"
"Blaxland","Paul Keating","ALP",41002,61.6,"Salvatore Napoli","Lib46",25559,38.4,"Psephos"
"Bonython","Neal Blewett","ALP",39961,59.8,"Brian Marsden","Lib46",26863,40.2,"Psephos"
"Boothby","Mark Pickhaver","ALP",24032,34.2,"John McLeay","Lib46",46238,65.8,"Psephos"
"Bowman","Len Keogh","ALP",27571,43.7,"David Jull","Lib46",35521,56.3,"Psephos"
"Braddon","Duncan Colquhoun-Kerr","ALP",19656,41.79,"Ray Groom","Lib46",27384,58.21,"exact"
"Bradfield","Pauline Kibble","ALP",13708,20.3,"David Connolly","Lib46",53818,79.7,"Psephos"
"Brisbane","Manfred Cross","ALP",29585,46.77,"Peter Johnson","Lib46",33676,53.23,"exact"
"Bruce","Timothy Burke","ALP",26238,39,"Billy Snedden","Lib46",41038,61,"Psephos"
"Burke","Keith Johnson","ALP",36231,56.6,"Mihaly Lengyel","Lib46",27782,43.4,"Psephos"
"Calare","David Simmons","ALP",29658,44.81,"Sandy Mackenzie","NCP75",36529,55.19,"exact"
"Canberra","Henry Lawrence","ALP",27894,49.05,"John Haslem","Lib46",28976,50.95,"exact"
"Canning","Charles Savage","ALP",20622,33.7,"Mel Bungey","Lib46",40572,66.3,"Psephos"
"Capricornia","Doug Everingham","ALP",31406,51.2,"Colin Carige","NCP75",29934,48.8,"Psephos"
"Casey","Peter Watson","ALP",24649,39.8,"Peter Falconer","Lib46",37282,60.2,"Psephos"
"Chifley","John Armitage","ALP",44035,67.5,"Richard Taylor","Lib46",21202,32.5,"Psephos"
"Chisholm","Helen Mayer","ALP",28110,41.1,"Tony Staley","Lib46",40284,58.9,"Psephos"
"Cook","Ray Thorburn","ALP",28820,41.7,"Don Dobie","Lib46",40292,58.3,"Psephos"
"Corangamite","Shirley Ambrose","ALP",20456,32.2,"Tony Street","Lib46",43072,67.8,"Psephos"
"Corio","Gordon Scholes","ALP",34588,52.91,"Clive Bubb","Lib46",30779,47.09,"exact"
"Cowper","Colin Clague","ALP",23221,36.15,"Ian Robinson","NCP75",41015,63.85,"exact"
"Cunningham","Stewart West","ALP",41517,60.7,"Thomas Griffin","Lib46",26880,39.3,"Psephos"
"Curtin","Patricia Giles","ALP",20700,31.2,"Victor Garland","Lib46",45645,68.8,"Psephos"
"Darling Downs","Robert Lingard","ALP",18597,29.7,"Tom McVeigh","NCP75",44020,70.3,"Psephos"
"Dawson","Michael Goldsborough","ALP",26070,42.1,"Ray Braithwaite","NCP75",35854,57.9,"Psephos"
"Deakin","Neville Gay","ALP",29913,42.59,"Alan Jarman","Lib46",40316,57.41,"exact"
"Denison","John Coates","ALP",24343,46.9,"Michael Hodgman","Lib46",27562,53.1,"Psephos"
"Diamond Valley","Jean Downing","ALP",25909,39.7,"Neil Brown","Lib46",39353,60.3,"Psephos"
"Dundas","Russell Rollason","ALP",27018,39.9,"Philip Ruddock","Lib46",40697,60.1,"Psephos"
"Eden-Monaro","Brian Maguire","ALP",28611,44.1,"Murray Sainsbury","Lib46",36266,55.9,"Psephos"
"Fadden","Clem Jones","ALP",27359,44.01,"Donald Cameron","Lib46",34811,55.99,"exact"
"Farrer","Donald Fleming","ALP",21810,33.6,"Wal Fife","Lib46",43100,66.4,"Psephos"
"Fisher","Fay Price","ALP",21322,34.1,"Evan Adermann","NCP75",41205,65.9,"Psephos"
"Flinders","Geoffrey Eastwood","ALP",25583,39.3,"Phillip Lynch","Lib46",39513,60.7,"Psephos"
"Forrest","Allan Drake-Brockman","ALP",21783,34.3,"Peter Drummond","Lib46",41724,65.7,"Psephos"
"Franklin","Peter Colquhoun","ALP",22175,45.28,"Bruce Goodluck","Lib46",26797,54.72,"exact"
"Fraser","Ken Fry","ALP",34609,59.44,"Imre Mailath","Lib46",23612,40.56,"exact"
"Fremantle","John Dawkins","ALP",34113,51.82,"Peter Ramshaw","Lib46",31712,48.18,"exact"
"Gellibrand","Ralph Willis","ALP",42533,64.5,"Anton Zajc","Lib46",23410,35.5,"Psephos"
"Gippsland","William Switzer","ALP",18702,30.3,"Peter Nixon","NCP75",43021,69.7,"Psephos"
"Grayndler","Frank Stewart","ALP",39114,62.2,"Bill Vasselou","Lib46",23771,37.8,"Psephos"
"Grey","Laurie Wallis","ALP",33424,50.05,"John Oswald","Lib46",33359,49.95,"exact"
"Griffith","Ben Humphreys","ALP",32691,53.5,"Ronald Palmer","Lib46",28413,46.5,"Psephos"
"Gwydir","Francis Fish","ALP",23376,36.7,"Ralph Hunt","NCP75",40318,63.3,"Psephos"
"Hawker","Ralph Jacobi","ALP",35760,50.61,"Steele Hall","Lib46",34901,49.39,"exact"
"Henty","Joan Child","ALP",31178,47.3,"Ken Aldred","Lib46",34736,52.7,"exact"
"Herbert","Ted Lindsay","ALP",25934,42.32,"Gordon Dean","Lib46",35353,57.68,"exact"
"Higgins","Ann Jackson","ALP",22475,34,"Roger Shipton","Lib46",43627,66,"Psephos"
"Hindmarsh","Clyde Cameron","ALP",43257,61.3,"Gregory Molfetas","Lib46",27309,38.7,"Psephos"
"Holt","Michael Duffy","ALP",30464,48.16,"William Yates","Lib46",32790,51.84,"exact"
"Hotham","Anthony Ross","ALP",33097,48.28,"Roger Johnston","Lib46",35450,51.72,"exact"
"Hughes","Les Johnson","ALP",39790,59.3,"Henry Halliwell","Lib46",27310,40.7,"Psephos"
"Hume","George Brenner","ALP",26770,40.7,"Stephen Lusher","NCP75",39003,59.3,"Psephos"
"Hunter","Bert James","ALP",46097,66.5,"Oliver Fennell","Lib46",23222,33.5,"Psephos"
"Indi","Mac Holten","NCP75",27329,44.94,"Ewen Cameron","Lib46",33483,55.06,"exact"
"Isaacs","Kenneth Williams","ALP",28705,42.65,"William Burns","Lib46",38595,57.35,"exact"
"Kalgoorlie","Brian Conway","ALP",23172,41.5,"Mick Cotter","Lib46",32664,58.5,"Psephos"
"Kennedy","Robert Gleeson","ALP",19518,35.8,"Bob Katter","NCP75",35001,64.2,"Psephos"
"Kingsford-Smith","Lionel Bowen","ALP",44262,67.5,"Collin O'Neill","Lib46",21311,32.5,"Psephos"
"Kingston","Richard Gun","ALP",33251,48.2,"Grant Chapman","Lib46",35732,51.8,"exact"
"Kooyong","John Wilkinson","ALP",21371,32.3,"Andrew Peacock","Lib46",44793,67.7,"Psephos"
"Lalor","Barry Jones","ALP",36147,57.6,"Harley Dickinson","Lib46",26608,42.4,"Psephos"
"La Trobe","Tony Lamb","ALP",30801,49.17,"Marshall Baillieu","Lib46",31845,50.83,"exact"
"Leichhardt","Bill Wood","ALP",28744,49.1,"David Thomson","NCP75",29803,50.9,"exact"
"Lilley","Elaine Darling","ALP",27659,44,"Kevin Cairns","Lib46",35202,56,"Psephos"
"Lowe","Richard Hall","ALP",29022,43.7,"Sir William McMahon","Lib46",37391,56.3,"Psephos"
"Lyne","Noel Unicomb","ALP",25350,38.6,"Philip Lucock","NCP75",40323,61.4,"Psephos"
"Macarthur","John Kerin","ALP",31975,48.06,"Michael Baume","Lib46",34557,51.94,"exact"
"Mackellar","John Barclay","ALP",23228,35.7,"Jim Carlton","Lib46",41837,64.3,"Psephos"
"Macquarie","Ross Free","ALP",32674,48.31,"Reg Gillard","Lib46",34966,51.69,"exact"
"Mallee","Geoffrey Ferns","ALP",16357,26.7,"Peter Fisher","NCP75",44906,73.3,"Psephos"
"Maranoa","John Kidman","ALP",15930,26.4,"James Corbett","NCP75",44410,73.6,"Psephos"
"Maribyrnong","Moss Cass","ALP",33313,51.95,"Philip Fitzherbert","Lib46",30807,48.05,"exact"
"McMillan","Richard Elkington","ALP",28093,45.19,"Barry Simon","Lib46",34077,54.81,"exact"
"McPherson","Jon Guerson","ALP",21270,33.7,"Eric Robinson","Lib46",41845,66.3,"Psephos"
"Melbourne","Ted Innes","ALP",38648,61.8,"Robert Fallshaw","Lib46",23890,38.2,"Psephos"
"Melbourne Ports","Clyde Holding","ALP",34730,55.5,"Daniel Hill","Lib46",27847,44.5,"Psephos"
"Mitchell","Ellen Thompson","ALP",21433,32.8,"Alan Cadman","Lib46",43912,67.2,"Psephos"
"Moore","James Hansen","ALP",19812,32.1,"John Hyde","Lib46",41907,67.9,"Psephos"
"Moreton","Barbara Robson","ALP",23246,38,"James Killen","Lib46",37929,62,"Psephos"
"Murray","Graeme Macartney","ALP",14789,23.8,"Bruce Lloyd","NCP75",47350,76.2,"Psephos"
"Newcastle","Charles Jones","ALP",42943,63.7,"Elaine Samuels","Lib46",24471,36.3,"Psephos"
"New England","Selby Dean","ALP",22846,36,"Ian Sinclair","NCP75",40615,64,"Psephos"
"Northern Territory","John Waters","ALP",16488,47.46,"Sam Calder","CLP",18250,52.54,"exact"
"North Sydney","Maurice May","ALP",21315,32.7,"Bill Graham","Lib46",43870,67.3,"Psephos"
"Oxley","Bill Hayden","ALP",38388,58.5,"Robert Walker","Lib46",27232,41.5,"Psephos"
"Parramatta","John Brown","ALP",37092,56.1,"Douglas Cox","Lib46",29025,43.9,"Psephos"
"Paterson","Kerry Scott","ALP",24107,37.8,"Frank O'Keefe","NCP75",39668,62.2,"Psephos"
"Perth","James Moiler","ALP",25460,40.5,"Ross McLean","Lib46",37405,59.5,"Psephos"
"Petrie","Gerard Molloy","ALP",25703,40.1,"John Hodges","Lib46",38395,59.9,"Psephos"
"Phillip","Joe Riordan","ALP",31511,48.01,"Jack Birney","Lib46",34127,51.99,"exact"
"Port Adelaide","Mick Young","ALP",44337,65.7,"Jean Lawrie","Lib46",23147,34.3,"Psephos"
"Prospect","Dick Klugman","ALP",38303,59.9,"Alan Byers","Lib46",25642,40.1,"Psephos"
"Reid","Tom Uren","ALP",41463,62.7,"Terence Shanahan","Lib46",24666,37.3,"Psephos"
"Richmond","Josephine Maxwell","ALP",23440,35.2,"Doug Anthony","NCP75",43151,64.8,"Psephos"
"Riverina","John FitzPatrick","ALP",32049,50.11,"John Sullivan","NCP75",31902,49.89,"exact"
"Robertson","Barry Cohen","ALP",36229,52.31,"Malcolm Brooks","Lib46",33032,47.69,"exact"
"Ryan","Gailene Harrison","ALP",22990,36.6,"John Moore","Lib46",39824,63.4,"Psephos"
"Scullin","Harry Jenkins","ALP",35521,57,"Gerard Clarke","Lib46",26796,43,"Psephos"
"Shortland","Peter Morris","ALP",40979,59.7,"Richard Bevan","Lib46",27663,40.3,"Psephos"
"St George","Tony Whitlam","ALP",32162,48.01,"Maurice Neil","Lib46",34827,51.99,"exact"
"Stirling","Graham Reece","ALP",26119,40.3,"Ian Viner","Lib46",38692,59.7,"Psephos"
"Sturt","Ann Pengelly","ALP",29580,42.7,"Ian Wilson","Lib46",39694,57.3,"Psephos"
"Swan","Patricia Fowkes","ALP",31588,49.47,"John Martyr","Lib46",32267,50.53,"exact"
"Sydney","Leslie McMahon","ALP",45680,73.4,"Andrew Morrison","Lib46",16555,26.6,"Psephos"
"Tangney","Duncan Graham","ALP",27484,41.6,"Peter Shack","Lib46",38583,58.4,"Psephos"
"Wakefield","Denis Crisp","ALP",23101,34,"Geoffrey Giles","Lib46",44843,66,"Psephos"
"Wannon","Andrew Frost","ALP",21626,34.4,"Malcolm Fraser","Lib46",41239,65.6,"Psephos"
"Warringah","Christopher Osborne","ALP",19414,29.8,"Michael MacKellar","Lib46",45734,70.2,"Psephos"
"Wentworth","Michael Winters","ALP",22284,35.6,"Robert Ellicott","Lib46",40312,64.4,"Psephos"
"Werriwa","Gough Whitlam","ALP",40432,60.2,"Jonas Abromas","Lib46",26731,39.8,"Psephos"
"Wide Bay","Frederick Faircloth","ALP",26439,41.8,"Clarrie Millar","NCP75",36813,58.2,"Psephos"
"Wills","Gordon Bryant","ALP",41767,62.6,"Thomas Burrowes","Lib46",24953,37.4,"Psephos"
"Wilmot","David Llewellyn","ALP",21498,44.2,"Max Burr","Lib46",27140,55.8,"Psephos"
