"Seat","Candidate1","Party1","Votes1","Vote_perc1","Candidate2","Party2","Votes2","Vote_perc2","Est"
"Adelaide","Chris Hurford","ALP",30487,52.76,"Harold Steele","Lib46",27301,47.24,"exact"
"Angas","Adolf Thiel","ALP",15896,28.5,"Geoffrey Giles","Lib46",39878,71.5,"Psephos"
"Balaclava","Martin Ryan","ALP",20100,36.3,"Ian Macphee","Lib46",35273,63.7,"Psephos"
"Ballaarat","David Williams","ALP",24001,41.1,"Jim Short","Lib46",34395,58.9,"Psephos"
"Banks","Vince Martin","ALP",31473,53.1,"Maxwell Gibson","Lib46",27799,46.9,"Psephos"
"Barker","Graham Bath","ALP",20635,32.7,"James Porter","Lib46",42469,67.3,"Psephos"
"Barton","Murray Gainsford","ALP",28847,45.1,"Jim Bradfield","Lib46",35115,54.9,"Psephos"
"Bass","Michael McLaughlin","ALP",16140,35.9,"Kevin Newman","Lib46",28817,64.1,"Psephos"
"Batman","Horrie Garrick","ALP",30919,54.4,"Michael Galli","Lib46",25917,45.6,"Psephos"
"Bendigo","Stewart Anderson","ALP",25652,43.3,"John Bourchier","Lib46",33591,56.7,"Psephos"
"Bennelong","Noel Welsman","ALP",24518,37.2,"John Howard","Lib46",41390,62.8,"Psephos"
"Berowra","Michael Ross","ALP",19026,28.7,"Harry Edwards","Lib46",47265,71.3,"Psephos"
"Blaxland","Paul Keating","ALP",36637,60.3,"Joseph Touma","Lib46",24121,39.7,"Psephos"
"Bonython","Martin Nicholls","ALP",45716,56,"Alan Irving","Lib46",35919,44,"Psephos"
"Boothby","Mark Pickhaver","ALP",19973,33.5,"John McLeay","Lib46",39647,66.5,"Psephos"
"Bowman","Len Keogh","ALP",33426,42.93,"David Jull","Lib46",44438,57.07,"exact"
"Braddon","Ron Davies","ALP",23692,46.2,"Ray Groom","Lib46",27589,53.8,"Psephos"
"Bradfield","John Carmody","ALP",13498,19.8,"David Connolly","Lib46",54673,80.2,"Psephos"
"Brisbane","Manfred Cross","ALP",25250,46.12,"Peter Johnson","Lib46",29495,53.88,"exact"
"Bruce","Graeme Bond","ALP",30130,38.9,"Billy Snedden","Lib46",47325,61.1,"Psephos"
"Burke","Keith Johnson","ALP",47953,57,"Claus Salger","Lib46",36175,43,"Psephos"
"Calare","Francis Hall","ALP",20847,40.67,"Sandy Mackenzie","NCP75",30413,59.33,"exact"
"Canberra","Kep Enderby","ALP",24285,46.7,"John Haslem","Lib46",27718,53.3,"Psephos"
"Canning","Marilyn Anthony","ALP",18945,31.75,"Mel Bungey","Lib46",40721,68.25,"exact"
"Capricornia","Doug Everingham","ALP",27754,49.88,"Colin Carige","NCP75",27890,50.12,"exact"
"Casey","Race Mathews","ALP",31773,42.5,"Peter Falconer","Lib46",42987,57.5,"Psephos"
"Chifley","John Armitage","ALP",48767,61.75,"Shirley Sookee","Lib46",30206,38.25,"exact"
"Chisholm","Richard Campbell","ALP",20760,37.6,"Tony Staley","Lib46",34452,62.4,"Psephos"
"Cook","Ray Thorburn","ALP",25873,42.2,"Don Dobie","Lib46",35437,57.8,"Psephos"
"Corangamite","Shirley Ambrose","ALP",18138,30.8,"Tony Street","Lib46",40751,69.2,"Psephos"
"Corio","Gordon Scholes","ALP",31322,50.02,"Gordon Hall","Lib46",31302,49.98,"exact"
"Cowper","Colin Clague","ALP",20019,35.7,"Ian Robinson","NCP75",36058,64.3,"Psephos"
"Cunningham","Rex Connor","ALP",42815,62.4,"Peter Swan","Lib46",25799,37.6,"Psephos"
"Curtin","John Crouch","ALP",21253,33.65,"Victor Garland","Lib46",41901,66.35,"exact"
"Darling","John FitzPatrick","ALP",25907,57.5,"Walter Mitchell","NCP75",19149,42.5,"Psephos"
"Darling Downs","Peter Wood","ALP",18590,30.61,"Tom McVeigh","NCP75",42133,69.39,"exact"
"Dawson","Rex Patterson","ALP",27188,46.4,"Ray Braithwaite","NCP75",31401,53.6,"exact"
"Deakin","Gavan Oakley","ALP",24979,40.1,"Alan Jarman","Lib46",37313,59.9,"Psephos"
"Denison","John Coates","ALP",22246,45.1,"Michael Hodgman","Lib46",27080,54.9,"Psephos"
"Diamond Valley","David McKenzie","ALP",35666,40.9,"Neil Brown","Lib46",51536,59.1,"Psephos"
"Eden-Monaro","Bob Whan","ALP",27272,44.47,"Murray Sainsbury","Lib46",34059,55.53,"exact"
"Evans","Allan Mulder","ALP",27976,48,"John Abel","Lib46",30307,52,"Psephos"
"Farrer","Patrick Brassil","ALP",19998,33.6,"Wal Fife","Lib46",39521,66.4,"Psephos"
"Fisher","Ivan Guy","ALP",19164,27.1,"Evan Adermann","NCP75",51553,72.9,"Psephos"
"Flinders","Geoffrey Eastwood","ALP",31954,39.8,"Phillip Lynch","Lib46",48332,60.2,"Psephos"
"Forrest","Geoffrey Davy","ALP",19961,36.2,"Peter Drummond","Lib46",35180,63.8,"Psephos"
"Franklin","Ray Sherry","ALP",23260,48.19,"Bruce Goodluck","Lib46",25010,51.81,"exact"
"Fraser","Ken Fry","ALP",28705,52,"Imre Mailath","Lib46",26496,48,"Psephos"
"Fremantle","Kim Beazley","ALP",32570,51.63,"Leon Lapinski","Lib46",30509,48.37,"exact"
"Gellibrand","Ralph Willis","ALP",33101,62.2,"Iris Williams","Lib46",20116,37.8,"Psephos"
"Gippsland","Peter Turner","ALP",16566,29.1,"Peter Nixon","NCP75",40363,70.9,"Psephos"
"Grayndler","Tony Whitlam","ALP",34258,68,"Jonathan Fowler","Lib46",16122,32,"Psephos"
"Grey","Laurie Wallis","ALP",28777,50.49,"Dennis Burman","Lib46",28214,49.51,"exact"
"Griffith","Ben Humphreys","ALP",23348,42,"Donald Cameron","Lib46",32243,58,"Psephos"
"Gwydir","Francis Bourke","ALP",18704,36.5,"Ralph Hunt","NCP75",32541,63.5,"Psephos"
"Hawker","Ralph Jacobi","ALP",29974,51,"Craig Speil","Lib46",28794,49,"exact"
"Henty","Joan Child","ALP",25757,44.8,"Ken Aldred","Lib46",31737,55.2,"Psephos"
"Herbert","John Rockett","ALP",25096,42.03,"Robert Bonnett","Lib46",34620,57.97,"exact"
"Higgins","Andrew Homer","ALP",20581,35.1,"Roger Shipton","Lib46",38054,64.9,"Psephos"
"Hindmarsh","Clyde Cameron","ALP",34104,56.3,"Valentine Dignum","Lib46",26471,43.7,"Psephos"
"Holt","Max Oldmeadow","ALP",39607,48.39,"William Yates","Lib46",42241,51.61,"exact"
"Hotham","Anthony Ross","ALP",25128,42.3,"Don Chipp","Lib46",34276,57.7,"Psephos"
"Hughes","Les Johnson","ALP",37000,59.33,"Robert Law","Lib46",25362,40.67,"exact"
"Hume","George Brenner","ALP",20925,42.99,"Stephen Lusher","NCP75",27746,57.01,"exact"
"Hunter","Bert James","ALP",43590,68.44,"Stephen Walker","Lib46",20100,31.56,"exact"
"Indi","Alan Bell","ALP",17685,32.8,"Mac Holten","NCP75",36234,67.2,"Psephos"
"Isaacs","Gareth Clayton","ALP",24823,43.1,"David Hamer","Lib46",32770,56.9,"Psephos"
"Kalgoorlie","Fred Collard","ALP",23022,45.8,"Mick Cotter","Lib46",27244,54.2,"Psephos"
"Kennedy","Robert Gleeson","ALP",17155,36.1,"Bob Katter","NCP75",30367,63.9,"Psephos"
"Kingsford-Smith","Lionel Bowen","ALP",36140,60.4,"Desmond Connors","Lib46",23695,39.6,"Psephos"
"Kingston","Richard Gun","ALP",31365,43.38,"Grant Chapman","Lib46",40932,56.62,"exact"
"Kooyong","John Wilkinson","ALP",18657,32.1,"Andrew Peacock","Lib46",39466,67.9,"Psephos"
"Lalor","Jim Cairns","ALP",44568,60.9,"Francis Purcell","Lib46",28614,39.1,"Psephos"
"Lang","Frank Stewart","ALP",33284,57.4,"Donald Carruthers","Lib46",24702,42.6,"Psephos"
"La Trobe","Tony Lamb","ALP",37339,45.7,"Marshall Baillieu","Lib46",44365,54.3,"Psephos"
"Leichhardt","Bill Wood","ALP",26579,47.65,"David Thomson","NCP75",29204,52.35,"exact"
"Lilley","Frank Doyle","ALP",25530,42.3,"Kevin Cairns","Lib46",34824,57.7,"Psephos"
"Lowe","Robert Hyde","ALP",23535,41,"William McMahon","Lib46",33867,59,"Psephos"
"Lyne","Bruce Langford","ALP",21049,35.5,"Philip Lucock","NCP75",38244,64.5,"Psephos"
"Macarthur","John Kerin","ALP",37013,45.9,"Michael Baume","Lib46",43625,54.1,"Psephos"
"Mackellar","Kevin Mason","ALP",24372,34.4,"William Wentworth","Lib46",46478,65.6,"Psephos"
"Macquarie","Ross Free","ALP",36415,48.4,"Reg Gillard","Lib46",38822,51.6,"Psephos"
"Mallee","Ronald Davies","ALP",11961,24.9,"Peter Fisher","NCP75",36074,75.1,"Psephos"
"Maranoa","Reuben Coupe","ALP",12310,28.1,"James Corbett","NCP75",31498,71.9,"Psephos"
"Maribyrnong","Moss Cass","ALP",31094,52.1,"John Gray","Lib46",28587,47.9,"Psephos"
"McMillan","William Rutherford","ALP",24470,43.28,"Barry Simon","Lib46",32070,56.72,"exact"
"McPherson","Brian Paterson","ALP",32080,33.6,"Eric Robinson","Lib46",63397,66.4,"Psephos"
"Melbourne","Ted Innes","ALP",32321,62.7,"Robert Fallshaw","Lib46",19227,37.3,"Psephos"
"Melbourne Ports","Frank Crean","ALP",29894,58.3,"Roger Johnston","Lib46",21383,41.7,"Psephos"
"Mitchell","David Savage","ALP",29527,36,"Alan Cadman","Lib46",52493,64,"Psephos"
"Moore","Allen Blanchard","ALP",22759,32.8,"John Hyde","Lib46",46628,67.2,"Psephos"
"Moreton","Lewin Blazevich","ALP",21222,37.5,"James Killen","Lib46",35371,62.5,"Psephos"
"Murray","Marjorie Gillies","ALP",13903,24.9,"Bruce Lloyd","NCP75",41933,75.1,"Psephos"
"Newcastle","Charles Jones","ALP",35134,63.6,"Arthur Thomas","Lib46",20108,36.4,"Psephos"
"New England","John Shanahan","ALP",21483,36.2,"Ian Sinclair","NCP75",37863,63.8,"Psephos"
"Northern Territory","Jock Nelson","ALP",13359,45.1,"Sam Calder","CLP",16262,54.9,"Psephos"
"North Sydney","Patrick Healy","ALP",18444,33.6,"Bill Graham","Lib46",36450,66.4,"Psephos"
"Oxley","Bill Hayden","ALP",39547,53.8,"James Shapcott","NCP75",33960,46.2,"Psephos"
"Parramatta","John Brown","ALP",29345,40.8,"Philip Ruddock","Lib46",42579,59.2,"Psephos"
"Paterson","Noel Unicomb","ALP",23804,42.7,"Frank O'Keefe","NCP75",31944,57.3,"Psephos"
"Perth","Joe Berinson","ALP",30725,49.2,"Ross McLean","Lib46",31725,50.8,"Psephos"
"Petrie","John Hungerford","ALP",28452,37.5,"John Hodges","Lib46",47414,62.5,"exact"
"Phillip","Joe Riordan","ALP",29839,47.4,"Jack Birney","Lib46",33112,52.6,"Psephos"
"Port Adelaide","Mick Young","ALP",35382,61.3,"Terence Hanson","Lib46",22338,38.7,"Psephos"
"Prospect","Dick Klugman","ALP",39198,58.1,"Donald MacDonald","Lib46",28268,41.9,"Psephos"
"Reid","Tom Uren","ALP",33649,59.7,"Terence Shanahan","Lib46",22715,40.3,"Psephos"
"Richmond","Archibald Johnston","ALP",19853,33.6,"Doug Anthony","NCP75",39233,66.4,"Psephos"
"Riverina","John Pollard","ALP",19053,38.18,"John Sullivan","NCP75",30851,61.82,"exact"
"Robertson","Barry Cohen","ALP",42109,51,"Hugh Chalmers","Lib46",40457,49,"Psephos"
"Ryan","Colin Taylor","ALP",24072,33.48,"John Moore","Lib46",47835,66.52,"exact"
"Scullin","Harry Jenkins","ALP",32418,58.3,"Gerard Clarke","Lib46",23187,41.7,"Psephos"
"Shortland","Peter Morris","ALP",35020,58.3,"Richard Bevan","Lib46",25049,41.7,"Psephos"
"St George","Bill Morrison","ALP",28928,49.95,"Maurice Neil","Lib46",28984,50.05,"exact"
"Stirling","Graham Reece","ALP",23906,40.7,"Ian Viner","Lib46",34831,59.3,"Psephos"
"Sturt","Graham Maguire","ALP",27185,39.7,"Ian Wilson","Lib46",41290,60.3,"Psephos"
"Swan","Adrian Bennett","ALP",30372,47.9,"John Martyr","Lib46",33029,52.1,"exact"
"Sydney","Leslie McMahon","ALP",34326,72.1,"Janis Wallace","Lib46",13283,27.9,"Psephos"
"Tangney","John Dawkins","ALP",27676,43.4,"Peter Richardson","Lib46",36093,56.6,"Psephos"
"Wakefield","Irene Krastev","ALP",13558,28,"Bert Kelly","Lib46",34863,72,"Psephos"
"Wannon","Keith Wilson","ALP",16732,31.8,"Malcolm Fraser","Lib46",35883,68.2,"Psephos"
"Warringah","Allan Hughes","ALP",18295,30.8,"Michael MacKellar","Lib46",41103,69.2,"Psephos"
"Wentworth","Mairi Petersen","ALP",15993,30.4,"Robert Ellicott","Lib46",36614,69.6,"Psephos"
"Werriwa","Gough Whitlam","ALP",45829,61.4,"William Sadler","Lib46",28811,38.6,"Psephos"
"Wide Bay","Brendan Hansen","ALP",24090,40.7,"Clarrie Millar","NCP75",35098,59.3,"Psephos"
"Wills","Gordon Bryant","ALP",32742,60.9,"Howard Kiel","Lib46",21021,39.1,"Psephos"
"Wilmot","Gil Duthie","ALP",21586,44.7,"Max Burr","Lib46",26704,55.3,"Psephos"
"Wimmera","Brian Brooke","ALP",17203,35.8,"Robert King","NCP75",30850,64.2,"Psephos"
