"Seat","Candidate1","Party1","Votes1","Vote_perc1","Candidate2","Party2","Votes2","Vote_perc2","Est"
"Adelaide","Chris Hurford","ALP",33420,59.1,"Harold Steele","Lib46",23129,40.9,"Psephos"
"Angas","Adolf Thiel","ALP",16958,32.5,"Geoffrey Giles","Lib46",35219,67.5,"Psephos"
"Balaclava","Irene Dunsmuir","ALP",23859,43.3,"Ian Macphee","Lib46",31243,56.7,"Psephos"
"Ballaarat","David Williams","ALP",25331,45.19,"Dudley Erwin","Lib46",30721,54.81,"exact"
"Banks","Vince Martin","ALP",37389,63.5,"Peter Kintominas","Lib46",21492,36.5,"Psephos"
"Barker","James Hennessy","ALP",20282,34.8,"Jim Forbes","Lib46",37999,65.2,"Psephos"
"Barton","Len Reynolds","ALP",33535,55.1,"Jim Bradfield","Lib46",27327,44.9,"Psephos"
"Bass","Lance Barnard","ALP",23677,54.04,"John Beswick","Lib46",20137,45.96,"exact"
"Batman","Horrie Garrick","ALP",34414,60.4,"Keith Smith","Lib46",22562,39.6,"Psephos"
"Bendigo","David Kennedy","ALP",28038,49.22,"John Bourchier","Lib46",28922,50.78,"exact"
"Bennelong","Richard Hall","ALP",28775,45.5,"John Howard","Lib46",34466,54.5,"Psephos"
"Berowra","George Williams","ALP",22331,35.3,"Harry Edwards","Lib46",40929,64.7,"Psephos"
"Blaxland","Paul Keating","ALP",42279,69.8,"Wallace Smallwood","Lib46",18292,30.2,"Psephos"
"Bonython","Martin Nicholls","ALP",48566,65.6,"Rudolph Masopust","Lib46",25467,34.4,"Psephos"
"Boothby","John Trainer","ALP",22617,38.94,"John McLeay","Lib46",35469,61.06,"exact"
"Bowman","Len Keogh","ALP",38026,51.3,"David Jull","Lib46",36098,48.7,"Psephos"
"Braddon","Ron Davies","ALP",26821,54.8,"Ray Groom","Lib46",22122,45.2,"Psephos"
"Bradfield","Bruce Abrahams","ALP",17015,26.1,"David Connolly","Lib46",48178,73.9,"Psephos"
"Brisbane","Manfred Cross","ALP",28141,51.1,"Jim Anderson","Lib46",26929,48.9,"Psephos"
"Bruce","Russell Oakley","ALP",34990,47.62,"Billy Snedden","Lib46",38486,52.38,"exact"
"Burke","Keith Johnson","ALP",50490,65.8,"Claus Salger","Lib46",26243,34.2,"Psephos"
"Calare","Neville Bowers","ALP",21141,42.2,"John England","CP",28957,57.8,"Psephos"
"Canberra","Kep Enderby","ALP",26278,57.1,"Peter Hughes","Lib46",19743,42.9,"Psephos"
"Canning","John Hallett",NA,19148,35.75,"Mel Bungey","Lib46",34417,64.25,"exact"
"Capricornia","Doug Everingham","ALP",29357,54.9,"Kevin Connor","CP",24117,45.1,"Psephos"
"Casey","Race Mathews","ALP",35884,51.47,"Peter Falconer","Lib46",33840,48.53,"exact"
"Chifley","John Armitage","ALP",53644,72.5,"Patricia Robinson","Lib46",20348,27.5,"Psephos"
"Chisholm","Alastair Nicholson","ALP",24073,43.3,"Tony Staley","Lib46",31523,56.7,"Psephos"
"Cook","Ray Thorburn","ALP",30265,50.55,"Don Dobie","Lib46",29607,49.45,"exact"
"Corangamite","Edwin Morris","ALP",20601,36.5,"Tony Street","Lib46",35841,63.5,"Psephos"
"Corio","Gordon Scholes","ALP",33790,56,"Gordon Hall","Lib46",26550,44,"Psephos"
"Cowper","Thomas Cronin","ALP",23260,43.4,"Ian Robinson","CP",30335,56.6,"Psephos"
"Cunningham","Rex Connor","ALP",48420,71.8,"Warren Hough","Lib46",19018,28.2,"Psephos"
"Curtin","John Crouch","ALP",25137,40.7,"Victor Garland","Lib46",36625,59.3,"Psephos"
"Darling","John FitzPatrick","ALP",28041,63.8,"Maxwell Overton","CP",15911,36.2,"Psephos"
"Darling Downs","Ronald Madden","ALP",20300,34.6,"Tom McVeigh","CP",38371,65.4,"Psephos"
"Dawson","Rex Patterson","ALP",28029,50.6,"Ray Braithwaite","CP",27363,49.4,"exact"
"Deakin","Gavan Oakley","ALP",28802,47.69,"Alan Jarman","Lib46",31598,52.31,"exact"
"Denison","John Coates","ALP",25626,52.78,"Michael Hodgman","Lib46",22928,47.22,"exact"
"Diamond Valley","David McKenzie","ALP",41495,50.71,"Geoffrey Waite","Lib46",40337,49.29,"exact"
"Eden-Monaro","Bob Whan","ALP",28571,50.13,"Ron Brewer","CP",28425,49.87,"exact"
"Evans","Allan Mulder","ALP",30617,54.9,"John Abel","Lib46",25152,45.1,"Psephos"
"Farrer","Kevin Esler","ALP",24680,42.9,"David Fairbairn","Lib46",32848,57.1,"Psephos"
"Fisher","Hamish Linacre","ALP",20472,31.28,"Evan Adermann","CP",44968,68.72,"exact"
"Flinders","Colin Bednall","ALP",34710,47,"Phillip Lynch","Lib46",39142,53,"Psephos"
"Forrest","Albert Newman","ALP",20508,38.55,"Peter Drummond","Lib46",32689,61.45,"exact"
"Franklin","Ray Sherry","ALP",29161,62.91,"Leo Jarvis","Lib46",17194,37.09,"exact"
"Fraser","Ken Fry","ALP",28934,60.7,"Larry Pickering","Lib46",18733,39.3,"Psephos"
"Fremantle","Kim Beazley","ALP",36664,60.6,"Douglas Fernihough","Lib46",23838,39.4,"Psephos"
"Gellibrand","Ralph Willis","ALP",36772,68.1,"Cecile Storey","Lib46",17225,31.9,"Psephos"
"Gippsland","Hugh Oakes","ALP",18672,34.2,"Peter Nixon","CP",35924,65.8,"Psephos"
"Grayndler","Fred Daly","ALP",36956,75.7,"Jonathan Fowler","Lib46",11863,24.3,"Psephos"
"Grey","Laurie Wallis","ALP",29875,55.5,"Denis Burman","Lib46",23953,44.5,"Psephos"
"Griffith","Clem Jones","ALP",27142,48.61,"Donald Cameron","Lib46",28690,51.39,"exact"
"Gwydir","Francis Bourke","ALP",20630,41.4,"Ralph Hunt","CP",29200,58.6,"Psephos"
"Hawker","Ralph Jacobi","ALP",34341,60.2,"Henry Winter","Lib46",22704,39.8,"Psephos"
"Henty","Joan Child","ALP",29181,51.5,"Max Fox","Lib46",27482,48.5,"Psephos"
"Herbert","John Rockett","ALP",26665,45.8,"Robert Bonnett","Lib46",31556,54.2,"Psephos"
"Higgins","Wilhelm Kapphan","ALP",21871,37,"John Gorton","Lib46",37240,63,"Psephos"
"Hindmarsh","Clyde Cameron","ALP",38889,65.9,"Iris MacDonald","Lib46",20123,34.1,"Psephos"
"Holt","Max Oldmeadow","ALP",43099,56.9,"Len Reid","Lib46",32646,43.1,"Psephos"
"Hotham","Anthony Ross","ALP",27554,47.68,"Don Chipp","Lib46",30235,52.32,"exact"
"Hughes","Les Johnson","ALP",40851,67.7,"Philip Benwell","Lib46",19490,32.3,"Psephos"
"Hume","Frank Olley","ALP",23532,49.32,"Stephen Lusher","CP",24185,50.68,"exact"
"Hunter","Bert James","ALP",45828,74,"Richard Bevan","Lib46",16102,26,"Psephos"
"Indi","Alan Bell","ALP",19577,37.8,"Mac Holten","CP",32213,62.2,"Psephos"
"Isaacs","Gareth Clayton","ALP",28787,50.6,"David Hamer","Lib46",28105,49.4,"Psephos"
"Kalgoorlie","Fred Collard","ALP",23736,52.1,"Mick Cotter","Lib46",21823,47.9,"Psephos"
"Kennedy","Tony McGrady","ALP",17363,37.38,"Bob Katter","CP",29093,62.62,"exact"
"Kingsford-Smith","Lionel Bowen","ALP",40369,69.4,"Gary McCready","Lib46",17800,30.6,"Psephos"
"Kingston","Richard Gun","ALP",37793,56.1,"Peter Tonkin","Lib46",29575,43.9,"Psephos"
"Kooyong","Wellington Lee","ALP",21761,37.2,"Andrew Peacock","Lib46",36735,62.8,"Psephos"
"Lalor","Jim Cairns","ALP",45861,67.3,"Francis Purnell","Lib46",22283,32.7,"Psephos"
"Lang","Frank Stewart","ALP",38483,66.7,"Barry Peffer","Lib46",19213,33.3,"Psephos"
"La Trobe","Tony Lamb","ALP",41739,54.6,"Marshall Baillieu","Lib46",34706,45.4,"Psephos"
"Leichhardt","Bill Fulton","ALP",27609,53.28,"Herbert Marsh","CP",24214,46.72,"exact"
"Lilley","Frank Doyle","ALP",28841,48.95,"Kevin Cairns","Lib46",30074,51.05,"exact"
"Lowe","Doug Sutherland","ALP",25865,45.8,"William McMahon","Lib46",30608,54.2,"Psephos"
"Lyne","Ken Reed","ALP",21225,38.2,"Philip Lucock","CP",34339,61.8,"Psephos"
"Macarthur","John Kerin","ALP",40196,54.4,"David Wood","Lib46",33693,45.6,"Psephos"
"Mackellar","Evan Davies","ALP",28576,43,"William Wentworth","Lib46",37880,57,"Psephos"
"Macquarie","Tony Luchetti","ALP",41333,58.7,"Malcolm Mackay","Lib46",29081,41.3,"Psephos"
"Mallee","Brian Smith","ALP",13670,29.1,"Peter Fisher","CP",33307,70.9,"Psephos"
"Maranoa","Janice Saltau","ALP",13721,31.31,"James Corbett","CP",30104,68.69,"exact"
"Maribyrnong","Moss Cass","ALP",34591,58.7,"Rex Webb","Lib46",24338,41.3,"Psephos"
"McMillan","Barry Murphy","ALP",25025,45.39,"Arthur Hewson","CP",30110,54.61,"exact"
"McPherson","Tom Veivers","ALP",34577,41.2,"Eric Robinson","Lib46",49347,58.8,"Psephos"
"Melbourne","Ted Innes","ALP",36874,72.1,"Haset Sali","Lib46",14269,27.9,"Psephos"
"Melbourne Ports","Frank Crean","ALP",33007,64.1,"John Walsh","Lib46",18486,35.9,"Psephos"
"Mitchell","Alfred Ashley-Brown","ALP",37525,48.5,"Alan Cadman","Lib46",39847,51.5,"Psephos"
"Moore","Rodney Boland","ALP",22575,39.51,"John Hyde","Lib46",34565,60.49,"exact"
"Moreton","William Forgan-Smith","ALP",24756,43.7,"James Killen","Lib46",31893,56.3,"Psephos"
"Murray","Dennis Dodd","ALP",15998,29.8,"Bruce Lloyd","CP",37686,70.2,"Psephos"
"Newcastle","Charles Jones","ALP",39500,71.7,"Arthur Thomas","Lib46",15591,28.3,"Psephos"
"New England","William Bischoff","ALP",24153,41.9,"Ian Sinclair","CP",33492,58.1,"Psephos"
"Northern Territory","John Waters","ALP",13946,47.33,"Sam Calder","CP",15522,52.67,"exact"
"North Sydney","Patrick Healy","ALP",21772,41.1,"Bill Graham","Lib46",31201,58.9,"Psephos"
"Oxley","Bill Hayden","ALP",40206,58.3,"Allan Whybird","Lib46",28758,41.7,"Psephos"
"Parramatta","Barry Wilde","ALP",33501,48.67,"Philip Ruddock","Lib46",35330,51.33,"exact"
"Paterson","Noel Unicomb","ALP",26660,49.74,"Frank O'Keefe","CP",26935,50.26,"exact"
"Perth","Joe Berinson","ALP",34776,58.2,"Derrick Tomlinson","Lib46",24976,41.8,"Psephos"
"Petrie","Denis Murphy","ALP",32121,45.05,"John Hodges","Lib46",39183,54.95,"exact"
"Phillip","Joe Riordan","ALP",32402,54.5,"John Cunningham","Lib46",27051,45.5,"Psephos"
"Port Adelaide","Mick Young","ALP",39825,70.9,"Clarence Hinson","Lib46",16345,29.1,"Psephos"
"Prospect","Dick Klugman","ALP",45103,69,"Donald MacDonald","Lib46",20263,31,"Psephos"
"Reid","Tom Uren","ALP",39033,69.3,"Thomas Faulkner","Lib46",17291,30.7,"Psephos"
"Richmond","Frederick Braid","ALP",20472,36.3,"Doug Anthony","CP",35924,63.7,"Psephos"
"Riverina","Al Grassby","ALP",23897,49.18,"John Sullivan","CP",24689,50.82,"exact"
"Robertson","Barry Cohen","ALP",43706,58.6,"Hugh Chalmers","Lib46",30878,41.4,"Psephos"
"Ryan","James Herlihy","ALP",27584,40.4,"Nigel Drury","Lib46",40693,59.6,"Psephos"
"Scullin","Harry Jenkins","ALP",37531,68.1,"Alan Stanley","Lib46",17580,31.9,"Psephos"
"Shortland","Peter Morris","ALP",38681,66.3,"David Morris","Lib46",19662,33.7,"Psephos"
"St George","Bill Morrison","ALP",31586,55.8,"Brian Booth","Lib46",25019,44.2,"Psephos"
"Stirling","Graham Reece","ALP",26923,49.99,"Ian Viner","Lib46",26935,50.01,"exact"
"Sturt","Graham Maguire","ALP",30487,48.02,"Ian Wilson","Lib46",33005,51.98,"exact"
"Swan","Adrian Bennett","ALP",34682,55.6,"Geoffrey Hale","Lib46",27695,44.4,"Psephos"
"Sydney","Jim Cope","ALP",34983,78,"Janis Wallace","Lib46",9867,22,"Psephos"
"Tangney","John Dawkins","ALP",29578,53.1,"Peter Whyte","Lib46",26124,46.9,"Psephos"
"Wakefield","Peter Dewhurst","ALP",14977,32.5,"Bert Kelly","Lib46",31105,67.5,"Psephos"
"Wannon","Edward Garth","ALP",19787,38.6,"Malcolm Fraser","Lib46",31475,61.4,"Psephos"
"Warringah","Allan Hughes","ALP",21117,37.7,"Michael MacKellar","Lib46",34895,62.3,"Psephos"
"Wentworth","Paul Hawcroft","ALP",18060,36.4,"Robert Ellicott","Lib46",31556,63.6,"Psephos"
"Werriwa","Gough Whitlam","ALP",47465,69.9,"Michael Darby","Lib46",20439,30.1,"Psephos"
"Wide Bay","Brendan Hansen","ALP",26459,46.48,"Clarrie Millar","CP",30463,53.52,"exact"
"Wills","Gordon Bryant","ALP",33858,63.4,"John Bales","Lib46",19545,36.6,"Psephos"
"Wilmot","Gil Duthie","ALP",24248,52.7,"Max Burr","Lib46",21764,47.3,"exact"
"Wimmera","Brian Brooke","ALP",18031,38.39,"Robert King","CP",28939,61.61,"exact"
