"Seat","Candidate1","Party1","Votes1","Vote_perc1","Candidate2","Party2","Votes2","Vote_perc2","Est"
"Adelaide","Joe Sexton","ALP",18543,57.2,"Karl-Juergen Liebetrau","Lib46",13875,42.8,"Psephos"
"Angas","Robert Nielsen","ALP",15672,37.8,"Alec Downer","Lib46",25788,62.2,"Psephos"
"Australian Capital Territory","Jim Fraser","ALP",17984,54.94,"Elizabeth Calvert","Lib46",14748,45.06,"exact"
"Balaclava","Ephraim Briskman","ALP",12453,31.2,"Ray Whittorn","Lib46",27462,68.8,"Psephos"
"Ballaarat","Allan Williams","ALP",16267,37.8,"Dudley Erwin","Lib46",26764,62.2,"exact"
"Banks","Dominic Costa","ALP",35858,60.7,"Milovan Kovjanic","Lib46",23216,39.3,"Psephos"
"Barker","Norman Alcock","ALP",19685,42.1,"Jim Forbes","Lib46",27073,57.9,"Psephos"
"Barton","Len Reynolds","ALP",23201,50.67,"Jack Manning","Lib46",22590,49.33,"exact"
"Bass","Lance Barnard","ALP",21571,59.4,"James Wardlaw","Lib46",14744,40.6,"Psephos"
"Batman","Sam Benson","ALP",20682,50.86,"Bruce Skeggs","Lib46",19979,49.14,"exact"
"Bendigo","Noel Beaton","ALP",23266,52.6,"Fred Grimwade","Lib46",20965,47.4,"Psephos"
"Bennelong","William Baird","ALP",20069,38.5,"John Cramer","Lib46",32058,61.5,"Psephos"
"Blaxland","Jim Harrison","ALP",28510,63.1,"Terence Morrish","Lib46",16672,36.9,"Psephos"
"Bonython","Martin Nicholls","ALP",49736,77.4,"Edward Timlin","DLP",14523,22.6,"Psephos"
"Boothby","Ronald Basten","ALP",17562,41.5,"Sir John McLeay","Lib46",24755,58.5,"Psephos"
"Bowman","Jack Comber","ALP",22923,48.56,"Wylie Gibbs","Lib46",24280,51.44,"exact"
"Braddon","Ron Davies","ALP",21204,58.6,"Paul Fenton","Lib46",14980,41.4,"Psephos"
"Bradfield","Lawrence McCulloch","ALP",9657,18,"Harry Turner","Lib46",43994,82,"Psephos"
"Brisbane","Manfred Cross","ALP",19117,54.8,"Leith Sinclair","Lib46",15768,45.2,"Psephos"
"Bruce","Barry Jones","ALP",40163,42.64,"Billy Snedden","Lib46",54026,57.36,"exact"
"Calare","Leroy Serisier","ALP",15526,38.9,"John England","CP",24386,61.1,"Psephos"
"Canning","Neil McNeill","Lib46",18686,47.77,"John Hallett","CP",20434,52.23,"exact"
"Capricornia","George Gray","ALP",21930,57.7,"Maurice South","Lib46",16077,42.3,"Psephos"
"Chisholm","John Button","ALP",12275,30.5,"Sir Wilfrid Kent Hughes","Lib46",27972,69.5,"Psephos"
"Corangamite","Fred Black","ALP",13926,30.4,"Dan Mackinnon","Lib46",31884,69.6,"Psephos"
"Corio","Bob Hawke","ALP",22456,46.66,"Hubert Opperman","Lib46",25666,53.34,"exact"
"Cowper","Frank McGuren","ALP",18237,47.01,"Ian Robinson","CP",20556,52.99,"exact"
"Cunningham","Rex Connor","ALP",33604,61.5,"Jack Hough","Lib46",21037,38.5,"Psephos"
"Curtin","Francis Dwyer","DLP",8187,21.2,"Paul Hasluck","Lib46",30431,78.8,"Psephos"
"Dalley","William O'Connor","ALP",24553,72.92,"Peter Keogh","DLP",9118,27.08,"exact"
"Darebin","Frank Courtnay","ALP",29513,57.1,"Peter Coupe","Lib46",22173,42.9,"Psephos"
"Darling","Joe Clark","ALP",23352,67.39,"Frederick Harding","CP",11299,32.61,"exact"
"Darling Downs","Cyril Mitchell","ALP",14856,34.9,"Reginald Swartz","Lib46",27712,65.1,"Psephos"
"Dawson","Doug Everingham","ALP",16337,43.6,"George Shaw","CP",21134,56.4,"Psephos"
"Deakin","Pat Hubbard","ALP",25763,38.4,"Frank Davis","Lib46",41329,61.6,"Psephos"
"Denison","Donald Finlay","ALP",14433,42.6,"Athol Townley","Lib46",19448,57.4,"Psephos"
"East Sydney","Len Devine","ALP",21458,66.4,"William Foster","Lib46",10859,33.6,"Psephos"
"Eden-Monaro","Allan Fraser","ALP",21515,52.7,"Dugald Munro","Lib46",19311,47.3,"Psephos"
"Evans","James Monaghan","ALP",16403,43.4,"Malcolm Mackay","Lib46",21393,56.6,"Psephos"
"Farrer","Herb McPherson","ALP",14065,33.5,"David Fairbairn","Lib46",27921,66.5,"Psephos"
"Fawkner","Gwendolyn Noad","ALP",12439,36.4,"Peter Howson","Lib46",21733,63.6,"Psephos"
"Fisher","William Weir","ALP",14220,33.1,"Charles Adermann","CP",28741,66.9,"Psephos"
"Flinders","Nola Barber","ALP",22047,38.7,"Robert Lindsay","Lib46",34921,61.3,"Psephos"
"Forrest","Robert Smithson","ALP",17574,43.8,"Gordon Freeth","Lib46",22550,56.2,"Psephos"
"Franklin","John Parsons","ALP",19834,49.07,"Bill Falkinder","Lib46",20582,50.93,"exact"
"Fremantle","Kim Beazley","ALP",28248,57,"John Waghorne","Lib46",21310,43,"Psephos"
"Gellibrand","Hector McIvor","ALP",26785,68.7,"Harley Price","Lib46",12203,31.3,"Psephos"
"Gippsland","Sydney Evans","ALP",14085,32,"Peter Nixon","CP",29930,68,"Psephos"
"Grayndler","Fred Daly","ALP",21824,66.9,"Robert Leech","Lib46",10798,33.1,"Psephos"
"Grey","Jack Mortimer","ALP",24497,54.8,"Vern Dyason","Lib46",20206,45.2,"Psephos"
"Griffith","Wilfred Coutts","ALP",21741,55.8,"Keith Grant","Lib46",17222,44.2,"Psephos"
"Gwydir","Kenneth Green","ALP",18373,44.98,"Ian Allan","CP",22477,55.02,"exact"
"Henty","George Taylor","ALP",19019,40.7,"Max Fox","Lib46",27710,59.3,"Psephos"
"Herbert","Ted Harding","ALP",24132,53.22,"Roy Pope","Lib46",21208,46.78,"exact"
"Higgins","Roger Kirby","ALP",11354,29.9,"Harold Holt","Lib46",26619,70.1,"Psephos"
"Higinbotham","Reginald Butler","ALP",23061,39.2,"Don Chipp","Lib46",35767,60.8,"Psephos"
"Hindmarsh","Clyde Cameron","ALP",33975,71.9,"Richard Mills","DLP",13281,28.1,"exact"
"Hughes","Les Johnson","ALP",36158,52.7,"William Cover","Lib46",32453,47.3,"Psephos"
"Hume","Arthur Fuller","ALP",19136,49.22,"John Pettitt","CP",19746,50.78,"exact"
"Hunter","Bert James","ALP",35059,77.6,"John Wassell","Lib46",10120,22.4,"Psephos"
"Indi","Mervyn Huggins","ALP",11991,28,"Mac Holten","CP",30833,72,"Psephos"
"Isaacs","Paul Court","ALP",14507,40.91,"William Haworth","Lib46",20953,59.09,"exact"
"Kalgoorlie","Fred Collard","ALP",16515,53.4,"Peter Browne","Lib46",14412,46.6,"Psephos"
"Kennedy","Bill Riordan","ALP",21908,63.5,"Keith Siemon","CP",12592,36.5,"Psephos"
"Kingsford-Smith","Dan Curtin","ALP",25649,58.4,"Sidney Pitkethly","Lib46",18271,41.6,"Psephos"
"Kingston","Pat Galvin","ALP",33144,54.5,"Kay Brownbill","Lib46",27671,45.5,"Psephos"
"Kooyong","Robert White","ALP",12238,25.9,"Sir Robert Menzies","Lib46",35014,74.1,"Psephos"
"Lalor","Reg Pollard","ALP",51711,57,"Bernard Treseder","Lib46",39010,43,"Psephos"
"Lang","Frank Stewart","ALP",25793,58.6,"Russell Carter","Lib46",18223,41.4,"Psephos"
"La Trobe","Moss Cass","ALP",31140,43.25,"John Jess","Lib46",40866,56.75,"exact"
"Lawson","John Canobi","ALP",17037,43,"Laurie Failes","CP",22585,57,"Psephos"
"Leichhardt","Bill Fulton","ALP",25116,58.5,"Robert Norman","CP",17818,41.5,"Psephos"
"Lilley","Don Cameron","ALP",20902,46.46,"Kevin Cairns","Lib46",24083,53.54,"exact"
"Lowe","John Holland","ALP",15815,40.5,"William McMahon","Lib46",23235,59.5,"Psephos"
"Lyne","John Allan","ALP",15615,37.1,"Philip Lucock","CP",26474,62.9,"Psephos"
"Macarthur","Don Nilon","ALP",24564,42.3,"Jeff Bate","Lib46",33507,57.7,"Psephos"
"Mackellar","Mabel Elliott","ALP",20620,33.9,"William Wentworth","Lib46",40206,66.1,"Psephos"
"Macquarie","Tony Luchetti","ALP",25649,57.62,"John Heesh","Lib46",18868,42.38,"exact"
"Mallee","Maurice Hinton","ALP",11279,28.7,"Winton Turnbull","CP",28019,71.3,"Psephos"
"Maranoa","Trevor Alexander","ALP",16197,43,"Wilfred Brimblecombe","CP",21471,57,"Psephos"
"Maribyrnong","Neil Armour","ALP",19205,44.85,"Philip Stokes","Lib46",23617,55.15,"exact"
"McMillan","Eric Kent","ALP",17878,39.64,"Alexander Buchanan","Lib46",27221,60.36,"exact"
"McPherson","Gerry Jones","ALP",22161,38.5,"Charles Barnes","CP",35399,61.5,"Psephos"
"Melbourne","Arthur Calwell","ALP",17882,59.5,"Charles Hider","Lib46",12172,40.5,"Psephos"
"Melbourne Ports","Frank Crean","ALP",21638,66.5,"James Pond","Lib46",10900,33.5,"Psephos"
"Mitchell","John Armitage","ALP",37290,46.9,"Les Irwin","Lib46",42226,53.1,"exact"
"Moore","Donald Maisey","CP",21847,57.75,"Hugh Halbert","Lib46",15985,42.25,"exact"
"Moreton","John O'Donnell","ALP",26080,44.99,"James Killen","Lib46",31893,55.01,"exact"
"Murray","Neil Frankland","ALP",10907,24,"John McEwen","CP",34539,76,"Psephos"
"Newcastle","Charles Jones","ALP",21870,59.9,"Eric Cupit","Lib46",14641,40.1,"Psephos"
"New England","Donald White","ALP",17185,42.7,"Ian Sinclair","CP",23062,57.3,"Psephos"
"North Sydney","Maurice Isaacs","ALP",14115,37.2,"William Jack","Lib46",23829,62.8,"Psephos"
"Oxley","Bill Hayden","ALP",25498,58.3,"Arthur Chresby","Lib46",18238,41.7,"Psephos"
"Parkes","Les Haylen","ALP",18674,48.29,"Tom Hughes","Lib46",19994,51.71,"exact"
"Parramatta","Maxwell McLaren","ALP",22389,39.6,"Sir Garfield Barwick","Lib46",34150,60.4,"Psephos"
"Paterson","Archibald Jones","ALP",15503,38.57,"Allen Fairhall","Lib46",24695,61.43,"exact"
"Perth","Edward Halse","ALP",12046,41.2,"Fred Chaney","Lib46",17193,58.8,"Psephos"
"Petrie","Reginald O'Brien","ALP",27279,46.54,"Alan Hulme","Lib46",31335,53.46,"exact"
"Phillip","Syd Einfeld","ALP",17929,47.21,"William Aston","Lib46",20048,52.79,"exact"
"Port Adelaide","Fred Birrell","ALP",32297,79.4,"George Basisovs","DLP",8379,20.6,"Psephos"
"Reid","Tom Uren","ALP",33482,60.1,"Thomas Reeves","Lib46",22229,39.9,"Psephos"
"Richmond","Matthew Walsh","ALP",13146,33,"Doug Anthony","CP",26691,67,"Psephos"
"Riverina","Jack Ward","ALP",17409,42.7,"Hugh Roberton","CP",23361,57.3,"Psephos"
"Robertson","Bob Brown","ALP",24976,45.9,"Roger Dean","Lib46",29439,54.1,"Psephos"
"Ryan","Raymond McCreath","ALP",17447,34.3,"Nigel Drury","Lib46",33418,65.7,"Psephos"
"Scullin","Ted Peters","ALP",17730,61.9,"John Harrison","Lib46",10913,38.1,"Psephos"
"Shortland","Charles Griffiths","ALP",34569,64.9,"William Gilchrist","Lib46",18696,35.1,"Psephos"
"St George","Lionel Clay","ALP",19884,47.7,"Leonard Bosman","Lib46",21802,52.3,"Psephos"
"Stirling","Harry Webb","ALP",30638,51.5,"Doug Cash","Lib46",28853,48.5,"Psephos"
"Sturt","Norm Foster","ALP",19150,40.5,"Keith Wilson","Lib46",28134,59.5,"Psephos"
"Swan","Joe Berinson","ALP",23728,47.91,"Richard Cleaver","Lib46",25799,52.09,"exact"
"Wakefield","John Penrose","ALP",16049,38.93,"Bert Kelly","Lib46",25177,61.07,"exact"
"Wannon","Cyril Primmer","ALP",14915,34.4,"Malcolm Fraser","Lib46",28444,65.6,"Psephos"
"Warringah","John Lancaster","ALP",10377,23.9,"John Cockle","Lib46",33040,76.1,"Psephos"
"Watson","Jim Cope","ALP",25860,72.5,"Louis Mamo","Lib46",9809,27.5,"Psephos"
"Wentworth","Nell Simpson","ALP",9366,24.9,"Les Bury","Lib46",28250,75.1,"Psephos"
"Werriwa","Gough Whitlam","ALP",40035,59,"Kevin Byrne","Lib46",27821,41,"Psephos"
"West Sydney","Dan Minogue","ALP",23180,78.1,"William Doherty","DLP",6500,21.9,"Psephos"
"Wide Bay","Brendan Hansen","ALP",23714,57.3,"Albert White","CP",17671,42.7,"Psephos"
"Wills","Gordon Bryant","ALP",20817,55.8,"James Muntz","Lib46",16490,44.2,"Psephos"
"Wilmot","Gil Duthie","ALP",20732,61.1,"Donald Paterson","Lib46",13199,38.9,"Psephos"
"Wimmera","Thomas Windsor","ALP",12013,30.8,"Robert King","CP",26991,69.2,"Psephos"
"Yarra","Jim Cairns","ALP",18443,57.5,"Anthony Hearder","Lib46",13632,42.5,"Psephos"
