"Seat","Candidate1","Party1","Votes1","Vote_perc1","Candidate2","Party2","Votes2","Vote_perc2","Est"
"Adelaide","Chris Hurford","ALP",41609,59.29,"Barry James","Lib46",28564,40.71,"exact"
"Balaclava","Chris Kennedy","ALP",29346,46.5,"Ian Macphee","Lib46",33767,53.5,"exact"
"Ballarat","John Mildren","ALP",36847,54,"John Ronan","Lib46",31393,46,"exact"
"Banks","John Mountford","ALP",41226,61.12,"Andrew Fairbairn","Lib46",26229,38.88,"exact"
"Barker","Valerie Young","ALP",26233,35.52,"James Porter","Lib46",47630,64.48,"exact"
"Barton","Gary Punch","ALP",32845,52.15,"Jim Bradfield","Lib46",30136,47.85,"exact"
"Bass","John McDonald","ALP",23568,44.29,"Kevin Newman","Lib46",29645,55.71,"exact"
"Batman","Brian Howe","ALP",44735,67.21,"Maxwell Playford","Lib46",21828,32.79,"exact"
"Bendigo","John Brumby","ALP",37031,52.75,"John Bourchier","Lib46",33166,47.25,"exact"
"Bennelong","Donald Vickers","ALP",29685,44.3,"John Howard","Lib46",37330,55.7,"exact"
"Berowra","Maurice Marshan","ALP",24425,36.11,"Harry Edwards","Lib46",43209,63.89,"exact"
"Blaxland","Paul Keating","ALP",42982,65.02,"David Brown","Lib46",23123,34.98,"exact"
"Bonython","Neal Blewett","ALP",51646,64.97,"Neville Joyce","Lib46",27848,35.03,"exact"
"Boothby","Bruce Whyatt","ALP",30497,39.38,"Steele Hall","Lib46",46946,60.62,"exact"
"Bowman","Len Keogh","ALP",39475,52.07,"David Jull","Lib46",36332,47.93,"exact"
"Braddon","Lance Fee","ALP",19106,37.54,"Ray Groom","Lib46",31784,62.46,"exact"
"Bradfield","Peter Donovan","ALP",17408,25.31,"David Connolly","Lib46",51367,74.69,"exact"
"Brisbane","Manfred Cross","ALP",35110,56.05,"Richard Magnus","Lib46",27526,43.95,"exact"
"Bruce","Heather O'Connor","ALP",37442,49.27,"Sir Billy Snedden","Lib46",38544,50.73,"exact"
"Burke","Andrew Theophanous","ALP",48924,64.49,"Bernie Finn","Lib46",26940,35.51,"exact"
"Calare","David Simmons","ALP",36761,53.04,"Sandy Mackenzie","NPA",32543,46.96,"exact"
"Canberra","Ros Kelly","ALP",41316,63.57,"Gerard Brennan","Lib46",23674,36.43,"exact"
"Canning","Wendy Fatin","ALP",42612,57.34,"Mel Bungey","Lib46",31702,42.66,"exact"
"Capricornia","Doug Everingham","ALP",40066,59.5,"Robert Simpson","NPA",27268,40.5,"exact"
"Casey","Peter Steedman","ALP",38312,50.67,"Peter Falconer","Lib46",37297,49.33,"exact"
"Chifley","Russ Gorman","ALP",52525,72.36,"Edna Mitchell","Lib46",20061,27.64,"exact"
"Chisholm","Helen Mayer","ALP",36019,52.24,"Graham Harris","Lib46",32926,47.76,"exact"
"Cook","Michael Addison","ALP",35267,49.9,"Don Dobie","Lib46",35415,50.1,"exact"
"Corangamite","Gavan O'Connor","ALP",29231,41.8,"Tony Street","Lib46",40694,58.2,"exact"
"Corio","Gordon Scholes","ALP",45005,62.91,"Kent Henderson","Lib46",26538,37.09,"exact"
"Cowper","Joseph Moran","ALP",37994,47.91,"Ian Robinson","NPA",41305,52.09,"exact"
"Cunningham","Stewart West","ALP",50399,68.59,"Gary Fisher","Lib46",23075,31.41,"exact"
"Curtin","Clive Kittson","ALP",26621,45.28,"Allan Rocher","Lib46",32166,54.72,"exact"
"Darling Downs","Ronald Cullin","ALP",24577,35.56,"Tom McVeigh","NPA",44534,64.44,"exact"
"Dawson","Barbara Hill","ALP",34835,48.94,"Ray Braithwaite","NPA",36349,51.06,"exact"
"Deakin","John Saunderson","ALP",41727,52.12,"Alan Jarman","Lib46",38329,47.88,"exact"
"Denison","Kathy Smith","ALP",23293,44.54,"Michael Hodgman","Lib46",29004,55.46,"exact"
"Diamond Valley","Peter Staples","ALP",39907,50.44,"Neil Brown","Lib46",39216,49.56,"exact"
"Dundas","Margaret Blaxell","ALP",31649,47.27,"Philip Ruddock","Lib46",35299,52.73,"exact"
"Eden-Monaro","Jim Snow","ALP",38222,51.57,"Murray Sainsbury","Lib46",35890,48.43,"exact"
"Fadden","David Beddall","ALP",47193,51.33,"Donald Cameron","Lib46",44749,48.67,"exact"
"Farrer","Noel Diffey","ALP",28493,40.8,"Wal Fife","Lib46",41347,59.2,"exact"
"Fisher","Sol Theo","ALP",39555,42.88,"Evan Adermann","NPA",52691,57.12,"exact"
"Flinders","Bob Chynoweth","ALP",41206,50.99,"Peter Reith","Lib46",39613,49.01,"exact"
"Forrest","David Churches","ALP",31885,48.59,"Peter Drummond","Lib46",33735,51.41,"exact"
"Franklin","Fran Bladel","ALP",25557,46.44,"Bruce Goodluck","Lib46",29470,53.56,"exact"
"Fraser","Ken Fry","ALP",42928,67.45,"Liz Grant","Lib46",20713,32.55,"exact"
"Fremantle","John Dawkins","ALP",45209,66.08,"Maxwell Adams","Lib46",23205,33.92,"exact"
"Gellibrand","Ralph Willis","ALP",49170,72.98,"Peter Goudge","Lib46",18203,27.02,"exact"
"Gippsland","Anthony Peterson","ALP",27351,40.33,"Peter McGauran","NPA",40465,59.67,"exact"
"Grayndler","Leo McLeay","ALP",37208,63.18,"Edward James","Lib46",21684,36.82,"exact"
"Grey","Lloyd O'Neil","ALP",38044,55.05,"Joy Baluch","Lib46",31069,44.95,"exact"
"Griffith","Ben Humphreys","ALP",36277,64.45,"Graham Young","Lib46",20012,35.55,"exact"
"Gwydir","Robert Hamilton","ALP",28070,41.2,"Ralph Hunt","NPA",40065,58.8,"exact"
"Hawker","Ralph Jacobi","ALP",39294,56.09,"Bruce Harry","Lib46",30760,43.91,"exact"
"Henty","Joan Child","ALP",38005,57.36,"Craig Baxter","Lib46",28250,42.64,"exact"
"Herbert","Ted Lindsay","ALP",36776,52.24,"Gordon Dean","Lib46",33626,47.76,"exact"
"Higgins","Jennifer Bundy","ALP",26478,41.53,"Roger Shipton","Lib46",37275,58.47,"exact"
"Hindmarsh","John Scott","ALP",42508,57.83,"Barry Lewis","Lib46",30999,42.17,"exact"
"Holt","Michael Duffy","ALP",51451,61.89,"Joseph Moldrich","Lib46",31681,38.11,"exact"
"Hotham","Lewis Kent","ALP",45447,59.47,"Peter Bolitho","Lib46",30975,40.53,"exact"
"Hughes","Les Johnson","ALP",51454,67.97,"Peter Somerville","Lib46",24251,32.03,"exact"
"Hume","Marie McCormick","ALP",28537,42.7,"Stephen Lusher","NPA",38294,57.3,"exact"
"Hunter","Bob Brown","ALP",56748,71.24,"James White","Lib46",22915,28.76,"exact"
"Indi","Carole Marple","ALP",26587,39.35,"Ewen Cameron","Lib46",40975,60.65,"exact"
"Isaacs","David Charles","ALP",41059,58.42,"Ann Dunkley","Lib46",29224,41.58,"exact"
"Kalgoorlie","Graeme Campbell","ALP",36802,59.8,"Douglas Krepp","Lib46",24744,40.2,"exact"
"Kennedy","Brigid Walsh","ALP",23401,40.32,"Bob Katter","NPA",34634,59.68,"exact"
"Kingsford-Smith","Lionel Bowen","ALP",46769,72.95,"Collin O'Neil","Lib46",17345,27.05,"exact"
"Kingston","Gordon Bilney","ALP",42568,53.13,"Grant Chapman","Lib46",37546,46.87,"exact"
"Kooyong","Avis Meddings","ALP",26275,40.77,"Andrew Peacock","Lib46",38172,59.23,"exact"
"Lalor","Barry Jones","ALP",58325,71.27,"John Fahey","Lib46",23516,28.73,"exact"
"La Trobe","Peter Milton","ALP",44071,57.51,"Peter Nugent","Lib46",32562,42.49,"exact"
"Leichhardt","John Gayler","ALP",35071,52.07,"David Thomson","NPA",32285,47.93,"exact"
"Lilley","Elaine Darling","ALP",35575,57.61,"Jim Anderson","Lib46",26178,42.39,"exact"
"Lowe","Michael Maher","ALP",36059,55.6,"Philip Taylor","Lib46",28795,44.4,"exact"
"Lyne","Francis Murray","ALP",34518,43.38,"Bruce Cowan","NPA",45050,56.62,"exact"
"Macarthur","Colin Hollis","ALP",42041,52.13,"Michael Baume","Lib46",38613,47.87,"exact"
"Mackellar","Keith Jackson","ALP",26991,41.05,"Jim Carlton","Lib46",38756,58.95,"exact"
"Macquarie","Ross Free","ALP",53708,61.16,"Stephen Screech","Lib46",34103,38.84,"exact"
"Mallee","Graeme Jarry","ALP",17624,27.31,"Peter Fisher","NPA",46901,72.69,"exact"
"Maranoa","Warren Keats","ALP",20372,32.36,"Ian Cameron","NPA",42576,67.64,"exact"
"Maribyrnong","Alan Griffiths","ALP",47348,63.95,"Geoffrey Ireland","Lib46",26692,36.05,"exact"
"McMillan","Barry Cunningham","ALP",37433,53.08,"Greg Ross","Lib46",33095,46.92,"exact"
"McPherson","Darryl McArthur","ALP",34370,39.66,"Peter White","Lib46",52282,60.34,"exact"
"Melbourne","Gerry Hand","ALP",41758,68.72,"Robert Fallshaw","Lib46",19005,31.28,"exact"
"Melbourne Ports","Clyde Holding","ALP",38860,63.62,"Ronald Flood","Lib46",22223,36.38,"exact"
"Mitchell","Arthur Llewellyn","ALP",32982,39.48,"Alan Cadman","Lib46",50563,60.52,"exact"
"Moore","Allen Blanchard","ALP",44576,56.69,"John Hyde","Lib46",34053,43.31,"exact"
"Moreton","Barbara Robson","ALP",30706,48.41,"Sir James Killen","Lib46",32728,51.59,"exact"
"Murray","Mark Anderson","ALP",20037,29.33,"Bruce Lloyd","NPA",48282,70.67,"exact"
"Newcastle","Allan Morris","ALP",42780,65.4,"Stan Hayward","Lib46",22635,34.6,"exact"
"New England","Lawrence Daly","ALP",31685,47.32,"Ian Sinclair","NPA",35276,52.68,"exact"
"Northern Territory","John Reeves","ALP",23132,51.87,"Grant Tambling","CLP",21461,48.13,"exact"
"North Sydney","Kirk McKenzie","ALP",24584,39.87,"John Spender","Lib46",37080,60.13,"exact"
"O'Connor","Kim Chance","ALP",22625,37.36,"Wilson Tuckey","Lib46",37935,62.64,"exact"
"Oxley","Bill Hayden","ALP",51662,69.3,"Les Woodforth","Lib46",22888,30.7,"exact"
"Parramatta","John Brown","ALP",44494,65.98,"James Harker-Mortlock","Lib46",22945,34.02,"exact"
"Paterson","Michael Williams","ALP",30201,44.1,"Frank O'Keefe","NPA",38287,55.9,"exact"
"Perth","Ric Charlesworth","ALP",35056,56.19,"Ross McLean","Lib46",27332,43.81,"exact"
"Petrie","Deane Wells","ALP",35800,50.51,"John Hodges","Lib46",35080,49.49,"exact"
"Phillip","Jeannette McHugh","ALP",31296,51.99,"Jack Birney","Lib46",28900,48.01,"exact"
"Port Adelaide","Mick Young","ALP",50779,70.63,"Robin Rickards","Lib46",21118,29.37,"exact"
"Prospect","Dick Klugman","ALP",47945,64.67,"Alan Byers","Lib46",26197,35.33,"exact"
"Reid","Tom Uren","ALP",39640,64.64,"Yvonne Maio","Lib46",21686,35.36,"exact"
"Richmond","Terence McGee","ALP",35196,43.69,"Doug Anthony","NPA",45361,56.31,"exact"
"Riverina","Ronald Adams","ALP",33238,49.57,"Noel Hicks","NPA",33820,50.43,"exact"
"Robertson","Barry Cohen","ALP",49246,58.86,"Bev Austin","Lib46",34423,41.14,"exact"
"Ryan","Michael Foley","ALP",30269,42.43,"John Moore","Lib46",41064,57.57,"exact"
"Scullin","Harry Jenkins","ALP",55778,72.21,"Katheryne Savage","Lib46",21467,27.79,"exact"
"Shortland","Peter Morris","ALP",55379,70.46,"Peter Wilson","Lib46",23218,29.54,"exact"
"St George","Bill Morrison","ALP",38797,59.69,"George James","Lib46",26199,40.31,"exact"
"Stirling","Ron Edwards","ALP",37385,56.9,"Ian Viner","Lib46",28319,43.1,"exact"
"Sturt","Sergio Ubaldi","ALP",36391,48.03,"Ian Wilson","Lib46",39379,51.97,"exact"
"Swan","Kim Beazley","ALP",40589,65.45,"Jeffrey Roberts","Lib46",21427,34.55,"exact"
"Sydney","Peter Baldwin","ALP",45155,75.22,"Ron Cibas","Lib46",14874,24.78,"exact"
"Tangney","George Gear","ALP",37399,52.93,"Peter Shack","Lib46",33253,47.07,"exact"
"Wakefield","Suzanne Owens","ALP",26303,36.09,"Neil Andrew","Lib46",46588,63.91,"exact"
"Wannon","Nancy Genardini","ALP",26658,40.66,"Malcolm Fraser","Lib46",38909,59.34,"exact"
"Warringah","John Coombs","ALP",25097,39.86,"Michael MacKellar","Lib46",37871,60.14,"exact"
"Wentworth","Max Pearce","ALP",23413,40.31,"Peter Coleman","Lib46",34675,59.69,"exact"
"Werriwa","John Kerin","ALP",58509,70.27,"Marie Rutledge","Lib46",24751,29.73,"exact"
"Wide Bay","James Finemore","ALP",34895,48.13,"Clarrie Millar","NPA",37602,51.87,"exact"
"Wills","Bob Hawke","ALP",50140,74.41,"Mark Hoysted","Lib46",17241,25.59,"exact"
"Wilmot","David Llewellyn","ALP",23864,44.74,"Max Burr","Lib46",29477,55.26,"exact"
