"Seat","Candidate1","Party1","Votes1","Vote_perc1","Candidate2","Party2","Votes2","Vote_perc2","Est"
"Adelaide","Kenneth Bardolph","ALP",26977,45.96,"Fred Stacey","UAP31",31721,54.04,"exact"
"Balaclava","Phillip Nash","ALP",20714,32.9,"Thomas White","UAP31",42247,67.1,"Psephos"
"Ballaarat","Reg Pollard","ALP",24784,50.61,"Stanley Walker","UAP31",24186,49.39,"exact"
"Barker","Charles Lloyd","Ind",20375,36.43,"Archie Cameron","CP",35559,63.57,"exact"
"Barton","John Donovan","ALP",27663,48.16,"Albert Lane","UAP31",29780,51.84,"exact"
"Bass","Claude Barnard","ALP",13905,55.7,"Allan Guy","UAP31",11059,44.3,"Psephos"
"Batman","Frank Brennan","ALP",36439,63.43,"Albert Peters","UAP31",21013,36.57,"exact"
"Bendigo","Ernest Duus","ALP",20563,43.14,"George Rankin","CP",27100,56.86,"exact"
"Boothby","Kevin McEntee","ALP",24294,40.2,"John Price","UAP31",36140,59.8,"Psephos"
"Bourke","Maurice Blackburn","ALP",38793,68.11,"Richard Griffiths","UAP31",18162,31.89,"exact"
"Brisbane","George Lawson","ALP",30010,53.6,"Graham Hart","UAP31",25978,46.4,"Psephos"
"Calare","William Folster","ALP",24114,47.76,"Harold Thorby","CP",26378,52.24,"exact"
"Capricornia","Frank Forde","ALP",30347,56.2,"Edwin Hiskens","CP",23652,43.8,"Psephos"
"Cook","Tom Sheehan","ALP",38201,70.32,"Cyril Glassop","Ind ALP",16125,29.68,"exact"
"Corangamite","Arthur Haywood","ALP",22096,46.14,"Geoffrey Street","UAP31",25788,53.86,"exact"
"Corio","Leo Carmody","ALP",22170,43.46,"Richard Casey","UAP31",28845,56.54,"exact"
"Cowper","Abraham Brindley","ALP",18646,36.82,"Earle Page","CP",32000,63.18,"exact"
"Dalley","Sol Rosevear","ALP",32646,57.67,"Arthur Brough","UAP31",23961,42.33,"exact"
"Darling","Joe Clark","ALP",32515,66.23,"Alexander Huie","Ind",16581,33.77,"exact"
"Darling Downs","Leslie Bailey","ALP",18580,36.7,"Arthur Fadden","CP",32048,63.3,"Psephos"
"Darwin","Edwin Brown","ALP",12270,47.51,"George Bell","UAP31",13557,52.49,"exact"
"Deakin","Paul Jones","ALP",20512,40.26,"William Hutchinson","UAP31",30442,59.74,"exact"
"Denison","Gerald Mahoney","ALP",13218,53.88,"Sir John McPhee","UAP31",11316,46.12,"exact"
"East Sydney","Eddie Ward","ALP",29501,58,"Arthur Butterell","UAP31",21363,42,"Psephos"
"Eden-Monaro","Claude Allen","ALP",21299,42.45,"John Perkins","UAP31",28872,57.55,"exact"
"Fawkner","William Doran","ALP",22689,37.6,"Harold Holt","UAP31",37653,62.4,"Psephos"
"Flinders","Reginald Skeat","CP",19570,38.3,"James Fairbairn","UAP31",31526,61.7,"Psephos"
"Forrest","Ernest Hoar","ALP",19153,45.55,"John Prowse","CP",22894,54.45,"exact"
"Franklin","Charles Frost","ALP",15348,57.96,"Hugh Warner","UAP31",11133,42.04,"exact"
"Fremantle","John Curtin","ALP",30594,57.2,"Eric Isaachsen","UAP31",22892,42.8,"Psephos"
"Gippsland","James McKenna","ALP",18483,38.87,"Thomas Paterson","CP",29069,61.13,"exact"
"Grey","James Marner","ALP",19913,42.9,"Oliver Badman","CP",26504,57.1,"Psephos"
"Griffith","Francis Baker","ALP",29026,50.28,"Dugald Clark","UAP31",28702,49.72,"exact"
"Gwydir","William Scully","ALP",27140,52.37,"Ernest Batchelor","CP",24679,47.63,"exact"
"Henty","Sydney Walker","ALP",23639,39.7,"Sir Henry Gullett","UAP31",35906,60.3,"Psephos"
"Herbert","George Martens","ALP",39263,66.36,"James Wilkie","CP",19900,33.64,"exact"
"Hindmarsh","Norman Makin","ALP",43215,70.69,"Harry Hatwell","UAP31",17918,29.31,"exact"
"Hume","Essell Hoad","ALP",23526,45.85,"Thomas Collins","CP",27784,54.15,"exact"
"Indi","William Hartshorne","ALP",19478,38.85,"John McEwen","CP",30660,61.15,"exact"
"Kalgoorlie","Albert Green","ALP",25771,73.62,"Stephen Kellow","UAP31",9235,26.38,"exact"
"Kennedy","Bill Riordan","ALP",31498,66.4,"Alex Kippen","CP",15939,33.6,"Psephos"
"Kooyong","Thomas Brennan","ALP",26379,42.7,"Robert Menzies","UAP31",35399,57.3,"Psephos"
"Lang","Dan Mulcahy","ALP",29646,52.6,"Matthew Calman","UAP31",26715,47.4,"Psephos"
"Lilley","Edmund Taylor","ALP",22327,39.7,"William Jolly","UAP31",33913,60.3,"Psephos"
"Macquarie","Tony Luchetti","ALP",24272,47.91,"John Lawson","UAP31",26392,52.09,"exact"
"Maranoa","Randolph Bedford","ALP",23461,45.67,"James Hunter","CP",27914,54.33,"exact"
"Maribyrnong","Arthur Drakeford","ALP",37973,63.7,"Malcolm Fenton","UAP31",21640,36.3,"Psephos"
"Martin","Stan Taylor","ALP",21901,39.7,"William McCall","UAP31",33265,60.3,"Psephos"
"Moreton","John McCoy","ALP",24271,40.9,"Josiah Francis","UAP31",35071,59.1,"Psephos"
"Newcastle","David Watkins","ALP",44085,79.32,"Hilton Sykes","Ind",11494,20.68,"exact"
"New England","Leigh Cuthbertson","ALP",19196,39.02,"Victor Thompson","CP",29994,60.98,"exact"
"Northern Territory","Robert Toupein","ALP",1211,48.04,"Adair Blain","Ind",1310,51.96,"exact"
"North Sydney","Henry Clayden","ALP",18044,31,"Billy Hughes","UAP31",40164,69,"Psephos"
"Parkes","Karl Guhl","ALP",20217,36.31,"Sir Charles Marr","UAP31",35468,63.69,"exact"
"Parramatta","Albert Rowe","ALP",16893,30.2,"Sir Frederick Stewart","UAP31",39044,69.8,"Psephos"
"Perth","Tom Burke","ALP",21069,39.74,"Walter Nairn","UAP31",31942,60.26,"exact"
"Reid","Joe Gander","ALP",33738,60.27,"Reuben Jenner","UAP31",22239,39.73,"exact"
"Richmond","Roland Green","CP",23112,44.4,"Larry Anthony","CP",28940,55.6,"exact"
"Riverina","William Quirk","ALP",21442,42.8,"Horace Nock","CP",28661,57.2,"exact"
"Robertson","Gordon Cross","ALP",24290,46.86,"Sydney Gardner","UAP31",27544,53.14,"exact"
"Swan","John Steele","ALP",18951,41.88,"Henry Gregory","CP",26299,58.12,"exact"
"Wakefield","Raymond Davis","ALP",18508,36.56,"Charles Hawker","UAP31",32113,63.44,"exact"
"Wannon","Don McLeod","ALP",24175,48.68,"Thomas Scholfield","UAP31",25489,51.32,"exact"
"Warringah","Percy Spender","Ind UAP31",31446,51.9,"Sir Archdale Parkhill","UAP31",29138,48.1,"exact"
"Watson","William Dignam","ALP",26788,46.21,"John Jennings","UAP31",31187,53.79,"exact"
"Wentworth","Thomas Conway","ALP",19499,32.55,"Eric Harrison","UAP31",40398,67.45,"exact"
"Werriwa","Bert Lazzarini","ALP",31188,55.32,"Henry Storey","UAP31",25190,44.68,"exact"
"Wide Bay","Geoffrey Nichols","SC",25446,49.47,"Bernard Corser","CP",25991,50.53,"exact"
"Wilmot","Lancelot Spurr","ALP",10444,44.9,"Joseph Lyons","UAP31",12816,55.1,"Psephos"
"Wimmera","Hugh McClelland","Ind CP",22396,48.09,"Alexander Wilson","CP",24179,51.91,"exact"
"Yarra","James Scullin","ALP",37381,64.03,"Douglas Knight","UAP31",20999,35.97,"exact"
