"Seat","Candidate1","Party1","Votes1","Vote_perc1","Candidate2","Party2","Votes2","Vote_perc2","Est"
"Adelaide","Chris Hurford","ALP",37894,59.97,"Jenni London","Lib46",25290,40.03,"exact"
"Aston","John Saunderson","ALP",31919,56.46,"Rob Llewellyn","Lib46",24612,43.54,"exact"
"Ballarat","John Mildren","ALP",32411,51.51,"John Ronan","Lib46",30505,48.49,"exact"
"Banks","John Mountford","ALP",37908,61.37,"Max Parker","Lib46",23858,38.63,"exact"
"Barker","Jeremy Moore","ALP",23113,37.35,"James Porter","Lib46",38763,62.65,"exact"
"Barton","Gary Punch","ALP",33197,51.2,"Jim Bradfield","Lib46",31635,48.8,"exact"
"Bass","Vicki Buchanan","ALP",23878,45.58,"Warwick Smith","Lib46",28514,54.42,"exact"
"Batman","Brian Howe","ALP",40845,74.74,"Mary Hoysted","Lib46",13807,25.26,"exact"
"Bendigo","John Brumby","ALP",32786,52.01,"Daryl McClure","Lib46",30247,47.99,"exact"
"Bennelong","Margaret Duckett","ALP",25916,41.5,"John Howard","Lib46",36528,58.5,"exact"
"Berowra","Rodney Berry","ALP",21946,35.16,"Harry Edwards","Lib46",40468,64.84,"exact"
"Blaxland","Paul Keating","ALP",37646,66.23,"Bob Young","Lib46",19197,33.77,"exact"
"Bonython","Neal Blewett","ALP",38578,68.89,"Graham Sara","Lib46",17418,31.11,"exact"
"Boothby","Bruce Whyatt","ALP",25292,40.78,"Steele Hall","Lib46",36724,59.22,"exact"
"Bowman","Len Keogh","ALP",31444,55.34,"Leo White","Lib46",25380,44.66,"exact"
"Braddon","Greg Peart","ALP",23541,45.41,"Chris Miles","Lib46",28297,54.59,"exact"
"Bradfield","Matthew Strassberg","ALP",15401,24.55,"David Connolly","Lib46",47333,75.45,"exact"
"Brand","Wendy Fatin","ALP",30420,55.54,"Christopher Boyle","Lib46",24349,44.46,"exact"
"Brisbane","Manfred Cross","ALP",32841,54.35,"Ian Douglas","Lib46",27588,45.65,"exact"
"Bruce","Joan Graystone","ALP",28230,47.9,"Ken Aldred","Lib46",30711,52.1,"exact"
"Burke","Neil O'Keefe","ALP",29836,52.92,"Marisa d'Agostino","Lib46",26546,47.08,"exact"
"Calare","David Simmons","ALP",34509,55.57,"Russ Turner","NPA",27588,44.43,"exact"
"Calwell","Andrew Theophanous","ALP",38474,72.18,"Graham Anderson","Lib46",14830,27.82,"exact"
"Canberra","Ros Kelly","ALP",39946,61.57,"Gary Humphries","Lib46",24931,38.43,"exact"
"Canning","George Gear","ALP",29174,53.82,"Ricky Johnston","Lib46",25031,46.18,"exact"
"Capricornia","Keith Wright","ALP",31925,54.24,"Colin Webber","NPA",26934,45.76,"exact"
"Casey","Peter Steedman","ALP",28193,49.42,"Bob Halverson","Lib46",28854,50.58,"exact"
"Charlton","Bob Brown","ALP",39827,67.3,"Don Harris","Lib46",19354,32.7,"exact"
"Chifley","Roger Price","ALP",35503,69.48,"Ken Jessup","Lib46",15595,30.52,"exact"
"Chisholm","Helen Mayer","ALP",31566,50.15,"Graham Harris","Lib46",31375,49.85,"exact"
"Cook","Peter McIlwaine","ALP",27941,44.61,"Don Dobie","Lib46",34699,55.39,"exact"
"Corangamite","Gavan O'Connor","ALP",28660,46.57,"Stewart McArthur","Lib46",32886,53.43,"exact"
"Corio","Gordon Scholes","ALP",36920,62.39,"Roger Phipps","Lib46",22258,37.61,"exact"
"Cowan","Carolyn Jakobsen","ALP",28849,54,"Jeff Roberts","Lib46",24574,46,"exact"
"Cowper","Joe Moran","ALP",27565,45.9,"Garry Nehl","NPA",32491,54.1,"exact"
"Cunningham","Stewart West","ALP",38750,69.05,"Gayle Mitchell","Lib46",17365,30.95,"exact"
"Curtin","Beth Schultz","ALP",24942,40.62,"Allan Rocher","Lib46",36463,59.38,"exact"
"Dawson","John Bird","ALP",27729,46.19,"Ray Braithwaite","NPA",32306,53.81,"exact"
"Deakin","Richard Johns","ALP",30530,49.27,"Julian Beale","Lib46",31435,50.73,"exact"
"Denison","Kay Spurr","ALP",26437,49.05,"Michael Hodgman","Lib46",27466,50.95,"exact"
"Dobell","Michael Lee","ALP",33159,59.86,"Isaac Shields","Lib46",22235,40.14,"exact"
"Dundas","Margaret Blaxell","ALP",25223,41.13,"Philip Ruddock","Lib46",36099,58.87,"exact"
"Dunkley","Bob Chynoweth","ALP",29296,51.13,"Leonie Clark","Lib46",28003,48.87,"exact"
"Eden-Monaro","Jim Snow","ALP",28808,51.99,"Murray Sainsbury","Lib46",26606,48.01,"exact"
"Fadden","Peter Wilson","ALP",23718,45.29,"David Jull","Lib46",28647,54.71,"exact"
"Fairfax","Peter Shooter","ALP",20564,39.39,"Evan Adermann","NPA",31642,60.61,"exact"
"Farrer","Eric Thomas","ALP",23020,37.05,"Tim Fischer","NPA",39116,62.95,"exact"
"Fisher","Garth Head","ALP",26505,47.7,"Peter Slipper","NPA",29061,52.3,"exact"
"Flinders","Russell Joiner","ALP",27379,48.83,"Peter Reith","Lib46",28694,51.17,"exact"
"Forde","Hamish Linacre","ALP",26229,49.96,"David Watson","Lib46",26272,50.04,"exact"
"Forrest","Peter Holland","ALP",28327,47.59,"Peter Drummond","Lib46",31202,52.41,"exact"
"Fowler","Ted Grace","ALP",35804,70.33,"Ken Wills","Lib46",15104,29.67,"exact"
"Franklin","John Devereux","ALP",22592,44.36,"Bruce Goodluck","Lib46",28338,55.64,"exact"
"Fraser","John Langmore","ALP",43261,62.33,"John McLaren","Lib46",26143,37.67,"exact"
"Fremantle","John Dawkins","ALP",35631,63.04,"Max Adams","Lib46",20889,36.96,"exact"
"Gellibrand","Ralph Willis","ALP",43000,73.35,"Christopher Gowing","Lib46",15624,26.65,"exact"
"Gilmore","Bob Stephens","ALP",28378,48.78,"John Sharp","NPA",29800,51.22,"exact"
"Gippsland","Bill de Vink","ALP",21692,35.71,"Peter McGauran","NPA",39056,64.29,"exact"
"Goldstein","Garry Moore","ALP",27548,43.79,"Ian Macphee","Lib46",35357,56.21,"exact"
"Grayndler","Leo McLeay","ALP",37463,64.9,"John Marsden-Lynch","Lib46",20262,35.1,"exact"
"Greenway","Russ Gorman","ALP",35263,63.84,"Edna Mitchell","Lib46",19975,36.16,"exact"
"Grey","Lloyd O'Neil","ALP",34278,57.06,"Russell Reid","Lib46",25799,42.94,"exact"
"Griffith","Ben Humphreys","ALP",35199,60.27,"Kaylene Low","Lib46",23202,39.73,"exact"
"Groom","Ronald Cullin","ALP",20714,34.09,"Tom McVeigh","NPA",40052,65.91,"exact"
"Gwydir","Pamela Smith","ALP",26547,42.69,"Ralph Hunt","NPA",35634,57.31,"exact"
"Hawker","Ralph Jacobi","ALP",33594,53.38,"Charles Campbell","Lib46",29341,46.62,"exact"
"Henty","Joan Child","ALP",34627,56.7,"Rudi Michelson","Lib46",26441,43.3,"exact"
"Herbert","Ted Lindsay","ALP",31517,53.61,"Vicky Kippin","NPA",27270,46.39,"exact"
"Higgins","Kenneth Penaluna","ALP",23312,37.94,"Roger Shipton","Lib46",38140,62.06,"exact"
"Hindmarsh","John Scott","ALP",34556,56.41,"Barry Lewis","Lib46",26707,43.59,"exact"
"Hinkler","Brian Courtice","ALP",29577,49.81,"Bryan Conquest","NPA",29798,50.19,"exact"
"Holt","Michael Duffy","ALP",32946,62.19,"John Ferwerda","Lib46",20034,37.81,"exact"
"Hotham","Lewis Kent","ALP",34551,58.15,"Michael Heffernan","Lib46",24865,41.85,"exact"
"Hughes","Robert Tickner","ALP",32517,56.48,"Cliff Mason","Lib46",25052,43.52,"exact"
"Hume","Rodney Milliken","ALP",26221,42.35,"Wal Fife","Lib46",35695,57.65,"exact"
"Hunter","Eric Fitzgibbon","ALP",31642,52.36,"Ron Dolton","Lib46",28789,47.64,"exact"
"Indi","Joe Murphy","ALP",23468,37.73,"Ewen Cameron","Lib46",38733,62.27,"exact"
"Isaacs","David Charles","ALP",32681,54.39,"Peter Zablud","Lib46",27407,45.61,"exact"
"Jagajaga","Peter Staples","ALP",31518,56.12,"Frederick Garratt","Lib46",24644,43.88,"exact"
"Kalgoorlie","Graeme Campbell","ALP",30476,56.01,"Douglas Krepp","Lib46",23940,43.99,"exact"
"Kennedy","Brigid Walsh","ALP",26126,44.82,"Bob Katter","NPA",32169,55.18,"exact"
"Kingsford-Smith","Lionel Bowen","ALP",42777,70.91,"Collin O'Neill","Lib46",17551,29.09,"exact"
"Kingston","Gordon Bilney","ALP",32965,57.35,"Richard Noble","Lib46",24514,42.65,"exact"
"Kooyong","Kate Nash","ALP",22933,36.98,"Andrew Peacock","Lib46",39074,63.02,"exact"
"Lalor","Barry Jones","ALP",39569,69.97,"Mark Pallett","Lib46",16982,30.03,"exact"
"La Trobe","Peter Milton","ALP",31370,58.69,"Ted French","Lib46",22077,41.31,"exact"
"Leichhardt","John Gayler","ALP",30726,55.47,"Eda Celledoni","NPA",24662,44.53,"exact"
"Lilley","Elaine Darling","ALP",34085,55.68,"Ian Parminter","Lib46",27127,44.32,"exact"
"Lindsay","Ross Free","ALP",34885,61.55,"Stuart Coppock","Lib46",21790,38.45,"exact"
"Lowe","Michael Maher","ALP",32215,52.22,"Geoffrey Howe","Lib46",29472,47.78,"exact"
"Lyne","Fred May","ALP",25814,43.19,"Bruce Cowan","NPA",33955,56.81,"exact"
"Lyons","David Llewellyn","ALP",24990,48.66,"Max Burr","Lib46",26368,51.34,"exact"
"Macarthur","Stephen Martin","ALP",34920,62.32,"Mark Stanham","Lib46",21115,37.68,"exact"
"Mackellar","Tim Cusack","ALP",23500,39.87,"Jim Carlton","Lib46",35436,60.13,"exact"
"Macquarie","Garry Cronan","ALP",26981,48.61,"Alasdair Webster","Lib46",28529,51.39,"exact"
"Makin","Peter Duncan","ALP",30792,54.4,"Neville Joyce","Lib46",25806,45.6,"exact"
"Mallee","Lindsay Leake","ALP",17687,28.56,"Peter Fisher","NPA",44237,71.44,"exact"
"Maranoa","Dave Summers","ALP",20910,34.5,"Ian Cameron","NPA",39690,65.5,"exact"
"Maribyrnong","Alan Griffiths","ALP",34993,60.37,"Sally Gooch","Lib46",22967,39.63,"exact"
"Mayo","John Quirke","ALP",23436,39.48,"Alexander Downer","Lib46",35922,60.52,"exact"
"McEwen","Peter Cleeland","ALP",28789,52.09,"Brian Dixon","Lib46",26483,47.91,"exact"
"McMillan","Barry Cunningham","ALP",34182,58.05,"John Dwyer","Lib46",24705,41.95,"exact"
"McPherson","Rupe Granrott","ALP",20564,36.47,"Peter White","Lib46",35820,63.53,"exact"
"Melbourne","Gerry Hand","ALP",40461,70.01,"Ian Davis","Lib46",17330,29.99,"exact"
"Melbourne Ports","Clyde Holding","ALP",36690,64.24,"Allan Paull","Lib46",20427,35.76,"exact"
"Menzies","David McKenzie","ALP",24840,44.27,"Neil Brown","Lib46",31264,55.73,"exact"
"Mitchell","Edward Mason","ALP",16273,29.22,"Alan Cadman","Lib46",39411,70.78,"exact"
"Moncrieff","Athol Paterson","ALP",21011,40.14,"Kathy Martin","Lib46",31332,59.86,"exact"
"Moore","Allen Blanchard","ALP",29672,55.12,"Rita Waters","Lib46",24164,44.88,"exact"
"Moreton","Michael Kinnane","ALP",28419,46.74,"Donald Cameron","Lib46",32381,53.26,"exact"
"Murray","Mark Anderson","ALP",16433,26.87,"Bruce Lloyd","NPA",44734,73.13,"exact"
"Newcastle","Allan Morris","ALP",38283,64.49,"Ashley Saunders","Lib46",21076,35.51,"exact"
"New England","Joe Horan","ALP",29562,45.44,"Ian Sinclair","NPA",35494,54.56,"exact"
"Northern Territory","John Reeves","ALP",27194,48.61,"Paul Everingham","CLP",28747,51.39,"exact"
"North Sydney","Philip Kelso","ALP",23666,39,"John Spender","Lib46",37020,61,"exact"
"O'Connor","Kim Chance","ALP",19204,30.8,"Wilson Tuckey","Lib46",43140,69.2,"exact"
"Oxley","Bill Hayden","ALP",34903,63.03,"Charles Groves","NPA",20474,36.97,"exact"
"Page","Brian Morris","ALP",26356,44.9,"Ian Robinson","NPA",32341,55.1,"exact"
"Parkes","Jim Curran","ALP",27051,43.88,"Michael Cobb","NPA",34590,56.12,"exact"
"Parramatta","John Brown","ALP",37307,61.66,"Charles Stanley","Lib46",23201,38.34,"exact"
"Perth","Ric Charlesworth","ALP",33523,56.26,"Joan Walters","Lib46",26066,43.74,"exact"
"Petrie","Deane Wells","ALP",30339,49.37,"John Hodges","Lib46",31115,50.63,"exact"
"Phillip","Jeannette McHugh","ALP",34163,54.24,"Peter Bardos","Lib46",28817,45.76,"exact"
"Port Adelaide","Mick Young","ALP",40855,67.83,"Thomas Ireland","Lib46",19375,32.17,"exact"
"Prospect","Dick Klugman","ALP",40474,69.41,"Adrian Burke","Lib46",17841,30.59,"exact"
"Rankin","David Beddall","ALP",25807,50.6,"Cec Jamieson","NPA",25199,49.4,"exact"
"Reid","Tom Uren","ALP",39947,67.26,"Mary-Ruth Kain","Lib46",19445,32.74,"exact"
"Richmond","Klaas Woldring","ALP",23930,42.85,"Charles Blunt","NPA",31917,57.15,"exact"
"Riverina-Darling","Ron Adams","ALP",27146,45.4,"Noel Hicks","NPA",32642,54.6,"exact"
"Robertson","Barry Cohen","ALP",34073,58.58,"Peter Jansen","Lib46",24091,41.42,"exact"
"Ryan","Mike Foley","ALP",24053,39.63,"John Moore","Lib46",36641,60.37,"exact"
"Scullin","Harry Jenkins","ALP",39606,77.63,"Pamela Philpot","Lib46",11416,22.37,"exact"
"Shortland","Peter Morris","ALP",40005,63.12,"Milton Caine","Lib46",23370,36.88,"exact"
"St George","Stephen Dubois","ALP",34560,56.52,"Bob Gemmell","Lib46",26587,43.48,"exact"
"Stirling","Ron Edwards","ALP",31380,52.45,"Greg Hancock","Lib46",28446,47.55,"exact"
"Streeton","Tony Lamb","ALP",29626,53.34,"Russell Broadbent","Lib46",25920,46.66,"exact"
"Sturt","Jim Gale","ALP",27146,43.96,"Ian Wilson","Lib46",34599,56.04,"exact"
"Swan","Kim Beazley","ALP",34044,56.97,"Frank Hayes","Lib46",25714,43.03,"exact"
"Sydney","Peter Baldwin","ALP",41590,73.37,"James Harker-Mortlock","Lib46",15095,26.63,"exact"
"Tangney","David Dale","ALP",24089,42.24,"Peter Shack","Lib46",32934,57.76,"exact"
"Throsby","Colin Hollis","ALP",33989,61.65,"Wendy Stubbs","Lib46",21139,38.35,"exact"
"Wakefield","Suzanne Owens","ALP",22997,37.07,"Neil Andrew","Lib46",39047,62.93,"exact"
"Wannon","Nancy Genardini","ALP",21755,34.56,"David Hawker","Lib46",41198,65.44,"exact"
"Warringah","Brian Green","ALP",25233,39.34,"Michael MacKellar","Lib46",38908,60.66,"exact"
"Wentworth","Stephen Rothman","ALP",25587,43.75,"Peter Coleman","Lib46",32902,56.25,"exact"
"Werriwa","John Kerin","ALP",38737,66.87,"Peter Swiderski","Lib46",19195,33.13,"exact"
"Wide Bay","Fred Hoberg","ALP",21124,38.24,"Clarrie Millar","NPA",34110,61.76,"exact"
"Wills","Bob Hawke","ALP",40986,70.26,"Victor Perton","Lib46",17352,29.74,"exact"
