"Seat","Candidate1","Party1","Votes1","Vote_perc1","Candidate2","Party2","Votes2","Vote_perc2","Est"
"Adelaide","Cyril Chambers","ALP",24734,62.1,"Basil Harford","Lib46",15096,37.9,"Psephos"
"Angas","Albert Strachan","ALP",14560,36.9,"Alec Downer","Lib46",24899,63.1,"Psephos"
"Australian Capital Territory","Sidney Rhodes","ALP",5161,46.19,"Lewis Nott","Ind",6013,53.81,"exact"
"Balaclava","Martin Dunne","ALP",14796,36.13,"Thomas White","Lib46",26157,63.87,"exact"
"Ballaarat","Raymond Hyatt","ALP",19522,49.58,"Alan Pittard","Lib46",19851,50.42,"exact"
"Banks","Dominic Costa","ALP",26192,62.2,"Howard Fletcher","Lib46",15918,37.8,"Psephos"
"Barker","John Klar","ALP",13814,34.2,"Archie Cameron","Lib46",26578,65.8,"Psephos"
"Barton","H. V. Evatt","ALP",21681,53.25,"Nancy Wake","Lib46",19037,46.75,"exact"
"Bass","Claude Barnard","ALP",15312,49.4,"Bruce Kekwick","Lib46",15686,50.6,"exact"
"Batman","Alan Bird","ALP",22662,58.41,"Neil McKay","Lib46",16139,41.59,"exact"
"Bendigo","Percy Clarey","ALP",20258,50.19,"Thomas Grigg","Lib46",20106,49.81,"exact"
"Bennelong","Raymond Watt","ALP",15952,40.36,"John Cramer","Lib46",23568,59.64,"exact"
"Blaxland","Jim Harrison","ALP",21031,53.4,"Jack Lang","LL43",18353,46.6,"Psephos"
"Boothby","Ralph Wells","ALP",15714,38.69,"John McLeay","Lib46",24897,61.31,"exact"
"Bowman","Wilfred Coutts","ALP",17386,46.2,"Malcolm McColm","Lib46",20246,53.8,"Psephos"
"Bradfield","Ken Gee","ALP",9999,25.1,"Billy Hughes","Lib46",29838,74.9,"Psephos"
"Brisbane","George Lawson","ALP",20693,57.3,"James Long","Lib46",15420,42.7,"Psephos"
"Burke","Ted Peters","ALP",27217,69.4,"Alfred Wall","Lib46",12001,30.6,"Psephos"
"Calare","George Gibbons","ALP",16139,42.99,"John Howse","Lib46",21399,57.01,"exact"
"Canning","Len Hamilton","CP",17640,53.46,"William Gillespie","Lib46",15359,46.54,"exact"
"Capricornia","Mick Gardner","ALP",15494,47.7,"Henry Pearce","Lib46",16989,52.3,"Psephos"
"Chisholm","Leo Fennessy","ALP",14454,35.1,"Wilfrid Kent Hughes","Lib46",26726,64.9,"Psephos"
"Cook","Tom Sheehan","ALP",30090,82.1,"Gerald Davis","Lib46",6561,17.9,"Psephos"
"Corangamite","Henry Stacpoole","ALP",15074,40,"Allan McDonald","Lib46",22612,60,"Psephos"
"Corio","John Dedman","ALP",19783,49.7,"Hubert Opperman","Lib46",20018,50.3,"exact"
"Cowper","Louis Jabour","ALP",14134,38.28,"Sir Earle Page","CP",22791,61.72,"exact"
"Cunningham","Billy Davies","ALP",25603,68.2,"Alan Thomson","Lib46",11938,31.8,"Psephos"
"Curtin","William Lonnie","ALP",15781,38.83,"Paul Hasluck","Lib46",24857,61.17,"exact"
"Dalley","Sol Rosevear","ALP",27501,72.96,"Charles Shields","Lib46",10190,27.04,"exact"
"Darebin","Tom Andrews","ALP",24719,62.73,"Jack McColl","Lib46",14688,37.27,"exact"
"Darling","Joe Clark","ALP",21979,67.3,"Elson Whyte","CP",10679,32.7,"Psephos"
"Darling Downs","James Kane","ALP",13546,37.5,"Reginald Swartz","Lib46",22578,62.5,"Psephos"
"Darwin","Harold Kirkpatrick","ALP",12602,43.37,"Dame Enid Lyons","Lib46",16455,56.63,"exact"
"Dawson","George Burns","ALP",13691,41.4,"Charles Davidson","CP",19379,58.6,"Psephos"
"Deakin","Rod Leeson","ALP",18784,44.41,"Frank Davis","Lib46",23517,55.59,"exact"
"Denison","Henry Cosgrove","ALP",13394,44.91,"Athol Townley","Lib46",16431,55.09,"exact"
"East Sydney","Eddie Ward","ALP",22879,58,"John Mant","Lib46",16567,42,"Psephos"
"Eden-Monaro","Allan Fraser","ALP",19004,50.92,"Denzil Macarthur-Onslow","Lib46",18317,49.08,"exact"
"Evans","Ronald Nicholls","ALP",16588,43.42,"Frederick Osborne","Lib46",21616,56.58,"exact"
"Farrer","Thomas McGrath","ALP",15574,41.21,"David Fairbairn","Lib46",22222,58.79,"exact"
"Fawkner","Bill Bourke","ALP",20228,50.03,"Magnus Cormack","Lib46",20201,49.97,"exact"
"Fisher","Edmund Roberts","ALP",11728,29.3,"Charles Adermann","CP",28301,70.7,"Psephos"
"Flinders","Robert Wilson","ALP",14023,36.4,"Rupert Ryan","Lib46",24501,63.6,"Psephos"
"Forrest","Nelson Lemmon","ALP",17191,47.22,"Gordon Freeth","Lib46",19217,52.78,"exact"
"Franklin","Jack Frost","ALP",12790,42.03,"Bill Falkinder","Lib46",17644,57.97,"exact"
"Fremantle","Kim Beazley","ALP",23073,56.2,"Billy Snedden","Lib46",17983,43.8,"Psephos"
"Gellibrand","Jack Mullens","ALP",27900,69.7,"William Massey","Lib46",12129,30.3,"Psephos"
"Gippsland","Horace Hawkins","ALP",11373,33.26,"George Bowden","CP",22824,66.74,"exact"
"Grayndler","Fred Daly","ALP",26618,69.7,"Donald Clark","Lib46",11572,30.3,"Psephos"
"Grey","Edgar Russell","ALP",20465,54.41,"Edward Andrews","Lib46",17145,45.59,"exact"
"Griffith","William Conelan","ALP",17110,48.1,"Doug Berry","Lib46",18462,51.9,"Psephos"
"Gwydir","William Scully","ALP",16282,44.85,"Thomas Treloar","CP",20018,55.15,"exact"
"Henty","Val Doube","ALP",18311,44.6,"Jo Gullett","Lib46",22745,55.4,"Psephos"
"Herbert","Bill Edmonds","ALP",18898,53.66,"Doug Jeffrey","CP",16317,46.34,"exact"
"Higgins","Jules Meltzer","ALP",12909,33.16,"Harold Holt","Lib46",26018,66.84,"exact"
"Higinbotham","Frank Field","ALP",19760,46.39,"Frank Timson","Lib46",22832,53.61,"exact"
"Hindmarsh","Clyde Cameron","ALP",29260,69.67,"Albert Turnbull","Lib46",12736,30.33,"exact"
"Hoddle","Jack Cremean","ALP",29710,80.8,"Terence Kirby","Lib46",7060,19.2,"Psephos"
"Hume","Arthur Fuller","ALP",18104,48.96,"Charles Anderson","CP",18871,51.04,"exact"
"Hunter","Rowley James","ALP",30097,77.3,"Ted Fletcher","Lib46",8838,22.7,"Psephos"
"Indi","Charles Edmondson","ALP",14978,40.31,"William Bostock","Lib46",22182,59.69,"exact"
"Isaacs","John Bourke","ALP",18100,45.99,"William Haworth","Lib46",21260,54.01,"exact"
"Kalgoorlie","Herbert Johnson","ALP",18127,62.44,"John Porteus","Lib46",10902,37.56,"exact"
"Kennedy","Bill Riordan","ALP",16043,58.4,"Ulick Browne","CP",11428,41.6,"Psephos"
"Kingsford-Smith","Gordon Anderson","ALP",19042,50.93,"Charles de Monchaux","Lib46",18345,49.07,"exact"
"Kingston","Thomas Sheehy","ALP",22233,48.39,"Jim Handby","Lib46",23713,51.61,"exact"
"Kooyong","Keith Ewert","ALP",13691,32.91,"Robert Menzies","Lib46",27912,67.09,"exact"
"Lalor","Reg Pollard","ALP",20264,51.65,"John Bellair","Lib46",18970,48.35,"exact"
"Lang","Dan Mulcahy","ALP",22260,54.7,"Eric Willis","Lib46",18435,45.3,"Psephos"
"La Trobe","Robert Balcombe","ALP",16714,41.41,"Richard Casey","Lib46",23645,58.59,"exact"
"Lawson","Alan Manning","ALP",16408,44.18,"Laurie Failes","CP",20733,55.82,"exact"
"Leichhardt","Cecil Holdcroft","ALP",15869,48.3,"Tom Gilmore","CP",16987,51.7,"Psephos"
"Lilley","James Hadley","ALP",15368,40.6,"Bruce Wight","Lib46",22488,59.4,"exact"
"Lowe","Hector McDonald","ALP",16130,41.5,"William McMahon","Lib46",22737,58.5,"Psephos"
"Lyne","Edward Hayes","ALP",12512,33.98,"Jim Eggins","CP",24308,66.02,"exact"
"Macarthur","William McDonnell","ALP",13776,35.36,"Jeff Bate","Lib46",25184,64.64,"exact"
"Mackellar","James Mitchell","ALP",15314,37.36,"William Wentworth","Lib46",25678,62.64,"exact"
"Macquarie","Ben Chifley","ALP",22929,61,"Bob Cotton","Lib46",14659,39,"Psephos"
"Mallee","Alfred O'Connor","ALP",12410,35.39,"Winton Turnbull","CP",22658,64.61,"exact"
"Maranoa","Martin Laracy","ALP",12657,40.43,"Charles Russell","CP",18652,59.57,"exact"
"Maribyrnong","Arthur Drakeford","ALP",27562,64,"George Hannan","Lib46",15503,36,"Psephos"
"Martin","William O'Connor","ALP",22939,59.6,"Frederick Mann","Lib46",15550,40.4,"Psephos"
"McMillan","Adam Keltie","ALP",15867,43.09,"Geoffrey Brown","Lib46",20960,56.91,"exact"
"McPherson","John Hilton","ALP",8436,25.8,"Arthur Fadden","CP",24263,74.2,"exact"
"Melbourne","Arthur Calwell","ALP",26600,70.9,"Desmond McGinnes","Lib46",10917,29.1,"Psephos"
"Melbourne Ports","Jack Holloway","ALP",26792,67.86,"Frank Block","Lib46",12690,32.14,"exact"
"Mitchell","Joseph White","ALP",17643,43.12,"Roy Wheeler","Lib46",23274,56.88,"exact"
"Moore","Kevin Byrne","ALP",13264,40.99,"Hugh Leslie","CP",19098,59.01,"exact"
"Moreton","William Thieme","ALP",15722,38.4,"Josiah Francis","Lib46",25222,61.6,"Psephos"
"Murray","Desmond Devlin","ALP",13650,36.47,"John McEwen","CP",23778,63.53,"exact"
"Newcastle","David Watkins","ALP",22700,58.3,"Harry Quinlan","Lib46",16236,41.7,"Psephos"
"New England","William Wilson","ALP",14087,38.59,"David Drummond","CP",22417,61.41,"exact"
"Northern Territory","Jock Nelson","ALP",2737,52.68,"Adair Blain","Ind",2459,47.32,"exact"
"North Sydney","Leo Haylen","ALP",18022,46.7,"William Jack","Lib46",20569,53.3,"Psephos"
"Oxley","Evan Marginson","ALP",15300,43.22,"Donald Cameron","Lib46",20097,56.78,"exact"
"Parkes","Les Haylen","ALP",19966,51.8,"Dick Dein","Lib46",18579,48.2,"exact"
"Parramatta","Clement Jackson","ALP",15211,37.45,"Howard Beale","Lib46",25411,62.55,"exact"
"Paterson","Cecil Robinson","ALP",15429,41.51,"Allen Fairhall","Lib46",21741,58.49,"exact"
"Perth","Tom Burke","ALP",19294,50.1,"Gordon Hack","Lib46",19218,49.9,"exact"
"Petrie","Samuel Martin","ALP",15315,38.4,"Alan Hulme","Lib46",24569,61.6,"Psephos"
"Phillip","Joe Fitzgerald","ALP",21182,55.7,"William Latimer","Lib46",16847,44.3,"Psephos"
"Port Adelaide","Albert Thompson","ALP",32798,73.3,"Frederick Boscombe","Lib46",11947,26.7,"Psephos"
"Reid","Charles Morgan","ALP",28732,67.8,"Jim Clough","Lib46",13646,32.2,"Psephos"
"Richmond","Alexander Bryen","ALP",9139,24.94,"Larry Anthony","CP",27504,75.06,"exact"
"Riverina","Joe Langtry","ALP",17365,46.5,"Hugh Roberton","CP",19979,53.5,"Psephos"
"Robertson","Thomas Williams","ALP",18236,45.76,"Roger Dean","Lib46",21617,54.24,"exact"
"Ryan","Leonard Eastment","ALP",16431,39.74,"Nigel Drury","Lib46",24917,60.26,"exact"
"Shortland","Charles Griffiths","ALP",25838,64.1,"Harold Daisley","Lib46",14471,35.9,"Psephos"
"St George","Joseph Nicholson","ALP",18475,48.03,"Bill Graham","Lib46",19987,51.97,"exact"
"Sturt","Leslie McMullin","ALP",19641,47.2,"Keith Wilson","Lib46",21972,52.8,"Psephos"
"Swan","Harry Webb","ALP",20699,47.56,"Bill Grayden","Lib46",22821,52.44,"exact"
"Wakefield","Cyril Hasse","ALP",15008,38.63,"Philip McBride","Lib46",23847,61.37,"exact"
"Wannon","Don McLeod","ALP",17653,49.23,"Dan Mackinnon","Lib46",18203,50.77,"exact"
"Warringah","Bill Fisher","Ind ALP",11339,28.9,"Percy Spender","Lib46",27895,71.1,"Psephos"
"Watson","Dan Curtin","ALP",23322,59,"Stanley Card","Lib46",16206,41,"Psephos"
"Wentworth","William McKell","ALP",9533,24.86,"Eric Harrison","Lib46",28821,75.14,"exact"
"Werriwa","Bert Lazzarini","ALP",24142,56.24,"Ray Watson","Lib46",18787,43.76,"exact"
"West Sydney","Dan Minogue","ALP",19843,55.7,"Horace Foley","LL43",15782,44.3,"Psephos"
"Wide Bay","Samuel Round","ALP",13928,35.7,"Bernard Corser","CP",25087,64.3,"Psephos"
"Wills","Bill Bryson","ALP",25162,58.76,"Allan Tyrer","Lib46",17658,41.24,"exact"
"Wilmot","Gil Duthie","ALP",16150,52.64,"Rickman Furmage","Lib46",14532,47.36,"exact"
"Wimmera","Cyril Sudholz","ALP",12394,35.12,"William Lawrence","Lib46",22894,64.88,"exact"
"Yarra","Stan Keon","ALP",24760,62.7,"Charles Barrington","Lib46",14729,37.3,"Psephos"
