"Seat","Candidate1","Party1","Votes1","Vote_perc1","Candidate2","Party2","Votes2","Vote_perc2","Est"
"Adelaide","Edgar Dawes","ALP",26653,45.3,"Fred Stacey","UAP31",32183,54.7,"Psephos"
"Balaclava","Charles Sandford","ALP",21539,31.4,"Thomas White","UAP31",47058,68.6,"Psephos"
"Ballaarat","Reg Pollard","ALP",23917,50.3,"Edward Montgomery","UAP31",23636,49.7,"exact"
"Barker","Cecil Skitch","ALP",20151,34.1,"Archie Cameron","CP",38943,65.9,"Psephos"
"Barton","H. V. Evatt","ALP",38293,62.1,"Albert Lane","UAP31",23370,37.9,"Psephos"
"Bass","Claude Barnard","ALP",13176,54.2,"Algie Findlay","UAP31",11134,45.8,"Psephos"
"Batman","Frank Brennan","ALP",35636,59.67,"Albert Peters","UAP31",24082,40.33,"exact"
"Bendigo","Bert de Grandi","ALP",19469,42.52,"George Rankin","UCP34",26314,57.48,"exact"
"Boothby","Edwin Yates","ALP",22560,34.8,"John Price","UAP31",42269,65.2,"Psephos"
"Bourke","Maurice Blackburn","ALP",39736,66.21,"Charles Lucas","UAP31",20278,33.79,"exact"
"Brisbane","George Lawson","ALP",27474,50.38,"John Fletcher","UAP31",27055,49.62,"exact"
"Calare","John Breen","ALP",25282,53.37,"Harold Thorby","CP",22090,46.63,"exact"
"Capricornia","Frank Forde","ALP",33211,58.74,"Edwin Hiskens","CP",23330,41.26,"exact"
"Cook","Tom Sheehan","LL40",34446,63.6,"Jock Garden","ALP",19714,36.4,"Psephos"
"Corangamite","Harold Miller","ALP",20801,43.82,"Allan McDonald","UAP31",26665,56.18,"exact"
"Corio","John Dedman","ALP",30095,56.4,"Gerald Patterson","UAP31",23265,43.6,"Psephos"
"Cowper","Myles Kelly","ALP",18167,35.1,"Sir Earle Page","CP",33590,64.9,"Psephos"
"Dalley","Donald Cochrane","ALP",23822,42.8,"Sol Rosevear","LL40",31842,57.2,"exact"
"Darling","Joe Clark","ALP",33761,73.5,"Alexander Huie","Ind",12173,26.5,"Psephos"
"Darling Downs","Leslie Bailey","ALP",21316,42.06,"Arthur Fadden","CP",29365,57.94,"exact"
"Darwin","Eric Reece","ALP",10961,40.81,"George Bell","UAP31",15896,59.19,"exact"
"Deakin","Frank Williamson","ALP",20237,37.8,"William Hutchinson","UAP31",33300,62.2,"Psephos"
"Denison","Gerald Mahoney","ALP",12433,48.94,"Arthur Beck","UAP31",12969,51.06,"exact"
"East Sydney","Eddie Ward","ALP",31906,66.1,"Lewis Nott","UAP31",16363,33.9,"Psephos"
"Eden-Monaro","Herb Turner","ALP",21944,45.23,"John Perkins","UAP31",26575,54.77,"exact"
"Fawkner","Arthur Fraser","ALP",23661,37.5,"Harold Holt","UAP31",39436,62.5,"Psephos"
"Flinders","Frank Lee","ALP",23193,41.58,"Rupert Ryan","UAP31",32591,58.42,"exact"
"Forrest","Vane Green","ALP",19832,44.62,"John Prowse","CP",24619,55.38,"exact"
"Franklin","Charles Frost","ALP",14322,53.46,"Hugh Warner","UAP31",12466,46.54,"exact"
"Fremantle","John Curtin","ALP",28779,50.56,"Frederick Lee","UAP31",28138,49.44,"exact"
"Gippsland","James McKenna","ALP",20780,43.26,"Thomas Paterson","LCP",27257,56.74,"exact"
"Grey","Charles Davis","ALP",20579,42.3,"Oliver Badman","CP",28072,57.7,"Psephos"
"Griffith","William Conelan","ALP",30529,50.54,"Peter McCowan","UAP31",29879,49.46,"exact"
"Gwydir","William Scully","ALP",28888,58.8,"Ben Wade","CP",20242,41.2,"Psephos"
"Henty","Arthur Haywood","ALP",23747,36.5,"Arthur Coles","Ind",41312,63.5,"Psephos"
"Herbert","George Martens","ALP",34261,56.44,"Thomas Mann","CP",26446,43.56,"exact"
"Hindmarsh","Norman Makin","ALP",41718,65.72,"Harry Hatwell","UAP31",21758,34.28,"exact"
"Hume","Clarence Nolan","ALP",24870,49.09,"Thomas Collins","CP",25791,50.91,"exact"
"Hunter","Bill Gollan","SL",12956,24.97,"Rowley James","ALP",38921,75.03,"exact"
"Indi","Jack Devlin","ALP",19216,38.52,"John McEwen","LCP",30676,61.48,"exact"
"Kennedy","Bill Riordan","ALP",29988,64.22,"Wilfrid Simmonds","CP",16706,35.78,"exact"
"Kooyong","Thomas Brennan","ALP",20976,29.9,"Robert Menzies","UAP31",49177,70.1,"Psephos"
"Lang","Dan Mulcahy","LL40",40517,66.02,"Bertram Stevens","UAP31",20855,33.98,"exact"
"Lilley","Gordon Lovell","ALP",24374,40.4,"William Jolly","UAP31",35958,59.6,"Psephos"
"Macquarie","Ben Chifley","ALP",29493,58.07,"John Lawson","UAP31",21295,41.93,"exact"
"Maranoa","Frank Baker","ALP",25987,51.6,"Bob McGeoch","CP",24378,48.4,"exact"
"Maribyrnong","Arthur Drakeford","ALP",40990,64.61,"Robert Vroland","UAP31",22455,35.39,"exact"
"Martin","Raymond Watt","ALP",27169,47.4,"William McCall","UAP31",30149,52.6,"Psephos"
"Melbourne","Arthur Calwell","ALP",39157,71.1,"Richard Griffiths","UAP31",15916,28.9,"Psephos"
"Melbourne Ports","Jack Holloway","ALP",38853,66.12,"Raymond Trickey","UAP31",19907,33.88,"exact"
"Moreton","Henry Herbert","ALP",24938,40.75,"Josiah Francis","UAP31",36265,59.25,"exact"
"Newcastle","David Watkins","ALP",46680,78.6,"Tom Hickey","SL",12709,21.4,"Psephos"
"New England","Leigh Cuthbertson","ALP",19116,39.37,"Joe Abbott","CP",29440,60.63,"exact"
"Northern Territory","Lindsay Craig","ALP",1596,38.23,"Adair Blain","Ind",2579,61.77,"exact"
"North Sydney","William Wilson","SL",20275,32.4,"Billy Hughes","UAP31",42301,67.6,"Psephos"
"Parkes","Daniel Murphy","ALP",24392,42.6,"Sir Charles Marr","UAP31",32867,57.4,"Psephos"
"Parramatta","Albert Rowe","ALP",20707,34.32,"Sir Frederick Stewart","UAP31",39624,65.68,"exact"
"Perth","Gavan McMillan","ALP",19336,35.5,"Walter Nairn","UAP31",35133,64.5,"Psephos"
"Reid","Joe Gander","LL40",28139,48.04,"Charles Morgan","ALP",30436,51.96,"exact"
"Richmond","Jim Fredericks","ALP",17489,33.1,"Larry Anthony","CP",35348,66.9,"Psephos"
"Riverina","Joe Langtry","ALP",23980,51.55,"Horace Nock","CP",22537,48.45,"exact"
"Robertson","Thomas Williams","ALP",26474,49.65,"Eric Spooner","UAP31",26845,50.35,"exact"
"Swan","Jim Dinan","ALP",19879,42.54,"Henry Gregory","CP",26855,57.46,"exact"
"Wakefield","Sydney McHugh","ALP",23870,46.6,"Jack Duncan-Hughes","UAP31",27357,53.4,"exact"
"Wannon","Don McLeod","ALP",27098,53.7,"Thomas Scholfield","UAP31",23360,46.3,"exact"
"Warringah","Bessie Frewin","ALP",15587,24.5,"Percy Spender","UAP31",48032,75.5,"Psephos"
"Watson","Max Falstein","ALP",31831,51.97,"John Jennings","UAP31",29417,48.03,"exact"
"Wentworth","Norman Smith","ALP",21432,34.21,"Eric Harrison","UAP31",41218,65.79,"exact"
"Werriwa","Bert Lazzarini","ALP",38879,65.1,"Charles Hardwick","UAP31",20843,34.9,"Psephos"
"West Sydney","Jack Beasley","LL40",31297,64.3,"Henry Mulcahy","ALP",17377,35.7,"Psephos"
"Wide Bay","Samuel Round","ALP",21494,41.1,"Bernard Corser","CP",30804,58.9,"Psephos"
"Wilmot","Lancelot Spurr","ALP",10486,44.95,"Allan Guy","UAP31",12841,55.05,"exact"
"Wimmera","Hugh McClelland","Ind CP",15303,33.84,"Alexander Wilson","UCP34",29918,66.16,"exact"
"Yarra","James Scullin","ALP",37456,65.6,"Fred Edmunds","UAP31",19641,34.4,"Psephos"
