"Seat","Candidate1","Party1","Votes1","Vote_perc1","Candidate2","Party2","Votes2","Vote_perc2","Est"
"Adelaide","Edwin Yates","ALP",20410,55.88,"George McLeay","Nat",16114,44.12,"exact"
"Angas","Michael Woods","ALP",17325,40.58,"Walter Parsons","Nat",25372,59.42,"exact"
"Balaclava","Edward Price","Ind Nat",18651,36.84,"William Watt","Nat",31977,63.16,"exact"
"Ballaarat","Charles McGrath","ALP",19528,52.57,"Matthew Baird","Nat",17616,47.43,"exact"
"Barker","Ronald Hunt","CP",19699,47.37,"Malcolm Cameron","Nat",21883,52.63,"exact"
"Barton","James Tully","ALP",32316,56.31,"Thomas Ley","Nat",25070,43.69,"exact"
"Bass","Thomas Wilson","ALP",9482,46.9,"David Jackson","Nat",10736,53.1,"exact"
"Batman","Frank Brennan","ALP",37947,63.82,"Angus McDonald","Nat",21512,36.18,"exact"
"Bendigo","James McDonald","ALP",17530,46.86,"Geoffry Hurry","Nat",19882,53.14,"exact"
"Boothby","John Price","ALP",20666,50.1,"Jack Duncan-Hughes","Nat",20582,49.9,"exact"
"Bourke","Frank Anstey","ALP",36835,68.68,"Leonard Smith","Nat",16797,31.32,"exact"
"Brisbane","Frank Burke","ALP",16500,43.35,"Donald Cameron","Nat",21563,56.65,"exact"
"Calare","James O'Donnell","ALP",14664,39.27,"Sir Neville Howse","Nat",22673,60.73,"exact"
"Capricornia","Frank Forde","ALP",23376,52.54,"Robert Staines","CP",21114,47.46,"exact"
"Cook","Edward Riley","ALP",28326,75.49,"Humphrey Earl","Nat",9197,24.51,"exact"
"Corangamite","Richard Crouch","ALP",18211,47.04,"William Gibson","CP",20501,52.96,"exact"
"Corio","Peter Randles","ALP",19500,41.49,"John Lister","Nat",27497,58.51,"exact"
"Cowper","Tom Swiney","ALP",8336,23.23,"Earle Page","CP",27556,76.77,"exact"
"Dalley","Ted Theodore","ALP",26279,69.3,"Hedley Rogers","Nat",11641,30.7,"Psephos"
"Darling","Arthur Blakeley","ALP",24056,70.92,"Frederick Drury","Nat",9862,29.08,"exact"
"Darwin","James Campbell","Ind",5813,28.09,"George Bell","Nat",14880,71.91,"exact"
"Denison","Charles Culley","ALP",10028,50.32,"Sir John Gellibrand","Nat",9900,49.68,"exact"
"East Sydney","John West","ALP",19651,58.41,"Julian Simpson","Nat",13994,41.59,"exact"
"Echuca","Frederick Churches","CPP28",15486,39.96,"William Hill","CP",23265,60.04,"exact"
"Eden-Monaro","John Cusack","ALP",15590,42.42,"John Perkins","Nat",21158,57.58,"exact"
"Fawkner","Nicholas Roberts","ALP",15731,38.26,"George Maxwell","Nat",25388,61.74,"exact"
"Flinders","Jack Holloway","ALP",23046,39.3,"Stanley Bruce","Nat",35596,60.7,"Psephos"
"Forrest","Cornelius Buckley","ALP",14049,39.56,"John Prowse","CP",21463,60.44,"exact"
"Franklin","William McWilliams","Ind",10567,51.57,"Alfred Seabrook","Nat",9922,48.43,"exact"
"Fremantle","John Curtin","ALP",20589,52.08,"Frank Gibson","Nat",18943,47.92,"exact"
"Gippsland","George Wise","Ind Lib22",17643,42.27,"Thomas Paterson","CP",24100,57.73,"exact"
"Grey","Andrew Lacey","ALP",17904,55.81,"William Blight","Nat",14174,44.19,"exact"
"Gwydir","Lou Cunningham","ALP",17266,47.66,"Aubrey Abbott","CP",18959,52.34,"exact"
"Henty","Edward Stewart","ALP",22839,33.43,"Henry Gullett","Nat",45489,66.57,"exact"
"Herbert","George Martens","ALP",25462,50.15,"Lewis Nott","Nat",25308,49.85,"exact"
"Hindmarsh","Norman Makin","ALP",34502,73.3,"Henry Dunks","Nat",12568,26.7,"Psephos"
"Hume","Parker Moloney","ALP",21637,54.7,"William Fleming","CP",17918,45.3,"Psephos"
"Hunter","Rowley James","ALP",32158,70.6,"Ernest Carr","Nat",13391,29.4,"Psephos"
"Kennedy","Jim Riordan","ALP",13041,47.63,"Grosvenor Francis","Nat",14336,52.37,"exact"
"Kooyong","Joseph Hannan","ALP",20124,33.48,"John Latham","Nat",39988,66.52,"exact"
"Lang","William Long","ALP",21918,53.46,"Sir Elliot Johnson","Nat",19082,46.54,"exact"
"Macquarie","Ben Chifley","ALP",20155,54.87,"Arthur Manning","Nat",16577,45.13,"exact"
"Maranoa","Jack Reid","ALP",12024,41.66,"James Hunter","CP",16837,58.34,"exact"
"Maribyrnong","James Fenton","ALP",31022,59.9,"Arthur Fenton","Nat",20765,40.1,"exact"
"Martin","Percy Hannett","ALP",23631,43.12,"Graham Pratten","Nat",31166,56.88,"exact"
"Melbourne","William Maloney","ALP",27532,74.43,"Norman O'Brien","Nat",9457,25.57,"exact"
"Newcastle","David Watkins","ALP",26952,57.15,"Walter Skelton","PLP22",20212,42.85,"exact"
"Northern Territory","Harold Nelson","ALP",996,75.17,"Douglas Watts","Ind",329,24.83,"Psephos"
"North Sydney","Ben Howe","ALP",16736,33.83,"Billy Hughes","Nat",32734,66.17,"exact"
"Oxley","Francis Baker","ALP",22579,46.27,"James Bayley","Nat",26223,53.73,"exact"
"Parkes","George Sherringham","ALP",21343,42.57,"Charles Marr","Nat",28798,57.43,"exact"
"Parramatta","Albert Rowe","ALP",20492,39.9,"Eric Bowden","Nat",30867,60.1,"exact"
"Perth","Arthur Watts","ALP",12490,35.1,"Edward Mann","Nat",23093,64.9,"Psephos"
"Reid","Percy Coleman","ALP",40495,66.11,"George Tomlinson","Nat",20761,33.89,"exact"
"Riverina","Joseph Casserly","ALP",16538,42.5,"William Killen","CP",22377,57.5,"exact"
"South Sydney","Edward Riley","ALP",25915,54.23,"George Baker","Nat",21874,45.77,"exact"
"Wakefield","Richard Foster","Nat",12755,40.4,"Maurice Collins","CP",18813,59.6,"exact"
"Wannon","John McNeill","ALP",18807,47.23,"Arthur Rodgers","Nat",21016,52.77,"exact"
"Wentworth","Bob O'Halloran","ALP",18539,38.48,"Walter Marks","Nat",29639,61.52,"exact"
"Werriwa","Bert Lazzarini","ALP",24842,61.72,"Herbert Ogilvie","Nat",15407,38.28,"exact"
"West Sydney","Jack Beasley","ALP",25286,81.74,"Alfred Benjamin","Nat",5649,18.26,"exact"
"Wilmot","George Flowers","Ind",8169,45.43,"Llewellyn Atkinson","Nat",9814,54.57,"exact"
"Wimmera","Percy Stewart","CPP28",26227,58.36,"John Harris","CP",18716,41.64,"exact"
"Yarra","James Scullin","ALP",28495,74.76,"Cecil Keeley","Nat",9618,25.24,"exact"
