"Seat","Candidate1","Party1","Votes1","Vote_perc1","Candidate2","Party2","Votes2","Vote_perc2","Est"
"Adelaide","Kate Ellis","ALP",50164,57.69,"Luke Westley","Lib46",36793,42.31,"exact"
"Aston","Rupert Evans","ALP",40916,48.24,"Alan Tudge","Lib46",43901,51.76,"exact"
"Ballarat","Catherine King","ALP",55188,61.7,"Mark Banwell","Lib46",34251,38.3,"exact"
"Banks","Daryl Melham","ALP",43150,51.45,"Ron Delezio","Lib46",40719,48.55,"exact"
"Barker","Simone McDonnell","ALP",34992,37.12,"Patrick Secker","Lib46",59278,62.88,"exact"
"Barton","Robert McClelland","ALP",44742,56.86,"John La Mela","Lib46",33941,43.14,"exact"
"Bass","Geoff Lyons","ALP",37165,56.74,"Steve Titmus","Lib46",28337,43.26,"exact"
"Batman","Martin Ferguson","ALP",58028,74.91,"George Souris","Lib46",19435,25.09,"exact"
"Bendigo","Steve Gibbons","ALP",54928,59.53,"Craig Hunter","Lib46",37337,40.47,"exact"
"Bennelong","Maxine McKew","ALP",40166,46.88,"John Alexander","Lib46",45518,53.12,"exact"
"Berowra","Michael Stove","ALP",28972,33.8,"Philip Ruddock","Lib46",56752,66.2,"exact"
"Blair","Shayne Neumann","ALP",39814,54.24,"Neil Zabel","LNP",33595,45.76,"exact"
"Blaxland","Jason Clare","ALP",45948,62.23,"Mark Majewski","Lib46",27882,37.77,"exact"
"Bonner","Kerry Rea","ALP",38765,47.18,"Ross Vasta","LNP",43400,52.82,"exact"
"Boothby","Annabel Digance","ALP",42042,49.25,"Andrew Southcott","Lib46",43317,50.75,"exact"
"Bowman","Jenny Peters","ALP",32455,39.61,"Andrew Laming","LNP",49490,60.39,"exact"
"Braddon","Sid Sidebottom","ALP",37650,57.48,"Garry Carpenter","Lib46",27855,42.52,"exact"
"Bradfield","Sarah Gallard","ALP",27719,31.82,"Paul Fletcher","Lib46",59397,68.18,"exact"
"Brand","Gary Gray","ALP",41610,53.33,"Donna Gordin","Lib46",36418,46.67,"exact"
"Brisbane","Arch Bevis","ALP",39609,48.87,"Teresa Gambaro","LNP",41440,51.13,"exact"
"Bruce","Alan Griffin","ALP",44603,58.12,"Mike Kabos","Lib46",32144,41.88,"exact"
"Calare","Kevin Duffy","ALP",35033,39.26,"John Cobb","NPA",54209,60.74,"exact"
"Calwell","Maria Vamvakinou","ALP",61045,69.72,"Wayne Tseng","Lib46",26509,30.28,"exact"
"Canberra","Gai Brodtmann","ALP",66335,59.15,"Giulia Jones","Lib46",45821,40.85,"exact"
"Canning","Alannah MacTiernan","ALP",38303,47.81,"Don Randall","Lib46",41818,52.19,"exact"
"Capricornia","Kirsten Livermore","ALP",43150,53.68,"Michelle Landry","LNP",37230,46.32,"exact"
"Casey","Sami Hisheh","ALP",38439,45.82,"Tony Smith","Lib46",45458,54.18,"exact"
"Charlton","Greg Combet","ALP",52064,62.67,"John McDonald","Lib46",31016,37.33,"exact"
"Chifley","Ed Husic","ALP",50103,62.34,"Venus Priest","Lib46",30268,37.66,"exact"
"Chisholm","Anna Burke","ALP",43459,56.11,"John Nguyen","Lib46",33991,43.89,"exact"
"Cook","Peter Scaysbrook","ALP",33450,37.34,"Scott Morrison","Lib46",56138,62.66,"exact"
"Corangamite","Darren Cheeseman","ALP",47235,50.41,"Sarah Henderson","Lib46",46464,49.59,"exact"
"Corio","Richard Marles","ALP",53083,64.22,"Don Gibson","Lib46",29578,35.78,"exact"
"Cowan","Chas Hopkins","ALP",34992,43.71,"Luke Simpkins","Lib46",45062,56.29,"exact"
"Cowper","Paul Sefky","ALP",34691,40.73,"Luke Hartsuyker","NPA",50477,59.27,"exact"
"Cunningham","Sharon Bird","ALP",56234,63.17,"Philip Clifford","Lib46",32780,36.83,"exact"
"Curtin","Sophie van der Merwe","ALP",27669,33.81,"Julie Bishop","Lib46",54158,66.19,"exact"
"Dawson","Mike Brunker","ALP",39455,47.57,"George Christensen","LNP",43494,52.43,"exact"
"Deakin","Mike Symon","ALP",41927,52.41,"Phil Barresi","Lib46",38073,47.59,"exact"
"Denison","Jonathan Jackson","ALP",42692,65.82,"Cameron Simpkins","Lib46",22167,34.18,"exact"
"Dickson","Fiona McNamara","ALP",36549,44.87,"Peter Dutton","LNP",44902,55.13,"exact"
"Dobell","Craig Thomson","ALP",45551,55.07,"John McNamara","Lib46",37163,44.93,"exact"
"Dunkley","Helen Constas","ALP",42023,48.98,"Bruce Billson","Lib46",43777,51.02,"exact"
"Durack","Shane Hill","ALP",26155,36.33,"Barry Haase","Lib46",45843,63.67,"exact"
"Eden-Monaro","Mike Kelly","ALP",46300,54.24,"David Gazard","Lib46",39063,45.76,"exact"
"Fadden","Rana Watson","ALP",26356,35.81,"Stuart Robert","LNP",47236,64.19,"exact"
"Fairfax","Dan McIntyre","ALP",34034,43.05,"Alex Somlyay","LNP",45032,56.95,"exact"
"Farrer","Christian Emmery","ALP",29434,35.49,"Sussan Ley","Lib46",53513,64.51,"exact"
"Fisher","Chris Cummins","ALP",33784,45.87,"Peter Slipper","LNP",39868,54.13,"exact"
"Flinders","Francis Gagliano-Ventura","ALP",37002,40.89,"Greg Hunt","Lib46",53499,59.11,"exact"
"Flynn","Chris Trevor","ALP",37086,46.42,"Ken O'Dowd","LNP",42806,53.58,"exact"
"Forde","Brett Raguse","ALP",33987,48.37,"Bert van Manen","LNP",36271,51.63,"exact"
"Forrest","Jackie Jarvis","ALP",33257,41.26,"Nola Marino","Lib46",47343,58.74,"exact"
"Fowler","Chris Hayes","ALP",45178,58.76,"Thomas Dang","Lib46",31704,41.24,"exact"
"Franklin","Julie Collins","ALP",39856,60.82,"Jane Howlett","Lib46",25675,39.18,"exact"
"Fraser","Andrew Leigh","ALP",71613,64.2,"James Milligan","Lib46",39928,35.8,"exact"
"Fremantle","Melissa Parke","ALP",45858,55.7,"Matt Taylor","Lib46",36478,44.3,"exact"
"Gellibrand","Nicola Roxon","ALP",61531,73.9,"David McConnell","Lib46",21732,26.1,"exact"
"Gilmore","Neil Reilly","ALP",38649,44.68,"Joanna Gash","Lib46",47850,55.32,"exact"
"Gippsland","Darren McCubbin","ALP",34199,38.55,"Darren Chester","NPA",54513,61.45,"exact"
"Goldstein","Nick Eden","ALP",36811,43.53,"Andrew Robb","Lib46",47747,56.47,"exact"
"Gorton","Brendan O'Connor","ALP",70705,72.16,"Damon Ryder","Lib46",27280,27.84,"exact"
"Grayndler","Anthony Albanese","ALP",58789,70.63,"Alexander Dore","Lib46",24450,29.37,"exact"
"Greenway","Michelle Rowland","ALP",40355,50.88,"Jaymes Diaz","Lib46",38953,49.12,"exact"
"Grey","Tauto Sansbury","ALP",34373,38.84,"Rowan Ramsey","Lib46",54119,61.16,"exact"
"Griffith","Kevin Rudd","ALP",47007,58.46,"Rebecca Docherty","LNP",33405,41.54,"exact"
"Groom","Chris Meibusch","ALP",26589,31.47,"Ian Macfarlane","LNP",57912,68.53,"exact"
"Hasluck","Sharryn Jackson","ALP",40774,49.43,"Ken Wyatt","Lib46",41722,50.57,"exact"
"Herbert","Tony Mooney","ALP",37797,47.83,"Ewen Jones","LNP",41221,52.17,"exact"
"Higgins","Tony Clark","ALP",35180,43.25,"Kelly O'Dwyer","Lib46",46167,56.75,"exact"
"Hindmarsh","Steve Georganas","ALP",49698,55.7,"Jassmine Wood","Lib46",39526,44.3,"exact"
"Hinkler","Belinda McNeven","ALP",31993,39.61,"Paul Neville","LNP",48770,60.39,"exact"
"Holt","Anthony Byrne","ALP",60412,63.23,"Ricardo Balancy","Lib46",35133,36.77,"exact"
"Hotham","Simon Crean","ALP",50394,63.5,"Fazal Cader","Lib46",28966,36.5,"exact"
"Hughes","Brent Thomas","ALP",38688,44.83,"Craig Kelly","Lib46",47619,55.17,"exact"
"Hume","Robin Saville","ALP",36337,41.28,"Alby Schultz","Lib46",51679,58.72,"exact"
"Hunter","Joel Fitzgibbon","ALP",50803,62.48,"Michael Johnsen","NPA",30511,37.52,"exact"
"Indi","Zuvele Leschen","ALP",33916,40.06,"Sophie Mirabella","Lib46",50755,59.94,"exact"
"Isaacs","Mark Dreyfus","ALP",55721,61.02,"Dale McClelland","Lib46",35594,38.98,"exact"
"Jagajaga","Jenny Macklin","ALP",52868,61.52,"Johannes Bauch","Lib46",33075,38.48,"exact"
"Kennedy","Andrew Turnour","ALP",31106,38.06,"Ed Morrison","LNP",50616,61.94,"exact"
"Kingsford Smith","Peter Garrett","ALP",45249,55.16,"Michael Feneley","Lib46",36780,44.84,"exact"
"Kingston","Amanda Rishworth","ALP",58695,63.91,"Chris Zanker","Lib46",33139,36.09,"exact"
"Kooyong","Steven Hurd","ALP",34508,42.45,"Josh Frydenberg","Lib46",46779,57.55,"exact"
"Lalor","Julia Gillard","ALP",74452,72.15,"Sheridan Ingram","Lib46",28736,27.85,"exact"
"La Trobe","Laura Smyth","ALP",45308,50.91,"Jason Wood","Lib46",43689,49.09,"exact"
"Leichhardt","Jim Turnour","ALP",36273,45.45,"Warren Entsch","LNP",43539,54.55,"exact"
"Lilley","Wayne Swan","ALP",46234,53.18,"Rod McGarvie","LNP",40711,46.82,"exact"
"Lindsay","David Bradbury","ALP",42546,51.12,"Fiona Scott","Lib46",40681,48.88,"exact"
"Lingiari","Warren Snowdon","ALP",23051,53.7,"Leo Abbott","CLP",19876,46.3,"exact"
"Longman","Jon Sullivan","ALP",36277,48.08,"Wyatt Roy","LNP",39173,51.92,"exact"
"Lyne","Frederik Lips","ALP",31902,37.55,"David Gillespie","NPA",53065,62.45,"exact"
"Lyons","Dick Adams","ALP",40959,62.29,"Eric Hutchinson","Lib46",24796,37.71,"exact"
"Macarthur","Nick Bleasdale","ALP",36741,46.98,"Russell Matheson","Lib46",41462,53.02,"exact"
"Mackellar","Linda Beattie","ALP",29855,34.28,"Bronwyn Bishop","Lib46",57245,65.72,"exact"
"Macquarie","Susan Templeman","ALP",42604,48.74,"Louise Markus","Lib46",44801,51.26,"exact"
"Makin","Tony Zappia","ALP",53014,62.2,"Liz Davies","Lib46",32219,37.8,"exact"
"Mallee","Bob Scates","ALP",20842,25.59,"John Forrest","NPA",60611,74.41,"exact"
"Maranoa","Geoff Keating","ALP",23625,27.11,"Bruce Scott","LNP",63520,72.89,"exact"
"Maribyrnong","Bill Shorten","ALP",51193,66.86,"Conrad D'Souza","Lib46",25379,33.14,"exact"
"Mayo","Sam Davis","ALP",39201,42.65,"Jamie Briggs","Lib46",52702,57.35,"exact"
"McEwen","Rob Mitchell","ALP",58144,55.32,"Cameron Caine","Lib46",46963,44.68,"exact"
"McMahon","Chris Bowen","ALP",46170,57.81,"Jamal Elishe","Lib46",33690,42.19,"exact"
"McMillan","Christine Maxfield","ALP",38731,45.59,"Russell Broadbent","Lib46",46229,54.41,"exact"
"McPherson","Dan Byron","ALP",31004,39.72,"Karen Andrews","LNP",47044,60.28,"exact"
"Melbourne","Cath Bowtell","ALP",65473,73.3,"Simon Olsen","Lib46",23854,26.7,"exact"
"Melbourne Ports","Michael Danby","ALP",48819,57.56,"Kevin Ekendahl","Lib46",36002,42.44,"exact"
"Menzies","Joy Banerji","ALP",33811,41.28,"Kevin Andrews","Lib46",48102,58.72,"exact"
"Mitchell","Nigel Gould","ALP",27500,32.84,"Alex Hawke","Lib46",56229,67.16,"exact"
"Moncrieff","Robert Hough","ALP",24612,32.51,"Steven Ciobo","LNP",51103,67.49,"exact"
"Moore","Jeremy Brown","ALP",31901,38.81,"Mal Washer","Lib46",50302,61.19,"exact"
"Moreton","Graham Perrett","ALP",41447,51.13,"Malcolm Cole","LNP",39612,48.87,"exact"
"Murray","Hugh Mortensen","ALP",23882,29.65,"Sharman Stone","Lib46",56666,70.35,"exact"
"Newcastle","Sharon Grierson","ALP",51220,62.49,"Brad Luke","Lib46",30744,37.51,"exact"
"New England","Greg Smith","ALP",30265,33.2,"Tim Coates","NPA",60907,66.8,"exact"
"North Sydney","Leta Webb","ALP",30808,35.94,"Joe Hockey","Lib46",54901,64.06,"exact"
"O'Connor","Ian Bishop","ALP",22029,27,"Wilson Tuckey","Lib46",59555,73,"exact"
"Oxley","Bernie Ripoll","ALP",39894,55.77,"Tarnya Smith","LNP",31640,44.23,"exact"
"Page","Janelle Saffin","ALP",46273,54.19,"Kevin Hogan","NPA",39111,45.81,"exact"
"Parkes","Andrew Brooks","ALP",27946,31.14,"Mark Coulton","NPA",61789,68.86,"exact"
"Parramatta","Julie Owens","ALP",42583,54.37,"Charles Camenzuli","Lib46",35734,45.63,"exact"
"Paterson","Jim Arneman","ALP",36804,44.67,"Bob Baldwin","Lib46",45582,55.33,"exact"
"Pearce","Bill Leadbetter","ALP",32349,41.14,"Judi Moylan","Lib46",46292,58.86,"exact"
"Perth","Stephen Smith","ALP",44815,55.88,"Joe Ferrante","Lib46",35379,44.12,"exact"
"Petrie","Yvette D'Ath","ALP",40097,52.51,"Dean Teasdale","LNP",36267,47.49,"exact"
"Port Adelaide","Mark Butler","ALP",63295,70.03,"Nigel McKenna","Lib46",27084,29.97,"exact"
"Rankin","Craig Emerson","ALP",44289,55.41,"Luke Smith","LNP",35640,44.59,"exact"
"Reid","John Murphy","ALP",41949,52.68,"Peter Cooper","Lib46",37679,47.32,"exact"
"Richmond","Justine Elliot","ALP",46071,56.99,"Alan Hunter","NPA",34764,43.01,"exact"
"Riverina","Robyn Hakelis","ALP",28009,31.83,"Michael McCormack","NPA",59980,68.17,"exact"
"Robertson","Deborah O'Neill","ALP",43520,51,"Darren Jameson","Lib46",41821,49,"exact"
"Ryan","Steven Miles","ALP",38138,42.84,"Jane Prentice","LNP",50896,57.16,"exact"
"Scullin","Harry Jenkins","ALP",57355,72.25,"Max Williams","Lib46",22025,27.75,"exact"
"Shortland","Jill Hall","ALP",52612,62.85,"Deborah Narayanan","Lib46",31101,37.15,"exact"
"Solomon","Damian Hale","ALP",24585,48.25,"Natasha Griggs","CLP",26371,51.75,"exact"
"Stirling","Louise Durack","ALP",35832,44.45,"Michael Keenan","Lib46",44775,55.55,"exact"
"Sturt","Rick Sarre","ALP",41113,46.57,"Christopher Pyne","Lib46",47172,53.43,"exact"
"Swan","Tim Hammond","ALP",37710,47.47,"Steve Irons","Lib46",41729,52.53,"exact"
"Sydney","Tanya Plibersek","ALP",53235,67.07,"Gordon Weiss","Lib46",26142,32.93,"exact"
"Tangney","David Doepel","ALP",31607,37.68,"Dennis Jensen","Lib46",52266,62.32,"exact"
"Throsby","Stephen Jones","ALP",51909,62.11,"Juliet Arkwright","Lib46",31662,37.89,"exact"
"Wakefield","Nick Champion","ALP",54528,61.95,"David Strauss","Lib46",33485,38.05,"exact"
"Wannon","Judith McNamara","ALP",35554,42.71,"Dan Tehan","Lib46",47697,57.29,"exact"
"Warringah","Hugh Zochling","ALP",31360,36.91,"Tony Abbott","Lib46",53612,63.09,"exact"
"Watson","Tony Burke","ALP",45393,59.14,"Ken Nam","Lib46",31364,40.86,"exact"
"Wentworth","Steven Lewis","ALP",30457,35.14,"Malcolm Turnbull","Lib46",56219,64.86,"exact"
"Werriwa","Laurie Ferguson","ALP",42740,56.75,"Essam Eskaros","Lib46",32574,43.25,"exact"
"Wide Bay","Nikolee Ansell","ALP",28029,34.39,"Warren Truss","LNP",53484,65.61,"exact"
"Wills","Kelvin Thomson","ALP",61297,72.64,"Claude Tomisich","Lib46",23091,27.36,"exact"
"Wright","Andrew Ramsay","ALP",30049,39.85,"Scott Buchholz","LNP",45358,60.15,"exact"
