"Seat","Candidate1","Party1","Votes1","Vote_perc1","Candidate2","Party2","Votes2","Vote_perc2","Est"
"Adelaide","Kate Ellis","ALP",51868,58.53,"Tracy Marsh","Lib46",36757,41.47,"exact"
"Aston","Gerry Raleigh","ALP",38569,44.95,"Chris Pearce","Lib46",47243,55.05,"exact"
"Ballarat","Catherine King","ALP",51056,58.15,"Samantha McIntosh","Lib46",36752,41.85,"exact"
"Banks","Daryl Melham","ALP",50392,61.08,"Bruce Morrow","Lib46",32109,38.92,"exact"
"Barker","Karen Lock","ALP",38396,40.55,"Patrick Secker","Lib46",56301,59.45,"exact"
"Barton","Robert McClelland","ALP",50902,62.1,"John La Mela","Lib46",31064,37.9,"exact"
"Bass","Jodie Campbell","ALP",32553,51,"Michael Ferguson","Lib46",31282,49,"exact"
"Batman","Martin Ferguson","ALP",60503,75.95,"Jonathan Peart","Lib46",19158,24.05,"exact"
"Bendigo","Steve Gibbons","ALP",50504,56.13,"Peter Kennedy","Lib46",39466,43.87,"exact"
"Bennelong","Maxine McKew","ALP",44685,51.4,"John Howard","Lib46",42251,48.6,"exact"
"Berowra","Michael Colnan","ALP",34223,41.06,"Philip Ruddock","Lib46",49122,58.94,"exact"
"Blair","Shayne Neumann","ALP",45369,54.48,"Cameron Thompson","Lib46",37910,45.52,"exact"
"Blaxland","Jason Clare","ALP",52953,68.37,"Mark Majewski","Lib46",24503,31.63,"exact"
"Bonner","Kerry Rea","ALP",45576,54.53,"Ross Vasta","Lib46",38004,45.47,"exact"
"Boothby","Nicole Cornes","ALP",42075,47.07,"Andrew Southcott","Lib46",47322,52.93,"exact"
"Bowman","Jason Young","ALP",41009,49.96,"Andrew Laming","Lib46",41073,50.04,"exact"
"Braddon","Sid Sidebottom","ALP",34085,51.44,"Mark Baker","Lib46",32176,48.56,"exact"
"Bradfield","Victoria Brookman","ALP",30819,36.55,"Brendan Nelson","Lib46",53512,63.45,"exact"
"Brand","Gary Gray","ALP",45959,55.62,"Phil Edman","Lib46",36673,44.38,"exact"
"Brisbane","Arch Bevis","ALP",47526,56.76,"Ted O'Brien","Lib46",36212,43.24,"exact"
"Bruce","Alan Griffin","ALP",46966,58.32,"Angela Randall","Lib46",33565,41.68,"exact"
"Calare","Michael Allen","ALP",31263,37.95,"John Cobb","NPA",51124,62.05,"exact"
"Calwell","Maria Vamvakinou","ALP",59807,69.33,"Dianne Livett","Lib46",26463,30.67,"exact"
"Canberra","Annette Ellis","ALP",71030,61.82,"Natalie Colbert","Lib46",43871,38.18,"exact"
"Canning","John Hughes","ALP",38109,44.42,"Don Randall","Lib46",47689,55.58,"exact"
"Capricornia","Kirsten Livermore","ALP",53355,62.71,"Robert Mills","NPA",31725,37.29,"exact"
"Casey","Dympna Beard","ALP",36812,44.07,"Tony Smith","Lib46",46726,55.93,"exact"
"Charlton","Greg Combet","ALP",52298,62.87,"Lindsay Paterson","Lib46",30885,37.13,"exact"
"Chifley","Roger Price","ALP",56776,70.66,"Jess Diaz","Lib46",23572,29.34,"exact"
"Chisholm","Anna Burke","ALP",45833,57.38,"Myles King","Lib46",34041,42.62,"exact"
"Cook","Mark Buttigieg","ALP",37396,43.43,"Scott Morrison","Lib46",48711,56.57,"exact"
"Corangamite","Darren Cheeseman","ALP",45968,50.85,"Stewart McArthur","Lib46",44426,49.15,"exact"
"Corio","Richard Marles","ALP",48939,58.93,"Angelo Kakouros","Lib46",34102,41.07,"exact"
"Cowan","Liz Prime","ALP",40975,48.29,"Luke Simpkins","Lib46",43883,51.71,"exact"
"Cowper","Paul Sekfy","ALP",41334,48.77,"Luke Hartsuyker","NPA",43423,51.23,"exact"
"Cunningham","Sharon Bird","ALP",57382,68.13,"Colin Fowler","Lib46",26847,31.87,"exact"
"Curtin","Peter Grant","ALP",28832,36.43,"Julie Bishop","Lib46",50320,63.57,"exact"
"Dawson","James Bidgood","ALP",42520,53.21,"De-Anne Kelly","NPA",37386,46.79,"exact"
"Deakin","Mike Symon","ALP",42319,51.41,"Phil Barresi","Lib46",39991,48.59,"exact"
"Denison","Duncan Kerr","ALP",41982,65.63,"Leigh Gray","Lib46",21988,34.37,"exact"
"Dickson","Fiona McNamara","ALP",41615,49.87,"Peter Dutton","Lib46",41832,50.13,"exact"
"Dobell","Craig Thomson","ALP",44413,53.9,"Ken Ticehurst","Lib46",37983,46.1,"exact"
"Dunkley","Graham McBride","ALP",39711,45.96,"Bruce Billson","Lib46",46693,54.04,"exact"
"Eden-Monaro","Mike Kelly","ALP",45207,53.4,"Gary Nairn","Lib46",39447,46.6,"exact"
"Fadden","Rana Watson","ALP",33205,39.8,"Stuart Robert","Lib46",50228,60.2,"exact"
"Fairfax","Debbie Blumel","ALP",38609,46.99,"Alex Somlyay","Lib46",43558,53.01,"exact"
"Farrer","Chris Ryan","ALP",33493,38.83,"Sussan Ley","Lib46",52766,61.17,"exact"
"Fisher","Darrell Main","ALP",37384,46.9,"Peter Slipper","Lib46",42325,53.1,"exact"
"Flinders","Gary March","ALP",37058,41.75,"Greg Hunt","Lib46",51697,58.25,"exact"
"Flynn","Chris Trevor","ALP",40220,50.16,"Glenn Churchill","NPA",39967,49.84,"exact"
"Forde","Brett Raguse","ALP",41419,52.91,"Wendy Creighton","Lib46",36869,47.09,"exact"
"Forrest","Peter MacFarlane","ALP",37879,44.17,"Nola Marino","Lib46",47871,55.83,"exact"
"Fowler","Julia Irwin","ALP",53306,68.25,"Rose Torossian","Lib46",24801,31.75,"exact"
"Franklin","Julie Collins","ALP",36845,54.48,"Vanessa Goodwin","Lib46",30787,45.52,"exact"
"Fraser","Bob McMullan","ALP",70715,65.07,"Troy Williams","Lib46",37965,34.93,"exact"
"Fremantle","Melissa Parke","ALP",47253,59.14,"John Jamieson","Lib46",32648,40.86,"exact"
"Gellibrand","Nicola Roxon","ALP",60134,71.46,"Wayne Tseng","Lib46",24022,28.54,"exact"
"Gilmore","Neil Reilly","ALP",36930,45.93,"Joanna Gash","Lib46",43467,54.07,"exact"
"Gippsland","Jane Rowe","ALP",38861,44.09,"Peter McGauran","NPA",49280,55.91,"exact"
"Goldstein","Julia Mason","ALP",37488,43.95,"Andrew Robb","Lib46",47811,56.05,"exact"
"Gorton","Brendan O'Connor","ALP",67535,71.22,"Susan Jennison","Lib46",27297,28.78,"exact"
"Grayndler","Anthony Albanese","ALP",62821,74.93,"Daniel Caffery","Lib46",21019,25.07,"exact"
"Greenway","Michael Vassili","ALP",36641,45.5,"Louise Markus","Lib46",43881,54.5,"exact"
"Grey","Karin Bolton","ALP",40623,45.57,"Rowan Ramsey","Lib46",48522,54.43,"exact"
"Griffith","Kevin Rudd","ALP",51600,62.32,"Craig Thomas","Lib46",31198,37.68,"exact"
"Groom","Chris Meibusch","ALP",34782,41.78,"Ian Macfarlane","Lib46",48468,58.22,"exact"
"Hasluck","Sharryn Jackson","ALP",37657,51.26,"Stuart Henry","Lib46",35805,48.74,"exact"
"Herbert","George Colbran","ALP",40746,49.79,"Peter Lindsay","Lib46",41089,50.21,"exact"
"Higgins","Barbara Norman","ALP",35070,42.96,"Peter Costello","Lib46",46559,57.04,"exact"
"Hindmarsh","Steve Georganas","ALP",49937,55.05,"Rita Bouras","Lib46",40767,44.95,"exact"
"Hinkler","Garry Parr","ALP",39734,48.31,"Paul Neville","NPA",42515,51.69,"exact"
"Holt","Anthony Byrne","ALP",57237,61.63,"Emanuele Cicchiello","Lib46",35638,38.37,"exact"
"Hotham","Simon Crean","ALP",51240,63,"Vince Arborea","Lib46",30091,37,"exact"
"Hughes","Greg Holland","ALP",39957,47.84,"Danna Vale","Lib46",43562,52.16,"exact"
"Hume","David Grant","ALP",38537,45.84,"Alby Schultz","Lib46",45526,54.16,"exact"
"Hunter","Joel Fitzgibbon","ALP",54504,65.92,"Beth Black","NPA",28173,34.08,"exact"
"Indi","Zuvele Leschen","ALP",34559,40.81,"Sophie Mirabella","Lib46",50132,59.19,"exact"
"Isaacs","Mark Dreyfus","ALP",52131,57.69,"Ross Fox","Lib46",38230,42.31,"exact"
"Jagajaga","Jenny Macklin","ALP",51630,58.98,"Conrad D'Souza","Lib46",35905,41.02,"exact"
"Kalgoorlie","Sharon Thiel","ALP",31097,47.42,"Barry Haase","Lib46",34474,52.58,"exact"
"Kennedy","Alan Neilan","ALP",34980,42.49,"Ed Morrison","NPA",47339,57.51,"exact"
"Kingsford Smith","Peter Garrett","ALP",54889,63.29,"Caroline Beinke","Lib46",31837,36.71,"exact"
"Kingston","Amanda Rishworth","ALP",49247,54.42,"Kym Richardson","Lib46",41244,45.58,"exact"
"Kooyong","Ken Harvey","ALP",33153,40.47,"Petro Georgiou","Lib46",48775,59.53,"exact"
"Lalor","Julia Gillard","ALP",62600,65.53,"Peter Curtis","Lib46",32926,34.47,"exact"
"La Trobe","Rodney Cocks","ALP",42206,49.49,"Jason Wood","Lib46",43077,50.51,"exact"
"Leichhardt","Jim Turnour","ALP",44816,54.03,"Charlie McKillop","Lib46",38127,45.97,"exact"
"Lilley","Wayne Swan","ALP",48921,58.59,"Scott McConnel","Lib46",34581,41.41,"exact"
"Lindsay","David Bradbury","ALP",46394,56.78,"Karen Chijoff","Lib46",35315,43.22,"exact"
"Lingiari","Warren Snowdon","ALP",28565,61.16,"Adam Giles","CLP",18138,38.84,"exact"
"Longman","Jon Sullivan","ALP",44026,53.57,"Mal Brough","Lib46",38157,46.43,"exact"
"Lowe","John Murphy","ALP",45136,57.37,"Jim Tsolakis","Lib46",33538,42.63,"exact"
"Lyne","James Langley","ALP",32751,41.42,"Mark Vaile","NPA",46311,58.58,"exact"
"Lyons","Dick Adams","ALP",37292,58.78,"Geoff Page","Lib46",26152,41.22,"exact"
"Macarthur","Nick Bleasdeale","ALP",37757,49.28,"Pat Farmer","Lib46",38865,50.72,"exact"
"Mackellar","Chris Sharpe","ALP",31538,37.58,"Bronwyn Bishop","Lib46",52395,62.42,"exact"
"Macquarie","Bob Debus","ALP",50037,57.04,"Kerry Bartlett","Lib46",37690,42.96,"exact"
"Makin","Tony Zappia","ALP",50346,57.7,"Bob Day","Lib46",36909,42.3,"exact"
"Mallee","John Zigouras","ALP",23912,28.73,"John Forrest","NPA",59328,71.27,"exact"
"Maranoa","Mike Bathersby","ALP",28103,35.56,"Bruce Scott","NPA",50936,64.44,"exact"
"Maribyrnong","Bill Shorten","ALP",51657,65.32,"Ian Soylemez","Lib46",27430,34.68,"exact"
"Mayo","Mary Brewerton","ALP",38584,42.94,"Alexander Downer","Lib46",51264,57.06,"exact"
"McEwen","Rob Mitchell","ALP",48308,49.98,"Fran Bailey","Lib46",48339,50.02,"exact"
"McMillan","Christine Maxfield","ALP",36443,45.21,"Russell Broadbent","Lib46",44172,54.79,"exact"
"McPherson","Eddy Sarroff","ALP",34434,41.17,"Margaret May","Lib46",49195,58.83,"exact"
"Melbourne","Lindsay Tanner","ALP",63299,72.27,"Andrea Del Ciotto","Lib46",24284,27.73,"exact"
"Melbourne Ports","Michael Danby","ALP",49191,57.15,"Adam Held","Lib46",36890,42.85,"exact"
"Menzies","Andrew Campbell","ALP",36984,43.98,"Kevin Andrews","Lib46",47104,56.02,"exact"
"Mitchell","Nigel Gould","ALP",31221,38.41,"Alex Hawke","Lib46",50058,61.59,"exact"
"Moncrieff","Sam Miszkowski","ALP",29259,35.99,"Steven Ciobo","Lib46",52042,64.01,"exact"
"Moore","Geraldine Burgess","ALP",28695,40.83,"Mal Washer","Lib46",41576,59.17,"exact"
"Moreton","Graham Perrett","ALP",44055,54.75,"Gary Hardgrave","Lib46",36411,45.25,"exact"
"Murray","Bob Scates","ALP",25577,31.74,"Sharman Stone","Lib46",55015,68.26,"exact"
"Newcastle","Sharon Grierson","ALP",55725,65.91,"Krysia Walker","Lib46",28820,34.09,"exact"
"New England","Luke Brand","ALP",29973,35.2,"Phil Betts","NPA",55167,64.8,"exact"
"North Sydney","Mike Bailey","ALP",38041,44.62,"Joe Hockey","Lib46",47222,55.38,"exact"
"O'Connor","Dominic Rose","ALP",25442,33.45,"Wilson Tuckey","Lib46",50625,66.55,"exact"
"Oxley","Bernie Ripoll","ALP",51607,64.13,"Scott White","Lib46",28868,35.87,"exact"
"Page","Janelle Saffin","ALP",44770,52.36,"Chris Gulaptis","NPA",40740,47.64,"exact"
"Parkes","Margaret Patriarca","ALP",30484,36.96,"Mark Coulton","NPA",51985,63.04,"exact"
"Parramatta","Julie Owens","ALP",48453,56.88,"Colin Robinson","Lib46",36727,43.12,"exact"
"Paterson","Jim Arneman","ALP",40688,48.49,"Bob Baldwin","Lib46",43228,51.51,"exact"
"Pearce","Christopher Myson","ALP",34661,40.93,"Judi Moylan","Lib46",50022,59.07,"exact"
"Perth","Stephen Smith","ALP",46061,58.85,"Daniel Nikolic","Lib46",32205,41.15,"exact"
"Petrie","Yvette D'Ath","ALP",43283,52.05,"Teresa Gambaro","Lib46",39871,47.95,"exact"
"Port Adelaide","Mark Butler","ALP",63158,69.75,"Brenton Chomel","Lib46",27391,30.25,"exact"
"Prospect","Chris Bowen","ALP",50327,63.46,"Lily Arthur","Lib46",28973,36.54,"exact"
"Rankin","Craig Emerson","ALP",49440,61.74,"Pete Coulson","Lib46",30643,38.26,"exact"
"Reid","Laurie Ferguson","ALP",53065,66.8,"Ronney Oueik","Lib46",26373,33.2,"exact"
"Richmond","Justine Elliot","ALP",47973,58.87,"Sue Page","NPA",33513,41.13,"exact"
"Riverina","Peter Knox","ALP",28490,33.77,"Kay Hull","NPA",55868,66.23,"exact"
"Robertson","Belinda Neal","ALP",43697,50.11,"Jim Lloyd","Lib46",43513,49.89,"exact"
"Ryan","Ross Daniels","ALP",38840,46.18,"Michael Johnson","Lib46",45258,53.82,"exact"
"Scullin","Harry Jenkins","ALP",57830,70.85,"Charles Williams","Lib46",23791,29.15,"exact"
"Shortland","Jill Hall","ALP",55379,64.74,"Jon Kealy","Lib46",30162,35.26,"exact"
"Solomon","Damian Hale","ALP",25853,50.19,"David Tollner","CLP",25657,49.81,"exact"
"Stirling","Peter Tinley","ALP",39431,48.71,"Michael Keenan","Lib46",41520,51.29,"exact"
"Sturt","Mia Handshin","ALP",44442,49.06,"Christopher Pyne","Lib46",46153,50.94,"exact"
"Swan","Kim Wilkie","ALP",36256,49.89,"Steve Irons","Lib46",36420,50.11,"exact"
"Sydney","Tanya Plibersek","ALP",53214,69.5,"Georgina Anderson","Lib46",23350,30.5,"exact"
"Tangney","Mark Reynolds","ALP",32019,41.32,"Dennis Jensen","Lib46",45480,58.68,"exact"
"Throsby","Jennie George","ALP",59099,73.46,"Stuart Wright","Lib46",21348,26.54,"exact"
"Wakefield","Nick Champion","ALP",49142,56.59,"David Fawcett","Lib46",37704,43.41,"exact"
"Wannon","Antony Moore","ALP",36282,42.53,"David Hawker","Lib46",49020,57.47,"exact"
"Warringah","Hugh Zochling","ALP",34464,40.5,"Tony Abbott","Lib46",50627,59.5,"exact"
"Watson","Tony Burke","ALP",56499,70.33,"Philip Mansour","Lib46",23835,29.67,"exact"
"Wentworth","George Newhouse","ALP",40734,46.15,"Malcolm Turnbull","Lib46",47538,53.85,"exact"
"Werriwa","Chris Hayes","ALP",51999,65.24,"Rachel Elliott","Lib46",27711,34.76,"exact"
"Wide Bay","Tony Lawrence","ALP",33484,41.53,"Warren Truss","NPA",47149,58.47,"exact"
"Wills","Kelvin Thomson","ALP",62432,72.41,"Claude Tomisich","Lib46",23785,27.59,"exact"
