"Seat","Candidate1","Party1","Votes1","Vote_perc1","Candidate2","Party2","Votes2","Vote_perc2","Est"
"Adelaide","Kate Ellis","ALP",52219,54.65,"David Colovic","Lib46",43325,45.35,"exact"
"Aston","Paul Klisaris","ALP",35444,41.41,"Alan Tudge","Lib46",50142,58.59,"exact"
"Ballarat","Catherine King","ALP",56002,57.32,"Sarah Wade","Lib46",41705,42.68,"exact"
"Banks","Chris Gambian","ALP",43622,48.56,"David Coleman","Lib46",46210,51.44,"exact"
"Barker","Mat O'Brien","ALP",32879,34.81,"Tony Pasin","Lib46",61566,65.19,"exact"
"Barton","Linda Burney","ALP",51131,58.3,"Nickolas Varvaris","Lib46",36571,41.7,"exact"
"Bass","Ross Hart","ALP",37119,56.09,"Andrew Nikolic","Lib46",29056,43.91,"exact"
"Batman","David Feeney","ALP",64645,71.75,"George Souris","Lib46",25456,28.25,"exact"
"Bendigo","Lisa Chesters","ALP",52398,53.74,"Megan Purcell","Lib46",45105,46.26,"exact"
"Bennelong","Lyndal Howison","ALP",37154,40.28,"John Alexander","Lib46",55077,59.72,"exact"
"Berowra","Josh Andrews","ALP",31547,33.55,"Julian Leeser","Lib46",62470,66.45,"exact"
"Blair","Shayne Neumann","ALP",50158,58.88,"Teresa Harding","LNP",35029,41.12,"exact"
"Blaxland","Jason Clare","ALP",55507,69.48,"Felicity Findlay","Lib46",24378,30.52,"exact"
"Bonner","Laura Fraser Hardy","ALP",41907,46.61,"Ross Vasta","LNP",48002,53.39,"exact"
"Boothby","Mark Ward","ALP",44308,46.5,"Nicolle Flint","Lib46",50980,53.5,"exact"
"Bowman","Kim Richards","ALP",39635,42.93,"Andrew Laming","LNP",52690,57.07,"exact"
"Braddon","Justine Keay","ALP",33759,52.2,"Brett Whiteley","Lib46",30913,47.8,"exact"
"Bradfield","Katie Gompertz","ALP",27121,28.96,"Paul Fletcher","Lib46",66513,71.04,"exact"
"Brand","Madeleine King","ALP",50202,61.43,"Craig Buchanan","Lib46",31516,38.57,"exact"
"Brisbane","Pat O'Neill","ALP",41532,44.08,"Trevor Evans","LNP",52693,55.92,"exact"
"Bruce","Julian Hill","ALP",44894,54.08,"Helen Kroger","Lib46",38118,45.92,"exact"
"Burt","Matt Keogh","ALP",48177,57.11,"Matt O'Sullivan","Lib46",36181,42.89,"exact"
"Calare","Jess Jennings","ALP",38300,38.19,"Andrew Gee","NPA",61978,61.81,"exact"
"Calwell","Maria Vamvakinou","ALP",60978,67.87,"John Hsu","Lib46",28870,32.13,"exact"
"Canberra","Gai Brodtmann","ALP",75247,58.46,"Jessica Adelan-Langford","Lib46",53473,41.54,"exact"
"Canning","Barry Winmar","ALP",36507,43.21,"Andrew Hastie","Lib46",47987,56.79,"exact"
"Capricornia","Leisa Neaton","ALP",43522,49.37,"Michelle Landry","LNP",44633,50.63,"exact"
"Casey","Hovig Melkonian","ALP",40528,43.94,"Tony Smith","Lib46",51703,56.06,"exact"
"Chifley","Ed Husic","ALP",59202,69.19,"Mohit Kumar","Lib46",26367,30.81,"exact"
"Chisholm","Stefanie Perri","ALP",42283,48.76,"Julia Banks","Lib46",44437,51.24,"exact"
"Cook","David Atkins","ALP",31625,34.61,"Scott Morrison","Lib46",59760,65.39,"exact"
"Corangamite","Libby Coker","ALP",46126,46.87,"Sarah Henderson","Lib46",52291,53.13,"exact"
"Corio","Richard Marles","ALP",56656,59.99,"Richard Lange","Lib46",37779,40.01,"exact"
"Cowan","Anne Aly","ALP",41301,50.68,"Luke Simpkins","Lib46",40195,49.32,"exact"
"Cowper","Damian Wood","ALP",38717,37.42,"Luke Hartsuyker","NPA",64743,62.58,"exact"
"Cunningham","Sharon Bird","ALP",61377,63.32,"Michelle Blicavs","Lib46",35547,36.68,"exact"
"Curtin","Melissa Callanan","ALP",25133,29.3,"Julie Bishop","Lib46",60631,70.7,"exact"
"Dawson","Frank Gilbert","ALP",42133,46.66,"George Christensen","LNP",48167,53.34,"exact"
"Deakin","Tony Clark","ALP",40004,44.32,"Michael Sukkar","Lib46",50264,55.68,"exact"
"Denison","Jane Austin","ALP",43550,65.34,"Marcus Allan","Lib46",23104,34.66,"exact"
"Dickson","Linda Lavarch","ALP",44011,48.4,"Peter Dutton","LNP",46922,51.6,"exact"
"Dobell","Emma McBride","ALP",52991,54.81,"Karen McNamara","Lib46",43683,45.19,"exact"
"Dunkley","Peta Murphy","ALP",43368,48.57,"Chris Crewther","Lib46",45925,51.43,"exact"
"Durack","Carol Martin","ALP",29866,38.94,"Melissa Price","Lib46",46823,61.06,"exact"
"Eden-Monaro","Mike Kelly","ALP",50003,52.93,"Peter Hendy","Lib46",44466,47.07,"exact"
"Fadden","Meaghan Scanlon","ALP",34826,38.95,"Stuart Robert","LNP",54578,61.05,"exact"
"Fairfax","Scott Anderson","ALP",36164,39.11,"Ted O'Brien","LNP",56299,60.89,"exact"
"Farrer","Christian Kunde","ALP",28465,29.47,"Sussan Ley","Lib46",68114,70.53,"exact"
"Fenner","Andrew Leigh","ALP",79242,63.89,"Robert Gunning","Lib46",44780,36.11,"exact"
"Fisher","Bill Gissane","ALP",34292,40.94,"Andrew Wallace","LNP",49473,59.06,"exact"
"Flinders","Carolyn Gleixner","ALP",42891,42.23,"Greg Hunt","Lib46",58683,57.77,"exact"
"Flynn","Zac Beers","ALP",42666,48.96,"Ken O'Dowd","LNP",44480,51.04,"exact"
"Forde","Des Hardman","ALP",41424,49.37,"Bert van Manen","LNP",42486,50.63,"exact"
"Forrest","Lorrae Loud","ALP",31710,37.44,"Nola Marino","Lib46",52981,62.56,"exact"
"Fowler","Chris Hayes","ALP",57209,67.49,"Adam Farhan","Lib46",27561,32.51,"exact"
"Franklin","Julie Collins","ALP",42264,60.72,"Amanda-Sue Markham","Lib46",27343,39.28,"exact"
"Fremantle","Josh Wilson","ALP",48821,57.52,"Pierrette Kelly","Lib46",36055,42.48,"exact"
"Gellibrand","Tim Watts","ALP",63060,68.23,"Ben Willis","Lib46",29357,31.77,"exact"
"Gilmore","Fiona Phillips","ALP",50833,49.27,"Ann Sudmalis","Lib46",52336,50.73,"exact"
"Gippsland","Shashi Bhatti","ALP",28186,31.57,"Darren Chester","NPA",61106,68.43,"exact"
"Goldstein","Matthew Coote","ALP",34912,37.32,"Tim Wilson","Lib46",58628,62.68,"exact"
"Gorton","Brendan O'Connor","ALP",68135,69.45,"Daryl Lang","Lib46",29970,30.55,"exact"
"Grayndler","Anthony Albanese","ALP",63616,72.36,"David van Gogh","Lib46",24306,27.64,"exact"
"Greenway","Michelle Rowland","ALP",50163,56.31,"Yvonne Keane","Lib46",38920,43.69,"exact"
"Grey","Scott Martin","ALP",37180,41.37,"Rowan Ramsey","Lib46",52696,58.63,"exact"
"Griffith","Terri Butler","ALP",47464,51.6,"Fiona Ward","LNP",44519,48.4,"exact"
"Groom","Bronwyn Herbertson","ALP",31658,34.69,"John McVeigh","LNP",59589,65.31,"exact"
"Hasluck","Bill Leadbetter","ALP",38957,47.95,"Ken Wyatt","Lib46",42294,52.05,"exact"
"Herbert","Cathy O'Toole","ALP",44187,50.02,"Ewen Jones","LNP",44150,49.98,"exact"
"Higgins","Carl Katter","ALP",35493,39.31,"Kelly O'Dwyer","Lib46",54798,60.69,"exact"
"Hindmarsh","Steve Georganas","ALP",49586,50.58,"Matt Williams","Lib46",48446,49.42,"exact"
"Hinkler","Tim Lawson","ALP",36865,41.58,"Keith Pitt","LNP",51804,58.42,"exact"
"Holt","Anthony Byrne","ALP",63929,64.17,"James Mathias","Lib46",35701,35.83,"exact"
"Hotham","Clare O'Neil","ALP",50104,57.48,"George Hua","Lib46",37060,42.52,"exact"
"Hughes","Diedree Steinwall","ALP",38143,40.67,"Craig Kelly","Lib46",55633,59.33,"exact"
"Hume","Aoife Champion-Fashoyin","ALP",37801,39.82,"Angus Taylor","Lib46",57127,60.18,"exact"
"Hunter","Joel Fitzgibbon","ALP",60255,62.46,"Ruth Rogers","NPA",36211,37.54,"exact"
"Indi","Eric Kerr","ALP",41099,45.6,"Sophie Mirabella","Lib46",49038,54.4,"exact"
"Isaacs","Mark Dreyfus","ALP",51538,55.73,"Garry Spencer","Lib46",40932,44.27,"exact"
"Jagajaga","Jenny Macklin","ALP",50536,54.67,"David Mulholland","Lib46",41894,45.33,"exact"
"Kennedy","Norm Jacobsen","ALP",37107,43.14,"Jonathan Pavetto","LNP",48903,56.86,"exact"
"Kingsford Smith","Matt Thistlethwaite","ALP",53962,58.57,"Michael Feneley","Lib46",38172,41.43,"exact"
"Kingston","Amanda Rishworth","ALP",62616,67.05,"Kelvin Binns","Lib46",30775,32.95,"exact"
"Kooyong","Marg D'Arcy","ALP",32996,36.66,"Josh Frydenberg","Lib46",57007,63.34,"exact"
"Lalor","Joanne Ryan","ALP",67731,63.44,"Gayle Murphy","Lib46",39029,36.56,"exact"
"La Trobe","Simon Curtis","ALP",44948,48.54,"Jason Wood","Lib46",47649,51.46,"exact"
"Leichhardt","Sharryn Howes","ALP",40893,46.05,"Warren Entsch","LNP",47915,53.95,"exact"
"Lilley","Wayne Swan","ALP",53190,55.32,"David Kingston","LNP",42964,44.68,"exact"
"Lindsay","Emma Husar","ALP",45633,51.11,"Fiona Scott","Lib46",43643,48.89,"exact"
"Lingiari","Warren Snowdon","ALP",25048,58.42,"Tina MacFarlane","CLP",17827,41.58,"exact"
"Longman","Susan Lamb","ALP",44729,50.79,"Wyatt Roy","LNP",43339,49.21,"exact"
"Lyne","Peter Alley","ALP",38238,38.37,"David Gillespie","NPA",61416,61.63,"exact"
"Lyons","Brian Mitchell","ALP",35838,52.31,"Eric Hutchinson","Lib46",32677,47.69,"exact"
"Macarthur","Mike Freelander","ALP",52448,58.33,"Russell Matheson","Lib46",37464,41.67,"exact"
"Mackellar","Rhonda Funnell","ALP",32212,34.26,"Jason Falinski","Lib46",61800,65.74,"exact"
"Macquarie","Susan Templeman","ALP",47733,52.19,"Louise Markus","Lib46",43719,47.81,"exact"
"Makin","Tony Zappia","ALP",56116,59.65,"Graham Reynolds","Lib46",37954,40.35,"exact"
"Mallee","Lydia Senior","ALP",25083,28.68,"Andrew Broad","NPA",62383,71.32,"exact"
"Maranoa","Dave Kerrigan","ALP",29228,32.46,"David Littleproud","LNP",60821,67.54,"exact"
"Maribyrnong","Bill Shorten","ALP",58465,62.31,"Ted Hatzakortzian","Lib46",35369,37.69,"exact"
"Mayo","Glen Dallimore","ALP",42466,44.65,"Jamie Briggs","Lib46",52650,55.35,"exact"
"McEwen","Rob Mitchell","ALP",65482,57.85,"Chris Jermyn","Lib46",47718,42.15,"exact"
"McMahon","Chris Bowen","ALP",53442,62.11,"George Bilic","Lib46",32596,37.89,"exact"
"McMillan","Chris Buckingham","ALP",44378,43.97,"Russell Broadbent","Lib46",56543,56.03,"exact"
"McPherson","Sandy Gadd","ALP",34039,38.36,"Karen Andrews","LNP",54687,61.64,"exact"
"Melbourne","Sophie Ismail","ALP",62963,66.57,"Philip Liu","Lib46",31616,33.43,"exact"
"Melbourne Ports","Michael Danby","ALP",43573,51.38,"Owen Guest","Lib46",41236,48.62,"exact"
"Menzies","Adam Rundell","ALP",34415,39.44,"Kevin Andrews","Lib46",52842,60.56,"exact"
"Mitchell","Andrew Punch","ALP",29351,32.18,"Alex Hawke","Lib46",61847,67.82,"exact"
"Moncrieff","Hayden Sheppard","ALP",30136,35.06,"Steven Ciobo","LNP",55824,64.94,"exact"
"Moore","Tony Walker","ALP",34129,38.98,"Ian Goodenough","Lib46",53416,61.02,"exact"
"Moreton","Graham Perrett","ALP",45892,54.02,"Nic Monsour","LNP",39056,45.98,"exact"
"Murray","Alan Williams","ALP",22096,25.1,"Damian Drum","NPA",65920,74.9,"exact"
"Newcastle","Sharon Claydon","ALP",63348,63.84,"David Compton","Lib46",35887,36.16,"exact"
"New England","David Ewings","ALP",31904,33.58,"Barnaby Joyce","NPA",63100,66.42,"exact"
"North Sydney","Peter Hayes","ALP",33652,36.39,"Trent Zimmerman","Lib46",58825,63.61,"exact"
"O'Connor","Jon Ford","ALP",30391,34.96,"Rick Wilson","Lib46",56543,65.04,"exact"
"Oxley","Milton Dick","ALP",49250,59.08,"Bibe Roadley","LNP",34111,40.92,"exact"
"Page","Janelle Saffin","ALP",49895,47.7,"Kevin Hogan","NPA",54717,52.3,"exact"
"Parkes","Kate Stewart","ALP",32646,34.9,"Mark Coulton","NPA",60901,65.1,"exact"
"Parramatta","Julie Owens","ALP",47300,57.67,"Michael Beckwith","Lib46",34722,42.33,"exact"
"Paterson","Meryl Swanson","ALP",60779,60.74,"Karen Howard","Lib46",39289,39.26,"exact"
"Pearce","Thomas French","ALP",40360,46.37,"Christian Porter","Lib46",46672,53.63,"exact"
"Perth","Tim Hammond","ALP",44602,53.33,"Jeremy Quinn","Lib46",39029,46.67,"exact"
"Petrie","Jacqui Pedersen","ALP",44867,48.35,"Luke Howarth","LNP",47926,51.65,"exact"
"Port Adelaide","Mark Butler","ALP",67119,69.91,"Emma Flowerdew","Lib46",28890,30.09,"exact"
"Rankin","Jim Chalmers","ALP",52362,61.3,"Freya Ostapovitch","LNP",33061,38.7,"exact"
"Reid","Angelo Tsirekas","ALP",41054,45.31,"Craig Laundy","Lib46",49543,54.69,"exact"
"Richmond","Justine Elliot","ALP",53092,53.96,"Matthew Fraser","NPA",45306,46.04,"exact"
"Riverina","Tim Kurylowicz","ALP",33201,33.56,"Michael McCormack","NPA",65719,66.44,"exact"
"Robertson","Anne Charlton","ALP",46549,48.86,"Lucy Wicks","Lib46",48728,51.14,"exact"
"Ryan","Stephen Hegedus","ALP",38770,40.91,"Jane Prentice","LNP",55994,59.09,"exact"
"Scullin","Andrew Giles","ALP",64369,67.28,"Melanie Stockman","Lib46",31309,32.72,"exact"
"Shortland","Pat Conroy","ALP",58761,59.94,"Jenny Barrie","Lib46",39277,40.06,"exact"
"Solomon","Luke Gosling","ALP",30566,56,"Natasha Griggs","CLP",24019,44,"exact"
"Stirling","Robert Pearson","ALP",36371,43.88,"Michael Keenan","Lib46",46520,56.12,"exact"
"Sturt","Matt Loader","ALP",41034,44.11,"Christopher Pyne","Lib46",51998,55.89,"exact"
"Swan","Tammy Solonec","ALP",37777,46.41,"Steve Irons","Lib46",43625,53.59,"exact"
"Sydney","Tanya Plibersek","ALP",57410,65.31,"Geoffrey Winters","Lib46",30490,34.69,"exact"
"Tangney","Marion Boswell","ALP",32536,38.93,"Ben Morton","Lib46",51029,61.07,"exact"
"Wakefield","Nick Champion","ALP",58494,60.97,"Kathleen Bourne","Lib46",37439,39.03,"exact"
"Wannon","Michael Barling","ALP",36630,41.04,"Dan Tehan","Lib46",52625,58.96,"exact"
"Warringah","Andrew Woodward","ALP",33718,38.91,"Tony Abbott","Lib46",52948,61.09,"exact"
"Watson","Tony Burke","ALP",56247,67.58,"Mohammad Zaman","Lib46",26989,32.42,"exact"
"Wentworth","Evan Hughes","ALP",27121,32.25,"Malcolm Turnbull","Lib46",56971,67.75,"exact"
"Werriwa","Anne Stanley","ALP",52005,58.2,"Ned Mannoun","Lib46",37356,41.8,"exact"
"Whitlam","Stephen Jones","ALP",62730,63.72,"Marcus Hewitt","Lib46",35711,36.28,"exact"
"Wide Bay","Lucy Stanton","ALP",37625,41.86,"Llew O'Brien","LNP",52264,58.14,"exact"
"Wills","Peter Khalil","ALP",67037,71.23,"Kevin Hong","Lib46",27071,28.77,"exact"
"Wright","Allistair Smith","ALP",35667,40.38,"Scott Buchholz","LNP",52651,59.62,"exact"
