DivisionNm,2019,Margin,Age20_24,Age25_34,Age35_44,Age45_54,Age55_64,Age65plus,EnglishOnly,Indigenous,HighestEduc_Bach,HighestEduc_DipCert,HighestEduc_NoTertiary,HighestEduc_PGrad,CurrentlyStudying,Industry_Distributive,Industry_Extractive,Industry_Finance,Industry_InfoProf,Industry_SocialServ,Industry_Transformative,Married,Occup_Admin,Occup_Laborer,Occup_MachOp,Occup_Manager,Occup_Professional,Occup_Sales,Occup_Service,Occup_Tradesperson,Relig_Christian,Relig_Catholic,Relig_Other,Relig_None,Tenure_Mortgage,Tenure_Owned,Tenure_PublicHousing,Tenure_Renting,Unemployed
Adelaide,0.4182,0.0818,9.636753561,18.08787252,13.42533947,12.29581972,10.87739183,14.88877036,63.07082892,1.213414228,20.50403531,21.58743773,39.16884218,9.71313435,33.22610396,15.93760645,2.398143293,3.324178404,10.26566578,26.42836288,12.14210824,40.71590209,12.76940001,9.674901867,4.262450995,12.15595918,28.62885487,8.848060649,11.82369507,10.42204471,24.33384448,18.71458097,23.46656444,33.48501011,29.15165869,26.74395489,7.210029669,40.27625926,9.156387092
Aston,0.6013,0.1013,6.572410662,13.21940463,13.52098061,14.32583177,12.92171996,15.40891108,73.9014119,0.413775212,15.71411521,29.82246905,40.49457693,6.689262198,27.97198262,20.36298498,1.095798197,3.667736725,8.992692691,21.88036145,19.55052082,51.796645,15.68409142,8.107158743,5.627305415,11.87409523,20.75120177,10.76127765,10.0528888,15.1674663,28.28523251,21.56624943,16.56916791,33.57935015,43.65122397,34.18558754,1.500772948,18.92506979,5.542766068
Ballarat,0.3974,0.1026,6.530585311,11.61603942,12.18206747,13.42996869,13.08756571,17.80862093,94.74325994,1.283094678,12.35129799,30.0247484,41.14208146,6.063796793,30.27810161,16.80676722,4.367229802,1.527605237,6.890862261,28.21216286,17.10306702,46.16085947,12.06717496,11.06981809,5.886651963,11.84624856,20.09601548,9.941312984,12.33896512,15.1336609,26.64217789,23.63753675,12.3917618,37.32852356,36.60267502,34.59597016,2.951392948,25.60631123,6.9109327
Banks,0.5626,0.0626,6.87093779,14.48210048,13.22668421,13.40077891,11.98674301,16.14696173,53.12513358,0.814376354,17.8161873,25.28403814,41.00848578,7.944761325,29.69991231,20.16859225,0.770597397,6.553168144,10.42302631,20.68726372,13.8544795,50.66757663,16.62073759,8.090842648,5.942361644,11.98078334,23.41420762,9.669867199,9.794816348,12.59958097,31.60334777,24.22173218,20.34264418,23.83227587,32.75703665,34.76665828,6.213821211,29.6669386,6.290044362
Barker,0.6894,0.1894,5.055250287,10.61590484,11.61946742,14.1072399,14.29623815,20.28742226,93.98796055,2.460600205,6.99809184,29.96337092,49.84925349,2.009417608,27.42527625,17.9587781,16.67901594,1.019647791,2.774613178,18.93794145,18.79530286,50.59682003,10.15204126,18.74583486,8.139327244,16.13680166,11.71847089,9.24719026,10.72648515,13.57383282,39.09727673,13.70750559,12.2063885,34.98882918,34.64434878,35.69942495,3.803966359,25.48485003,6.16792585
Barton,0.4059,0.0941,7.882808945,20.16517788,14.22557032,12.168334,9.988423726,14.34421273,37.30768657,0.666355662,19.75368262,21.36759601,40.0068259,9.406080368,31.33484228,20.08635631,0.447333205,6.285371947,11.38280898,19.66507074,11.92286161,46.87801483,14.60023118,9.835185848,5.929963533,11.52667654,24.12727703,9.81917278,9.808504741,12.05774868,26.40311926,20.49749181,27.98636188,25.11302705,29.22046255,31.25782616,2.046129816,36.14835539,6.520937505
Bass,0.5041,0.0041,6.712594776,11.27157759,11.49503801,13.52179471,13.53448023,19.27126533,93.9726204,3.316777096,11.00223564,28.40931817,45.39581021,4.112699695,30.01883313,18.88596292,5.960903968,2.178963113,5.102033629,25.96966135,15.14998193,45.42239337,11.67866243,12.64635079,7.693569807,11.42884047,18.06071313,10.83999061,12.36651298,13.7265904,36.39574938,13.75013417,13.41445564,36.43966081,32.33963532,34.81275701,4.67628901,29.33710708,8.461504308
Bean,0.4248,0.0752,6.046333638,13.59321186,13.84931265,14.17900562,12.44958936,14.30999971,82.31505564,2.05910924,19.05788631,27.17948734,35.07680235,10.92849608,29.90933443,11.1287917,0.870594681,1.220887755,9.003453165,21.96480785,8.930383905,50.33896339,18.70562767,5.374394336,2.998968903,15.07777117,26.68509801,7.057655081,10.51024881,11.09236672,25.48202879,25.71237232,15.82158312,32.98401578,43.23008399,31.4091048,5.617997642,22.74456256,4.118935268
Bendigo,0.4115,0.0885,6.300292152,11.59133162,11.84328589,13.19852704,13.41243692,18.9611732,95.11898963,1.514596837,11.84861277,30.23121112,40.58003363,5.474303054,29.85263188,16.13054594,5.303786315,3.264999388,5.623123106,26.68668635,18.02705026,46.22930032,11.80993989,12.4914789,5.932004817,11.61852979,20.15567555,9.898920097,12.10364975,14.57489876,28.55409838,20.80524869,13.39808055,37.24257237,36.76442737,34.74736179,2.889614859,25.0818988,6.330497951
Bennelong,0.5691,0.0691,7.99095653,16.92462988,14.42527921,12.7623905,10.92595216,14.33437227,48.65865499,0.335293145,25.46528995,20.66003136,32.3129351,14.29744969,31.66159005,16.85434597,0.689619432,7.375945194,16.54312717,22.31236457,10.81379233,51.8324473,14.9978521,5.568874079,2.809945391,14.04809561,33.71576654,8.695738399,8.284485188,9.85446537,25.99997638,23.36426531,19.7362518,30.89950651,31.00466234,32.07867541,3.136423679,34.05296104,6.385446034
Berowra,0.6565,0.1565,6.192934764,9.377567309,13.47457571,15.16507591,12.85541581,16.6311557,71.76624258,0.470214201,23.44631486,25.47253191,31.7720623,12.28313705,31.47629893,16.07872111,1.498507659,6.512301571,15.33026728,24.71181067,13.07484881,58.90241885,15.03467167,5.18070307,2.494070751,16.78821576,31.63379144,8.46067586,8.371700571,10.40386139,33.31908442,23.38113399,16.31857012,26.98121147,41.85059101,39.0492334,0.652702692,15.63977274,4.555866657
Blair,0.4879,0.0121,6.778732519,14.11758913,12.84530727,12.85761769,11.14400729,13.04966023,92.59104778,4.391742171,8.306461,33.07980846,45.26448685,2.970445176,31.15397873,19.52236228,4.239319962,2.036265931,4.666027174,22.25306563,18.45654018,44.43541283,13.63038365,13.97312626,9.836422063,9.539753398,13.92157309,9.296811376,12.96954472,15.19280046,38.45097991,19.24980303,12.80591393,29.49330313,35.50623537,24.88244384,2.649911843,36.47825036,9.06817141
Blaxland,0.3528,0.1472,8.094149806,17.46151778,12.86269633,11.7793686,10.15381685,11.96365755,27.09177146,0.537742824,12.48207824,20.91348148,51.86746886,4.641528977,34.22284959,21.67817877,0.495410189,4.026592633,6.733415149,18.10934135,19.09651607,47.79434903,13.46332497,13.19567778,9.629922971,8.131684731,15.82691027,9.766826587,10.74710282,16.06209986,17.03412427,19.17445273,50.459322,13.33210101,28.91282689,27.98970912,8.162958888,38.70655892,10.36832303
Bonner,0.5741,0.0741,6.711378261,13.2226147,14.53082648,14.01059029,11.06214337,14.69518135,80.6606564,1.718436243,18.51377686,27.54023196,38.17613953,8.052177444,30.15116672,18.07986875,2.246936304,3.627004432,9.680124161,24.66401995,14.82800831,49.87230971,15.83957603,8.01932246,5.129152538,13.11658479,25.25338736,9.433595064,9.672879233,12.12716905,33.731187,23.60414333,14.43406917,28.23060049,38.26524136,31.4542042,3.093799901,27.23222559,6.443927154
Boothby,0.5138,0.0138,6.811213718,13.14019595,12.62614209,12.9051999,12.76383509,20.33511416,82.55624776,0.851248723,19.58401029,25.95387219,37.37968899,9.069192403,29.17928852,15.29908582,2.186611555,3.618859724,9.130634065,30.7280769,11.86311615,46.63222072,13.99564141,7.736920071,3.05325715,12.41451215,28.4699204,9.240783699,12.7616332,11.24874129,30.26675724,17.85908804,14.82861811,37.0455366,33.67129135,34.27399807,4.463058502,27.79449103,6.744315727
Bowman,0.6024,0.1024,5.544370662,10.69495724,12.5580951,14.4458018,13.54494394,17.72506091,93.05451318,2.286950528,11.25691813,35.2239089,41.37595645,4.242774928,27.5061934,19.69979316,2.656197895,2.644746953,6.933506061,22.23694214,19.36202754,51.84753503,15.77787155,10.16894414,6.473268344,12.28323439,16.86265381,10.21292466,10.93921831,15.87342408,38.79080306,21.16674743,10.2404335,29.80201601,41.27545335,31.61388809,2.266308523,23.42998244,6.385858579
Braddon,0.5309,0.0309,5.252641992,10.22712804,11.1419085,14.04099862,14.51503903,20.69421456,97.49759475,7.253601826,7.206682479,31.19725133,48.21784309,2.351666236,27.09767779,19.30254323,11.70179737,0.926652324,3.447981239,22.04297834,16.47664917,47.43778402,10.96915902,15.44393607,8.666561224,11.51410573,13.32050602,10.4439415,12.11506418,14.80564839,37.61667369,15.19377871,11.23201536,35.95753225,32.11835479,36.97861554,5.305077475,27.36926324,8.041869325
Bradfield,0.6656,0.1656,5.715943898,10.08737708,13.71658875,14.87022409,11.09850073,17.32645494,65.83476058,0.187651137,30.3414674,17.39065794,28.05311418,17.02137655,33.51733032,14.77041677,0.626110001,10.09244406,20.63885046,23.97274851,8.076572769,59.09379672,13.34146205,3.370568237,1.336063006,19.77622189,39.04450868,8.236171885,7.539121635,5.798377115,30.78832823,19.06883766,18.14992745,31.99290666,36.72002621,39.16171887,0.415815428,21.39919802,4.85366887
Brand,0.4334,0.0666,6.95402404,15.74001232,14.11539423,13.36528903,9.600736689,11.54857084,88.72313116,2.411313782,8.793305878,34.99919251,41.84672383,2.787582377,31.92033029,17.8268697,7.734441776,1.684150202,4.847669875,19.95534363,19.21723211,47.87419301,12.50423856,11.6370793,9.823179913,8.539538637,13.1328645,9.769465523,12.65110989,19.95832548,30.77626741,18.05131207,14.95819536,36.21422517,51.13961284,20.39436905,2.061909271,25.41537619,10.03915793
Brisbane,0.5492,0.0492,11.1339437,23.9308025,14.99595336,12.65206505,9.140342447,9.651862718,79.85681963,1.006601077,27.90381151,20.06102117,28.54376913,12.81184099,34.09418549,13.78824242,2.883833265,4.780003232,16.05999692,24.08479979,8.387390241,35.85426009,13.42150456,5.858537818,2.103967985,15.07477686,35.56731628,8.346423951,9.751836956,8.126376581,20.8996181,24.34178912,18.78525001,35.97334278,27.07310362,20.87330635,2.632988535,49.11049842,6.226682516
Bruce,0.4272,0.0728,7.392645635,14.63779864,13.77930149,13.47530906,11.48246977,12.90278998,52.59322684,0.43515954,11.82913234,28.03118208,46.35897367,4.742157245,30.96444414,20.86445769,1.214787381,2.972263621,6.350544873,19.09353499,23.31067153,50.83420748,13.83046602,12.57163517,9.581530422,9.270016604,14.94684826,10.14507135,10.42847348,17.03428525,25.12722647,23.71929113,30.77247855,20.38100385,41.39098709,28.89795755,2.650483975,26.16733082,8.688978585
Burt,0.4448,0.0552,6.837681177,17.41602003,14.44325023,11.89853443,10.01298451,11.63698039,72.03378799,2.635421003,11.38900908,30.54079857,44.50127645,4.223060404,30.4222762,22.06966482,5.411037284,1.737005859,5.299763719,20.12690592,17.49949368,47.40403214,13.85634915,12.4871305,11.39663728,7.704679136,13.71638817,9.671398923,11.5471893,17.9771661,28.66905648,18.4995123,23.12112872,29.7103025,50.29729096,22.39376731,2.791563964,23.96143022,10.28576239
Calare,0.6329,0.1329,5.765348275,11.73382864,11.81458451,13.18619199,12.79545779,18.5372005,95.82202085,6.234974748,9.993493109,31.52124614,41.0715175,3.723947204,32.62972189,15.7041893,13.11348093,1.289487136,4.255333582,23.77471521,13.84246163,47.96967207,11.7131885,12.18001588,8.875129828,12.94949145,16.48575084,9.030755158,11.96407928,15.13771023,37.23094316,28.21361793,13.1756316,21.3798073,33.10282441,35.75620907,3.529424871,27.38137155,6.873364228
Calwell,0.3038,0.1962,7.616172133,16.61287524,14.05309735,13.17647059,9.134131529,8.333853895,41.07060835,0.687836196,10.59702225,24.90743736,50.82961821,4.534296208,34.3723755,23.9970614,1.077929322,2.993616619,5.09418417,18.63085894,19.83103648,51.46074565,13.36701299,12.745106,12.20034604,8.455103268,12.92572176,10.4285458,12.46908299,15.10478064,16.36786395,30.3196252,40.4067326,12.90577824,48.24853754,22.84932518,2.868861225,25.07024442,10.33589936
Canberra,0.3292,0.1708,10.46914408,17.99077355,13.18280497,12.38067873,10.3438368,14.42390576,76.58078505,1.110206557,26.72313504,15.87176092,27.86465033,20.57186334,36.67113623,8.169264644,0.476946369,1.269974717,13.02041191,22.69665164,4.992249665,42.85289653,13.72728523,4.404549388,1.139016725,18.17874838,37.08527121,6.285613376,10.09798812,6.31009827,20.37081378,18.38984133,19.03952367,42.19982122,27.97118324,30.14106417,6.653901006,38.7879657,5.618120072
Canning,0.6155,0.1155,5.542131546,11.61235196,11.99686228,13.45646068,12.52915345,19.42232401,92.81632079,1.998893395,8.271809772,34.28462158,43.96146842,2.684289553,28.40053509,17.22099791,11.2713139,1.337922853,4.489489288,20.1479871,19.21163562,51.170118,11.97986327,11.1563585,10.81272561,9.69837057,13.29801013,9.709084381,11.1445852,19.65698979,35.2173639,18.11330798,12.93607603,33.73325209,44.35445603,30.44613688,1.453403892,21.27941439,9.657261922
Capricornia,0.6235,0.1235,6.054274262,13.50417242,12.99559761,13.8603062,12.36152178,14.07122676,94.92211769,5.341349629,8.390315851,30.53084751,44.8899251,2.705300525,31.4843288,17.54468753,18.40326773,1.005726881,3.691705726,21.05612463,12.63535874,48.93647313,11.92561381,11.80818197,12.49038298,10.36013773,14.26357231,8.716469455,10.29999612,18.21660878,37.14107366,26.61672909,13.63952954,22.60266772,33.27173559,28.96912114,2.501405011,33.68945232,8.020059794
Casey,0.5462,0.0462,5.959648625,11.9450366,13.25048344,14.49257189,13.17260542,15.54788508,92.49266444,0.835538777,11.99643397,34.87295097,39.59370859,5.176578337,28.78186894,17.16080771,3.136344144,2.059490359,7.278457176,22.3946479,22.51618278,49.86023037,13.43109094,9.759856471,5.642035987,12.7400505,17.6021972,9.293567575,11.30967397,18.68286068,27.70411631,18.05714135,11.86319867,42.37554366,49.04741407,33.86722477,0.67470595,14.07314366,4.617807668
Chifley,0.3763,0.1237,7.351373894,15.28833233,13.74009545,12.37488995,10.1738798,10.82607386,55.10442392,3.97514017,13.16232969,24.71513009,47.84953957,4.675779652,32.95085955,24.44394082,1.254573244,4.755158158,5.791151625,18.90142721,17.07891441,47.30873723,15.52410758,13.16806628,14.88096924,6.972973467,14.10405783,9.121671727,10.68292102,12.89001698,27.54737964,30.68787359,27.31569436,14.44905241,38.34167416,21.56880913,10.6184528,36.3203017,9.193086511
Chisholm,0.5047,0.0047,9.538540861,13.7566956,12.28266163,12.96324941,10.50958151,18.23322162,51.25133227,0.171292716,23.23639836,19.76647781,36.70700592,12.53826604,34.39145255,18.08703601,0.916982471,5.210312989,13.75332248,24.57889543,11.56702369,50.5003572,13.79481703,6.637539504,2.838350876,14.24640644,31.30003593,10.26804202,9.497906982,9.701280005,25.18976827,17.71017731,23.20414769,33.89590673,28.79154873,39.49111885,1.865660524,28.28613658,8.349401621
Clark,0.3383,0.1617,7.465335336,14.14084287,12.41199758,13.19890009,12.81568735,17.340133,87.14586576,2.966242175,17.12584763,24.40030036,39.3495917,9.468358259,31.71597402,15.07030479,2.966244916,2.323168865,8.626891027,28.99978721,10.31857989,40.15954147,13.91248873,8.768796627,4.152135624,11.03980028,26.08711755,9.394829525,12.76807232,11.81894125,26.64644967,16.58638376,15.23587573,41.53129083,31.72363167,32.05027265,4.675199778,32.99788277,7.276510911
Cook,0.6902,0.1902,5.500771101,12.46515214,13.6188386,13.77602468,12.20119817,18.94537043,77.76027422,0.987603061,16.80841969,31.50918742,36.25873754,6.378892534,27.90497657,20.4014367,0.878632918,5.323218956,10.16062296,21.37289274,15.44453885,51.12352047,16.37697118,5.551768595,4.117035304,15.70682908,23.61617658,10.11382467,10.07634015,12.58985918,37.97229967,28.38765644,11.83566641,21.80437748,34.17397149,39.05140743,1.880136121,23.50765901,3.879501305
Cooper,0.2379,0.2621,7.684953335,19.33985887,15.69054665,13.1215245,9.344736757,14.06133134,60.79525465,0.72778121,21.1627634,20.01391973,37.02168732,11.96220541,31.63994667,15.96830809,1.172388742,4.159683358,12.420821,26.2145518,12.12404974,40.00897007,12.96386118,7.967991274,4.366629383,12.10187071,29.97095525,9.074195682,10.51611252,11.20760248,18.76882053,24.00312185,21.91278332,35.3152743,28.20844819,30.63661403,3.778054374,37.31370614,7.348545413
Corangamite,0.4898,0.0102,5.56522773,11.01750333,12.94957919,12.66082939,12.59628532,19.36322177,94.20848132,0.792363417,14.79240492,33.31369557,36.66302188,6.108574477,29.78029537,17.13722109,2.826803899,2.547279466,6.876852893,26.48753322,17.81880312,53.67843433,12.24233205,8.889121307,4.721579875,12.16594763,21.40292604,10.31756528,12.71007813,15.80606192,28.83591368,23.30380725,10.90030489,36.95997418,40.36642878,36.51892201,0.695288093,19.96439619,5.169951337
Corio,0.3968,0.1032,7.008020576,13.4847203,12.62716166,13.24444144,12.11073133,17.33865782,85.82820785,1.030830147,13.11787702,28.9508563,41.72579943,5.552081608,30.27445937,18.85514661,2.377313047,2.700274343,6.263000835,26.16250713,17.20308119,44.8872512,11.81933143,11.84168601,6.957800295,10.31711914,19.8843356,10.36832564,12.82607065,14.25375708,26.51392602,26.55859758,14.53044096,32.39703543,33.00465168,33.17266227,3.76663268,30.44865285,7.241717825
Cowan,0.4911,0.0089,6.847620351,16.26701786,13.43013842,12.98602084,11.51342045,14.3788055,63.51841001,1.741693462,13.01705363,27.89441699,45.4050401,4.240207627,30.1429842,18.52268896,4.443642611,2.350487305,6.718565473,21.31911901,17.22828776,46.93258139,13.78235215,12.28669884,7.637220769,9.10112206,16.36194376,10.1412774,11.81939834,16.93515935,25.50568972,26.25937835,23.29593396,24.93899797,40.36316245,30.69528043,4.291434491,25.90854664,9.229232515
Cowper,0.6188,0.1188,4.543225092,9.288930251,10.46671026,12.88263702,14.96277385,24.70382574,95.19129326,6.13288226,9.88014143,32.54259509,41.47166205,3.396762997,28.96219534,17.09454831,4.728490155,1.377720326,4.608350017,27.92345446,13.79347736,45.7397774,12.32306792,12.34718247,5.391816939,11.09738729,18.25038448,10.53999614,13.40851675,13.67290815,36.97021908,21.32454662,13.08637473,28.61885957,27.56879297,39.43316812,3.775497085,28.85603801,7.951582111
Cunningham,0.3659,0.1341,8.214554362,13.00814576,12.74326383,12.99721617,11.78853164,17.29254666,80.79832022,2.239923879,15.05440478,29.92693797,38.11674702,7.869642131,32.52132878,15.09275897,2.724744075,3.749411676,7.235418694,28.75707781,13.86528318,46.43132071,13.24414612,8.571304726,5.642719525,10.68544481,25.20496497,8.676065465,12.38763639,14.0354024,32.35931362,25.12327939,13.6523489,28.86505809,30.810671,34.88902297,6.603715712,30.77035981,7.533054307
Curtin,0.6395,0.1395,6.799198337,15.12641131,13.28594724,13.29466097,11.16228698,16.4683256,82.65119103,0.568882029,29.13573561,19.60380206,27.69168581,13.94746314,33.6125876,11.75610044,6.850190091,3.698802577,14.09928996,28.94409582,9.874023298,48.39925091,11.56437124,4.833928127,1.893572148,16.22510063,38.71962501,7.676990651,9.043958697,8.452163172,27.22915863,22.08370159,15.81541832,34.87172146,31.85289467,34.83600002,2.495365852,29.1511737,6.192990427
Dawson,0.6461,0.1461,6.265432498,13.57154861,13.19599757,14.34979897,12.66595995,14.25930475,92.68427592,5.58672579,9.315966591,31.93219335,43.45639648,2.728112887,30.22959678,18.50816999,13.63657353,1.297714521,4.583279208,19.77475834,13.38677866,47.74919703,11.84277621,12.1034303,10.73316641,11.25452184,15.03470791,9.40637113,10.51902297,17.43150557,35.22681732,26.88001758,13.22767055,24.66549455,33.95210938,28.25792282,3.026120169,33.70158639,7.96845953
Deakin,0.5473,0.0473,5.913439406,13.32147745,14.11229039,13.605262,11.42201285,17.29698369,76.74442058,0.354415372,18.3642516,27.77742239,37.55319851,8.967809513,28.69944694,17.62944274,1.025112087,4.201556599,11.18243534,24.7524547,16.4504359,51.78203873,14.85367711,7.25483101,3.802856446,12.83244234,25.81614102,10.09147199,10.19399379,13.56444449,29.74440472,19.83212567,14.81985987,35.60360974,39.62949535,35.25032121,1.793383905,22.1835551,5.444265345
Dickson,0.5464,0.0464,6.067365749,12.03856948,14.6349441,14.60158177,11.56822597,12.71628278,92.54327142,1.978190191,14.08253852,33.59160612,39.68101343,5.691987253,30.15758797,18.55748357,2.338650455,3.23844689,8.246209325,23.84863095,15.56330548,53.42424092,16.44578747,8.115917767,5.851625513,12.06493202,20.25469356,9.439164728,11.67926499,14.47879921,36.34074065,22.92319467,10.67987205,30.05619264,47.2081896,28.53823482,1.55543524,21.87028946,6.190621913
Dobell,0.485,0.015,5.839048719,11.10774174,12.22329038,13.1452794,12.34845894,19.52629507,94.37361768,4.357672381,8.912483972,33.96324438,43.41348523,2.978972984,29.81011801,18.29261345,1.840052733,2.939235514,5.990774286,23.71062512,18.20200073,45.86468971,13.34403062,11.5588788,7.021150125,10.36654845,16.02781715,11.10730247,12.77796021,16.06380748,37.21312851,25.29372673,10.69481454,26.79833023,37.07223087,32.17258741,2.95674545,26.9103675,7.393937067
Dunkley,0.4726,0.0274,6.116555943,12.73235546,13.66835493,14.2912583,12.16930869,15.92251529,88.40647035,0.867591923,11.71388848,33.1789218,40.4187919,4.693795681,29.10215089,19.23396113,1.518926511,2.558096948,7.009001775,23.32871701,20.96145875,45.35942786,13.74362041,9.609133587,6.367703666,11.71924671,17.5350752,10.95767486,11.62851665,16.38437181,27.28803526,20.23482207,13.53548642,38.94165625,42.85362093,28.51358833,1.838957817,24.95858066,6.383322371
Durack,0.6348,0.1348,5.484582043,16.06340557,14.93448916,14.69671827,12.14117647,10.83938081,87.84548241,15.12321981,8.348976219,31.57841233,40.70994996,2.587313847,31.87467492,14.68749181,21.6362121,0.770149739,3.39055768,19.31021784,11.93169916,43.57070499,11.06315996,12.39888039,11.24591536,12.91551888,14.16550496,6.393769746,10.30615042,18.79409056,27.8974613,21.76346749,18.12309598,32.21597523,23.87649033,23.34849589,10.83491001,47.68838136,7.7998613
Eden-Monaro,0.4915,0.0085,4.79381892,10.56648746,12.14724255,14.85213479,14.90837512,18.72401395,92.54788756,3.179587437,12.10595237,31.06667353,38.52688639,6.229278096,29.7578318,14.01126851,7.624139824,1.046240408,6.186740895,19.98968571,14.76377734,49.89917531,13.95852822,10.82288328,6.036504241,15.91706457,17.35371005,8.669307013,11.10493098,14.19774611,32.9461231,23.72605601,13.76482167,29.56299922,35.83018627,36.6270614,2.204971068,23.78016134,4.45858569
Fadden,0.6418,0.1418,6.577991256,12.83083934,13.51622637,13.67263994,11.46683909,16.60016011,87.57450101,1.732865324,10.89217475,33.1571686,40.70170176,4.102490971,30.24755219,18.50379904,1.434792205,2.533429521,7.033721628,22.82058082,18.20085182,46.98795064,14.20688495,10.00845415,6.06920003,12.5402098,16.48838558,12.18600703,11.64643986,15.08915465,34.37773262,19.86945009,14.64437465,31.10844264,34.7479432,24.35828093,1.510936314,37.81979306,7.596105672
Fairfax,0.6344,0.1344,5.183554688,10.90659879,12.8282344,14.28195243,13.26509254,19.20555289,94.32985995,1.918934795,13.08411801,34.34545012,37.90819095,4.983215746,28.49773468,16.35344174,3.438114824,2.571737149,7.107110024,26.5585864,16.146559,49.93584206,12.94044584,10.25232825,4.845419572,11.56728184,20.05856497,11.06145863,11.98108165,15.65722553,35.45437972,18.05365185,12.23810456,34.25386387,35.81038771,31.15002957,1.830873312,29.03716503,7.278977468
Farrer,0.6983,0.1983,5.523411616,11.13330735,11.2514617,12.94155623,13.66997174,20.08502241,92.13765013,4.143929059,8.769036327,29.6264873,45.37106951,2.796639534,30.28405769,16.72067913,13.20559525,1.265473641,3.620313054,20.31077323,18.47911153,49.70803166,11.39438297,14.89230195,7.761380065,16.08409443,14.37260422,9.227977199,10.54005318,13.81028178,34.9773436,28.29796823,13.73392126,22.99076691,30.69569189,36.34852161,2.331687237,28.5136951,5.691746248
Fenner,0.3944,0.1056,7.311724198,18.31951694,16.89036069,11.85285904,8.54935158,9.157565391,71.45593122,1.807096802,20.79935357,25.66881208,32.99535744,13.49006033,33.0562744,11.23491644,0.78432768,1.707418422,11.09611236,20.84808329,8.238235664,50.93346111,17.66293818,5.533620314,2.494231818,14.35520788,27.53914619,7.464460757,11.21171235,11.13800934,23.43012121,22.35112651,20.52794713,33.69080515,46.54668067,21.42314487,4.578647373,29.84786196,4.749353773
Fisher,0.627,0.127,5.185719685,10.28966086,12.35817613,13.60821908,12.93200014,21.47407484,94.93932615,1.915266467,11.53594798,34.07587245,40.41328897,4.318553614,28.20671408,16.67974354,4.346726881,2.650357674,6.005324475,24.75003702,17.3077889,49.93567535,13.02213597,10.81560178,5.498568262,11.41653445,17.87633836,11.32741737,12.24675274,16.24036754,37.03879325,18.60701646,11.75205305,32.60213724,33.43948839,33.55075336,1.988080451,29.22715383,7.279044772
Flinders,0.5564,0.0564,4.814252944,9.157267551,11.41891842,13.36396749,13.62780233,25.1375972,94.46061657,0.858196103,11.06630129,33.39648536,40.24060197,4.508580432,26.51759998,17.14290108,2.667694752,1.577985551,6.562800014,23.61124037,20.37476866,49.80574191,11.72809946,9.847867497,4.364127671,13.07226362,17.32173732,10.91646957,12.13485412,18.35088466,29.53924177,20.48824103,11.20272043,38.76979677,36.10130082,38.290957,1.460110809,21.3748484,5.287032518
Flynn,0.5866,0.0866,5.5465126,13.22902124,13.18784541,14.4771635,12.48592623,12.98196628,94.80031758,5.284016702,7.562439366,31.6455863,45.93433112,2.045296244,30.60908056,16.92212858,21.13645192,0.699989736,3.837223143,17.13284702,16.00822374,50.70222115,10.65246959,14.07869498,13.56084269,13.23652609,11.82348126,8.056497283,9.239309766,17.48741686,40.15029177,21.59028765,13.63949277,24.61992781,33.68038152,28.23072813,2.848070589,34.3385812,9.16141632
Forde,0.586,0.086,6.718492061,14.13032386,13.94783444,12.64879791,10.56997929,12.57976408,88.28987796,2.865804244,8.590922255,34.09371782,44.97631879,2.812342195,30.45292193,20.78508955,1.823582127,2.087982343,5.444418962,20.45647533,22.26915847,45.86080571,14.68986507,13.05469699,9.851175414,9.807306639,12.94807886,10.24109676,11.0813175,16.5931603,36.06807336,18.9134676,13.78455443,31.23390461,41.08107802,21.35729871,2.771939192,34.62197686,8.521309242
Forrest,0.6458,0.1458,4.582903871,11.67841858,13.55690405,13.92277186,12.91185726,16.51456304,92.77925732,2.209541232,10.43206939,33.76852816,41.25490147,3.170094426,29.56566849,16.26900691,11.73231238,1.280886909,4.075895255,20.57100678,20.16608862,51.18908394,11.10212582,13.57537129,8.703852973,11.47961044,14.76971457,9.842892034,10.34170822,18.42661141,31.68169501,19.21761626,13.25110409,35.84958464,39.95248124,30.3403575,2.996781436,26.36718868,6.929242804
Fowler,0.3601,0.1399,7.724616282,14.46899855,12.82989838,13.36282307,12.31868773,13.39322274,26.95592674,0.798456442,10.0230275,21.17000294,56.34497739,2.591428091,32.2472175,21.16192179,0.999390039,3.956557654,5.853719542,16.92284774,21.22900103,46.02595754,13.43231783,14.94562288,12.01860551,7.685427531,14.54714939,9.293999962,10.57070501,14.6645885,20.64137084,26.77713945,39.44883551,13.1326542,28.29472362,30.55830795,7.556818295,36.90667846,10.7994069
Franklin,0.3779,0.1221,4.902809804,10.9543733,12.35562326,13.56280584,14.25456215,19.68427533,95.03313945,4.676397859,13.36087194,30.53683417,40.50975604,6.06664385,28.04273656,15.59861136,6.192384852,2.499290482,7.284170674,25.43542153,13.76085559,48.40254381,15.08260177,10.07861622,4.437644975,12.08158612,20.62901765,9.489401151,12.36989833,14.1041252,32.541761,16.81082604,11.21521655,39.4321964,38.18078665,37.18847631,3.787417979,21.5311729,5.614004153
Fraser,0.3194,0.1806,8.63645972,20.24486251,14.89513646,11.88320184,9.948753692,12.33110714,39.7994202,0.405057216,16.3862135,20.41419469,45.6173012,7.139370886,32.31031153,20.39812591,1.258969094,4.121938147,8.435955175,18.9143102,15.41222676,41.05542167,12.13259101,14.29196215,9.614835025,9.248594694,19.56166082,9.173797148,10.94026542,12.3591064,16.67076103,24.43540509,33.45921148,25.43462239,30.31319182,28.98888532,3.332515601,36.34457833,10.88171301
Fremantle,0.4308,0.0692,6.160880813,15.66826438,15.16020563,13.9542346,11.27355621,13.36395056,79.6444271,1.403178041,17.17297318,29.16348071,36.43399402,7.1921685,30.17735261,16.83505805,5.776454518,2.187122296,7.863851687,25.1369773,16.30579425,47.3447994,13.29170011,8.346208082,5.773441791,11.82232189,24.46619453,8.576239538,10.38140424,15.86119335,22.52772597,27.86100582,14.85670738,34.75456083,43.6489881,27.58485749,3.94725867,25.95561926,7.499315458
Gellibrand,0.3698,0.1302,5.574757071,17.42127556,17.50368946,12.81184716,8.965865314,10.28320993,60.90068992,0.560286724,19.52679526,24.49316668,36.42465554,10.65630767,30.77296569,20.7216637,1.529465977,5.451894388,11.27965708,20.09278086,15.07026395,52.23751905,14.63650267,7.656967588,7.175282559,14.03499192,24.42181912,8.915534222,9.542731283,11.90104113,21.0065995,24.72927993,25.68247012,28.58165045,42.25552118,25.14058127,1.533431223,29.4800827,6.947350936
Gilmore,0.4739,0.0261,4.451723517,8.852078427,10.13095659,12.51459335,15.9215995,26.59359427,95.62259794,4.949398587,9.741672242,34.1048388,39.13208554,4.324175977,27.39014123,16.26324465,2.887366132,1.30093926,5.014330427,24.58551632,15.48294969,50.586479,11.48603767,10.89816672,5.370188553,11.73829936,17.59500142,10.74511325,13.68709645,16.66278769,37.30161377,21.3186388,12.10297738,29.27677005,27.4865875,44.06507837,2.852302926,23.92019512,6.734101416
Gippsland,0.6667,0.1667,5.325651994,10.96660687,10.92728025,13.174417,14.77300952,21.59790258,94.64781512,1.96012143,8.258294821,32.00475098,42.907215,3.267511717,28.76362633,16.10771778,12.02202601,1.208540488,3.734064462,23.34701575,15.50651952,48.4587277,11.81594325,12.89277023,7.271883432,12.93327139,15.16798688,9.95774315,12.36225154,16.12813856,31.04526011,20.27804609,13.64081689,35.03587691,33.41727501,39.1819576,3.018068006,23.21390936,7.843904374
Goldstein,0.5779,0.0779,5.446668458,10.30561526,13.33221386,15.79728641,12.42813004,17.72367007,79.05598776,0.123589468,26.55525616,20.76099381,31.32942216,13.29996815,31.40784524,15.50387928,1.177548274,6.538670114,17.443207,24.41371975,11.27228345,52.50198687,12.90659829,3.595873725,1.532138963,20.69033257,33.9586461,9.403616807,8.756461915,7.401263109,23.7761956,20.99543256,20.31770553,34.91066631,32.93055174,38.60790082,1.600149006,25.43168694,5.01861432
Gorton,0.3574,0.1426,6.850715089,15.06733087,16.02635385,13.29519524,10.20600996,9.881407681,48.27399404,0.423589908,14.1273829,26.03204467,45.94778328,4.596362147,33.05286839,24.23776458,1.143349351,4.222450945,6.689381463,18.64824387,18.7446845,53.29593754,15.31481572,11.50594167,10.72796638,10.02783609,15.83274374,10.51307874,10.1183516,13.66613604,22.59938936,34.95098827,26.68616423,15.76345814,48.20362436,28.67122476,1.016309999,19.56598564,8.093084364
Grayndler,0.2617,0.2383,6.740876521,19.958007,17.71904683,14.0329945,10.26228962,12.065989,71.09633645,1.105815697,27.20060453,19.34189806,28.02483854,15.16983054,30.15630728,13.17273698,0.576400882,7.670556501,19.79710255,24.54886109,8.425066332,38.95075605,12.77502283,4.663998634,2.30804077,16.88769809,37.9313237,7.064382706,8.417913484,8.253640008,17.31911348,23.1088152,19.40476587,40.16730545,29.03799894,25.41086237,2.524189417,42.40820108,4.679679387
Greenway,0.472,0.028,6.064879256,15.76759198,17.03612305,12.45798409,9.718516177,10.0139192,56.97890036,1.484308994,18.32466585,26.24285582,38.30158263,9.013487828,32.21655594,21.11646403,1.270596024,6.250018587,9.459096985,20.749005,15.73619084,55.87170345,16.68831019,8.365061535,8.147346598,11.33212414,22.69009124,9.131246585,9.216223227,12.46709944,26.00579865,26.71330712,31.93330943,15.34758481,46.8478327,23.14222241,3.66896733,27.28510544,6.324436394
Grey,0.6332,0.1332,5.010527818,11.01673745,11.11487813,14.1804361,14.67411346,20.24434055,94.6696039,6.443381749,6.702429027,29.24557606,49.68478514,1.736445883,27.60727074,17.10759386,18.01037832,0.951864565,2.49093877,21.77505017,14.54752653,47.60440171,10.01284387,14.28487353,9.923146699,15.65865769,12.70592251,8.595204345,12.01816996,14.6740115,36.84974365,16.60659267,12.65063107,33.89303261,30.52733749,36.18628298,7.308749728,29.11162092,8.049154801
Griffith,0.4714,0.0286,9.300031329,21.39833757,15.8731111,12.86486559,9.239373154,10.01726425,80.23776823,1.221162371,25.87978075,22.68618893,30.01663849,12.3044849,32.45478966,13.8533363,2.60807689,4.540832494,13.89705322,26.50963008,10.99873837,39.45754339,14.03227259,6.17714421,2.592855946,14.62054314,34.04088272,8.153287354,9.356908234,9.489684217,24.01930396,24.16728325,17.38489945,34.42851334,30.79188807,21.55453816,4.194513667,44.91529448,6.021079049
Groom,0.7048,0.2048,6.475957302,12.64789168,12.00083405,12.60282634,11.85084044,17.13290241,92.74582741,4.057226262,11.88717558,30.2991191,42.806107,4.75796387,31.35740854,16.9453402,7.080389464,2.527204021,5.134005189,27.07350888,15.40091154,50.16927002,13.52638433,12.29055834,6.5609679,11.17702885,18.95485404,9.416259788,11.47558699,15.20235385,43.70060468,23.47164583,12.68623086,20.14151863,33.95272415,31.22188682,2.053957674,31.21323143,6.90252904
Hasluck,0.559,0.059,6.298003072,14.13534517,14.05432733,14.14377102,10.92833486,13.2033159,84.81558464,2.740995677,11.93689301,32.63749342,39.98457417,4.443295889,31.68640261,19.99223486,7.370967053,1.999260418,6.121251055,20.62649243,16.21736829,50.31970304,14.54209395,9.242722371,8.592596105,11.34127221,16.98442789,9.242781776,11.51808963,17.03369636,29.41271786,20.86306688,17.07078367,32.65343159,52.50187951,26.7677416,2.02092404,17.97879017,7.622566386
Hawke,0.398,0.102,6.440003232,13.88772595,14.12423154,13.37505233,11.51826308,12.15873785,84.2079361,1.198686733,9.300189451,32.93266523,44.71569233,3.676815866,30.6282088,24.33044601,2.276254959,2.86733671,5.5176746,19.6954074,18.82257892,48.08640007,15.51742868,9.891721653,10.43627324,10.02539778,13.64640821,10.42143762,12.07790158,16.11306,25.54407304,30.33955446,13.8980088,30.2183637,48.12735757,26.95452907,1.261027833,21.743125,7.390252591
Herbert,0.5836,0.0836,8.719805847,15.33439511,13.11920923,12.76591711,10.63794825,11.6952966,92.16112961,8.572548127,11.09073284,31.68042907,42.72945091,3.895642562,32.63306915,16.97642941,3.967446408,1.289955901,5.134757327,25.67520975,12.73508709,41.79908667,13.3751942,10.2534618,7.585645946,9.023090098,17.98847361,9.757289725,15.138956,15.30298242,31.55360054,26.91403436,12.90053468,28.63183042,34.9303257,20.64705053,5.35515385,40.29602189,9.841986778
Higgins,0.5371,0.0371,8.702987064,21.62997495,14.07249055,12.31077313,9.950226332,14.47943697,72.87982853,0.214419554,31.09781871,17.40154557,27.08368661,15.42706398,31.30396708,15.05492488,1.132694979,7.38721217,18.99217329,24.19487568,8.750459262,41.93991466,12.56603047,3.52107342,1.310261895,18.33128491,38.55388715,9.134977492,8.22416578,6.741180184,22.25005312,19.04599396,21.90556525,36.79838767,26.08455913,29.94069685,2.14518323,41.09221121,5.73469347
Hindmarsh,0.4346,0.0654,6.22776245,13.38934595,12.55976829,14.22266888,12.98298398,19.46167963,75.82688745,1.71533439,13.43859118,28.23524082,44.82812617,5.209314169,26.64136528,19.57319622,2.230623617,3.141212526,7.035030919,24.17466629,16.01460907,45.12882091,15.3908308,9.677501376,6.108965607,11.33339853,19.92401739,10.06073644,12.21879341,13.48082127,28.61512341,25.75373591,15.05411917,30.57702151,32.22023148,33.88674618,6.703527613,30.05542721,7.347903896
Hinkler,0.645,0.145,4.653769105,9.466539652,10.52001177,12.53659835,14.31783478,25.33446339,95.31553563,4.136839303,7.701225093,30.87485754,47.24392073,2.457283155,26.84672821,17.43031113,7.363794388,1.155609547,4.11423109,27.78296487,13.17835272,49.17870645,11.69110242,13.97123931,7.164138302,9.951341378,16.18299732,11.20807434,13.88265858,14.13843799,42.36442851,18.59196167,11.98814844,27.05546138,27.66915399,38.05339643,2.677768277,30.05106021,11.50449197
Holt,0.4105,0.0895,6.744201591,16.77160618,15.82982421,12.25787046,8.838981352,8.524162823,61.94830906,0.629637056,10.74396382,31.54460552,43.97751048,4.602655777,32.45638661,22.42516247,2.12477087,2.918359306,5.347349575,18.92504457,23.63884631,52.42878598,14.02997378,12.81350695,11.47075123,9.142417145,12.64590167,9.811819424,11.60757129,16.70510468,23.05327184,22.69433861,29.40578838,24.84660116,57.40666634,18.00041435,1.099994223,21.23466289,7.396631241
Hotham,0.3877,0.1123,9.026587422,17.37554,13.49983179,12.11572658,10.10044375,15.16268042,39.97705934,0.197576748,16.97504863,21.31080806,45.24916001,7.844894,32.13719302,19.26337286,1.556397386,4.3615766,9.214553652,20.26229425,17.76134903,47.48784617,12.7894781,12.978286,8.290679109,9.84926664,20.65356946,9.718664685,10.43014199,13.05370332,20.76371423,20.92818352,34.37728615,23.9308161,29.95206322,33.36569056,1.967995614,32.85541997,8.930745078
Hughes,0.5985,0.0985,6.056387532,12.01353521,14.4076966,13.9866164,11.91222787,14.39598079,82.94882225,1.195702363,16.67139151,33.82424815,35.68609139,7.159313303,29.55624625,18.6604235,1.023638711,5.707360608,10.20521549,22.62275745,15.13183991,56.4348344,17.26297663,5.706219123,4.422720469,13.64060751,23.69366243,9.029238168,10.41010405,13.86736312,36.69738048,29.23164924,11.2899113,22.78105897,45.510955,35.84966887,1.638939063,16.25597363,3.725686581
Hume,0.6299,0.1299,5.769433883,11.99500951,13.12315167,13.82287706,12.28216096,15.51410013,93.2271983,3.121699409,9.798738507,35.32025448,40.9451734,3.953188762,30.26642374,18.50630249,5.871813963,2.165872086,5.349244021,21.31388454,19.08313805,52.81520505,14.31794977,9.743754912,8.538584023,13.09709792,15.68273997,9.21424547,11.27430073,16.13214824,38.64860583,30.21031369,10.16714195,20.97393853,45.25439696,32.21688241,1.633725769,19.15343548,4.505793858
Hunter,0.4702,0.0298,5.844687427,12.15009614,12.24020967,12.96048331,12.7377379,18.17120302,96.35491767,5.877052145,7.995862129,34.98886612,43.35168018,2.825584346,28.98292285,15.98225946,13.20521103,1.788518796,4.026801568,21.12259464,15.46330787,48.45306005,11.96063527,12.08049733,11.81297741,9.420027708,14.42177829,9.556526496,11.366066,17.49763344,42.40730047,20.80797568,11.12648259,25.65824126,36.9001583,33.0684095,3.292937484,26.47163467,7.997987676
Indi,0.6273,0.1273,4.830773922,9.947056215,11.43765939,13.79241047,14.98433862,21.25651403,95.068584,1.530103116,9.70043202,33.18101123,40.94006753,4.141039087,28.7573456,16.32939474,8.100072434,1.258656585,4.06814695,23.38300599,17.51304091,49.66387536,10.98517291,12.50317432,7.118292225,14.79450949,16.0837823,9.084158999,12.15894657,15.52060111,32.0323761,22.90373101,12.48752633,32.57636656,33.79726555,38.08269227,3.101248242,23.90618146,5.078494706
Isaacs,0.4357,0.0643,5.74774029,13.01619514,15.29860212,14.30192659,11.22711919,16.09233768,72.65488318,0.379177292,17.3093796,27.30330753,39.19259726,7.578477583,29.05512757,18.37138909,1.488659503,4.399898142,10.08498985,22.12923371,18.5622645,49.81041676,14.89333324,7.132518177,4.783537516,14.27502965,23.80701015,10.45293872,9.502971393,13.31682757,23.66253221,25.00901214,20.07770464,31.25075101,40.5663683,32.45547608,1.292100554,23.56054982,5.425543732
Jagajaga,0.4408,0.0592,6.148653942,12.4552837,14.03830587,13.87445492,12.49510406,16.57244693,79.61936622,0.51048385,20.64688912,25.63574057,35.14415238,11.09740382,29.53821448,15.61383572,1.109009865,4.472151848,11.88464624,28.33772233,14.69794848,51.86239335,14.75844259,5.877324349,3.068249275,14.08133069,29.60500364,8.847953752,10.16475649,12.19212628,23.66177507,26.69856647,13.93124788,35.70841058,38.04048918,38.14840826,2.668886382,21.03189164,5.365846542
Kennedy,0.6451,0.1451,5.467295632,11.9623826,12.06058306,13.69745823,13.27634092,16.47177189,91.98132994,13.65227397,7.379586432,29.70805133,46.5734452,2.142516102,30.51564279,15.35595606,19.45334112,0.941211336,2.96458313,21.55157388,12.10969362,45.44480219,11.22887878,15.10143609,9.900345761,13.50008319,13.03773582,8.316121092,11.64115169,15.65653515,33.62311507,26.91295101,14.62524174,24.83869219,29.25296601,32.79087557,6.202233126,33.78049827,8.523209046
Kingsford Smith,0.4119,0.0881,10.40938749,19.01744715,14.85552207,12.12608151,9.267974678,13.27550023,60.53135518,1.637206855,22.66590546,20.56412188,33.84622712,11.4951135,36.03399077,16.58817305,0.541867257,6.313876983,13.16756653,24.35284767,10.23717408,40.34920432,14.00006971,6.213274493,3.966054836,13.85114324,30.28961329,8.887217761,11.10043788,9.893916053,21.54845572,27.3321477,22.35705177,28.76234481,24.96737284,26.40545129,5.735439287,44.84370331,6.288335973
Kingston,0.3806,0.1194,6.171798116,12.89188809,12.94428895,13.4446532,13.11299413,16.54588909,91.56339627,1.481282671,10.17431099,35.15001841,43.2713212,3.50330274,27.65806526,19.02732618,2.228560645,3.216594066,5.50007853,25.95139947,17.47982194,48.31015554,14.9961814,10.76729382,6.010161159,9.223335086,15.50680973,11.29231798,14.08630784,16.78202409,31.13697072,14.97258541,11.65152154,42.23892233,45.05091243,28.76752155,4.094788056,22.67893175,7.816043608
Kooyong,0.5641,0.0641,8.130843987,13.74965511,12.32226616,14.22177259,11.41175389,16.20711855,70.83855761,0.134277568,30.14867323,16.19070804,29.48790313,16.68039293,34.15677979,15.01389091,1.029131236,6.757648108,17.74511991,27.46508404,8.903591194,49.50364898,12.7312761,3.340867006,1.206886293,18.54582001,39.25902116,9.217950287,8.197157831,5.855550244,24.34715963,21.41696557,17.52291609,36.71295871,29.26270992,38.88384923,0.357349432,29.01184645,5.592294675
La Trobe,0.5545,0.0545,6.197265057,13.67721019,14.41622678,13.50762708,9.967995345,11.94563365,84.93370448,0.650899871,11.31487451,34.1977734,40.99044751,4.706651753,31.5117004,19.94468478,3.530174582,2.589697595,6.365686467,20.71806989,22.63629394,52.08640199,14.44730062,10.08133655,7.637502555,12.19496813,16.02406196,10.40636686,10.33222617,17.11009725,27.65784114,22.81557837,15.26829877,34.25828172,50.63366011,24.30973709,0.584848372,21.25561923,5.527775884
Lalor,0.3756,0.1244,6.509199141,17.94063031,15.34287709,12.03065941,9.367056933,8.86067614,59.79253635,0.821140246,13.40871576,28.2490776,41.96859112,7.493801793,31.88355217,25.13056015,2.041193441,4.096066919,7.298465383,19.61707394,16.10442781,52.12147492,15.16501985,10.62273909,12.06547579,9.140051505,15.84628026,9.887107711,11.70016665,13.39354633,23.22635024,24.9865009,29.81720246,21.9699464,47.54771792,21.80679006,1.041222747,27.84656418,8.658817216
Leichhardt,0.5417,0.0417,6.00180072,13.83973589,14.26110444,14.51320528,12.43577431,12.37755102,79.25563167,16.77671068,11.56319588,31.61546042,38.33405498,4.279831658,32.16746699,17.51375882,4.321255904,1.144385373,4.643661877,25.50503207,10.61462802,38.5662776,12.34161669,10.85627544,5.749076843,11.00228699,19.11738761,9.838564793,14.55659633,14.5511471,31.95258104,19.84033613,17.44237695,30.76470588,29.24601359,22.3272045,10.13068207,44.00729769,9.077389556
Lilley,0.4936,0.0064,6.874648121,16.29607551,14.73687697,12.97499586,10.59645637,15.55555556,84.33574508,2.145388309,18.15367913,28.38005374,37.70808365,7.23728007,28.01523431,18.24692659,2.319049526,3.454638884,9.572345945,24.7347874,12.63088792,44.49952311,16.13057087,8.369104743,5.026511533,11.71111404,24.71521493,8.748959974,10.61751938,12.49364502,28.01589667,28.07418447,14.88325882,29.02666004,33.79777577,28.10754388,4.2964441,34.43580755,5.94066766
Lindsay,0.5504,0.0504,7.106284035,15.62575298,14.21738711,12.41747386,10.88019854,12.06568358,82.99052585,4.142571442,9.607025482,31.47050249,45.06891876,4.034402197,30.95935136,21.18396555,1.930309258,4.142125537,5.431640082,19.95160219,19.12509745,46.72675241,17.29691933,10.08782484,10.96043593,9.889961793,14.96022867,9.555061086,10.74020471,14.56715642,32.36109103,30.89308949,14.89325816,21.85256132,40.53385264,25.71374606,4.054379342,30.48184903,6.165520939
Lingiari,0.4454,0.0546,7.593610457,17.48642513,14.41638464,13.93658687,10.20464165,6.358775642,59.74873767,40.22318496,7.806246317,24.55028219,42.9864815,3.48403595,37.03839214,10.81720399,7.388892937,0.564332979,3.829838672,27.41171384,9.283151965,40.65237262,11.40918266,10.87089505,5.569220444,11.07313396,20.03217273,5.543768219,16.5723714,13.71423184,31.35066814,17.90302597,24.4962955,26.25001039,21.9029255,13.75547957,24.12662385,56.93918571,12.52723954
Longman,0.5328,0.0328,6.282172959,12.14448684,12.40407037,13.04265844,12.02003759,16.99172224,94.2576236,3.689480267,6.987390147,34.60893462,45.50574026,2.252744541,29.79302456,20.53060441,5.155184203,1.747509536,4.887183789,21.04343744,19.13866322,47.57426225,13.68022446,14.29345936,8.964604827,9.39757276,12.06681475,11.05359783,12.31173449,16.4720314,36.92371513,19.29151922,12.47949416,31.30527149,37.67494209,26.96591602,2.08216826,32.45677394,9.181194336
Lyne,0.6517,0.1517,3.995236555,7.618070805,9.69898054,13.23163974,15.81023315,27.53230126,97.58590781,5.447674379,8.111851343,33.81988425,43.09580743,2.766182604,26.98299065,17.48912058,7.860027025,1.185006314,4.267128479,25.47835832,15.51201408,50.92078876,11.59420458,12.7791103,7.021285067,12.13871759,16.10807114,10.98236802,12.32983783,15.33925612,44.67450937,20.248773,10.77006739,24.30665024,28.79992079,45.18120686,1.830693814,21.99173561,8.535765077
Lyons,0.4482,0.0518,4.859571138,10.02518588,11.2624048,14.37100513,15.50687846,19.72024604,97.84265024,4.770266609,6.937589768,30.3278909,48.67875054,2.346134743,27.30812069,17.68116666,11.33063848,1.259731216,3.474618723,21.37831462,16.80852505,47.56772095,11.79751775,14.89537031,8.849773791,13.36222104,11.27903719,9.915262044,12.80785604,15.20439729,37.6955418,15.6062172,11.40890436,35.28933664,36.76553436,37.09450255,3.917605383,22.74875576,7.661822816
Macarthur,0.416,0.084,7.122933788,15.35595949,13.70298957,12.27528283,11.40792602,11.03602339,71.96832183,3.629794642,10.20765241,30.52979172,45.8916243,4.178177581,31.27975689,22.11124475,1.322731766,4.018657103,5.645149972,19.7904104,18.40768679,48.3948275,15.8435013,11.28108846,11.69102,9.190799237,14.7466328,9.970854081,11.08773524,14.03162778,31.23732504,29.57936315,21.07427445,18.10903736,42.89187567,23.69207809,7.835609158,30.19199721,7.602599574
Mackellar,0.6322,0.1322,5.107560207,10.3932456,14.18020005,14.72893001,11.905026,18.54589823,84.31361689,0.549382434,19.8932464,30.65439686,32.42323619,8.032873456,29.79845103,16.93527326,0.775389238,5.066246097,14.57774384,21.79276477,14.84825574,53.75097704,14.19789947,5.70582982,3.225844877,17.43589634,25.45854906,9.528761014,9.714751182,12.68953429,31.77283493,24.15912516,12.25866648,31.80937343,38.14831685,36.76518527,0.97540815,20.89211393,3.351029276
Macnamara,0.4389,0.0611,8.101458465,26.46670894,16.2428662,12.1109702,9.726696259,11.91439442,71.47704086,0.27203551,29.5479586,18.09411049,24.69318569,15.06173522,30.60811668,13.89217783,1.312659812,7.154416469,20.15134054,22.67083096,8.99727191,34.98018358,12.11084194,3.502896931,1.247215383,19.17180857,38.23952599,7.931354061,8.630038966,7.39993292,14.85288523,15.83512999,30.56816741,38.74381737,23.08158198,22.4164632,2.837944001,51.48382045,5.513523779
Macquarie,0.4981,0.0019,5.694121648,10.585426,12.58644635,14.47622017,13.84346126,17.09228502,93.60118621,3.004364832,13.77939553,34.46117259,35.97317881,7.18900473,29.66526841,15.43187397,2.912093658,2.460275931,7.066837318,26.31096188,17.24403593,49.44748035,14.11200687,8.480048997,6.198642223,12.52911383,22.32124716,8.054213198,11.26051656,15.44368516,35.16878295,23.31500482,11.20047049,30.31574174,41.32344932,35.52408934,1.871665385,19.84517097,4.611783629
Makin,0.4028,0.0972,6.454884826,13.74161255,13.51294578,13.49854157,11.88226962,16.67526918,79.02504363,1.39780816,11.07926335,31.51998051,45.14895502,4.434141024,28.4387041,19.68635028,2.376256989,2.749509142,5.620721206,23.79707134,17.82893412,50.38377426,15.3752649,11.01711778,6.9531976,9.532795781,16.65175978,10.13436809,12.67477794,15.27800042,31.16650062,18.59703033,17.24363514,32.99283391,43.49683163,30.86565138,4.034845008,22.05180783,7.789500534
Mallee,0.6568,0.1568,5.131393364,10.37599287,10.55167892,13.32863188,14.57699255,22.37770025,93.12830243,2.535075347,7.45712667,28.19527058,48.54163264,2.252898329,28.27122461,17.5198849,16.84402073,1.237185537,3.328853909,22.59983088,13.66565703,48.86040819,10.07634735,14.62996629,6.939492523,18.18195888,14.08023568,9.747514098,11.4024069,13.05914483,36.18142677,20.13646599,13.30759904,30.3745082,30.12617639,40.85399837,3.13475595,24.41852294,6.565133744
Maranoa,0.7542,0.2542,5.144860502,10.92855515,11.46147555,13.47249594,13.69504887,19.27026773,96.37255453,5.938543217,7.804741062,28.48331216,48.71513735,1.89815173,28.81725187,16.28075331,22.07961324,0.827516756,3.021608413,19.62531354,13.52525795,50.54062858,10.79387319,16.33487801,9.224660786,18.10911475,11.88420409,8.231822335,9.906591638,13.79650992,44.13586454,23.88019681,12.35369827,19.63024038,27.50135149,36.6259607,2.185563123,31.44473999,6.065515022
Maribyrnong,0.397,0.103,6.897831541,16.89748789,14.47884807,13.18670745,10.84435891,16.09746039,67.86314513,0.303103199,20.41834502,22.74850163,37.86411146,9.622812924,29.59826798,19.02747853,1.073703364,5.30636269,11.6204329,23.44812403,13.46740216,46.04626531,15.33574202,6.680221133,4.527626834,13.86011185,27.72510216,9.545307195,9.997654191,10.46770761,18.87006426,36.82600777,17.73119351,26.57273446,30.04938763,34.76774805,4.431497856,31.95541765,6.22702086
Mayo,0.5254,0.0254,4.715137577,8.894921048,11.87958303,14.29370331,14.65688954,21.24136804,95.77818781,0.992792827,13.40666813,32.45028371,39.14144665,5.81357375,28.04765406,15.65344091,7.359418899,2.274470125,6.661977839,25.44937973,16.15144377,53.60249291,12.13094447,10.66192665,4.948533632,14.062084,20.34681487,9.386908742,12.28499931,14.50040827,35.13795422,11.28956248,11.88712323,41.68536008,41.91291832,36.50759541,1.102734509,18.30619237,5.806600816
McEwen,0.4472,0.0528,5.442386101,12.52750373,14.47307198,14.28774221,11.41079329,12.22861019,89.8987329,0.852516936,12.95211653,34.2033068,37.76431838,5.917143451,31.8341338,18.17476385,2.550450034,2.883942347,7.159990765,22.89842431,21.09767052,53.55754135,14.53478701,7.900795675,6.154910193,12.98155277,18.87519682,9.244132874,11.31017663,17.31750123,25.32708732,26.73322766,12.87450414,35.06518087,52.57500304,28.67283111,0.516098249,16.23924915,4.80846129
McMahon,0.4336,0.0664,7.267760228,14.89571418,13.56871669,12.80573876,11.14410183,12.95237168,44.42343742,1.195575458,10.81233757,25.26401823,51.47338596,3.546050457,31.27114313,21.55934816,1.037233053,5.006264818,6.306455022,17.50329296,20.68348272,49.50389259,16.30590831,11.32194876,10.62937886,9.050040256,15.30039129,9.515843739,9.786668564,15.46471886,23.60364088,36.19886101,28.15595415,12.04154397,34.93848796,30.56257845,4.157709103,31.21136304,8.63197632
McPherson,0.622,0.122,5.980792754,12.60573094,13.75022773,13.39627307,12.16393827,17.79728288,89.00706219,1.677380735,13.40781749,32.4831249,38.55375156,5.111826201,29.84280249,17.03258919,1.271288629,2.495430365,7.976546817,25.56379722,15.793973,45.93060745,13.31874465,8.818541847,4.167835685,12.08904951,20.44998071,12.39115186,12.57382744,14.61893982,33.02709315,22.13517945,13.18350988,31.65421753,35.49086727,29.19918134,1.627638958,31.73500049,6.353317024
Melbourne,0.322,0.178,17.42856369,31.43468487,13.17461607,8.65469516,6.757671786,7.910403294,56.9334526,0.359686899,30.03131603,13.63966754,28.24449897,15.51083105,42.00319601,12.54844434,0.968576145,5.633490502,19.97190808,23.56801717,6.35648051,24.12370943,10.79864086,5.843185042,1.819735011,13.71125878,39.06870534,8.060607159,11.52400454,7.2485814,12.03055172,13.80677663,27.03231223,47.13035942,17.37100874,16.05872872,7.850160984,62.18258249,10.98825059
Menzies,0.5702,0.0702,6.528991562,12.10929401,12.79096798,14.20080796,11.84856157,19.42048289,57.71499284,0.144502315,22.44350673,21.98122478,37.29999186,10.7736484,30.04705749,18.67126886,0.917533334,5.384658796,12.96171986,23.7118877,12.97889691,54.69774227,14.25203883,5.925642633,2.663581261,15.74672149,29.25755337,10.69844381,9.105804582,10.66830946,28.31868415,21.3505312,17.29504231,33.03574233,33.33088417,42.9583545,0.541942968,20.32375453,6.405332135
Mitchell,0.6863,0.1863,5.826670343,10.95421902,15.72925283,14.03757533,11.11045466,13.61416361,65.69295907,0.46870692,22.56481972,26.78490767,33.66844131,10.93556649,31.78279307,18.15218048,1.193527899,6.924837028,12.80761775,23.04285494,14.80290267,60.52949312,16.42855635,4.677363695,3.210719844,16.65405409,29.69180575,9.35418303,7.846849398,10.32607275,31.61408484,28.97055155,18.29991991,21.1154437,46.72492077,32.81627759,0.461636449,17.74454865,4.80926845
Monash,0.5686,0.0686,4.661235025,9.939270133,10.68750643,13.25130446,14.84199941,23.19770066,95.39492955,1.026944425,8.815418445,32.72122306,42.8049782,3.708613352,27.60477288,16.34236719,11.37851454,1.384024387,4.818883483,22.5188664,17.87156722,49.16086546,10.92624625,13.06585366,6.734333062,14.63557994,14.83613512,9.792792177,11.5167451,16.74997715,31.66108458,19.46522879,12.17764476,36.69604187,33.91886474,40.31851446,2.212305633,22.12043296,6.701924036
Moncrieff,0.6536,0.1536,8.018111271,15.88731303,13.06590154,13.17788633,11.84799123,18.23051919,81.0017266,1.464276851,13.93035218,29.71675577,38.51914546,5.028974359,30.37693476,16.81176626,1.012137179,2.653829513,7.672282013,23.01381203,13.89783315,39.87293702,12.67445078,10.43474463,4.680875416,12.41549857,18.72949896,12.53125108,12.65535455,13.71969276,29.43141991,21.34490711,17.64275035,31.58092263,29.79159831,26.28577173,2.288498227,39.5047127,7.663943318
Moore,0.6164,0.1164,6.38960699,10.92116889,13.46117347,15.38662914,13.71445401,13.79757191,88.75105435,0.578552963,18.06621021,31.9516126,36.16642955,6.682431915,30.09980693,15.05551733,5.936434279,3.427502458,9.220292649,25.08542213,16.36866598,55.67190614,14.89522489,6.741999471,3.829369917,13.24510745,24.28465204,9.80715868,10.44968941,15.44530592,32.62606761,23.24748846,11.14761609,32.97882784,46.4192636,34.66858433,0.719284905,16.99026235,6.664795968
Moreton,0.481,0.019,9.536166072,18.27016642,14.09902942,12.06429801,9.879238504,12.55457971,61.91407979,1.183288006,22.24021817,22.03389164,36.09829107,11.45974273,33.45642356,16.87349226,1.830302953,3.201863516,10.48106931,26.1759984,12.04483527,45.25493329,13.55240925,9.431483448,5.214380056,11.12586598,28.45296661,9.108787938,10.17212451,11.25574822,26.22882308,18.52404002,22.49744255,32.74969435,32.56362503,30.14470738,2.872332224,33.69846643,8.586245291
New England,0.6763,0.1763,5.777625444,10.96610641,11.14394914,12.74324036,13.59753219,19.99275696,95.6357029,8.436859362,9.393252372,29.58930957,43.82019043,3.864684171,31.86618466,16.61004626,14.57725829,1.358911605,4.034439922,24.74123782,12.78600354,47.75687232,10.8304997,14.82733593,7.070370596,15.35268457,16.08253486,9.316886605,11.08943835,13.40405746,43.86765914,22.60866191,12.60031947,20.92335948,29.11879845,36.4823072,3.021442785,30.31287268,7.138480641
Newcastle,0.3617,0.1383,8.855825046,15.35896327,13.03117261,12.7933488,11.80405414,15.37141135,89.42483369,3.421911239,17.04964991,29.5095271,37.4681131,7.265272408,32.07869806,14.98578012,3.169319158,3.329823506,7.939503212,30.04395436,12.79070848,41.33915265,13.01030637,8.583013988,5.117720938,9.952071494,27.31184597,9.389903492,12.45679992,12.76627565,32.19204109,22.16937249,12.46511262,33.1734738,32.76438058,30.20090084,5.155751913,34.19451728,7.499956759
Nicholls,0.7003,0.2003,5.305942656,10.86750494,11.19787495,13.4323776,13.71402638,20.40285119,90.69588494,2.604917508,7.65254247,29.23572783,47.2537527,2.788422507,29.48769288,16.83426739,11.93330116,1.114821928,3.805292074,21.81358164,19.68737399,49.2040875,10.3909902,15.59541842,7.400811641,15.1351065,14.15557129,9.854420697,11.22687411,14.34490044,31.01006461,25.37642159,15.52138395,28.09212985,33.76083714,36.33242202,3.304971693,25.56865694,6.059481953
North Sydney,0.5927,0.0927,5.518300938,18.05537191,16.79102363,13.10627955,10.39309394,14.37755404,69.70672095,0.252491862,32.1196465,17.38414332,24.26902075,17.57105818,29.76696449,12.84867139,0.667908861,11.38680348,23.71553757,20.93634672,7.458935381,49.41293954,12.60175468,2.706996652,1.106390849,20.24458474,41.61114263,7.455384892,6.813721265,5.632713697,22.90434904,24.27133115,18.41931279,34.40500702,28.43066067,30.75367237,1.701740559,38.15659953,4.372035739
O'Connor,0.6542,0.1542,4.964429764,12.19200511,12.30039877,14.36729478,13.92231027,16.80387023,92.06286117,5.800772447,8.235810014,29.41405339,45.57459457,2.511769543,29.68845379,15.68218905,24.71797276,0.932483008,3.02927102,19.34133133,11.64269427,48.81572519,10.04866398,12.78657819,11.49322022,16.93831374,12.71403011,7.642217931,10.06415891,16.46613737,33.85647538,16.35546276,15.67258268,34.11547919,30.93366048,34.26431907,5.39899556,30.74113931,6.008441584
Oxley,0.4361,0.0639,7.016707883,15.23372942,14.67820737,13.2486881,9.827492611,10.16285663,69.86579273,3.043609385,13.365188,27.82419361,42.08115565,5.732062568,33.95259063,19.72567531,1.986283851,2.829256645,7.072011053,22.25848689,17.14222083,47.72560827,14.21983453,11.87063869,9.357380957,9.821371043,18.73544193,9.060312292,12.07981614,12.85203927,30.16587249,20.31425297,22.53996019,26.97991435,39.41240375,21.90705269,4.835818919,35.91539218,9.312305326
Page,0.5945,0.0945,4.57979285,9.025717733,10.9250088,13.68092916,15.98622354,21.97257278,95.94970921,5.555206395,9.832815297,31.76346815,42.74980484,3.253878222,29.33216854,16.63978146,8.431877994,1.213664122,4.309835605,26.58309915,14.98473251,45.82776838,12.04964302,14.36298374,6.709371472,12.21133871,16.74518844,10.05197072,13.01680513,13.67895503,36.7125044,20.60623963,13.71989542,28.96136055,30.07511236,40.24572093,1.99728137,25.75010122,8.200876112
Parkes,0.6691,0.1691,5.519364539,12.19352199,11.25306072,13.1378802,13.25738632,18.36107738,96.39676581,15.91250073,8.241538121,27.72284068,46.68871126,2.428246814,30.89623101,15.27204977,19.89579571,1.084401323,3.450820114,23.18315389,9.532886983,45.5058805,10.95492759,12.50350243,9.173677869,16.84618601,14.51419794,8.422188935,12.0646751,13.36619157,39.77475693,27.12139614,13.23790163,19.8659453,28.05795485,35.39868115,4.180372965,31.44190443,7.295908214
Parramatta,0.465,0.035,6.812023066,22.13243583,15.76537027,11.05781738,9.194523933,10.67843826,36.29071026,0.647112383,21.75312316,20.03692327,35.79115064,12.44237749,31.42451439,18.75945319,0.752138958,6.63419133,13.02039618,20.52421331,13.71859405,52.08743918,14.77750877,8.979952841,6.580737725,10.45228499,27.83098658,8.646089502,9.185938116,11.40440448,18.79227368,21.1227454,41.48564863,18.59933229,27.61296666,21.56012177,6.603746327,46.95700951,8.48801162
Paterson,0.4496,0.0504,5.865378422,12.19194847,12.17520129,12.76650564,12.50241546,18.46312399,96.09393133,5.474396135,7.818500707,35.49076981,43.75200949,2.687946429,29.10273752,18.08122846,6.684263524,1.900356491,4.697479116,20.57276468,16.94991466,48.26858117,12.68784386,12.46664232,9.848779361,9.04860068,14.02373137,10.40109869,12.23653153,17.39081116,40.5268921,23.51497585,10.52882448,25.42930757,35.1463312,32.51074993,3.915473257,28.84692319,8.354018035
Pearce,0.5522,0.0522,6.697122553,15.85228895,15.301545,13.62710574,8.349988896,9.5840868,82.39538175,1.225849434,11.83499237,34.61998805,40.45098941,3.706072308,32.2952952,17.47160117,7.180548099,2.763197963,6.092843753,21.1288944,18.82730251,51.24099817,14.69182834,10.20210097,6.910408003,10.12566754,15.67830324,10.1186292,11.66303146,18.80396778,30.60880048,20.54757146,15.74188636,33.1017417,57.67681789,17.57677639,1.516638844,21.90379376,8.326894451
Perth,0.4676,0.0324,7.165114592,22.79468608,15.32688717,12.35653715,10.35549054,13.77778571,71.66577257,1.018065913,23.22280402,23.97346696,31.5435871,9.701181655,29.58278327,13.85603045,6.369190253,3.375494602,12.03952585,23.07089764,11.95936637,40.44636708,13.14480345,7.388261462,4.0175121,13.12828504,30.37924176,7.71213854,10.2044004,12.32325957,19.89391182,24.44785386,22.2136987,33.44453563,32.28109008,25.66456345,3.347350172,38.60031077,7.288192338
Petrie,0.584,0.084,5.91793484,13.19085309,14.05401398,13.0975551,10.86211051,16.58232775,87.81836401,2.808825619,11.77920737,32.57692653,41.7721969,4.379672553,28.63259745,20.23742861,2.21933155,2.687121966,6.501688857,24.04712659,16.38697195,46.81621282,15.33464348,10.85980843,6.799751358,10.26817047,17.81454219,10.12259728,12.37726348,14.31632421,34.29658875,22.30748794,13.9508301,29.44509321,35.04049392,25.33733542,3.407943793,36.32044682,8.160023355
Rankin,0.4356,0.0644,7.156722956,15.80915405,14.08725728,12.1282919,10.23804207,10.28614294,69.25229325,2.798440157,11.50677965,28.96317211,45.50475075,4.804724772,31.92351961,22.34840502,1.560217007,2.448113376,6.008106719,20.98805459,18.85382876,46.02512924,14.32151694,13.43931866,11.24834464,8.482602197,15.42224617,9.606660506,11.07676723,14.18284472,33.18903071,17.62839784,21.18156362,28.00100783,39.32786198,21.85992804,4.161525159,35.63472084,10.18187341
Reid,0.5318,0.0318,8.777071412,22.14910937,14.61285164,12.0270338,9.992255361,12.40312237,43.37713595,0.539896032,24.79586253,18.92171599,33.11524607,12.86378861,32.3085152,16.8681359,0.605991103,8.253127052,14.45540683,20.37037699,11.11634365,47.72604561,14.18848752,6.31440487,3.086497354,15.14686993,31.52484821,9.197228343,8.260541365,9.685851603,18.91864787,26.69170209,26.1072326,28.28241744,28.40123945,27.99061685,1.88427366,40.39188451,6.165239945
Richmond,0.4592,0.0408,4.079011294,9.297403782,11.80111409,13.68388827,15.46616797,23.45448132,94.99814788,3.325635411,12.39162453,31.69002106,38.43238544,4.482080015,29.01761648,16.17105591,3.62783044,1.381773655,6.105548772,26.43884762,14.34056498,44.95445247,11.40166714,11.50478466,4.913144708,12.13186877,19.17216302,10.82520915,13.25247981,14.77170044,31.07209647,20.2646133,15.30244847,33.36084176,29.52679747,39.15893053,2.333861785,27.31343545,6.846315313
Riverina,0.6948,0.1948,6.085347268,11.26394385,11.32093595,12.65928971,12.92760082,19.56557934,95.58526153,6.153225497,9.241898873,30.28172037,45.03035413,2.900378197,31.12857161,17.82578233,13.99114909,1.300847226,3.704280777,22.7591119,13.36328291,49.3263755,11.06678431,13.18935949,7.374205532,15.92378537,15.43147263,9.52797687,11.47317408,14.61386752,39.84067827,30.24359319,11.6001332,18.31559534,31.36327223,36.77803529,3.312498516,27.82384255,6.080667512
Robertson,0.5424,0.0424,5.23203966,10.49918897,12.14583143,13.62816075,13.43856865,21.65071519,92.51101844,2.843179249,12.82512863,33.17511615,39.0210076,4.980659916,28.16074601,16.01701648,1.62472843,3.813925268,8.672263165,25.65220399,15.62705298,47.38892512,14.16055132,9.376865809,4.5873164,11.98076103,21.48678807,10.09900625,12.07449512,14.41435795,35.97123818,23.89422165,11.26668586,28.86785431,34.80006142,35.24891178,2.68878506,25.81789394,6.462041556
Ryan,0.5603,0.0603,10.97829237,13.56990437,13.59558998,12.82897337,9.874469823,13.09636713,82.790288,0.898996285,26.42937238,20.62738684,31.1254877,14.95303212,37.13480334,12.97846391,2.754688409,4.118654189,15.17787027,29.4824351,8.43919241,47.9825337,13.30740373,4.97936414,1.926367192,14.09030975,37.01910996,8.566088259,10.35096634,8.066356982,27.91037699,22.17919334,14.68558181,35.22484786,34.7877587,31.23164477,1.345384459,29.96614942,7.59251495
Scullin,0.2834,0.2166,7.266418426,17.02073673,14.4256326,12.53465108,10.31571335,12.39255787,46.31138771,0.736474185,12.84679942,25.79010117,47.36075381,5.564242528,30.14215665,22.38640024,1.391605049,3.571784913,6.179713085,20.07062384,19.16856092,52.67254358,14.39370759,11.85901256,9.691065514,8.861419083,15.65109034,11.08179691,11.31795891,14.74444763,25.77279042,28.3431551,28.90328147,16.98077301,42.10115424,30.30509817,0.987197711,24.05936782,7.935895029
Shortland,0.4555,0.0445,5.530460686,10.70665451,11.80216736,13.49902907,13.14893824,21.12655471,95.59882038,3.907375572,11.00737926,34.45007134,41.97123358,3.892438176,27.45394183,17.14887783,3.664018504,3.354455543,5.844174327,26.01583331,17.51860029,49.14206181,14.00729195,10.47928191,6.618112129,9.750849701,18.82187294,10.41928573,12.22670201,15.999565,39.40227037,22.70579146,9.05572917,28.836209,35.68416154,38.83855404,3.842147779,22.28821477,7.120880865
Solomon,0.4692,0.0308,6.877250628,20.10258566,15.80907988,13.30079375,9.965327195,7.763651819,73.7932733,8.643366796,15.10106173,29.64818879,34.51516358,7.146608433,34.07964238,14.54420957,4.025739641,1.192356913,7.29489827,20.9062329,13.22354196,42.82288168,14.6329703,8.930201056,5.644284096,12.08215205,20.53524834,7.635434303,12.67614849,15.66469245,23.31865549,22.33960246,21.83622592,32.50551613,33.09575889,15.71457657,7.12118763,47.6495632,5.135154213
Spence,0.3587,0.1413,7.437945151,14.78779574,12.18526345,13.05987552,10.94790905,13.27233888,82.94828135,2.851269886,5.58300603,30.16740405,52.8579533,1.61059088,30.678213,22.11076238,3.944351688,1.371988487,3.499936447,20.02638504,20.23239764,41.12466108,12.20728517,17.02617348,11.2309757,8.193450099,9.954708492,10.48039132,13.64546376,14.89114701,29.21630383,16.38501356,17.35578113,37.04290148,40.89492037,22.09624995,7.066802961,33.52566657,12.57298721
Sturt,0.5687,0.0687,6.355009154,12.85717596,12.86470765,13.48346504,11.76044588,20.31760562,70.48325087,0.628606521,21.5079453,22.91101792,37.72587285,10.61069983,29.59027601,15.61807481,2.147808055,3.717213373,11.02621377,28.57188762,12.25611376,49.9666716,14.06519765,7.31559136,3.058239592,12.87873517,30.8823294,9.428485909,10.66636278,10.38991426,26.90030358,25.36094181,16.4984589,31.24029571,32.07062719,36.76846356,3.315213702,26.99244744,6.889928391
Swan,0.5321,0.0321,8.975492076,20.41845237,14.12721441,11.65585516,10.16058832,12.99381326,69.6269753,1.796543655,18.7467144,25.45180783,36.35746661,7.957719698,32.40726844,17.72148836,6.320080698,2.684711905,8.684445438,21.8574906,13.19246219,42.23137145,13.69756491,9.488952506,7.078105578,10.92240933,23.15539353,8.55608238,10.68144951,14.60237292,23.12438508,21.68970712,24.36228815,30.82361966,34.29198817,24.60803098,4.820127986,36.95177285,8.755434934
Sydney,0.3133,0.1867,14.14318317,33.01895217,16.15300655,10.25897996,7.550109149,7.764933519,58.49894672,1.15697559,29.25966275,15.81589383,25.66675099,14.64936641,37.85820599,12.86672412,0.470176218,8.197886001,20.4002378,18.77849218,6.150983981,24.33183963,11.21602412,5.705266664,1.719124398,16.05208034,36.06891051,7.895740627,11.00932235,8.351407074,13.49325263,15.03720976,27.679103,43.79043461,20.02525436,14.43967321,6.600351381,61.5961633,7.048228815
Tangney,0.5953,0.0953,7.104595111,12.07108018,13.31526855,13.86177586,12.22396532,15.97649676,71.0802192,0.767278017,21.88392716,24.77005682,35.82324739,9.349911795,32.30953535,16.7350972,5.592087305,2.965800296,9.538798541,25.39936789,12.75064159,53.92524865,14.13298899,7.707096769,4.341581202,12.93887496,28.2136318,9.213239354,9.932801186,11.95302159,28.14912005,22.43589378,19.80204798,29.61293819,38.10565908,38.0447855,1.323309303,20.78995535,7.958936079
Wannon,0.6016,0.1016,5.016229781,9.915850631,11.19036578,13.96920433,14.90412155,21.28419847,96.57574392,1.49954993,9.469958008,29.65351904,44.73674337,3.401906381,28.51190639,16.16985383,15.07685483,0.969935425,3.870597298,22.69739641,16.16745437,49.06632685,9.636751898,14.84457546,7.371360492,17.67730563,14.86407765,9.269155869,11.09000648,13.83949402,31.48713893,23.67706827,12.62445105,32.21134175,31.48145265,40.70435428,2.615694708,23.53170011,4.815933826
Warringah,0.5212,0.0212,4.691789194,14.3924842,16.37551077,14.56780638,10.61921559,15.25093424,83.1333154,0.343659414,28.80524459,22.04360371,25.93511129,13.86326501,30.61292914,13.35799198,0.699892931,10.57223872,21.26334868,20.32289091,9.634419876,49.92107975,12.47731289,3.473392097,1.645929236,21.41060214,35.23489038,8.223496133,8.026869237,7.663943278,26.82708762,23.98072155,13.58642126,35.60576957,31.9844034,33.28078262,0.862040257,31.7360044,3.571532148
Watson,0.3648,0.1352,7.488243381,17.0162675,13.7550965,12.46290101,9.979407478,12.86177049,29.43552114,0.512747892,15.68163337,20.64384682,47.15668889,6.937789238,33.58115165,21.66970256,0.411820105,4.858816687,8.170952867,19.25110106,14.91357451,49.16526028,13.69446875,11.78370441,8.753728886,9.390394522,18.89916538,10.461194,10.55575952,13.67824846,19.89332012,23.33858472,41.68894081,15.07915435,28.48274493,28.2076041,4.825996561,39.00736666,8.897094625
Wentworth,0.5985,0.0985,5.478188693,20.9990139,16.53459517,12.71078824,9.553841897,14.93838634,79.76876749,0.299377833,32.00446962,16.92216275,23.19881786,14.81055628,31.3779184,12.22126679,0.391163827,10.33015332,23.03136145,20.84832668,7.527427599,40.59676052,10.92781888,2.777152459,1.017579778,21.06893845,40.69287388,7.890677564,7.692172699,5.795956171,17.77041551,20.15266851,29.33548053,32.74143545,24.83989916,29.69166067,0.832816658,41.98553204,3.67836534
Werriwa,0.4453,0.0547,7.251886143,13.69975629,14.12596056,13.59189337,10.58455869,10.1198736,42.75665025,1.718227084,11.44730725,25.34319334,49.75615985,3.841841326,34.31498303,22.49678298,1.341751048,4.35723124,5.665205579,18.13368996,19.89307694,50.28468435,15.68057613,11.81410525,11.89483802,8.995441027,15.3522672,9.423995378,9.937193586,14.31280954,23.75316301,29.12415313,36.00580711,11.11687676,43.76997509,24.82184051,7.754724508,27.1901052,8.428552188
Whitlam,0.3909,0.1091,5.494708872,10.92133703,12.02054319,13.26384253,12.68086006,19.90072112,89.40371119,3.401392019,8.988875692,34.3508915,43.13660962,3.723006593,29.03477404,18.81951972,3.61010332,2.950792155,5.042047061,23.78044216,17.14734745,50.48439279,12.93383843,11.16080398,8.235562441,10.00755748,15.59502031,10.68835648,12.60194751,16.97309549,37.94872134,26.3174941,10.75410963,24.97967493,35.94479454,37.00330016,5.559876247,24.02743501,6.360894567
Wide Bay,0.6315,0.1315,4.231632061,8.444394747,11.07632313,14.25825885,15.83699655,23.25475753,96.35670909,4.087665719,8.494150419,32.23517154,43.93151397,3.039101274,27.48569072,17.26398496,6.871616718,1.222088708,4.819971189,23.49855848,16.14237294,48.80364667,11.76491577,13.55624019,7.03407934,12.22233435,14.70763724,10.49716282,13.05894637,15.29974608,38.5263717,16.60295341,13.37069935,31.49997554,30.84680488,38.96037313,2.616099601,26.23401342,9.828903689
Wills,0.2429,0.2571,7.842207283,21.50919014,15.66929242,11.84132745,8.559134463,14.05809653,58.69812209,0.468099146,21.16189835,20.45254684,37.67121225,11.62344016,30.06420038,16.53528487,0.97081477,4.478525363,12.46313576,25.41123839,12.25926374,41.09288262,13.39173966,7.768200147,4.641023289,11.89419647,29.56391398,8.442006981,10.45757129,12.04219691,15.7345926,27.27141502,25.92279457,31.07119781,29.11310773,31.52791142,1.824337986,36.17205473,7.160927812
Wright,0.6458,0.1458,5.583158001,10.80128774,13.51428427,15.06058455,12.49144465,14.36791807,94.20404895,2.931633248,8.748297987,33.3906006,43.59481662,3.122318656,31.40573906,18.42908754,8.064518407,1.657479471,5.497424354,20.50205565,19.39436726,51.79116557,13.6780628,13.19035933,8.542816885,12.7875949,14.0287419,8.991104811,10.55364182,16.687524,39.20821821,19.49288955,12.88689194,28.4120003,47.52284458,28.77015155,0.571765265,20.07769414,6.677013993
