EndDate,Pollster,Tpp,AdjTpp
2016-07-03,Essential,50,51.8
2016-07-10,Essential,49,50.8
2016-07-17,Essential,49,50.8
2016-07-24,Essential,48,49.8
2016-08-01,Essential,48,49.8
2016-08-08,Essential,48,49.8
2016-08-15,Essential,48,49.8
2016-08-22,Essential,49,50.8
2016-08-28,GalaxyNewspoll,50,51.8
2016-08-29,Essential,49,50.8
2016-09-11,GalaxyNewspoll,50,51.8
2016-09-12,Essential,48,49.8
2016-09-25,GalaxyNewspoll,48,49.8
2016-10-09,GalaxyNewspoll,48,49.8
2016-10-10,Essential,48,49.8
2016-10-17,Essential,47,48.8
2016-10-23,GalaxyNewspoll,48,49.8
2016-11-06,GalaxyNewspoll,47,48.8
2016-11-14,Essential,47,48.8
2016-11-20,GalaxyNewspoll,47,48.8
2016-11-26,Ipsos,49,50.9
2016-11-28,Essential,49,50.8
2016-12-04,GalaxyNewspoll,48,49.8
2016-12-12,Essential,47,48.8
2017-01-12,ReachTEL,46,47.7
2017-01-16,Essential,47,48.8
2017-01-23,Essential,46,47.8
2017-02-05,GalaxyNewspoll,46,47.8
2017-02-12,Essential,48,49.8
2017-02-19,Essential,48,49.8
2017-02-26,GalaxyNewspoll,45,46.8
2017-03-06,Essential,47,48.8
2017-03-13,Essential,47,48.8
2017-03-19,GalaxyNewspoll,48,49.8
2017-03-20,Essential,45,46.8
2017-03-25,Ipsos,45,46.9
2017-03-27,Essential,46,47.8
2017-04-02,GalaxyNewspoll,47,48.8
2017-04-04,Essential,47,48.8
2017-04-09,Essential,47,48.8
2017-04-16,Essential,46,47.8
2017-04-23,GalaxyNewspoll,48,49.8
2017-04-30,Essential,47,48.8
2017-05-11,Ipsos,47,48.9
2017-05-11,ReachTEL,47,48.7
2017-05-15,GalaxyNewspoll,47,48.8
2017-05-23,Essential,46,47.8
2017-05-29,GalaxyNewspoll,47,48.8
2017-06-14,Essential,48,49.8
2017-06-18,GalaxyNewspoll,47,48.8
2017-06-27,YouGov,49,48.8
2017-06-29,ReachTEL,48,49.7
2017-07-09,GalaxyNewspoll,47,48.8
2017-07-11,YouGov,52,51.8
2017-07-17,Essential,46,47.8
2017-07-19,ReachTEL,49,50.7
2017-07-23,GalaxyNewspoll,47,48.8
2017-07-24,YouGov,50,49.8
2017-07-25,Essential,47,48.8
2017-08-01,Essential,48,49.8
2017-08-06,GalaxyNewspoll,47,48.8
2017-08-08,Essential,46,47.8
2017-08-15,Essential,46,47.8
2017-08-20,GalaxyNewspoll,46,47.8
2017-08-21,YouGov,51,50.8
2017-08-22,Essential,47,48.8
2017-08-23,ReachTEL,48,49.7
2017-08-29,Essential,47,48.8
2017-09-02,GalaxyNewspoll,47,48.8
2017-09-04,YouGov,50,49.8
2017-09-05,Essential,47,48.8
2017-09-09,Ipsos,47,48.9
2017-09-12,Essential,46,47.8
2017-09-18,YouGov,50,49.8
2017-09-19,Essential,48,49.8
2017-09-24,GalaxyNewspoll,46,47.8
2017-09-26,Essential,47,48.8
2017-10-01,ReachTEL,47,48.7
2017-10-04,Essential,46,47.8
2017-10-15,GalaxyNewspoll,46,47.8
2017-10-24,Essential,48,49.8
2017-10-29,GalaxyNewspoll,46,47.8
2017-10-29,Essential,46,47.8
2017-11-12,GalaxyNewspoll,45,46.8
2017-11-12,YouGov,48,47.8
2017-11-13,Essential,46,47.8
2017-11-20,Essential,46,47.8
2017-11-27,YouGov,47,46.8
2017-11-27,Essential,46,47.8
2017-11-29,ReachTEL,47,48.7
2017-12-03,GalaxyNewspoll,47,48.8
2017-12-04,Essential,45,46.8
2017-12-10,YouGov,50,49.8
2017-12-11,Essential,46,47.8
2017-12-17,GalaxyNewspoll,47,48.8
2017-12-18,Essential,47,48.8
2018-01-15,Essential,47,48.8
2018-01-25,ReachTEL,48,49.7
2018-01-28,Essential,46,47.8
2018-02-03,GalaxyNewspoll,48,49.8
2018-02-11,Essential,46,47.8
2018-02-18,GalaxyNewspoll,47,48.8
2018-02-24,ReachTEL,46,47.7
2018-02-25,Essential,47,48.8
2018-03-04,GalaxyNewspoll,47,48.8
2018-03-11,Morgan,46,47.4
2018-03-11,Essential,46,47.8
2018-03-25,Morgan,49,50.4
2018-03-25,Essential,48,49.8
2018-03-25,GalaxyNewspoll,47,48.8
2018-03-28,ReachTEL,46,47.7
2018-04-01,Morgan,49,50.4
2018-04-05,Ipsos,48,49.9
2018-04-08,Essential,47,48.8
2018-04-08,GalaxyNewspoll,48,49.8
2018-04-22,Essential,47,48.8
2018-04-22,GalaxyNewspoll,49,50.8
2018-04-30,ReachTEL,48,49.7
2018-05-06,Essential,47,48.8
2018-05-12,Ipsos,46,47.9
2018-05-13,Essential,48,49.8
2018-05-13,GalaxyNewspoll,49,50.8
2018-05-20,Essential,49,50.8
2018-05-27,GalaxyNewspoll,48,49.8
2018-06-02,ReachTEL,48,49.7
2018-06-03,Essential,46,47.8
2018-06-17,Essential,48,49.8
2018-06-17,GalaxyNewspoll,48,49.8
2018-06-24,Ipsos,47,48.9
2018-07-01,Essential,48,49.8
2018-07-01,GalaxyNewspoll,49,50.8
2018-07-02,GalaxyNewspoll,49,50.8
2018-07-03,Essential,48,49.8
2018-07-15,Essential,49,50.8
2018-07-15,GalaxyNewspoll,49,50.8
2018-07-16,GalaxyNewspoll,49,50.8
2018-07-17,Essential,49,50.8
2018-07-29,GalaxyNewspoll,49,50.8
2018-08-02,ReachTEL,48,49.7
2018-08-06,ReachTEL,48,49.7
2018-08-12,GalaxyNewspoll,49,50.8
2018-08-18,Ipsos,45,46.9
2018-08-25,GalaxyNewspoll,44,45.8
2018-08-26,Essential,45,46.8
2018-08-26,Morgan,46,47.4
2018-09-09,Essential,46,47.8
2018-09-09,GalaxyNewspoll,44,45.8
2018-09-10,Essential,46,47.8
2018-09-15,Ipsos,47,48.9
2018-09-23,Essential,47,48.8
2018-09-23,GalaxyNewspoll,46,47.8
2018-09-24,Essential,47,48.8
2018-10-07,Essential,47,48.8
2018-10-13,Ipsos,45,46.9
2018-10-13,GalaxyNewspoll,47,48.8
2018-10-21,Essential,47,48.8
2018-10-28,GalaxyNewspoll,46,47.8
2018-11-04,Essential,46,47.8
2018-11-11,GalaxyNewspoll,45,46.8
2018-11-17,Ipsos,48,49.9
2018-11-18,Essential,48,49.8
2018-11-25,GalaxyNewspoll,45,46.8
2018-12-02,Essential,46,47.8
2018-12-09,GalaxyNewspoll,45,46.8
2018-12-15,Ipsos,46,47.9
2018-12-16,Essential,47,48.8
2019-01-13,Essential,47,48.8
2019-01-27,GalaxyNewspoll,47,48.8
2019-01-30,Essential,48,49.8
2019-01-31,Essential,48,49.8
2019-02-10,GalaxyNewspoll,47,48.8
2019-02-11,Essential,45,46.8
2019-02-15,Ipsos,49,50.9
2019-02-24,Essential,48,49.8
2019-02-24,GalaxyNewspoll,47,48.8
2019-02-25,Essential,48,49.8
2019-03-10,GalaxyNewspoll,46,47.8
2019-03-11,Essential,47,48.8
2019-03-25,Essential,48,49.8
2019-03-28,Galaxy,47,49
2019-04-06,Ipsos,47,48.9
2019-04-07,GalaxyNewspoll,48,49.8
2019-04-07,Morgan,47.5,48.9
2019-04-08,Essential,48,49.8
2019-04-14,GalaxyNewspoll,48,49.8
2019-04-21,Morgan,49,50.4
2019-04-25,Galaxy,48,50
2019-04-28,GalaxyNewspoll,49,50.8
2019-04-28,Morgan,49,50.4
2019-04-29,Essential,49,50.8
2019-05-04,Ipsos,48,49.9
2019-05-05,GalaxyNewspoll,49,50.8
2019-05-05,Morgan,49,50.4
2019-05-06,Essential,48,49.8
2019-05-11,GalaxyNewspoll,49,50.8
2019-05-12,Morgan,48,49.4
2019-05-14,Essential,48.5,50.3
2019-05-15,Ipsos,49,50.9
2019-05-15,Galaxy,49,51
2019-05-16,GalaxyNewspoll,48.5,50.3
