"Seat","From_candidate","From_party","To_candidate1","To_party1","Votes1","Vote_perc1","To_candidate2","To_party2","Votes2","Vote_perc2","Exhausted","Exhausted_perc","Calc_type"
"Gwydir","James Bell","Ind","Lou Cunningham","ALP",850,42.67,"William Webster","Nat",1142,57.33,0,0,"Exact"
"Parkes","Bruce Smith","Ind Nat","Arthur Jones","ALP",796,9.91,"Charles Marr","Nat",7236,90.09,0,0,"Exact"
"Werriwa","William Wright","Ind","Bert Lazzarini","ALP",327,7.21,"John Lynch","Nat",4209,92.79,0,0,"Exact"
"Corangamite","Allan McDonald","Nat","William Gibson","VFU",8232,96.13,"Edward Malone","ALP",331,3.87,0,0,"Exact"
"Corio","Arthur Walter","VFU","John Lister","Nat",3491,75.51,"Alfred Ozanne","ALP",1132,24.49,0,0,"Estimate"
"Corio","Anwoth Brown","Ind Nat","John Lister","Nat",213,75.55,"Alfred Ozanne","ALP",69,24.45,0,0,"Estimate"
"Echuca","Edward Russell","ALP","William Hill","VFU",5467,87.92,"James Stewart","Nat",751,12.08,0,0,"Exact"
"Flinders","William Burrage","VFU","Stanley Bruce","Nat",4725,77.13,"Frederick Riley","ALP",1401,22.87,0,0,"Exact"
"Henty","Norman Grant","ALP","James Boyd","Nat",1596,16.66,"Frederick Francis","Ind Nat",7986,83.34,0,0,"Estimate"
"Henty","Edwin Purbrick","Ind Nat","James Boyd","Nat",1069,34.52,"Frederick Francis","Ind Nat",2028,65.48,0,0,"Estimate"
"Indi","John Leckie","Nat","Robert Cook","VFU",7249,96.76,"Joseph Hanigan","ALP",243,3.24,0,0,"Exact"
"Brisbane","Sine Boland","Ind","Donald Cameron","Nat",632,81.76,"William Finlayson","ALP",141,18.24,0,0,"Exact"
"Wakefield","Herbert Tuck","FSA","Richard Foster","Nat",1908,64.77,"Edward Stokes","ALP",1038,35.23,0,0,"Exact"
"Perth","Lionel Carter","Nat","John Curtin","ALP",704,14.98,"James Fowler","Nat",3995,85.02,0,0,"Estimate"
"Perth","Gerald Hartrey","Ind FT","John Curtin","ALP",252,31.09,"James Fowler","Nat",559,68.91,0,0,"Estimate"
"Swan","William Hedges","Nat","Edwin Corboy","ALP",534,12.54,"John Prowse","FSA",3726,87.46,0,0,"Exact"
"Bass","Stephen Margetts","Nat","Alfred Higgins","ALP",140,5.5,"David Jackson","Nat",2413,94.5,0,0,"Estimate"
"Bass","Jens Jensen","Ind Nat","Alfred Higgins","ALP",564,33.4,"David Jackson","Nat",1125,66.6,0,0,"Estimate"
"Bass","Timothy Earley","Ind","Alfred Higgins","ALP",268,81.6,"David Jackson","Nat",60,18.4,0,0,"Estimate"
"Bass","Luke Bryant","Ind","Alfred Higgins","ALP",113,67.61,"David Jackson","Nat",54,32.39,0,0,"Estimate"
"Wilmot","Norman Cameron","FSA","Llewellyn Atkinson","Nat",1154,52.22,"Henry McFie","Nat",1056,47.78,0,0,"Exact"
