"Seat","From_candidate","From_party","To_candidate1","To_party1","Votes1","Vote_perc1","To_candidate2","To_party2","Votes2","Vote_perc2","Exhausted","Exhausted_perc","Calc_type"
"Barton","Stanley Allen","SC","John Donovan","ALP",4124,74.15,"Albert Lane","UAP31",1438,25.85,0,0,"Exact"
"Richmond","Jim Fredericks","ALP","Larry Anthony","CP",11337,74.33,"Roland Green","CP",3916,25.67,0,0,"Estimate"
"Richmond","Robert Gibson","CP","Larry Anthony","CP",5079,60.23,"Roland Green","CP",3354,39.77,0,0,"Estimate"
"Riverina","Robert Ballantyne","Ind","Horace Nock","CP",3905,75.61,"William Quirk","ALP",1260,24.39,0,0,"Exact"
"Robertson","John Metcalfe","Ind","Gordon Cross","ALP",1367,32.39,"Sydney Gardner","UAP31",2853,67.61,0,0,"Exact"
"Warringah","Walter Salter","ALP","Sir Archdale Parkhill","UAP31",604,7.12,"Percy Spender","Ind UAP31",7890,92.88,0,0,"Estimate"
"Warringah","Joseph Hamlet","Ind UAP31","Sir Archdale Parkhill","UAP31",1966,23.97,"Percy Spender","Ind UAP31",6234,76.03,0,0,"Estimate"
"Bendigo","Walter Pearce","UAP31","Ernest Duus","ALP",1729,12.58,"George Rankin","CP",12019,87.42,0,0,"Exact"
"Wannon","Robert Rankin","CP","Don McLeod","ALP",4655,40.07,"Thomas Scholfield","UAP31",6963,59.93,0,0,"Exact"
"Griffith","William Moore","SC","Francis Baker","ALP",1162,19.02,"Dugald Clark","UAP31",4946,80.98,0,0,"Exact"
"Herbert","Fred Paterson","CPA","George Martens","ALP",10760,85.92,"James Wilkie","CP",1763,14.08,0,0,"Estimate"
"Herbert","Henry Beck","SC","George Martens","ALP",2737,75.56,"James Wilkie","CP",885,24.44,0,0,"Estimate"
"Maranoa","Henry Madden","SC","Randolph Bedford","ALP",2189,41.64,"James Hunter","CP",3068,58.36,0,0,"Exact"
"Wide Bay","George Watson","ALP","Bernard Corser","CP",6554,56.29,"Geoffrey Nichols","SC",5090,43.71,0,0,"Exact"
"Adelaide","Edwin Yates","ALP","Kenneth Bardolph","ALP",6174,63.76,"Fred Stacey","UAP31",3509,36.24,0,0,"Estimate"
"Adelaide","Herbert George","ALP","Kenneth Bardolph","ALP",3814,69.96,"Fred Stacey","UAP31",1637,30.04,0,0,"Estimate"
"Perth","Jack Simons","UAP31","Tom Burke","ALP",1682,16.76,"Walter Nairn","UAP31",8353,83.24,0,0,"Estimate"
"Perth","Viv James","Ind","Tom Burke","ALP",1296,42.02,"Walter Nairn","UAP31",1789,57.98,0,0,"Estimate"
"Denison","Maxwell Hickman","Ind ALP","Sir John McPhee","UAP31",981,45.42,"Gerald Mahoney","ALP",1178,54.58,0,0,"Estimate"
"Denison","Athol Smith","SC","Sir John McPhee","UAP31",212,35.41,"Gerald Mahoney","ALP",388,64.59,0,0,"Estimate"
"Northern Territory","Ronald Hughes-Jones","Ind","Adair Blain","Ind",217,65.24,"Robert Toupein","ALP",116,34.76,0,0,"Estimate"
"Northern Territory","Harold Nelson","Ind","Adair Blain","Ind",130,42.54,"Robert Toupein","ALP",175,57.46,0,0,"Estimate"
