"Seat","From_candidate","From_party","To_candidate1","To_party1","Votes1","Vote_perc1","To_candidate2","To_party2","Votes2","Vote_perc2","Exhausted","Exhausted_perc","Calc_type"
"Calare","Harold Thorby","CP","John Breen","ALP",400,3.57,"John Howse","Lib46",10789,96.43,0,0,"Estimate"
"Calare","Madge Roberts","Ind","John Breen","ALP",108,36.58,"John Howse","Lib46",188,63.42,0,0,"Estimate"
"Reid","Jeffrey Blaxland","Lib46","Jack Lang","LL43",12668,80.41,"Charles Morgan","ALP",3087,19.59,0,0,"Estimate"
"Reid","William Beckett","SP","Jack Lang","LL43",1599,72.86,"Charles Morgan","ALP",595,27.14,0,0,"Estimate"
"Riverina","Christopher Lethbridge","Lib46","Joe Langtry","ALP",1113,15.7,"Hugh Roberton","CP",5973,84.3,0,0,"Estimate"
"Riverina","John Gosling","LL43","Joe Langtry","ALP",1999,89.66,"Hugh Roberton","CP",231,10.34,0,0,"Estimate"
"Riverina","William Pow","Ind","Joe Langtry","ALP",124,50.37,"Hugh Roberton","CP",122,49.63,0,0,"Estimate"
"Bendigo","Joseph Hall","Lib46","Ernest Duus","ALP",931,9.02,"George Rankin","CP",9392,90.98,0,0,"Exact"
"Bourke","Russell Stokes","Lib46","Doris Blackburn","Ind ALP",14868,88.03,"Bill Bryson","ALP",2021,11.97,0,0,"Estimate"
"Bourke","Henry Brand","SP","Doris Blackburn","Ind ALP",985,73.92,"Bill Bryson","ALP",348,26.08,0,0,"Estimate"
"Wannon","Leonard Rodda","CP","Dan Mackinnon","Lib46",9933,83.09,"Don McLeod","ALP",2022,16.91,0,0,"Exact"
"Capricornia","Andrew Taylor","SP","Charles Davidson","Lib46",1732,70.58,"Frank Forde","ALP",722,29.42,0,0,"Exact"
"Herbert","Jack Henry","CPA","Bill Edmonds","ALP",7512,79.89,"Lloyd Roberts","CP",1892,20.11,0,0,"Estimate"
"Herbert","Joseph Pollard","Ind","Bill Edmonds","ALP",702,42.09,"Lloyd Roberts","CP",966,57.91,0,0,"Estimate"
"Herbert","Alexander McNamee","SP","Bill Edmonds","ALP",565,45.75,"Lloyd Roberts","CP",671,54.25,0,0,"Estimate"
"Lilley","George Mocatta","SP","James Hadley","ALP",3570,45.91,"Charles Wilson","Lib46",4206,54.09,0,0,"Exact"
"Swan","Bill Grayden","Ind","Len Hamilton","CP",10567,82.2,"Don Mountjoy","ALP",2289,17.8,0,0,"Exact"
"Bass","John Orchard","Ind","Claude Barnard","ALP",1892,35.83,"Harry Spotswood","Lib46",3389,64.17,0,0,"Exact"
"Northern Territory","Bob Murray","ALP","Adair Blain","Ind",333,49.18,"Leigh Wallman","Ind ALP",344,50.82,0,0,"Estimate"
"Northern Territory","Ralph Edwards","Ind","Adair Blain","Ind",76,53.96,"Leigh Wallman","Ind ALP",65,46.04,0,0,"Estimate"
