"Seat","From_candidate","From_party","To_candidate1","To_party1","Votes1","Vote_perc1","To_candidate2","To_party2","Votes2","Vote_perc2","Exhausted","Exhausted_perc","Calc_type"
"Cook","Milo Dunphy","AP","Don Dobie","Lib46",390,25.11,"Ray Thorburn","ALP",1165,74.89,0,0,"Estimate"
"Cook","Ronald Gallagher","Ind","Don Dobie","Lib46",75,44.65,"Ray Thorburn","ALP",92,55.35,0,0,"Estimate"
"Eden-Monaro","Jonathan Bell","Lib46","Ron Brewer","CP",11034,97.43,"Bob Whan","ALP",291,2.57,0,0,"Estimate"
"Eden-Monaro","Keith Hughes","AP","Ron Brewer","CP",247,34.8,"Bob Whan","ALP",464,65.2,0,0,"Estimate"
"Hume","Graham Thompson","Lib46","Stephen Lusher","CP",4579,92.66,"Frank Olley","ALP",363,7.34,0,0,"Estimate"
"Hume","John Gedye","AP","Stephen Lusher","CP",724,57.77,"Frank Olley","ALP",529,42.23,0,0,"Estimate"
"Parramatta","Robert MacKenzie","AP","Philip Ruddock","Lib46",778,52.55,"Barry Wilde","ALP",703,47.45,0,0,"Estimate"
"Parramatta","Derek Barker","Ind","Philip Ruddock","Lib46",636,53.51,"Barry Wilde","ALP",552,46.49,0,0,"Estimate"
"Paterson","Robert Fowler","AP","Frank O'Keefe","CP",517,56.44,"Noel Unicomb","ALP",399,43.56,0,0,"Exact"
"Riverina","Donald Mackay","Lib46","Al Grassby","ALP",516,5.82,"John Sullivan","CP",8352,94.18,0,0,"Estimate"
"Riverina","John Thomson","AP","Al Grassby","ALP",148,41.35,"John Sullivan","CP",209,58.65,0,0,"Estimate"
"Ballaarat","Bryan Hanrahan","DLP","Dudley Erwin","Lib46",3886,91.97,"David Williams","ALP",339,8.03,0,0,"Estimate"
"Ballaarat","Pamela Clifford","AP","Dudley Erwin","Lib46",1099,69.85,"David Williams","ALP",475,30.15,0,0,"Estimate"
"Bendigo","Joseph Pearce","Ind","John Bourchier","Lib46",3829,93.7,"David Kennedy","ALP",258,6.3,0,0,"Estimate"
"Bendigo","Paul Brennan","DLP","John Bourchier","Lib46",2897,95.53,"David Kennedy","ALP",135,4.47,0,0,"Estimate"
"Bendigo","Robert Stenton","AP","John Bourchier","Lib46",182,30.55,"David Kennedy","ALP",414,69.45,0,0,"Estimate"
"Bruce","Rex Harper","DLP","Russell Oakley","ALP",1267,38.75,"Billy Snedden","Lib46",2003,61.25,0,0,"Estimate"
"Bruce","Iris Pederick","AP","Russell Oakley","ALP",1574,76.27,"Billy Snedden","Lib46",490,23.73,0,0,"Estimate"
"Bruce","John Ryan","Ind","Russell Oakley","ALP",184,43.67,"Billy Snedden","Lib46",237,56.33,0,0,"Estimate"
"Bruce","Diana Martin","Ind","Russell Oakley","ALP",115,58.65,"Billy Snedden","Lib46",81,41.35,0,0,"Estimate"
"Bruce","Glen Mann","Ind","Russell Oakley","ALP",70,54.17,"Billy Snedden","Lib46",59,45.83,0,0,"Estimate"
"Casey","Clive Champion","AP","Peter Falconer","Lib46",1313,51.46,"Race Mathews","ALP",1239,48.54,0,0,"Estimate"
"Casey","John McKenna","DLP","Peter Falconer","Lib46",2226,92.32,"Race Mathews","ALP",185,7.68,0,0,"Estimate"
"Casey","Joe Schillani","ARP49","Peter Falconer","Lib46",110,68.32,"Race Mathews","ALP",51,31.68,0,0,"Estimate"
"Deakin","Jim Brosnan","DLP","Alan Jarman","Lib46",2493,89.57,"Gavan Oakley","ALP",290,10.43,0,0,"Estimate"
"Deakin","Harold Jeffrey","AP","Alan Jarman","Lib46",457,28.07,"Gavan Oakley","ALP",1170,71.93,0,0,"Estimate"
"Deakin","William French","Ind","Alan Jarman","Lib46",344,35.57,"Gavan Oakley","ALP",623,64.43,0,0,"Estimate"
"Deakin","Stanley Lyden","Ind","Alan Jarman","Lib46",202,72.55,"Gavan Oakley","ALP",77,27.45,0,0,"Estimate"
"Diamond Valley","Christopher Curtis","DLP","David McKenzie","ALP",1214,28.56,"Geoffrey Waite","Lib46",3035,71.44,0,0,"Estimate"
"Diamond Valley","Harold Taskis","AP","David McKenzie","ALP",1520,76.49,"Geoffrey Waite","Lib46",467,23.51,0,0,"Estimate"
"Diamond Valley","Victor Gibson","Ind","David McKenzie","ALP",242,61.54,"Geoffrey Waite","Lib46",152,38.46,0,0,"Estimate"
"Hotham","Frank Gaffy","DLP","Don Chipp","Lib46",1971,91.1,"Anthony Ross","ALP",192,8.9,0,0,"Estimate"
"Hotham","Richard Franklin","AP","Don Chipp","Lib46",345,43.09,"Anthony Ross","ALP",456,56.91,0,0,"Estimate"
"Hotham","John Murray","ARP49","Don Chipp","Lib46",93,52.71,"Anthony Ross","ALP",84,47.29,0,0,"Estimate"
"McMillan","Ronald Dent","Lib46","Arthur Hewson","CP",13086,98.06,"Barry Murphy","ALP",259,1.94,0,0,"Estimate"
"McMillan","Les Hilton","DLP","Arthur Hewson","CP",2164,95.21,"Barry Murphy","ALP",109,4.79,0,0,"Estimate"
"McMillan","Ronald Broadhurst","AP","Arthur Hewson","CP",1210,72.61,"Barry Murphy","ALP",456,27.39,0,0,"Estimate"
"Wimmera","Heather Mitchell","Lib46","Brian Brooke","ALP",344,3.75,"Robert King","CP",8847,96.25,0,0,"Estimate"
"Wimmera","Kevin Dunn","DLP","Brian Brooke","ALP",186,10.29,"Robert King","CP",1618,89.71,0,0,"Estimate"
"Wimmera","Keith Sullivan","AP","Brian Brooke","ALP",163,49.21,"Robert King","CP",168,50.79,0,0,"Estimate"
"Griffith","Cecil Birchley","Ind","Donald Cameron","Lib46",1085,91.55,"Clem Jones","ALP",100,8.45,0,0,"Estimate"
"Griffith","Beth Smith","AP","Donald Cameron","Lib46",224,36.8,"Clem Jones","ALP",385,63.2,0,0,"Estimate"
"Leichhardt","Robert Ellwood","AP","Bill Fulton","ALP",1907,62.55,"Herbert Marsh","CP",1142,37.45,0,0,"Exact"
"Lilley","Albert Postle","CP","Kevin Cairns","Lib46",3378,89.23,"Frank Doyle","ALP",408,10.77,0,0,"Estimate"
"Lilley","James Webb","AP","Kevin Cairns","Lib46",254,35.57,"Frank Doyle","ALP",459,64.43,0,0,"Estimate"
"Petrie","Peter Addison","CP","John Hodges","Lib46",9328,93.2,"Denis Murphy","ALP",681,6.8,0,0,"Estimate"
"Petrie","Jill Ritchie","AP","John Hodges","Lib46",413,34.36,"Denis Murphy","ALP",789,65.64,0,0,"Estimate"
"Wide Bay","Ian Theodore","Lib46","Brendan Hansen","ALP",332,5.61,"Clarrie Millar","CP",5588,94.39,0,0,"Exact"
"Boothby","Peter Berman","LM","John McLeay","Lib46",8834,84.32,"John Trainer","ALP",1643,15.68,0,0,"Estimate"
"Boothby","Colin Miller","AP","John McLeay","Lib46",442,31.06,"John Trainer","ALP",981,68.94,0,0,"Estimate"
"Sturt","Betty Hall","LM","Graham Maguire","ALP",1301,28.58,"Ian Wilson","Lib46",3252,71.42,0,0,"Estimate"
"Sturt","Roger Marshman","AP","Graham Maguire","ALP",721,69.74,"Ian Wilson","Lib46",313,30.26,0,0,"Estimate"
"Sturt","Anthony Figallo","Ind","Graham Maguire","ALP",377,37,"Ian Wilson","Lib46",641,63,0,0,"Estimate"
"Canning","James Laffer","ALP","Mel Bungey","Lib46",14592,89.09,"John Hallett","NA",1786,10.91,0,0,"Estimate"
"Canning","John Duncan","AP","Mel Bungey","Lib46",692,63.32,"John Hallett","NA",401,36.68,0,0,"Estimate"
"Forrest","Terence Best","NA","Peter Drummond","Lib46",7539,94.63,"Albert Newman","ALP",428,5.37,0,0,"Estimate"
"Forrest","Lawrence Gibson","AP","Peter Drummond","Lib46",290,50.96,"Albert Newman","ALP",279,49.04,0,0,"Estimate"
"Moore","Donald Maisey","NA","Rodney Boland","ALP",928,6.24,"John Hyde","Lib46",13961,93.76,0,0,"Estimate"
"Moore","Sydney Hickman","AP","Rodney Boland","ALP",427,56.72,"John Hyde","Lib46",325,43.28,0,0,"Estimate"
"Stirling","Marie Clark","NA","Graham Reece","ALP",958,34.27,"Ian Viner","Lib46",1839,65.73,0,0,"Estimate"
"Stirling","Carolyn Tonge","AP","Graham Reece","ALP",317,67.2,"Ian Viner","Lib46",154,32.8,0,0,"Estimate"
"Northern Territory","Alexander Allan-Stewart","Ind","Sam Calder","CP",1008,64.74,"John Waters","ALP",549,35.26,0,0,"Exact"
