"Seat","From_candidate","From_party","To_candidate1","To_party1","Votes1","Vote_perc1","To_candidate2","To_party2","Votes2","Vote_perc2","Exhausted","Exhausted_perc","Calc_type"
"Barton","Norma Boyle","DLP","Jack Manning","Lib46",1196,79.31,"Len Reynolds","ALP",312,20.69,0,0,"Exact"
"Hume","Geoffrey Ashton","Lib46","Arthur Fuller","ALP",870,11.92,"John Pettitt","CP",6429,88.08,0,0,"Estimate"
"Hume","Charles Rowe","DLP","Arthur Fuller","ALP",335,13.01,"John Pettitt","CP",2239,86.99,0,0,"Estimate"
"Mitchell","Malcolm Towner","DLP","John Armitage","ALP",461,15.68,"Les Irwin","Lib46",2482,84.32,0,0,"Estimate"
"Mitchell","Albert Ackerman","NGP","John Armitage","ALP",1278,79.65,"Les Irwin","Lib46",326,20.35,0,0,"Estimate"
"Mitchell","John Ashe","Ind","John Armitage","ALP",250,57.08,"Les Irwin","Lib46",188,42.92,0,0,"Estimate"
"Parkes","Vincent Couch","DLP","Les Haylen","ALP",774,33.2,"Tom Hughes","Lib46",1557,66.8,0,0,"Exact"
"Phillip","John Antill","DLP","William Aston","Lib46",1920,86.68,"Syd Einfeld","ALP",295,13.32,0,0,"Exact"
"Ballaarat","Bob Joshua","DLP","Dudley Erwin","Lib46",6000,93.44,"Allan Williams","ALP",421,6.56,0,0,"Exact"
"Batman","Jack Little","DLP","Sam Benson","ALP",824,14.01,"Bruce Skeggs","Lib46",5056,85.99,0,0,"Exact"
"Bruce","Henri de Sachau","DLP","Barry Jones","ALP",1289,14.55,"Billy Snedden","Lib46",7568,85.45,0,0,"Estimate"
"Bruce","Brian Crossley","Ind","Barry Jones","ALP",258,28.01,"Billy Snedden","Lib46",662,71.99,0,0,"Estimate"
"Bruce","Tom Gilhoooley","Ind","Barry Jones","ALP",220,46.5,"Billy Snedden","Lib46",254,53.5,0,0,"Estimate"
"Corio","James Mahoney","DLP","Bob Hawke","ALP",523,10.45,"Hubert Opperman","Lib46",4481,89.55,0,0,"Exact"
"Isaacs","John Hughes","DLP","Paul Court","ALP",348,9.38,"William Haworth","Lib46",3362,90.62,0,0,"Exact"
"La Trobe","Kevin Adamson","DLP","Moss Cass","ALP",1674,22.35,"John Jess","Lib46",5816,77.65,0,0,"Exact"
"Maribyrnong","Frank McManus","DLP","Neil Armour","ALP",589,8.9,"Philip Stokes","Lib46",6027,91.1,0,0,"Estimate"
"Maribyrnong","Edwin Ryan","Ind","Neil Armour","ALP",51,31.78,"Philip Stokes","Lib46",111,68.22,0,0,"Estimate"
"Maribyrnong","John Murray","ARP49","Neil Armour","ALP",41,28.79,"Philip Stokes","Lib46",100,71.21,0,0,"Estimate"
"McMillan","Les Hilton","DLP","Alexander Buchanan","Lib46",4742,90.44,"Eric Kent","ALP",501,9.56,0,0,"Exact"
"Bowman","Harold Wright","DLP","Jack Comber","ALP",390,12.78,"Wylie Gibbs","Lib46",2662,87.22,0,0,"Exact"
"Herbert","Kiernan Dorney","DLP","Ted Harding","ALP",2448,29.11,"Roy Pope","Lib46",5962,70.89,0,0,"Estimate"
"Herbert","Frank Bishop","CPA","Ted Harding","ALP",622,58.48,"Roy Pope","Lib46",441,41.52,0,0,"Estimate"
"Lilley","Frank Andrews","DLP","Kevin Cairns","Lib46",3580,91,"Don Cameron","ALP",354,9,0,0,"Exact"
"Moreton","Eric Allingham","DLP","James Killen","Lib46",3319,87.57,"John O'Donnell","ALP",471,12.43,0,0,"Exact"
"Petrie","Brian Balaam","DLP","Alan Hulme","Lib46",3655,90.59,"Reginald O'Brien","ALP",380,9.41,0,0,"Estimate"
"Petrie","Francis O'Mara","Ind","Alan Hulme","Lib46",64,40.18,"Reginald O'Brien","ALP",95,59.82,0,0,"Estimate"
"Canning","Charles Edwards","ALP","John Hallett","CP",8783,86.07,"Neil McNeill","Lib46",1421,13.93,0,0,"Estimate"
"Canning","Ronald Batey","Ind","John Hallett","CP",807,75.33,"Neil McNeill","Lib46",265,24.67,0,0,"Estimate"
"Moore","Wilbur Bennett","ALP","Hugh Halbert","Lib46",3109,25.6,"Donald Maisey","CP",9037,74.4,0,0,"Exact"
"Swan","Gerardus Sappelli","DLP","Joe Berinson","ALP",210,9.33,"Richard Cleaver","Lib46",2043,90.67,0,0,"Estimate"
"Swan","Warwick Hill","Ind","Joe Berinson","ALP",103,32.94,"Richard Cleaver","Lib46",209,67.06,0,0,"Estimate"
"Franklin","Andrew Defendini","DLP","Bill Falkinder","Lib46",2260,82.72,"John Parsons","ALP",472,17.28,0,0,"Exact"
