"Seat","From_candidate","From_party","To_candidate1","To_party1","Votes1","Vote_perc1","To_candidate2","To_party2","Votes2","Vote_perc2","Exhausted","Exhausted_perc","Calc_type"
"Flinders","Joseph Burch","Ind Lib22","Stanley Bruce","Nat",1011,44.6,"Jack Holloway","ALP",1256,55.4,0,0,"Exact"
"Henty","William Bolton","Ind Nat","Billy Duggan","ALP",2479,56.92,"Henry Gullett","Nat",1876,43.08,0,0,"Exact"
"Indi","Arthur Walter","CP","Robert Cook","CP",5629,91.92,"Paul Jones","ALP",495,8.08,0,0,"Estimate"
"Indi","Leslie Sambell","CP","Robert Cook","CP",1884,86.43,"Paul Jones","ALP",296,13.57,0,0,"Estimate"
"Darling Downs","Sir Littleton Groom","Ind Nat","Evan Llewelyn","ALP",4655,50.11,"Arthur Morgan","Nat",4635,49.89,0,0,"Exact"
"Wakefield","Maurice Collins","CP","Charles Hawker","Nat",7130,75.55,"Sydney McHugh","ALP",2307,24.45,0,0,"Exact"
"Perth","Edward Mann","Ind Nat","Walter Nairn","Nat",5420,70.89,"Ted Needham","ALP",2225,29.11,0,0,"Estimate"
"Perth","John McCoo","Ind","Walter Nairn","Nat",313,60,"Ted Needham","ALP",209,40,0,0,"Estimate"
