"Seat","From_candidate","From_party","To_candidate1","To_party1","Votes1","Vote_perc1","To_candidate2","To_party2","Votes2","Vote_perc2","Exhausted","Exhausted_perc","Calc_type"
"Barton","Eric Trembath","Ind","William Arthur","Lib46",1211,73.17,"H. V. Evatt","ALP",444,26.83,0,0,"Exact"
"Hughes","Alf Watt","CPA","Keith Bates","Lib46",109,9.04,"Les Johnson","ALP",1092,90.96,0,0,"Estimate"
"Hughes","Robert Mackie","Ind","Keith Bates","Lib46",356,40.5,"Les Johnson","ALP",524,59.5,0,0,"Estimate"
"Ballaarat","Bob Joshua","ALPAC","Austin Dowling","ALP",1668,17.1,"Dudley Erwin","Lib46",8089,82.9,0,0,"Exact"
"Batman","Tom Walsh","ALPAC","Alan Bird","ALP",851,12.99,"Fred Capp","Lib46",5702,87.01,0,0,"Exact"
"Bendigo","Jim Brosnan","ALPAC","Percy Clarey","ALP",2069,37.6,"Bill Day","Lib46",3433,62.4,0,0,"Exact"
"Bruce","Reginald Kearney","ALPAC","Keith Ewert","ALP",1295,26.58,"Billy Snedden","Lib46",3578,73.42,0,0,"Exact"
"Corio","Francis Singleton","ALPAC","Charles Loader","ALP",706,17.97,"Hubert Opperman","Lib46",3223,82.03,0,0,"Exact"
"Darebin","Tom Andrews","ALPAC","Robert Holt","ALP",4625,43.39,"Charles White","Lib46",6035,56.61,0,0,"Exact"
"Fawkner","Patrick Thompson","ALP","Bill Bourke","ALPAC",7785,76.84,"Peter Howson","Lib46",2347,23.16,0,0,"Exact"
"Lalor","William Lloyd","ALPAC","Peter Kemp","Lib46",5060,86.57,"Reg Pollard","ALP",785,13.43,0,0,"Exact"
"Maribyrnong","David Purcell","ALPAC","Arthur Drakeford","ALP",1094,17.6,"Philip Stokes","Lib46",5123,82.4,0,0,"Exact"
"Scullin","Phillip Lynch","Lib46","Jack Cremean","ALPAC",6691,89.81,"Ted Peters","ALP",759,10.19,0,0,"Exact"
"Wannon","Terence Callander","ALPAC","Roy Cundy","ALP",2050,32.43,"Malcolm Fraser","Lib46",4272,67.57,0,0,"Exact"
"Wills","Bill Bryson","ALPAC","Gordon Bryant","ALP",2906,28.73,"Alfred Wall","Lib46",7209,71.27,0,0,"Exact"
"Yarra","James Wilkie","Lib46","Jim Cairns","ALP",808,8.96,"Stan Keon","ALPAC",8208,91.04,0,0,"Estimate"
"Yarra","Ken Miller","CPA","Jim Cairns","ALP",556,70.25,"Stan Keon","ALPAC",236,29.75,0,0,"Estimate"
"Leichhardt","Frank Falls","CPA","Harry Bruce","ALP",676,89.06,"Tom Gilmore","CP",83,10.94,0,0,"Exact"
"Maranoa","Paul Bauers","Ind","Wilfred Brimblecombe","CP",2233,55.34,"Charles Russell","Ind",1802,44.66,0,0,"Exact"
