"Seat","From_candidate","From_party","To_candidate1","To_party1","Votes1","Vote_perc1","To_candidate2","To_party2","Votes2","Vote_perc2","Exhausted","Exhausted_perc","Calc_type"
"Banks","Montague Greene","AD","Paul Hinton","Lib46",5575,58.98,"Vince Martin","ALP",3878,41.02,0,0,"Exact"
"Barton","Phil White","AD","Jim Bradfield","Lib46",2587,45.78,"Ron Cunningham","ALP",3063,54.22,0,0,"Estimate"
"Barton","Edwin Bellchambers","Ind","Jim Bradfield","Lib46",1127,80.29,"Ron Cunningham","ALP",277,19.71,0,0,"Estimate"
"Calare","James Ashton","Lib46","Sandy Mackenzie","NCP75",12749,94.37,"David Simmons","ALP",760,5.63,0,0,"Estimate"
"Calare","Darvell Baird","AD","Sandy Mackenzie","NCP75",2887,57.91,"David Simmons","ALP",2099,42.09,0,0,"Estimate"
"Macarthur","William Speirs","AD","Michael Baume","Lib46",1915,47.46,"John Kerin","ALP",2119,52.54,0,0,"Estimate"
"Macarthur","Victor Thomas","Prog","Michael Baume","Lib46",433,71.86,"John Kerin","ALP",170,28.14,0,0,"Estimate"
"Macquarie","Peter Monaghan","AD","Ross Free","ALP",3750,51.17,"Reg Gillard","Lib46",3578,48.83,0,0,"Estimate"
"Macquarie","Michael Barratt","Ind","Ross Free","ALP",2029,41.84,"Reg Gillard","Lib46",2820,58.16,0,0,"Estimate"
"Macquarie","Alyn Foster","Prog","Ross Free","ALP",244,47.63,"Reg Gillard","Lib46",269,52.37,0,0,"Estimate"
"Phillip","Alan Needham","AD","Jack Birney","Lib46",2228,47.78,"Joe Riordan","ALP",2436,52.22,0,0,"Estimate"
"Phillip","Barry Elliott","Ind","Jack Birney","Lib46",382,65.7,"Joe Riordan","ALP",199,34.3,0,0,"Estimate"
"Riverina","Rodney Lawrence","Ind","John FitzPatrick","ALP",812,51.39,"John Sullivan","NCP75",768,48.61,0,0,"Exact"
"Robertson","Trevor Willsher","AD","Malcolm Brooks","Lib46",3207,45.2,"Barry Cohen","ALP",3888,54.8,0,0,"Exact"
"St George","Ronald Kirwood","AD","Maurice Neil","Lib46",2492,58.73,"Tony Whitlam","ALP",1751,41.27,0,0,"Estimate"
"St George","David Kriss","Prog","Maurice Neil","Lib46",257,58.3,"Tony Whitlam","ALP",184,41.7,0,0,"Estimate"
"Batman","Mario Piraino","AD","Gillford Brown","Lib46",3071,46.22,"Brian Howe","ALP",3573,53.78,0,0,"Estimate"
"Batman","Phillip Lorenz","DLP","Gillford Brown","Lib46",3089,86.79,"Brian Howe","ALP",470,13.21,0,0,"Estimate"
"Corio","Guenter Sahr","AD","Clive Bubb","Lib46",2064,43.55,"Gordon Scholes","ALP",2676,56.45,0,0,"Estimate"
"Corio","James Jordan","DLP","Clive Bubb","Lib46",2385,88.81,"Gordon Scholes","ALP",300,11.19,0,0,"Estimate"
"Deakin","Alan Teed","AD","Neville Gay","ALP",5834,50.94,"Alan Jarman","Lib46",5617,49.06,0,0,"Estimate"
"Deakin","Daniel Condon","DLP","Neville Gay","ALP",1349,36.77,"Alan Jarman","Lib46",2321,63.23,0,0,"Estimate"
"Henty","Fred Ingamells","AD","Ken Aldred","Lib46",3095,47.55,"Joan Child","ALP",3414,52.45,0,0,"Estimate"
"Henty","Terence Farrell","DLP","Ken Aldred","Lib46",1792,86.96,"Joan Child","ALP",269,13.04,0,0,"Estimate"
"Henty","Tony Dear","Ind","Ken Aldred","Lib46",189,52.59,"Joan Child","ALP",170,47.41,0,0,"Estimate"
"Holt","Brian Stockton","AD","Michael Duffy","ALP",4487,55.55,"William Yates","Lib46",3590,44.45,0,0,"Estimate"
"Holt","Kevin Leydon","DLP","Michael Duffy","ALP",566,22.06,"William Yates","Lib46",2000,77.94,0,0,"Estimate"
"Hotham","Kenneth Weaver","AD","Roger Johnston","Lib46",6007,47.72,"Anthony Ross","ALP",6580,52.28,0,0,"Estimate"
"Hotham","Edward Woods","DLP","Roger Johnston","Lib46",1780,82.67,"Anthony Ross","ALP",373,17.33,0,0,"Estimate"
"Indi","John Dennis","ALP","Ewen Cameron","Lib46",13428,87.67,"Mac Holten","NCP75",1888,12.33,0,0,"Estimate"
"Indi","Neil Savage","AD","Ewen Cameron","Lib46",3146,72.6,"Mac Holten","NCP75",1187,27.4,0,0,"Estimate"
"Indi","Christopher Cody","DLP","Ewen Cameron","Lib46",985,28.92,"Mac Holten","NCP75",2422,71.08,0,0,"Estimate"
"Isaacs","Francis McLeod","AD","William Burns","Lib46",6350,55.57,"Kenneth Williams","ALP",5077,44.43,0,0,"Estimate"
"Isaacs","Ralph Cleary","DLP","William Burns","Lib46",2388,87.13,"Kenneth Williams","ALP",353,12.87,0,0,"Estimate"
"La Trobe","Andrew McCann","AD","Marshall Baillieu","Lib46",3781,42.84,"Tony Lamb","ALP",5046,57.16,0,0,"Estimate"
"La Trobe","James Penna","DLP","Marshall Baillieu","Lib46",1232,87.34,"Tony Lamb","ALP",178,12.66,0,0,"Estimate"
"La Trobe","Cornelus Hellema","Ind","Marshall Baillieu","Lib46",772,70.24,"Tony Lamb","ALP",327,29.76,0,0,"Estimate"
"Maribyrnong","Alan Brass","AD","Moss Cass","ALP",5017,58,"Philip Fitzherbert","Lib46",3634,42,0,0,"Estimate"
"Maribyrnong","Alan Tait","DLP","Moss Cass","ALP",369,9.26,"Philip Fitzherbert","Lib46",3613,90.74,0,0,"Estimate"
"McMillan","Ronald Dent","AD","Richard Elkington","ALP",5240,59.25,"Barry Simon","Lib46",3604,40.75,0,0,"Estimate"
"McMillan","Brian Handley","DLP","Richard Elkington","ALP",522,17.34,"Barry Simon","Lib46",2488,82.66,0,0,"Estimate"
"McMillan","Norman Holyoak","Ind","Richard Elkington","ALP",332,49.71,"Barry Simon","Lib46",335,50.29,0,0,"Estimate"
"Brisbane","Joan Hadley","AD","Manfred Cross","ALP",3268,51.89,"Peter Johnson","Lib46",3031,48.11,0,0,"Estimate"
"Brisbane","John Steele","Prog","Manfred Cross","ALP",214,20.59,"Peter Johnson","Lib46",824,79.41,0,0,"Estimate"
"Fadden","James Shapcott","NCP75","Donald Cameron","Lib46",10298,94.39,"Clem Jones","ALP",612,5.61,0,0,"Estimate"
"Fadden","Janice Barber","AD","Donald Cameron","Lib46",2939,52.88,"Clem Jones","ALP",2620,47.12,0,0,"Estimate"
"Fadden","Melody Bond","Ind","Donald Cameron","Lib46",522,72.75,"Clem Jones","ALP",195,27.25,0,0,"Estimate"
"Fadden","Peter Gautrey","Prog","Donald Cameron","Lib46",143,69.35,"Clem Jones","ALP",63,30.65,0,0,"Estimate"
"Herbert","Charles Arnold","NCP75","Gordon Dean","Lib46",11808,95.55,"Ted Lindsay","ALP",549,4.45,0,0,"Estimate"
"Herbert","Kenneth Kipping","AD","Gordon Dean","Lib46",2514,52.39,"Ted Lindsay","ALP",2285,47.61,0,0,"Estimate"
"Herbert","Grahame Wells","Ind","Gordon Dean","Lib46",130,31.01,"Ted Lindsay","ALP",288,68.99,0,0,"Estimate"
"Herbert","Coral Finlay","Prog","Gordon Dean","Lib46",176,70.41,"Ted Lindsay","ALP",74,29.59,0,0,"Estimate"
"Herbert","Peter Dunn","Ind","Gordon Dean","Lib46",167,70.59,"Ted Lindsay","ALP",69,29.41,0,0,"Estimate"
"Leichhardt","James Foster","AD","David Thomson","NCP75",2119,55.98,"Bill Wood","ALP",1666,44.02,0,0,"Exact"
"Grey","John Henderson","NCP75","John Oswald","Lib46",5311,87.57,"Laurie Wallis","ALP",754,12.43,0,0,"Estimate"
"Grey","Ronald Moulds","AD","John Oswald","Lib46",1882,56.5,"Laurie Wallis","ALP",1449,43.5,0,0,"Estimate"
"Hawker","Bruce Miels","AD","Steele Hall","Lib46",3394,47.2,"Ralph Jacobi","ALP",3796,52.8,0,0,"Estimate"
"Hawker","Warren Wallace","Ind","Steele Hall","Lib46",445,61.51,"Ralph Jacobi","ALP",279,38.49,0,0,"Estimate"
"Kingston","Christopher Harte","AD","Grant Chapman","Lib46",4478,50.83,"Richard Gun","ALP",4332,49.17,0,0,"Exact"
"Fremantle","John Kernot","AD","John Dawkins","ALP",3261,50.23,"Peter Ramshaw","Lib46",3230,49.77,0,0,"Estimate"
"Fremantle","Victor Slater","CPA","John Dawkins","ALP",825,63.22,"Peter Ramshaw","Lib46",480,36.78,0,0,"Estimate"
"Fremantle","David Lavater","Prog","John Dawkins","ALP",327,34.22,"Peter Ramshaw","Lib46",630,65.78,0,0,"Estimate"
"Swan","Hubert Lennerts","AD","Patricia Fowkes","ALP",3846,51.1,"John Martyr","Lib46",3680,48.9,0,0,"Estimate"
"Swan","William Deller","Ind","Patricia Fowkes","ALP",2121,85.74,"John Martyr","Lib46",353,14.26,0,0,"Estimate"
"Swan","Bryan Scott-Courtland","Prog","Patricia Fowkes","ALP",345,28.91,"John Martyr","Lib46",849,71.09,0,0,"Estimate"
"Northern Territory","Josephine Read","AD","Sam Calder","CLP",1227,49.53,"John Waters","ALP",1251,50.47,0,0,"Estimate"
"Northern Territory","Ian Smith","Prog","Sam Calder","CLP",561,56.8,"John Waters","ALP",426,43.2,0,0,"Estimate"
"Canberra","John Bellhouse","AD","John Haslem","Lib46",4114,48.16,"Henry Lawrence","ALP",4430,51.84,0,0,"Estimate"
"Canberra","Oleg Kavunenko","Ind","John Haslem","Lib46",284,53.11,"Henry Lawrence","ALP",250,46.89,0,0,"Estimate"
