"Seat","From_candidate","From_party","To_candidate1","To_party1","Votes1","Vote_perc1","To_candidate2","To_party2","Votes2","Vote_perc2","Exhausted","Exhausted_perc","Calc_type"
"Calare","James Ashton","Lib46","Francis Hall","ALP",2002,13.99,"Sandy Mackenzie","NCP75",12307,86.01,0,0,"Exact"
"Eden-Monaro","John Moore","NCP75","Murray Sainsbury","Lib46",11640,96.93,"Bob Whan","ALP",368,3.07,0,0,"Estimate"
"Eden-Monaro","Frederick Dawson","Ind","Murray Sainsbury","Lib46",758,76.36,"Bob Whan","ALP",235,23.64,0,0,"Estimate"
"St George","Keith Gleeson","WP","Bill Morrison","ALP",725,54.19,"Maurice Neil","Lib46",613,45.81,0,0,"Exact"
"Corio","John Timberlake","DLP","Gordon Hall","Lib46",2137,88.14,"Gordon Scholes","ALP",288,11.86,0,0,"Estimate"
"Corio","Guenter Sahr","AP","Gordon Hall","Lib46",258,42.67,"Gordon Scholes","ALP",346,57.33,0,0,"Estimate"
"Holt","Robert Fidler","DLP","Max Oldmeadow","ALP",1538,35.41,"William Yates","Lib46",2805,64.59,0,0,"Exact"
"McMillan","Arthur Hewson","NCP75","William Rutherford","ALP",1526,11.76,"Barry Simon","Lib46",11445,88.24,0,0,"Estimate"
"McMillan","Les Hilton","DLP","William Rutherford","ALP",364,16.37,"Barry Simon","Lib46",1863,83.63,0,0,"Estimate"
"McMillan","David Little","Ind","William Rutherford","ALP",178,33.88,"Barry Simon","Lib46",347,66.12,0,0,"Estimate"
"Bowman","James Dean","NCP75","David Jull","Lib46",7240,96.09,"Len Keogh","ALP",295,3.91,0,0,"Estimate"
"Bowman","Donald Wright","WP","David Jull","Lib46",740,70.73,"Len Keogh","ALP",306,29.27,0,0,"Estimate"
"Brisbane","Harold Porter","NCP75","Manfred Cross","ALP",218,4.53,"Peter Johnson","Lib46",4595,95.47,0,0,"Estimate"
"Brisbane","Rodney Jeanneret","WP","Manfred Cross","ALP",230,22.98,"Peter Johnson","Lib46",770,77.02,0,0,"Estimate"
"Capricornia","Alfred Millroy","Lib46","Colin Carige","NCP75",12855,93.59,"Doug Everingham","ALP",880,6.41,0,0,"Exact"
"Dawson","Noel McFarlane","NCP75","Ray Braithwaite","NCP75",6708,96.71,"Rex Patterson","ALP",228,3.29,0,0,"Estimate"
"Dawson","Colin Bailey","Ind","Ray Braithwaite","NCP75",671,81.76,"Rex Patterson","ALP",150,18.24,0,0,"Estimate"
"Leichhardt","Laurence Hoins","Lib46","David Thomson","NCP75",6645,96.05,"Bill Wood","ALP",273,3.95,0,0,"Estimate"
"Leichhardt","Clarence Grogan","Ind","David Thomson","NCP75",698,71.1,"Bill Wood","ALP",284,28.9,0,0,"Estimate"
"Leichhardt","Bernard Marsh","DLP","David Thomson","NCP75",543,84.15,"Bill Wood","ALP",102,15.85,0,0,"Estimate"
"Ryan","Douglas MacTaggart","NCP75","John Moore","Lib46",14263,95.21,"Colin Taylor","ALP",717,4.79,0,0,"Estimate"
"Ryan","David Boughen","WP","John Moore","Lib46",2476,84.88,"Colin Taylor","ALP",441,15.12,0,0,"Estimate"
"Adelaide","Robert Hercus","LM","Chris Hurford","ALP",1575,41.25,"Harold Steele","Lib46",2242,58.75,0,0,"Estimate"
"Adelaide","David Middleton","AP","Chris Hurford","ALP",291,55.5,"Harold Steele","Lib46",234,44.5,0,0,"Estimate"
"Grey","Arnold Eckersley","LM","Dennis Burman","Lib46",1776,74.91,"Laurie Wallis","ALP",595,25.09,0,0,"Exact"
"Hawker","Stewart Leggett","LM","Ralph Jacobi","ALP",938,24.11,"Craig Speil","Lib46",2952,75.89,0,0,"Exact"
"Kingston","Rodney Adam","LM","Grant Chapman","Lib46",5494,85.69,"Richard Gun","ALP",918,14.31,0,0,"Estimate"
"Kingston","Verna Oakley","Ind","Grant Chapman","Lib46",545,78.28,"Richard Gun","ALP",151,21.72,0,0,"Estimate"
"Canning","John Hallett","NCP75","Marilyn Anthony","ALP",1029,7.48,"Mel Bungey","Lib46",12719,92.52,0,0,"Exact"
"Swan","Peter Masson","NCP75","Adrian Bennett","ALP",418,16.5,"John Martyr","Lib46",2115,83.5,0,0,"Exact"
"Franklin","Margaret Franklin","NCP75","Bruce Goodluck","Lib46",845,87.47,"Ray Sherry","ALP",121,12.53,0,0,"Estimate"
"Franklin","Joseph Hand","NCP75","Bruce Goodluck","Lib46",232,79.29,"Ray Sherry","ALP",61,20.71,0,0,"Estimate"
"Franklin","Peter Mollon","WP","Bruce Goodluck","Lib46",104,60.68,"Ray Sherry","ALP",67,39.32,0,0,"Estimate"
