"Seat","From_candidate","From_party","To_candidate1","To_party1","Votes1","Vote_perc1","To_candidate2","To_party2","Votes2","Vote_perc2","Exhausted","Exhausted_perc","Calc_type"
"Bendigo","Cyril James","CP","Geoffry Hurry","Nat",5808,77.55,"James McDonald","ALP",1681,22.45,0,0,"Exact"
"Fremantle","Keith Watson","Ind","John Curtin","ALP",1156,13.29,"Frank Gibson","Nat",7541,86.71,0,0,"Exact"
"Bass","William Judd","Nat","David Jackson","Nat",4745,84.64,"Thomas Wilson","ALP",861,15.36,0,0,"Exact"
"Denison","Thomas Jude","ALP","Charles Culley","ALP",2204,84.19,"Sir John Gellibrand","Nat",414,15.81,0,0,"Exact"
"Franklin","Francis Foster","Nat","William McWilliams","Ind",1446,65.88,"Alfred Seabrook","Nat",749,34.12,0,0,"Exact"
"Wilmot","Hector McFie","Nat","Llewellyn Atkinson","Nat",2023,55.3,"George Flowers","Ind",1635,44.7,0,0,"Exact"
