Party,Name,Display_code,Wikipedia,URL,Group_name,Greater_group,Group_title,Greater_group_title
AAL,All for Australia League,AAL,1,All_for_Australia_League,,,,
AAP,Australian Antipaedophile,AAP,1,Australian_Antipaedophile_Party,,,,
ABFA,Australian Better Families,ABF,1,Australian_Better_Families,,,,
ACA,Australian Country Alliance,ACA,1,Australian_Country_Party_(2004),ACP04,,,
ACh,Australian Christians,ACh,1,Australian_Christians,,,,
ACP34,Australian Country,ACP,1,National_Party_of_Australia,NPA,,,
ACP83,Australian Christian,ACP,1,United_Christian_Party_(Australia),,,United/Australian Christian,
ACP90,Australian Conservative,ACP,1,Australian_Conservative_Party,,,,
ACP04,Australian Country,ACP,1,Australian_Country_Party_(2004),,,,
ACS,Against Child Support,ACS,1,No_GST_Party,NGST,,,
AD,Democrats,AD,1,Australian_Democrats,,,,
ADLP,Democratic Labor (1943),DLP,0,Australian Democratic Labor Party,,,,
ADM,Australian Defence Movement,ADM,1,Australian_Defence_Movement,,,,
ADP04,Aged and Disability Pensioners,ADP,1,Aged_and_Disability_Pensioners_Party,,,,
ADP31,Australian Democratic,ADP,0,Australian Democratic Party,,,,
ADVP,Australian Defence Veterans Party,ADVP,1,Australian_Defence_Veterans_Party,,,,
AEq,Australian Equality Party (Marriage),AEq,1,Australian_Equality_Party_(Marriage),,,,
AFI,Australians Against Further Immigration,AAFI,1,Australians_Against_Further_Immigration,,,,
AFM,Australian Family Movement,AFM,1,Australian_Family_Movement,,,,
AFP,Australia First,AF,1,Australia_First_Party,,,,
AIn,Australian Independents,AIn,1,Australian_Independents,,,,
AIP,Australia's Indigenous Peoples,AIPP,1,Australia%27s_Indigenous_Peoples_Party,,,,
AJP,Animal Justice,AJP,1,Animal_Justice_Party,,,,
ALA,Australian Liberty Alliance,ALA,1,Australian_Liberty_Alliance,,,,
ALP,Labor,ALP,1,Australian_Labor_Party,,,,
ALPAC,Labor (Anti-Communist),ALPAC,1,Australian_Labor_Party_(Anti-Communist),DLP,,,
AMP,Australian Marijuana,AMP,1,Australian_Marijuana_Party,,,,
ANP58,Australian Nationalist,ANP,1,Australian_Nationalist_Party,,,,
ANP83,Australian National,ANP,0,Australian National Party,,,,
AP,Australia Party,AP,1,Australia_Party,,,Australia Party/Lib Reform Gp,
APA,All Parties Administration,APA,0,All Parties Administration,,,,
APP13,Australian Protectionist,APP,1,Australian_Protectionist_Party,,,,
APP29,Australian People's,APP,1,Australian_People%27s_Party,,,,
ARF,Australian Recreational Fishers,ARF,1,Australian_Recreational_Fishers_Party,,,,
ARP49,Republican Party,RPA,1,Republican_Party_of_Australia,,,,
ARP98,Australian Reform,ARP,1,Australian_Reform_Party,,,,
AS,Anti-Socialist,AS,1,Free_Trade_Party,FT,,,
ASG,Abolish Self Government Coalition,ASG,1,Abolish_Self_Government_Coalition,,,,
ASP,Shooters,ASP,1,"Shooters,_Fishers_and_Farmers_Party",SFF,,,
ASXP,Sex Party,SxP,1,Australian_Sex_Party,REAS,,,
Atok,Atokist,Atok,0,Atokist,,,,
AUP,Australian Progressives,AP,1,Australian_Progressives,,,,
AVP,Australian Voice,AVP,1,Australian_Voice_Party,,,,
AWP19,Australian Workers Party,AWP,1,Australian_Workers_Party,,,,
AWP43,Australian Women's (1943),AWP,0,Australian Women's Party,,,,
AWP96,Australian Women's (1996-98),AWP,1,Australian_Women%27s_Party_(1995),,,,
BAP,Building Australia,BAP,1,Building_Australia_Party,,,,
BIWF,British-Israel World Federation,BIWF,1,British-Israel-World_Federation,,,,
BTA,Bullet Train for Australia,BTA,1,Bullet_Train_for_Australia,,,,
CA10,Carers Alliance,CA,1,Carers_Alliance,,,,
CA19,Centre Alliance,CA,1,Centre_Alliance,,,Xenophon/Centre All.,
CAl,Communist Alliance,CAl,1,Communist_Alliance,,,,
CAP,Confederate Action,CAP,1,Confederate_Action_Party_of_Australia,,,,
CCC,Climate Change Coalition,CCC,1,4Change,,,,
CCE,Conservatives for Climate and Environment,CCE,1,Environmentalists_for_Nuclear_Energy_Australia,,,,
CCM,Christian Candidate Movement,CCM,0,Christian Candidate Movement,,,,
CCP,Commonwealth Centre,CCP,1,Commonwealth_Centre_Party,,,,
CD,Constructive Democrat,CD,0,Constructive Democrat,,,,
CDP,Christian Democrats,CDP,1,Christian_Democratic_Party_%28Australia%29,,,Christian Democrats,
CDP_NT,Christian Democrat,CDP,0,Christian Democrat Party (Northern Territory),,,,
CEC,Citizens Electoral Council,CEC,1,Citizens_Electoral_Council,,,,
CLA,Curtin Labor Alliance,CLA,1,Curtin_Labor_Alliance,,,,
CLP,Country Liberal,CLP,1,Country_Liberal_Party,,Lib46,,
CM,CountryMinded,CM,1,CountryMinded,,,,
CNA,Combined New Australia,CNA,1,Combined_New_Australia_Party,,,,
CNP,Conservative Nationalist,CNP,1,Conservative_Nationalist_Party,,,,
Const,Constitutionalist,Const,0,Constitutionalist Party,,,,
CP,Country,CP,1,National_Party_of_Australia,NPA,,,
CPA,Communist,CPA,1,Communist_Party_of_Australia,,,,
CPP19,Child Protection Party,CPP,1,Child_Protection_Party,,,,
CPP28,Country Progressive,CPP,1,Country_Progressive_Party_(Victoria),,,,
CRNT,Consumer Rights & No Tolls,CRNT,1,Consumer_Rights_%26_No-Tolls,,,,
CTA,Call to Australia,CTA,1,Christian_Democratic_Party_%28Australia%29,CDP,,,
CYC,Australian Cyclists,Cyc,1,Australian_Cyclists_Party,,,,
Dem43,Democrat,Dem,0,Democratic Party,,,,
DHJP,Derryn Hinch's Justice Party,DHJP,1,Derryn_Hinch%27s_Justice_Party,,,,
DLP,Democratic Labor,DLP,1,Democratic_Labor_Party_(historical),,,DLP,
DOGS,Defence of Government Schools,DOGS,1,Defence_of_Government_Schools,,,,
DRF,Drug Law Reform Australia,DLR,1,Drug_Law_Reform_Australia,,,,
DSL,Democratic Socialist Electoral League,DSEL,1,Democratic_Socialist_Electoral_League,,,,
DSP,Democratic Socialist Perspective,DSP,1,Democratic_Socialist_Perspective,,,,
DSPA,Deadly Serious,DSP,1,Deadly_Serious_Party,,,,
EAPP,Engineered Australia Plan,EAPP,1,Engineered_Australia_Plan_Party,,,,
EC,Emergency Committee,EC,1,Emergency_Committee_of_South_Australia,,UAP31,,
EFF,Independent EFF,EFF,1,Independent_EFF,,,,
EI,Environment Independents,EI,1,Irina_Dunn,,,,
FFP,Family First,FFP,1,Family_First_Party,,,,
FACN,Fraser Anning’s Conservative National,FACN,1,Fraser_Anning%27s_Conservative_National_Party,,,,
FLR,Family Law Reform,FLR,1,Family_Law_Reform_Party,,,,
FLUX,VOTEFLUX.ORG | Upgrade Democracy!,FLUX,1,Flux_(political_party),,,,
FNPP,Australia's First Nations,FNPP,1,Australia%27s_First_Nations_Political_Party,,,,
FP,Fishing,FP,1,Fishing_Party_(Australia),,,,
FSA,Farmers and Settlers,FSA,1,National_Party_of_Australia,,NPA,,
FT,Free Trade,FT,1,Free_Trade_Party,,,Free Trade,Free Trade
Fut,Future,Fut,1,Science_Party_(Australia),Sci,,,
GAP,Great Australian,GAP,1,The_Great_Australian_Party,,,,
GLT,Glenn Lazarus Team,GLT,1,Glenn_Lazarus_Team,,,,
GP,Grey Power,GP,1,Grey_Power,,,,
Grn,Greens,Grn,1,Australian_Greens,,,,
HMP,HEMP,HEMP,1,HEMP_Party,,,,
IBCP,Imperial British Conservative,IBCP,1,Imperial_British_Conservative_Party,,,,
ID,Independent Democrats,ID,0,Independent Democrats,,,,
IMO,Involuntary Medication Objectors (Vaccination/Fluoride),IMO,1,Involuntary_Medication_Objectors_(Vaccination/Fluoride)_Party,,,,
Ind,Independent,Ind,1,Independent_politician,,,,
ISLP,Industrial Socialist Labor,ISLP,1,Industrial_Socialist_Labor_Party,,,,
KAP,Katter's Australian,KAP,1,Katter%27s_Australian_Party,,,,
LAOL,Love Australia or Leave,LAOL,1,Love_Australia_or_Leave,,,,
LCP,Liberal Country,LCP,1,Liberal_Country_Party,NPA,,,
LD,Liberal Democratic (1943),LDP,1,Liberal_Democratic_Party_(New_South_Wales),,,,
LDP,Liberal Democratic (2007-),LDP,1,Liberal_Democratic_Party_(Australia),,,,
LEF,Lower Excise Fuel and Beer,LEF,1,Lower_Excise_Fuel_and_Beer_Party,,,,
LFF,Liberals for Forests,LFF,1,Liberals_for_Forests,,,,
Lib10,Liberal (1910-14),Lib,1,Commonwealth_Liberal_Party,,,,
Lib22,Liberal (1922),Lib,1,Liberal_Party_(1922),,,,
Lib34,Liberal (1934-43),Lib,0,Liberal,,,,
Lib46,Liberal (1946-),Lib,1,Liberal_Party_of_Australia,,,Liberal/LNP/CLP,
LibtP,Libertarian,Libt,1,Libertarian_Party_of_Australia,,,,
LL31,Lang Labor (1931-34),LL,1,Australian_Labor_Party_(NSW),LL43,,,
LL40,Lang Labor (1940),LL,1,Australian_Labor_Party_(Non-Communist),LL43,,,
LL43,Lang Labor (1943-49),LL,1,Lang_Labor,,,Lang Labor,
LM,Liberal Movement,LM,1,Liberal_Movement_(Australia),,,,
LNP,Liberal National,LNP,1,Liberal_National_Party_of_Queensland,,Lib46,,
LRG,Liberal Reform Group,LRG,1,Liberal_Reform_Group,AP,,,
MAP,Mature Australia,MAP,1,Mature_Australia_Party,,,,
MCP,Middle Class,MCP,1,Middle_Class_Party_(Australia),,,,
MLP,Majority Labor,MLP,1,Majority_Labor_Party,,,,
NA,National Alliance,NA,1,National_Alliance_(Australia),,,,
NAN,No Aircraft Noise,NAN,1,No_Aircraft_Noise,,,,
Nat,Nationalist,Nat,1,Nationalist_Party_of_Australia,,,,Nationalist
Nat Gov,National Government,Nat Gov,0,National Government,,,,
NCo,New Country,NCo,1,New_Country_Party,,,,
NCP01,Non-Custodial Parents,NCP,1,Non-Custodial_Parents_Party_(Equal_Parenting),,,,
NCP75,National Country,NCP,1,National_Party_of_Australia,NPA,,,
NDP,Nuclear Disarmament,NDP,1,Nuclear_Disarmament_Party,,,,
NGP,New Guinea,NGP,0,New Guinea Party,,,,
NGST,No GST,NGST,1,No_GST_Party,,,Against Child Support/No GST,
NHP,National Humanitarian,NHP,1,National_Humanitarian_Party,,,,
NLP16,National Labor,NLP,1,National_Labor_Party,,,,
NLP93,Natural Law,NLP,1,Natural_Law_Party,,,,
NLU,National Liberal Union,NLU,0,National Liberal Union (Protectionist),,Prot,,
NPA,Nationals,NPA,1,National_Party_of_Australia,,,Country/Nationals,Country/Nationals
NPW,National Party WA,NPW,1,National_Party_of_Western_Australia,,,,
NSP,National Socialist,NSP,1,National_Socialist_Party_of_Australia,,,,
NSWC,National South West Coalition,NSWC,0,National South West Coalition,,,,
NTN,Northern Territory Nationals,NTN,1,Northern_Territory_Nationals,,,,
NTRL,Northern Territory Representation League,NTRL,0,Northern Territory Representation League,,,,
NU,National Unity,NU,0,National Unity,,,,
NXT,Nick Xenophon Team,NXT,1,Nick_Xenophon_Team,CA19,,,
OAP,One Australia,OAP,1,One_Australia_Party,,,,
ODD,Online Direct Democracy,ODD,1,Online_Direct_Democracy,,,,
ON,One Nation,ON,1,One_Nation_(Australia),,,,
OPA,One Parliament for Australia,OPA,1,One_Parliament_for_Australia,,,,
ORP,Outdoor Recreation,ORP,1,Outdoor_Recreation_Party,,,,
PCD,Protestant Christian Democrats,PCD,0,Protestant Christian Democrat,,,,
PCP,Progressive Conservative,PCP,1,Progressive_Conservative_Party_(Australia),,,,
PIR,Pirate,Pir,1,Pirate_Party_Australia,,,,
PLP22,Protestant Labor,PLP,1,Protestant_Labor_Party,,,,
PLP98,Progressive Labour,PLP,1,Progressive_Labour_Party_(Australia),,,,
PP,Pensioner (1969),PP,0,Pensioner Power Association of Australia,,,,
PPA,Pensioner (1984-96),PPA,1,Pensioner_and_Citizen_Initiated_Referendum_Alliance,,,,
PPP,Protestant People's Party,PPP,1,Protestant_People%27s_Party,,,,
PPU,Primary Producers' Union,PPU,1,National_Party_of_Australia,,NPA,,
Prog,Progress,PP,1,Progress_Party_(Australia),,,Workers/Progress,
Prot,Protectionist,Prot,1,Protectionist_Party,,,,Protectionist
PUP,Palmer United,PUP,1,Palmer_United_Party,UAP19,,,
QFU,Queensland Farmers Union,QFU,1,National_Party_of_Australia,,NPA,,
QLP,Queensland Labor,QLP,1,Queensland_Labor_Party,,DLP,,
RARI,Reclaim Australia: Reduce Immigration,RARI,1,Reclaim_Australia:_Reduce_Immigration,,,,
RCL,Rex Connor Labor,RCL,1,Advance_Australia_Party,,,,
REAS,Reason,Reas,1,Reason_Party_(Australia),,,Sex/Reason,
REP,Renewable Energy,REP,1,Renewable_Energy_Party,,,,
RPA,Republican,RPA,1,Republican_Party_of_Australia,,,,
RSC,Returned Servicemen's and Citizens Political Federation,RSC,0,Returned Servicemen's and Citizens' Political Federation,,,,
RSL,Returned Servicemen's League,RSL,0,Returned Servicemen's League,,,,
RSP,Revolutionary Socialist,RSP,0,Revolutionary Socialist Party,,,,
RSSCPA,"Returned Sailors, Soldiers and Citizens Political Association",RSSC,0,"Returned Sailors, Soldiers and Citizens Political Association",,,,
RT,Revenue Tariff,RT,1,Revenue_Tariff_Party_(Tasmania),,FT,,
RUA,Rise Up Australia,RUA,1,Rise_Up_Australia_Party,,,,
SA,Sustainable Australia,SA,1,Sustainable_Australia,,,,
SAl,Socialist Alliance,SAl,1,Socialist_Alliance_(Australia),,,,
SAS,Save the ADI Site,SAS,1,Save_the_ADI_Site_Party,,,,
SC,Douglas Credit,DC,1,Douglas_Credit_Party,,,,
Sci,Science Party,Sci,1,Science_Party_(Australia),,,,
SCP,Services and Citizens,SCP,1,Services_and_Citizens%27_Party,,,,
SCWW,"Soldiers, Citizens and War Workers Labor",SCWW,0,"Soldiers, Citizens and War Workers Labor Party",,,,
SEP,Socialist Equality,SEP,1,Socialist_Equality_Party_(Australia),,,,
SFF,"Shooters, Fishers and Farmers",SFF,1,"Shooters,_Fishers_and_Farmers_Party",,,,
SL,State Labor,SL,1,State_Labor_Party,,,,
SLL,Socialist Labor League,SLL,1,Socialist_Equality_Party_(Australia),,,,
SMK,Smokers' Rights,Smk,1,Smokers%27_Rights_Party,,,,
Soc,Socialist,Soc,0,Socialist,,,,
SOL,Senator Online,SOL,1,Online_Direct_Democracy,ODD,,,
SP,Services,SP,1,Services_Party_of_Australia,,,,
SPA10,Secular,SPA,1,Secular_Party_of_Australia,,,,
SPA46,Service,SPA,0,Service Party of Australia,,,,
SPA72,Socialist Party of Australia,SPA,1,Socialist_Alliance_(Australia),,,,
SPP,Sustainable Population,SPP,1,Sustainable_Australia,SA,,,
Sprt,Australian Sports,Sprt,1,Australian_Sports_Party,,,,
STL,Single Tax League,STL,1,Single_Tax_League,,,,
SWP,Socialist Workers,SWP,1,Democratic_Socialist_Perspective,,,,
TAP,Arts,Arts,1,Arts_Party,,,,
TCS,The Climate Sceptics,TCS,1,Freedom_and_Prosperity_Party,,,,
TFP,Tasmania First,TFP,1,Tasmania_First_Party,,,,
TGA,Great Australians,GA,1,Great_Australians_Party,,,,
True Ind,True Independent,Tr Ind,0,True Independent,,,,
UAP13,Uniting Australia,UAP,1,Uniting_Australia_Party,,,,
UAP19,United Australia,UAP,1,United_Australia_Party_(2013),,,Palmer United/United Aust.,
UAP31,United Australia,UAP,1,United_Australia_Party,,,,United Australia/EC
UAP87,Unite Australia,UAP,1,Unite_Australia_Party,,,,
UCP22,United Country (1922),UCP,0,United Country Party,,NPA,,
UCP34,United Country (1934-43),UCP,1,United_Country_Party_(Australia),,NPA,,
UCP80,United Christian,UCP,1,United_Christian_Party_(Australia),ACP83,,,
Uni,Unity,Uni,1,Unity_Party_(Australia),,,,
UTG,United Tasmania Group,UTG,1,United_Tasmania_Group,,,,
VEP,Voluntary Euthanasia,VEP,1,Voluntary_Euthanasia_Party,,,,
Vet,"Ex-Service, Service and Veterans",Vet,1,"Ex-Service,_Service_and_Veterans_Party",,,,
VFU,Victorian Farmers' Union,VFU,1,Victorian_Farmers%27_Union,,NPA,,
VNS,Victorian Socialists,VSoc,1,Victorian_Socialists,,,,
WA Nat,WA Nationalist,WA Nat,1,Nationalist_Party_of_Australia,,Nat,,
WAP06,Western Australian,WAP,1,Western_Australian_Party,,,,
WAP19,Western Australia,WAP,1,Western_Australia_Party,,,,
WFCM,Women for Canberra Movement,WFCM,0,Women for Canberra Movement,,,,
WP,Workers,WP,1,Progress_Party_(Australia),Prog,,,
WWW,What Women Want,WWW,1,What_Women_Want_(Australia),,,,
YANP,Young Australia National,YANP,1,Young_Australia_National_Party,,,,
