"District","Incumbent","RunnerUp","IncTcp","Tpp"
"Albany","Labor","National",16.38,-16.38
"Armadale","Labor","Liberal",35.67,-35.67
"Balcatta","Labor","Liberal",18.53,-18.53
"Baldivis","Labor","Liberal",27.07,-27.07
"Bassendean","Labor","Liberal",32.1,-32.1
"Bateman","Liberal","Labor",-2.69,-2.69
"Belmont","Labor","Liberal",21.9,-21.9
"Bicton","Labor","Liberal",14.15,-14.15
"Bunbury","Labor","Liberal",21.01,-21.01
"Burns Beach","Labor","Liberal",15.88,-15.88
"Butler","Labor","Liberal",31.02,-31.02
"Cannington","Labor","Liberal",28.08,-28.08
"Carine","Liberal","Labor",-0.289999999999999,-0.289999999999999
"Central Wheatbelt","National","Labor",11.68,11.68
"Churchlands","Liberal","Labor",1.23000000000001,1.23000000000001
"Cockburn","Labor","Liberal",24.8,-24.8
"Collie-Preston","Labor","Liberal",25.16,-25.16
"Cottesloe","Liberal","Labor",3.55,3.55
"Darling Range","Liberal","Labor",-7,-7
"Dawesville","Liberal","Labor",-10,-10
"Forrestfield","Labor","Liberal",19.93,-19.93
"Fremantle","Labor","Liberal",33.5,-33.5
"Geraldton","Liberal","Labor",-9.17,-9.17
"Hillarys","Liberal","Labor",-10.13,-10.13
"Jandakot","Labor","Liberal",12.28,-12.28
"Joondalup","Labor","Liberal",10.53,-10.53
"Kalamunda","Labor","Liberal",12.81,-12.81
"Kalgoorlie","Liberal","Labor",-4.32,-4.32
"Kimberly","Labor","Liberal",23.62,-23.62
"Kingsley","Labor","Liberal",11.72,-11.72
"Kwinana","Labor","Liberal",31.23,-31.23
"Landsdale","Labor","Liberal",20.08,-20.08
"Mandurah","Labor","Liberal",28.46,-28.46
"Maylands","Labor","Liberal",28.36,-28.36
"Midland","Labor","Liberal",23.31,-23.31
"Mirrabooka","Labor","Liberal",33.78,-33.78
"Moore","National","Liberal",36.1875,9.01000000000001
"Morley","Labor","Liberal",22.83,-22.83
"Mount Lawley","Labor","Liberal",14.54,-14.54
"Murray-Wellington","Labor","Liberal",12.21,-12.21
"Nedlands","Liberal","Labor",-2.48,-2.48
"North West Central","National","Labor",-0.380000000000003,-0.380000000000003
"Perth","Labor","Liberal",23.13,-23.13
"Pilbara","Labor","National",12.67,-12.67
"Riverton","Liberal","Labor",-6.28,-6.28
"Rockingham","Labor","Liberal",34,-34
"Roe","National","Liberal",35.1875,15.44
"Scarborough","Liberal","Labor",-4.8,-4.8
"South Perth","Liberal","Labor",-3.3,-3.3
"Southern River","Labor","Liberal",18.36,-18.36
"Swan Hills","Labor","Liberal",22.6,-22.6
"Thornlie","Labor","Liberal",26.29,-26.29
"Vasse","Liberal","Labor",4.15000000000001,4.15000000000001
"Victoria Park","Labor","Liberal",27.26,-27.26
"Wanneroo","Labor","Liberal",19.11,-19.11
"Warnbro","Labor","Liberal",34.22,-34.22
"Warren-Blackwood","National","Labor",2.33,2.33
"West Swan","Labor","Liberal",28.94,-28.94
"Willagee","Labor","Liberal",28.16,-28.16
