District,Incumbent,RunnerUp,ALP,Liberal,National,Green,PHON,Others,IncTcp,Tpp,NonClassic
Albany,Labor,National,44.56,17.33,19.63,6.65,6.79,5.04,5.88,-5.88,FALSE
Armadale,Labor,Liberal,64,16.17,0,6.17,8.26,5.4,25.17,-25.17,FALSE
Balcatta,Labor,Liberal,46.67,36.15,0,10.28,0,6.9,8.03,-8.03,FALSE
Baldivis,Labor,Liberal,42.76,14.41,0,5.21,8.53,29.09,16.57,-16.57,FALSE
Bassendean,Labor,Liberal,59.7,23,0,10.96,0.29,6.05,21.6,-21.6,FALSE
Bateman,Liberal,Labor,30.4,49.79,0,10.38,4.01,5.42,7.81,7.81,FALSE
Belmont,Labor,Liberal,50.85,31.34,0,7.82,6.51,3.48,11.4,-11.4,FALSE
Bicton,Labor,Liberal,41.19,43.63,0,11.42,1.02,2.74,3.65,-3.65,FALSE
Bunbury,Labor,Liberal,43.54,22.38,13.85,6.77,8.85,4.61,10.51,-10.51,FALSE
Burns Beach,Labor,Liberal,45.33,38.39,0,9.35,0,6.93,5.38,-5.38,FALSE
Butler,Labor,Liberal,65.78,23.06,0,7.24,0,3.92,20.52,-20.52,FALSE
Cannington,Labor,Liberal,55.88,24.74,0,9.28,6.13,3.97,17.58,-17.58,FALSE
Carine,Liberal,Labor,28.39,52.43,0,10.95,0,8.23,10.21,10.21,FALSE
Central Wheatbelt,National,Labor,19.56,11.62,46.1,3.14,11.52,8.06,22.18,22.18,FALSE
Churchlands,Liberal,Labor,23.66,53.37,0,14.14,0,8.83,11.73,11.73,FALSE
Cockburn,Labor,Liberal,51.68,28.41,0,8.93,1.81,9.17,14.3,-14.3,FALSE
Collie-Preston,Labor,Liberal,49.95,17.94,13,4.3,8.62,6.19,14.66,-14.66,FALSE
Cottesloe,Liberal,Labor,22.1,57.53,0,11.87,0,8.5,14.05,14.05,FALSE
Darling Range,Liberal,Labor,42.22,30.23,0,7.75,12,7.8,3.5,3.5,FALSE
Dawesville,Liberal,Labor,33.31,36.86,2.2,4.4,9.28,13.95,0.8,0.8,FALSE
Forrestfield,Labor,Liberal,47.94,31.05,0,6.68,10.04,4.29,9.43,-9.43,FALSE
Fremantle,Labor,Liberal,53.59,21.4,0,19.47,0,5.54,23,-23,FALSE
Geraldton,Liberal,Labor,33.71,27.69,17.49,4.05,9.44,7.62,1.33,1.33,FALSE
Hillarys,Liberal,Labor,33.28,38.08,0,9.22,0,19.42,0.37,0.37,FALSE
Jandakot,Labor,Liberal,41.36,39.27,0,6.89,6.76,5.72,1.78,-1.78,FALSE
Joondalup,Labor,Liberal,40.33,43.97,0,8.6,0,7.1,0.03,-0.03,FALSE
Kalamunda,Labor,Liberal,36.94,37.7,0,12.75,7.5,5.11,2.31,-2.31,FALSE
Kalgoorlie,Liberal,Labor,26.07,27.99,24.42,4.31,12.14,5.07,6.18,6.18,FALSE
Kimberly,Labor,Liberal,44.92,17.35,16.3,9.24,8.13,4.06,13.12,-13.12,FALSE
Kingsley,Labor,Liberal,38.69,40.21,0,9.43,6.08,5.59,1.22,-1.22,FALSE
Kwinana,Labor,Liberal,57.15,19.38,0,7.78,9.33,6.36,20.73,-20.73,FALSE
Landsdale,Labor,Liberal,51.75,33.24,0,6.5,0,8.51,9.58,-9.58,FALSE
Mandurah,Labor,Liberal,56.66,21.7,1.96,4.72,12.76,2.2,17.96,-17.96,FALSE
Maylands,Labor,Liberal,48.57,26.7,0,16.73,3.98,4.02,17.86,-17.86,FALSE
Midland,Labor,Liberal,49.55,29.38,0,8.95,10,2.12,12.81,-12.81,FALSE
Mirrabooka,Labor,Liberal,59.56,20.2,0,6.12,8.55,5.57,23.28,-23.28,FALSE
Moore,National,Liberal,19.84,18.84,36.81,3.89,12.74,7.88,14.8,19.51,TRUE
Morley,Labor,Liberal,49.59,29.82,0,8.81,4.93,6.85,12.33,-12.33,FALSE
Mount Lawley,Labor,Liberal,40.06,39.97,0,12.21,3.84,3.92,4.04,-4.04,FALSE
Murray-Wellington,Labor,Liberal,36.7,29.45,10.52,4.36,11.37,7.6,1.71,-1.71,FALSE
Nedlands,Liberal,Labor,26.58,51.66,0,15.52,0,6.24,8.02,8.02,FALSE
North West Central,National,Labor,26.73,15.76,36.13,5.64,11.37,4.37,10.12,10.12,FALSE
Perth,Labor,Liberal,47.88,33.5,0,14.64,0,3.98,12.63,-12.63,FALSE
Pilbara,Labor,National,30.88,15.27,27.36,4.12,11.39,10.98,2.17,-2.17,FALSE
Riverton,Liberal,Labor,36.11,47.88,0,9.94,0,6.07,4.22,4.22,FALSE
Rockingham,Labor,Liberal,62.36,17.91,0,7.28,10.42,2.03,23.5,-23.5,FALSE
Roe,National,Liberal,14.79,24.92,42.33,3.48,6.61,7.87,13.8,25.94,TRUE
Scarborough,Liberal,Labor,30.88,49.85,0,14.55,0,4.72,5.7,5.7,FALSE
South Perth,Liberal,Labor,31.77,53.62,0,12.61,0,2,7.2,7.2,FALSE
Southern River,Labor,Liberal,45.88,35.91,0,5.85,3.8,8.56,7.86,-7.86,FALSE
Swan Hills,Labor,Liberal,56.07,31.93,0,8.48,0,3.52,12.1,-12.1,FALSE
Thornlie,Labor,Liberal,58.47,27.73,0,7.62,0,6.18,15.79,-15.79,FALSE
Vasse,Liberal,Labor,20.66,46.21,19.3,13.81,0.01,0.01,14.65,14.65,FALSE
Victoria Park,Labor,Liberal,50,27.67,0,14.34,4.53,3.46,16.76,-16.76,FALSE
Wanneroo,Labor,Liberal,52.11,32.51,0,8.44,0,6.94,8.61,-8.61,FALSE
Warnbro,Labor,Liberal,60.62,15.93,0,6.94,11.93,4.58,23.72,-23.72,FALSE
Warren-Blackwood,National,Labor,20.8,15.77,36.27,14.52,6.93,5.71,12.83,12.83,FALSE
West Swan,Labor,Liberal,61.67,26.83,0,6.53,0,4.97,18.44,-18.44,FALSE
Willagee,Labor,Liberal,52.84,27.42,0,10.77,4.08,4.89,17.66,-17.66,FALSE
