District,ALP,Liberal,National,Green,PHON,Others,IncTcp,Tpp,NonClassic
Albany,,,,,,,,,FALSE
Armadale,,,,,,,,,FALSE
Balcatta,,,,,,,,,FALSE
Baldivis,,,,,,,,,FALSE
Bassendean,,,,,,,,,FALSE
Bateman,,,,,,,,,FALSE
Belmont,,,,,,,,,FALSE
Bicton,,,,,,,,,FALSE
Bunbury,,,,,,,,,FALSE
Burns Beach,,,,,,,,,FALSE
Butler,,,,,,,,,FALSE
Cannington,,,,,,,,,FALSE
Carine,,,,,,,,,FALSE
Central Wheatbelt,,,,,,,,,FALSE
Churchlands,,,,,,,,,FALSE
Cockburn,,,,,,,,,FALSE
Collie-Preston,,,,,,,,,FALSE
Cottesloe,,,,,,,,,FALSE
Darling Range,,,,,,,,,FALSE
Dawesville,55,33,2,3,2,5,-10,-10,FALSE
Forrestfield,,,,,,,,,FALSE
Fremantle,,,,,,,,,FALSE
Geraldton,,,,,,,,,FALSE
Hillarys,,,,,,,,,FALSE
Jandakot,,,,,,,,,FALSE
Joondalup,,,,,,,,,FALSE
Kalamunda,,,,,,,,,FALSE
Kalgoorlie,,,,,,,,,FALSE
Kimberly,,,,,,,,,FALSE
Kingsley,,,,,,,,,FALSE
Kwinana,,,,,,,,,FALSE
Landsdale,,,,,,,,,FALSE
Mandurah,,,,,,,,,FALSE
Maylands,,,,,,,,,FALSE
Midland,,,,,,,,,FALSE
Mirrabooka,,,,,,,,,FALSE
Moore,,,,,,,,,TRUE
Morley,,,,,,,,,FALSE
Mount Lawley,,,,,,,,,FALSE
Murray-Wellington,,,,,,,,,FALSE
Nedlands,,,,,,,,,FALSE
North West Central,,,,,,,,,FALSE
Perth,,,,,,,,,FALSE
Pilbara,,,,,,,,,FALSE
Riverton,,,,,,,,,FALSE
Rockingham,,,,,,,,,FALSE
Roe,,,,,,,,,TRUE
Scarborough,,,,,,,,,FALSE
South Perth,,,,,,,,,FALSE
Southern River,,,,,,,,,FALSE
Swan Hills,,,,,,,,,FALSE
Thornlie,,,,,,,,,FALSE
Vasse,,,,,,,,,FALSE
Victoria Park,,,,,,,,,FALSE
Wanneroo,,,,,,,,,FALSE
Warnbro,,,,,,,,,FALSE
Warren-Blackwood,,,,,,,,,FALSE
West Swan,,,,,,,,,FALSE
Willagee,,,,,,,,,FALSE
