"Seat","From_candidate","From_party","To_candidate1","To_party1","Votes1","Vote_perc1","To_candidate2","To_party2","Votes2","Vote_perc2","Exhausted","Exhausted_perc"
"Canberra","Amanda Bresnan","Grn","Annette Ellis","ALP",11811,79.39,"Natalie Colbert","Lib46",3067,20.61,0,0
"Canberra","John Holder","CEC","Annette Ellis","ALP",508,53.31,"Natalie Colbert","Lib46",445,46.69,0,0
"Fraser","Darren Churchill","AD","Bob McMullan","ALP",1469,58.55,"Troy Williams","Lib46",1040,41.45,0,0
"Fraser","Jim Arnold","CEC","Bob McMullan","ALP",192,56.14,"Troy Williams","Lib46",150,43.86,0,0
"Fraser","Farida Iqbal","SAl","Bob McMullan","ALP",444,82.37,"Troy Williams","Lib46",95,17.63,0,0
"Fraser","Kerri Taranto","Ind","Bob McMullan","ALP",738,57.88,"Troy Williams","Lib46",537,42.12,0,0
"Fraser","Meredith Hunter","Grn","Bob McMullan","ALP",12339,84.83,"Troy Williams","Lib46",2207,15.17,0,0
"Banks","Huu Khoa Nguyen","CEC","Bruce Morrow","Lib46",959,67.06,"Daryl Melham","ALP",471,32.94,0,0
"Banks","Don Nguyen","LDP","Bruce Morrow","Lib46",257,52.24,"Daryl Melham","ALP",235,47.76,0,0
"Banks","Susan Roberts","Grn","Bruce Morrow","Lib46",955,20.71,"Daryl Melham","ALP",3657,79.29,0,0
"Banks","Stephen Chavura","CDP","Bruce Morrow","Lib46",2210,69.5,"Daryl Melham","ALP",970,30.5,0,0
"Barton","Michele McKenzie","Grn","John La Mela","Lib46",1986,29.27,"Robert McClelland","ALP",4798,70.73,0,0
"Barton","Chris Svolos","CDP","John La Mela","Lib46",1653,67.06,"Robert McClelland","ALP",812,32.94,0,0
"Bennelong","Lindsay Peters","Grn","John Howard","Lib46",1018,21.16,"Maxine McKew","ALP",3793,78.84,0,0
"Bennelong","Peter Goldfinch","AD","John Howard","Lib46",228,37.38,"Maxine McKew","ALP",382,62.62,0,0
"Bennelong","David Leyonhjelm","LDP","John Howard","Lib46",55,61.8,"Maxine McKew","ALP",34,38.2,0,0
"Bennelong","Gavin Spencer","CEC","John Howard","Lib46",44,62.86,"Maxine McKew","ALP",26,37.14,0,0
"Bennelong","Victor Waterson","ON","John Howard","Lib46",153,58.62,"Maxine McKew","ALP",108,41.38,0,0
"Bennelong","Lorraine Markwell","FFP","John Howard","Lib46",153,52.94,"Maxine McKew","ALP",136,47.06,0,0
"Bennelong","Graeme Cordiner","Ind","John Howard","Lib46",104,43.51,"Maxine McKew","ALP",135,56.49,0,0
"Bennelong","David Allen","Ind","John Howard","Lib46",65,52.85,"Maxine McKew","ALP",58,47.15,0,0
"Bennelong","Yusuf Tahir","Ind","John Howard","Lib46",39,40.21,"Maxine McKew","ALP",58,59.79,0,0
"Bennelong","Margherita Tracanelli","CCC","John Howard","Lib46",85,31.6,"Maxine McKew","ALP",184,68.4,0,0
"Bennelong","Robyn Peebles","CDP","John Howard","Lib46",756,67.56,"Maxine McKew","ALP",363,32.44,0,0
"Berowra","Sam Ellis","FFP","Philip Ruddock","Lib46",674,64.25,"Michael Colnan","ALP",375,35.75,0,0
"Berowra","Mick Gallagher","Ind","Philip Ruddock","Lib46",721,49.52,"Michael Colnan","ALP",735,50.48,0,0
"Berowra","Wendy McMurdo","Grn","Philip Ruddock","Lib46",1374,17.95,"Michael Colnan","ALP",6279,82.05,0,0
"Berowra","Rob McFarlane","AD","Philip Ruddock","Lib46",340,34.91,"Michael Colnan","ALP",634,65.09,0,0
"Berowra","Ray Levick","CDP","Philip Ruddock","Lib46",1488,70.02,"Michael Colnan","ALP",637,29.98,0,0
"Blaxland","John Ky","Grn","Mark Majewski","Lib46",2207,44.1,"Jason Clare","ALP",2797,55.9,0,0
"Blaxland","Bob Vinnicombe","ON","Mark Majewski","Lib46",798,66.39,"Jason Clare","ALP",404,33.61,0,0
"Blaxland","Gabrielle Kent","FFP","Mark Majewski","Lib46",647,54.69,"Jason Clare","ALP",536,45.31,0,0
"Blaxland","Chris McLachlan","CDP","Mark Majewski","Lib46",1181,63.84,"Jason Clare","ALP",669,36.16,0,0
"Blaxland","Harry Stavrinos","Ind","Mark Majewski","Lib46",833,54.27,"Jason Clare","ALP",702,45.73,0,0
"Blaxland","Raul Bassi","SAl","Mark Majewski","Lib46",172,32.95,"Jason Clare","ALP",350,67.05,0,0
"Bradfield","Susie Gemmell","Grn","Brendan Nelson","Lib46",2035,21.43,"Victoria Brookman","ALP",7460,78.57,0,0
"Bradfield","James Turnbull","FFP","Brendan Nelson","Lib46",468,61.66,"Victoria Brookman","ALP",291,38.34,0,0
"Bradfield","Witold Wiszniewski","CDP","Brendan Nelson","Lib46",1018,69.44,"Victoria Brookman","ALP",448,30.56,0,0
"Bradfield","Robert Butler","CEC","Brendan Nelson","Lib46",174,61.05,"Victoria Brookman","ALP",111,38.95,0,0
"Calare","David Simpson","CEC","John Cobb","NPA",221,27.83,"Michael Allen","ALP",573,72.17,0,0
"Calare","Jeremy Buckingham","Grn","John Cobb","NPA",816,34.71,"Michael Allen","ALP",1535,65.29,0,0
"Calare","Gavin Priestley","Ind","John Cobb","NPA",10146,53.3,"Michael Allen","ALP",8889,46.7,0,0
"Charlton","Stuart Ulrich","Ind","Lindsay Paterson","Lib46",728,36.25,"Greg Combet","ALP",1280,63.75,0,0
"Charlton","Suzanne Pritchard","Grn","Lindsay Paterson","Lib46",1488,22.18,"Greg Combet","ALP",5220,77.82,0,0
"Charlton","David Stow","CEC","Lindsay Paterson","Lib46",128,43.54,"Greg Combet","ALP",166,56.46,0,0
"Charlton","Terry Cook","SEP","Lindsay Paterson","Lib46",133,32.92,"Greg Combet","ALP",271,67.08,0,0
"Charlton","Patrick Barry","Ind","Lindsay Paterson","Lib46",620,49.48,"Greg Combet","ALP",633,50.52,0,0
"Charlton","Jim Kendall","CDP","Lindsay Paterson","Lib46",1435,71.5,"Greg Combet","ALP",572,28.5,0,0
"Chifley","James Cogan","SEP","Jess Diaz","Lib46",842,78.77,"Roger Price","ALP",227,21.23,0,0
"Chifley","Evan Jewell","FFP","Jess Diaz","Lib46",540,53.15,"Roger Price","ALP",476,46.85,0,0
"Chifley","Wayne Hyland","Ind","Jess Diaz","Lib46",276,57.02,"Roger Price","ALP",208,42.98,0,0
"Chifley","Dave Vincent","CDP","Jess Diaz","Lib46",1465,53.25,"Roger Price","ALP",1286,46.75,0,0
"Chifley","Louise Kedwell","ON","Jess Diaz","Lib46",574,48.52,"Roger Price","ALP",609,51.48,0,0
"Chifley","Amarjit Tanda","Ind","Jess Diaz","Lib46",104,36.11,"Roger Price","ALP",184,63.89,0,0
"Chifley","John Forrester","Grn","Jess Diaz","Lib46",679,23.44,"Roger Price","ALP",2218,76.56,0,0
"Cook","Graeme Strang","Ind","Scott Morrison","Lib46",175,25.25,"Mark Buttigieg","ALP",518,74.75,0,0
"Cook","Ari Katsoulas","FFP","Scott Morrison","Lib46",258,43.29,"Mark Buttigieg","ALP",338,56.71,0,0
"Cook","Patricia Poulos","Ind","Scott Morrison","Lib46",153,38.83,"Mark Buttigieg","ALP",241,61.17,0,0
"Cook","Naomi Waizer","Grn","Scott Morrison","Lib46",910,17.03,"Mark Buttigieg","ALP",4432,82.97,0,0
"Cook","Beth Smith","CDP","Scott Morrison","Lib46",1414,73.3,"Mark Buttigieg","ALP",515,26.7,0,0
"Cook","Richard Putral","ON","Scott Morrison","Lib46",685,61.38,"Mark Buttigieg","ALP",431,38.62,0,0
"Cowper","John Carty","Grn","Luke Hartsuyker","NPA",1541,16.47,"Paul Sekfy","ALP",7818,83.53,0,0
"Cowper","Flavia Arapi-Nunez","FFP","Luke Hartsuyker","NPA",377,49.67,"Paul Sekfy","ALP",382,50.33,0,0
"Cowper","Leon Belgrave","LDP","Luke Hartsuyker","NPA",289,58.86,"Paul Sekfy","ALP",202,41.14,0,0
"Cowper","Deborah Lions","CDP","Luke Hartsuyker","NPA",1772,72.98,"Paul Sekfy","ALP",656,27.02,0,0
"Cunningham","Michael Organ","Grn","Colin Fowler","Lib46",2037,16.53,"Sharon Bird","ALP",10289,83.47,0,0
"Cunningham","Jess Moore","SAl","Colin Fowler","Lib46",110,15.58,"Sharon Bird","ALP",596,84.42,0,0
"Cunningham","Jemma Tribe","FFP","Colin Fowler","Lib46",577,47.96,"Sharon Bird","ALP",626,52.04,0,0
"Cunningham","Nolene Norsworthy","CDP","Colin Fowler","Lib46",1453,65.1,"Sharon Bird","ALP",779,34.9,0,0
"Cunningham","John Flanagan","NCP01","Colin Fowler","Lib46",232,47.44,"Sharon Bird","ALP",257,52.56,0,0
"Dobell","Hadden Ervin","FFP","Ken Ticehurst","Lib46",477,33.9,"Craig Thomson","ALP",930,66.1,0,0
"Dobell","Michael Darby","CDP","Ken Ticehurst","Lib46",1111,71.72,"Craig Thomson","ALP",438,28.28,0,0
"Dobell","Graeme Bird","LDP","Ken Ticehurst","Lib46",44,24.18,"Craig Thomson","ALP",138,75.82,0,0
"Dobell","Scott Rickard","Grn","Ken Ticehurst","Lib46",794,17.93,"Craig Thomson","ALP",3635,82.07,0,0
"Dobell","Steve Hughes","CEC","Ken Ticehurst","Lib46",41,26.11,"Craig Thomson","ALP",116,73.89,0,0
"Dobell","Doug Eaton","Ind","Ken Ticehurst","Lib46",651,39.72,"Craig Thomson","ALP",988,60.28,0,0
"Eden-Monaro","Acacia Rose","Ind","Gary Nairn","Lib46",605,31.44,"Mike Kelly","ALP",1319,68.56,0,0
"Eden-Monaro","Matthew Chivers","CDP","Gary Nairn","Lib46",644,70.69,"Mike Kelly","ALP",267,29.31,0,0
"Eden-Monaro","Peter Harris","FFP","Gary Nairn","Lib46",344,52.36,"Mike Kelly","ALP",313,47.64,0,0
"Eden-Monaro","Tim Quilty","LDP","Gary Nairn","Lib46",145,53.31,"Mike Kelly","ALP",127,46.69,0,0
"Eden-Monaro","Keith Hughes","Grn","Gary Nairn","Lib46",846,13.42,"Mike Kelly","ALP",5457,86.58,0,0
"Farrer","Rhonda Lever","FFP","Chris Ryan","ALP",1244,46.82,"Sussan Ley","Lib46",1413,53.18,0,0
"Farrer","Douglas Henderson","CCE","Chris Ryan","ALP",601,55.24,"Sussan Ley","Lib46",487,44.76,0,0
"Farrer","Pat Mathers","CEC","Chris Ryan","ALP",193,61.66,"Sussan Ley","Lib46",120,38.34,0,0
"Farrer","Darran Stonehouse","Grn","Chris Ryan","ALP",3217,77.16,"Sussan Ley","Lib46",952,22.84,0,0
"Fowler","Vlaudin Vega","Grn","Rose Torossian","Lib46",1966,45.84,"Julia Irwin","ALP",2323,54.16,0,0
"Fowler","Paul Termeulen","CDP","Rose Torossian","Lib46",1129,58.44,"Julia Irwin","ALP",803,41.56,0,0
"Gilmore","Simon Blake","CCE","Joanna Gash","Lib46",172,46.49,"Neil Reilly","ALP",198,53.51,0,0
"Gilmore","Ben van der Wijngaart","Grn","Joanna Gash","Lib46",864,14.23,"Neil Reilly","ALP",5206,85.77,0,0
"Gilmore","Of The Above None","Ind","Joanna Gash","Lib46",253,36.88,"Neil Reilly","ALP",433,63.12,0,0
"Gilmore","Brett Greenhalgh","FFP","Joanna Gash","Lib46",172,42.26,"Neil Reilly","ALP",235,57.74,0,0
"Gilmore","Warwick Hunt","CEC","Joanna Gash","Lib46",26,44.07,"Neil Reilly","ALP",33,55.93,0,0
"Gilmore","Bohdan Brumerskyj","CDP","Joanna Gash","Lib46",1414,80.57,"Neil Reilly","ALP",341,19.43,0,0
"Gilmore","Kevin Ramsey","LDP","Joanna Gash","Lib46",53,35.1,"Neil Reilly","ALP",98,64.9,0,0
"Grayndler","Pip Hinman","SAl","Daniel Caffery","Lib46",671,48.13,"Anthony Albanese","ALP",723,51.87,0,0
"Grayndler","Ehab Hennien","CDP","Daniel Caffery","Lib46",666,63.92,"Anthony Albanese","ALP",376,36.08,0,0
"Grayndler","Patrick O'Connor","SEP","Daniel Caffery","Lib46",116,35.37,"Anthony Albanese","ALP",212,64.63,0,0
"Grayndler","Saeed Khan","Grn","Daniel Caffery","Lib46",1632,10.41,"Anthony Albanese","ALP",14043,89.59,0,0
"Grayndler","Jeffrey Gabriel","AD","Daniel Caffery","Lib46",449,31.91,"Anthony Albanese","ALP",958,68.09,0,0
"Greenway","F Ivor","Ind","Louise Markus","Lib46",428,31.87,"Michael Vassili","ALP",915,68.13,0,0
"Greenway","Goran Reves","CEC","Louise Markus","Lib46",116,50.88,"Michael Vassili","ALP",112,49.12,0,0
"Greenway","John Phillips","CDP","Louise Markus","Lib46",1202,70.25,"Michael Vassili","ALP",509,29.75,0,0
"Greenway","Leigh Williams","Grn","Louise Markus","Lib46",1121,24.28,"Michael Vassili","ALP",3496,75.72,0,0
"Greenway","Joanne Muller","FFP","Louise Markus","Lib46",676,51.52,"Michael Vassili","ALP",636,48.48,0,0
"Hughes","Julie Mezyed","FFP","Danna Vale","Lib46",525,50.82,"Greg Holland","ALP",508,49.18,0,0
"Hughes","Jamie Paterson","Grn","Danna Vale","Lib46",997,21.46,"Greg Holland","ALP",3649,78.54,0,0
"Hughes","John Vanderjagt","CDP","Danna Vale","Lib46",1706,70.53,"Greg Holland","ALP",713,29.47,0,0
"Hume","Cathy Trent","FFP","Alby Schultz","Lib46",1093,55.82,"David Grant","ALP",865,44.18,0,0
"Hume","Geoff Peet","CDP","Alby Schultz","Lib46",1522,75.72,"David Grant","ALP",488,24.28,0,0
"Hume","Jim Clark","Grn","Alby Schultz","Lib46",1357,21.16,"David Grant","ALP",5057,78.84,0,0
"Hume","Lindsay Cosgrove","CEC","Alby Schultz","Lib46",210,46.15,"David Grant","ALP",245,53.85,0,0
"Hunter","Daniel Albury","CEC","Beth Black","NPA",1041,80.89,"Joel Fitzgibbon","ALP",246,19.11,0,0
"Hunter","Jan Davis","Grn","Beth Black","NPA",2180,41.41,"Joel Fitzgibbon","ALP",3085,58.59,0,0
"Hunter","John Harvey","CCC","Beth Black","NPA",1457,58.28,"Joel Fitzgibbon","ALP",1043,41.72,0,0
"Hunter","Bernie Neville","CDP","Beth Black","NPA",1167,67.22,"Joel Fitzgibbon","ALP",569,32.78,0,0
"Kingsford Smith","Alex Safari","SEP","Caroline Beinke","Lib46",220,20.07,"Peter Garrett","ALP",876,79.93,0,0
"Kingsford Smith","Sue Mahony","Grn","Caroline Beinke","Lib46",1345,14.95,"Peter Garrett","ALP",7650,85.05,0,0
"Kingsford Smith","Marcus Campbell","CDP","Caroline Beinke","Lib46",870,62.05,"Peter Garrett","ALP",532,37.95,0,0
"Lindsay","Grant Bayley","LDP","Karen Chijoff","Lib46",511,74.17,"David Bradbury","ALP",178,25.83,0,0
"Lindsay","Lesley Edwards","Grn","Karen Chijoff","Lib46",742,26.89,"David Bradbury","ALP",2017,73.11,0,0
"Lindsay","Lisa Harrold","Ind","Karen Chijoff","Lib46",484,50.79,"David Bradbury","ALP",469,49.21,0,0
"Lindsay","Iris Muller","FFP","Karen Chijoff","Lib46",416,45.46,"David Bradbury","ALP",499,54.54,0,0
"Lindsay","Andrew Green","CDP","Karen Chijoff","Lib46",1677,67.13,"David Bradbury","ALP",821,32.87,0,0
"Lindsay","Kerry McNally","Ind","Karen Chijoff","Lib46",309,42.45,"David Bradbury","ALP",419,57.55,0,0
"Lowe","Marc Rerceretnam","Grn","Jim Tsolakis","Lib46",1119,16.52,"John Murphy","ALP",5655,83.48,0,0
"Lowe","Bill Shailer","CDP","Jim Tsolakis","Lib46",901,55.75,"John Murphy","ALP",715,44.25,0,0
"Lyne","Barry Wright","Ind","Mark Vaile","NPA",647,66.09,"James Langley","ALP",332,33.91,0,0
"Lyne","Susie Russell","Grn","Mark Vaile","NPA",1333,23.6,"James Langley","ALP",4316,76.4,0,0
"Lyne","Stewart Scott-Irving","Ind","Mark Vaile","NPA",165,50,"James Langley","ALP",165,50,0,0
"Lyne","Jamie Harrison","Ind","Mark Vaile","NPA",1385,41.64,"James Langley","ALP",1941,58.36,0,0
"Lyne","Rodger Riach","Ind","Mark Vaile","NPA",97,40.76,"James Langley","ALP",141,59.24,0,0
"Lyne","Graeme Muldoon","CEC","Mark Vaile","NPA",92,50,"James Langley","ALP",92,50,0,0
"Lyne","Robert Waldron","CDP","Mark Vaile","NPA",1273,75.82,"James Langley","ALP",406,24.18,0,0
"Macarthur","Ben Raue","Grn","Pat Farmer","Lib46",747,22.41,"Nick Bleasdeale","ALP",2587,77.59,0,0
"Macarthur","Samantha Elliott-Halls","AD","Pat Farmer","Lib46",246,39.81,"Nick Bleasdeale","ALP",372,60.19,0,0
"Macarthur","Godwin Goh","CDP","Pat Farmer","Lib46",949,69.93,"Nick Bleasdeale","ALP",408,30.07,0,0
"Macarthur","Andy Thompson","NCP01","Pat Farmer","Lib46",156,50.98,"Nick Bleasdeale","ALP",150,49.02,0,0
"Macarthur","Douglas Rauch","FFP","Pat Farmer","Lib46",771,58.28,"Nick Bleasdeale","ALP",552,41.72,0,0
"Mackellar","Matt McLellan","Ind","Bronwyn Bishop","Lib46",758,45.91,"Chris Sharpe","ALP",893,54.09,0,0
"Mackellar","Michael Hubbard","CDP","Bronwyn Bishop","Lib46",1508,77.14,"Chris Sharpe","ALP",447,22.86,0,0
"Mackellar","John Adams","CCC","Bronwyn Bishop","Lib46",744,41.99,"Chris Sharpe","ALP",1028,58.01,0,0
"Mackellar","Craige McWhirter","Grn","Bronwyn Bishop","Lib46",1704,17.32,"Chris Sharpe","ALP",8136,82.68,0,0
"Mackellar","Clinton Barnes","AD","Bronwyn Bishop","Lib46",338,36.23,"Chris Sharpe","ALP",595,63.77,0,0
"Macquarie","Kirk Fletcher","LDP","Kerry Bartlett","Lib46",287,80.85,"Bob Debus","ALP",68,19.15,0,0
"Macquarie","Robert Gifford","CDP","Kerry Bartlett","Lib46",1276,74.97,"Bob Debus","ALP",426,25.03,0,0
"Macquarie","Charles Liptak","FFP","Kerry Bartlett","Lib46",250,53.76,"Bob Debus","ALP",215,46.24,0,0
"Macquarie","Michael Segedin","CEC","Kerry Bartlett","Lib46",40,40.4,"Bob Debus","ALP",59,59.6,0,0
"Macquarie","Carmel McCallum","Grn","Kerry Bartlett","Lib46",1023,11.25,"Bob Debus","ALP",8069,88.75,0,0
"Macquarie","Tim Williams","Ind","Kerry Bartlett","Lib46",1617,39.01,"Bob Debus","ALP",2528,60.99,0,0
"Mitchell","James Fiander","CCC","Alex Hawke","Lib46",468,27.29,"Nigel Gould","ALP",1247,72.71,0,0
"Mitchell","Toni Wright-Turner","Grn","Alex Hawke","Lib46",890,20.69,"Nigel Gould","ALP",3412,79.31,0,0
"Mitchell","Darryl Allen","CDP","Alex Hawke","Lib46",1485,70.75,"Nigel Gould","ALP",614,29.25,0,0
"Mitchell","Jordie Bodlay","Ind","Alex Hawke","Lib46",453,55.58,"Nigel Gould","ALP",362,44.42,0,0
"Mitchell","Jarrod Graetz","FFP","Alex Hawke","Lib46",647,63.31,"Nigel Gould","ALP",375,36.69,0,0
"New England","Brian Dettman","ON","Tony Windsor","Ind",807,75.35,"Phil Betts","NPA",264,24.65,0,0
"New England","Richard Witten","CEC","Tony Windsor","Ind",135,60,"Phil Betts","NPA",90,40,0,0
"New England","Luke Brand","ALP","Tony Windsor","Ind",7221,86.29,"Phil Betts","NPA",1147,13.71,0,0
"New England","Bruce Taylor","Grn","Tony Windsor","Ind",2389,82.61,"Phil Betts","NPA",503,17.39,0,0
"Newcastle","Malcolm East","FFP","Krysia Walker","Lib46",703,36.5,"Sharon Grierson","ALP",1223,63.5,0,0
"Newcastle","Aaron Johnson","AD","Krysia Walker","Lib46",290,32.55,"Sharon Grierson","ALP",601,67.45,0,0
"Newcastle","Geoff Payne","SAl","Krysia Walker","Lib46",69,20.72,"Sharon Grierson","ALP",264,79.28,0,0
"Newcastle","Aaron Buman","Ind","Krysia Walker","Lib46",3840,60.54,"Sharon Grierson","ALP",2503,39.46,0,0
"Newcastle","Noel Holt","SEP","Krysia Walker","Lib46",86,31.05,"Sharon Grierson","ALP",191,68.95,0,0
"Newcastle","Charmian Eckersley","Grn","Krysia Walker","Lib46",1161,13.72,"Sharon Grierson","ALP",7302,86.28,0,0
"Newcastle","Joel Curry","Ind","Krysia Walker","Lib46",327,46.65,"Sharon Grierson","ALP",374,53.35,0,0
"Newcastle","Milton Caine","CDP","Krysia Walker","Lib46",733,68.89,"Sharon Grierson","ALP",331,31.11,0,0
"North Sydney","Kundan Misra","CEC","Joe Hockey","Lib46",181,73.88,"Mike Bailey","ALP",64,26.12,0,0
"North Sydney","Arie Baalbergen","CDP","Joe Hockey","Lib46",433,69.73,"Mike Bailey","ALP",188,30.27,0,0
"North Sydney","Marcus Aussie-Stone","Ind","Joe Hockey","Lib46",269,51.14,"Mike Bailey","ALP",257,48.86,0,0
"North Sydney","Ted Nixon","Grn","Joe Hockey","Lib46",1512,19.26,"Mike Bailey","ALP",6339,80.74,0,0
"North Sydney","Barry Thompson","CCC","Joe Hockey","Lib46",441,39.41,"Mike Bailey","ALP",678,60.59,0,0
"North Sydney","John Cafferatta","FFP","Joe Hockey","Lib46",209,59.38,"Mike Bailey","ALP",143,40.63,0,0
"Page","Doug Behn","Ind","Chris Gulaptis","NPA",537,35.21,"Janelle Saffin","ALP",988,64.79,0,0
"Page","Mirian Vega","FFP","Chris Gulaptis","NPA",367,46.81,"Janelle Saffin","ALP",417,53.19,0,0
"Page","John Culverwell","CEC","Chris Gulaptis","NPA",51,35.66,"Janelle Saffin","ALP",92,64.34,0,0
"Page","Julia Melland","AD","Chris Gulaptis","NPA",315,34.62,"Janelle Saffin","ALP",595,65.38,0,0
"Page","Theo Jongen","Grn","Chris Gulaptis","NPA",832,12.01,"Janelle Saffin","ALP",6098,87.99,0,0
"Page","Tony Kane","Ind","Chris Gulaptis","NPA",441,50.29,"Janelle Saffin","ALP",436,49.71,0,0
"Page","Rhonda Avasalu","CDP","Chris Gulaptis","NPA",1068,74.69,"Janelle Saffin","ALP",362,25.31,0,0
"Page","Ben Beatty","LDP","Chris Gulaptis","NPA",316,68.4,"Janelle Saffin","ALP",146,31.6,0,0
"Parkes","Tim Horan","Ind","Mark Coulton","NPA",10808,63.21,"Margaret Patriarca","ALP",6290,36.79,0,0
"Parkes","Michael Kiely","CCC","Mark Coulton","NPA",556,59.21,"Margaret Patriarca","ALP",383,40.79,0,0
"Parkes","Bruce Haigh","Ind","Mark Coulton","NPA",1131,52.53,"Margaret Patriarca","ALP",1022,47.47,0,0
"Parkes","Richard Stringer","CEC","Mark Coulton","NPA",168,58.54,"Margaret Patriarca","ALP",119,41.46,0,0
"Parkes","Matt Parmeter","Grn","Mark Coulton","NPA",748,29.97,"Margaret Patriarca","ALP",1748,70.03,0,0
"Parramatta","Rachel Evans","SAl","Colin Robinson","Lib46",790,77.83,"Julie Owens","ALP",225,22.17,0,0
"Parramatta","Chris Gordon","SEP","Colin Robinson","Lib46",144,55.17,"Julie Owens","ALP",117,44.83,0,0
"Parramatta","Graham Nickols","LDP","Colin Robinson","Lib46",181,66.06,"Julie Owens","ALP",93,33.94,0,0
"Parramatta","Astrid O'Neill","Grn","Colin Robinson","Lib46",947,22.08,"Julie Owens","ALP",3341,77.92,0,0
"Parramatta","Alasdair Macdonald","Ind","Colin Robinson","Lib46",102,58.62,"Julie Owens","ALP",72,41.38,0,0
"Parramatta","Rene Hernandez","FFP","Colin Robinson","Lib46",455,51.24,"Julie Owens","ALP",433,48.76,0,0
"Parramatta","Brian Buckley","Ind","Colin Robinson","Lib46",304,47.57,"Julie Owens","ALP",335,52.43,0,0
"Parramatta","Sam Baissari","CDP","Colin Robinson","Lib46",1649,68.62,"Julie Owens","ALP",754,31.38,0,0
"Paterson","Paul Hennelly","FP","Bob Baldwin","Lib46",472,43.99,"Jim Arneman","ALP",601,56.01,0,0
"Paterson","Judy Donnelly","Grn","Bob Baldwin","Lib46",727,16.74,"Jim Arneman","ALP",3617,83.26,0,0
"Paterson","Christopher Stokes","FFP","Bob Baldwin","Lib46",239,42.75,"Jim Arneman","ALP",320,57.25,0,0
"Paterson","Tony King","CEC","Bob Baldwin","Lib46",145,42.52,"Jim Arneman","ALP",196,57.48,0,0
"Paterson","Heather Haynes","CDP","Bob Baldwin","Lib46",770,76.24,"Jim Arneman","ALP",240,23.76,0,0
"Paterson","John Hamberger","ON","Bob Baldwin","Lib46",409,49.16,"Jim Arneman","ALP",423,50.84,0,0
"Prospect","Carolyn Lever","FFP","Lily Arthur","Lib46",1737,65.42,"Chris Bowen","ALP",918,34.58,0,0
"Prospect","Lizza Gebilagin","Grn","Lily Arthur","Lib46",1199,33.14,"Chris Bowen","ALP",2419,66.86,0,0
"Prospect","Jason Callander","CDP","Lily Arthur","Lib46",1332,60.91,"Chris Bowen","ALP",855,39.09,0,0
"Reid","Alex Sharah","CDP","Ronney Oueik","Lib46",2283,72.02,"Laurie Ferguson","ALP",887,27.98,0,0
"Reid","Silma Ihram","AD","Ronney Oueik","Lib46",508,45.24,"Laurie Ferguson","ALP",615,54.76,0,0
"Reid","Mark Lipscombe","Grn","Ronney Oueik","Lib46",1131,27.19,"Laurie Ferguson","ALP",3029,72.81,0,0
"Reid","Veronica Lambert","FFP","Ronney Oueik","Lib46",727,55.88,"Laurie Ferguson","ALP",574,44.12,0,0
"Reid","Hal Johnson","CEC","Ronney Oueik","Lib46",208,48.48,"Laurie Ferguson","ALP",221,51.52,0,0
"Richmond","Daniel Farmilo","LDP","Sue Page","NPA",791,59.92,"Justine Elliot","ALP",529,40.08,0,0
"Richmond","Giovanni Ebono","Grn","Sue Page","NPA",1421,11.68,"Justine Elliot","ALP",10747,88.32,0,0
"Richmond","Graham McCallum","CEC","Sue Page","NPA",95,53.98,"Justine Elliot","ALP",81,46.02,0,0
"Richmond","Scott Sledge","AD","Sue Page","NPA",328,34.53,"Justine Elliot","ALP",622,65.47,0,0
"Richmond","Barbara Raymond","CDP","Sue Page","NPA",744,71.61,"Justine Elliot","ALP",295,28.39,0,0
"Riverina","Gary Johnson","CEC","Kay Hull","NPA",738,64.68,"Peter Knox","ALP",403,35.32,0,0
"Riverina","Ray Goodlass","Grn","Kay Hull","NPA",1342,32.49,"Peter Knox","ALP",2788,67.51,0,0
"Riverina","Craig Hesketh","ON","Kay Hull","NPA",1009,54.93,"Peter Knox","ALP",828,45.07,0,0
"Robertson","George Grant","CDP","Jim Lloyd","Lib46",1515,78.54,"Belinda Neal","ALP",414,21.46,0,0
"Robertson","Daniel Le","FFP","Jim Lloyd","Lib46",381,53.81,"Belinda Neal","ALP",327,46.19,0,0
"Robertson","Nicholas Tomlin","CEC","Jim Lloyd","Lib46",83,58.87,"Belinda Neal","ALP",58,41.13,0,0
"Robertson","Helen Ryan","ON","Jim Lloyd","Lib46",513,55.52,"Belinda Neal","ALP",411,44.48,0,0
"Robertson","Mira Wroblewski","Grn","Jim Lloyd","Lib46",1229,19.57,"Belinda Neal","ALP",5050,80.43,0,0
"Shortland","Keith Parsons","Grn","Jon Kealy","Lib46",1495,21.07,"Jill Hall","ALP",5602,78.93,0,0
"Shortland","Matthew Reeves","FFP","Jon Kealy","Lib46",906,55.11,"Jill Hall","ALP",738,44.89,0,0
"Shortland","Les Wallace","CDP","Jon Kealy","Lib46",1141,68.94,"Jill Hall","ALP",514,31.06,0,0
"Sydney","Adrian Ford","CEC","Georgina Anderson","Lib46",100,54.35,"Tanya Plibersek","ALP",84,45.65,0,0
"Sydney","Jenny Leong","Grn","Georgina Anderson","Lib46",1798,11.34,"Tanya Plibersek","ALP",14056,88.66,0,0
"Sydney","John Lee","CDP","Georgina Anderson","Lib46",416,57.22,"Tanya Plibersek","ALP",311,42.78,0,0
"Sydney","Jane Ward","Ind","Georgina Anderson","Lib46",376,38.41,"Tanya Plibersek","ALP",603,61.59,0,0
"Sydney","Mayo Materazzo","AD","Georgina Anderson","Lib46",220,25.17,"Tanya Plibersek","ALP",654,74.83,0,0
"Throsby","Peter Moran","Grn","Stuart Wright","Lib46",1356,18.56,"Jennie George","ALP",5952,81.44,0,0
"Throsby","Scott Deakes","CDP","Stuart Wright","Lib46",1726,66.44,"Jennie George","ALP",872,33.56,0,0
"Warringah","Conny Harris","Grn","Tony Abbott","Lib46",2021,18.96,"Hugh Zochling","ALP",8639,81.04,0,0
"Warringah","Georgina Johanson","AD","Tony Abbott","Lib46",389,35.53,"Hugh Zochling","ALP",706,64.47,0,0
"Warringah","Patricia Petersen","Ind","Tony Abbott","Lib46",584,38.19,"Hugh Zochling","ALP",945,61.81,0,0
"Warringah","Brent Middleton","FFP","Tony Abbott","Lib46",242,53.07,"Hugh Zochling","ALP",214,46.93,0,0
"Warringah","Goronwy Price","CCE","Tony Abbott","Lib46",297,48.21,"Hugh Zochling","ALP",319,51.79,0,0
"Warringah","Bill McCudden","CDP","Tony Abbott","Lib46",696,68.24,"Hugh Zochling","ALP",324,31.76,0,0
"Watson","Merry Foy","FFP","Philip Mansour","Lib46",470,23.37,"Tony Burke","ALP",1541,76.63,0,0
"Watson","Ronald Poulsen","Ind","Philip Mansour","Lib46",156,36.79,"Tony Burke","ALP",268,63.21,0,0
"Watson","Josephine Sammut","CDP","Philip Mansour","Lib46",1294,65.09,"Tony Burke","ALP",694,34.91,0,0
"Watson","Christine Donayre","Grn","Philip Mansour","Lib46",958,18.07,"Tony Burke","ALP",4344,81.93,0,0
"Wentworth","Dani Ecuyer","Ind","Malcolm Turnbull","Lib46",214,27.65,"George Newhouse","ALP",560,72.35,0,0
"Wentworth","Susan Jarnason","Grn","Malcolm Turnbull","Lib46",1709,12.94,"George Newhouse","ALP",11496,87.06,0,0
"Wentworth","Dixie Coulton","CCC","Malcolm Turnbull","Lib46",380,32.87,"George Newhouse","ALP",776,67.13,0,0
"Wentworth","James Adams","FFP","Malcolm Turnbull","Lib46",113,44.31,"George Newhouse","ALP",142,55.69,0,0
"Wentworth","John Jamieson","CEC","Malcolm Turnbull","Lib46",27,34.62,"George Newhouse","ALP",51,65.38,0,0
"Wentworth","Jonatan Kelu","LDP","Malcolm Turnbull","Lib46",65,50.39,"George Newhouse","ALP",64,49.61,0,0
"Wentworth","Pat Sheil","Ind","Malcolm Turnbull","Lib46",116,43.77,"George Newhouse","ALP",149,56.23,0,0
"Wentworth","Bradley Moloney","CDP","Malcolm Turnbull","Lib46",219,67.8,"George Newhouse","ALP",104,32.2,0,0
"Wentworth","Pierce Field","AD","Malcolm Turnbull","Lib46",232,32.18,"George Newhouse","ALP",489,67.82,0,0
"Werriwa","Andrew Mills","FFP","Rachel Elliott","Lib46",866,45.1,"Chris Hayes","ALP",1054,54.9,0,0
"Werriwa","Joe Bryant","Ind","Rachel Elliott","Lib46",1003,49.75,"Chris Hayes","ALP",1013,50.25,0,0
"Werriwa","Hany Gayed","CDP","Rachel Elliott","Lib46",1140,62.84,"Chris Hayes","ALP",674,37.16,0,0
"Werriwa","Neerav Bhatt","Grn","Rachel Elliott","Lib46",656,21.71,"Chris Hayes","ALP",2366,78.29,0,0
"Lingiari","Wayne Wright","Ind","Adam Giles","CLP",445,51.5,"Warren Snowdon","ALP",419,48.5,0,0
"Lingiari","Maurie Ryan","Ind","Adam Giles","CLP",549,45.52,"Warren Snowdon","ALP",657,54.48,0,0
"Lingiari","Emma Young","Grn","Adam Giles","CLP",955,29.56,"Warren Snowdon","ALP",2276,70.44,0,0
"Solomon","Trudy Campbell","CEC","David Tollner","CLP",114,46.53,"Damian Hale","ALP",131,53.47,0,0
"Solomon","Jacques Chester","LDP","David Tollner","CLP",205,57.26,"Damian Hale","ALP",153,42.74,0,0
"Solomon","Maurice Foley","Ind","David Tollner","CLP",270,49.54,"Damian Hale","ALP",275,50.46,0,0
"Solomon","Deborah Hudson","Grn","David Tollner","CLP",959,20.53,"Damian Hale","ALP",3713,79.47,0,0
"Blair","Peter Luxton","Grn","Shayne Neumann","ALP",2416,74.06,"Cameron Thompson","Lib46",846,25.94,0,0
"Blair","Bevan Smith","FFP","Shayne Neumann","ALP",771,44.88,"Cameron Thompson","Lib46",947,55.12,0,0
"Blair","David White","AD","Shayne Neumann","ALP",463,62.99,"Cameron Thompson","Lib46",272,37.01,0,0
"Blair","Robert Thies","CEC","Shayne Neumann","ALP",85,59.44,"Cameron Thompson","Lib46",58,40.56,0,0
"Blair","Doug Swanborough","LDP","Shayne Neumann","ALP",116,59.18,"Cameron Thompson","Lib46",80,40.82,0,0
"Blair","Dale Chorley","Ind","Shayne Neumann","ALP",855,59.83,"Cameron Thompson","Lib46",574,40.17,0,0
"Bonner","Lisa Charles","LDP","Kerry Rea","ALP",111,52.36,"Ross Vasta","Lib46",101,47.64,0,0
"Bonner","Stephen Gellatly","FFP","Kerry Rea","ALP",496,30.77,"Ross Vasta","Lib46",1116,69.23,0,0
"Bonner","Vicki Stocks","AD","Kerry Rea","ALP",534,63.8,"Ross Vasta","Lib46",303,36.2,0,0
"Bonner","Shane Boese","FP","Kerry Rea","ALP",489,48.42,"Ross Vasta","Lib46",521,51.58,0,0
"Bonner","David Wyatt","Grn","Kerry Rea","ALP",3162,77.23,"Ross Vasta","Lib46",932,22.77,0,0
"Bowman","Alan Lucas","FFP","Jason Young","ALP",750,31.19,"Andrew Laming","Lib46",1655,68.81,0,0
"Bowman","Brad Scott","Grn","Jason Young","ALP",3417,76.36,"Andrew Laming","Lib46",1058,23.64,0,0
"Bowman","Dave Chidgey","ON","Jason Young","ALP",217,50.12,"Andrew Laming","Lib46",216,49.88,0,0
"Bowman","Paul Holland","AD","Jason Young","ALP",418,61.83,"Andrew Laming","Lib46",258,38.17,0,0
"Brisbane","Ewan Saunders","SAl","Arch Bevis","ALP",330,58.3,"Ted O'Brien","Lib46",236,41.7,0,0
"Brisbane","Nick Contarino","CEC","Arch Bevis","ALP",73,53.28,"Ted O'Brien","Lib46",64,46.72,0,0
"Brisbane","Elizabeth Guthrie","Grn","Arch Bevis","ALP",8121,82.18,"Ted O'Brien","Lib46",1761,17.82,0,0
"Brisbane","Mark White","FFP","Arch Bevis","ALP",424,35.84,"Ted O'Brien","Lib46",759,64.16,0,0
"Brisbane","Don Sinnamon","AD","Arch Bevis","ALP",863,68.17,"Ted O'Brien","Lib46",403,31.83,0,0
"Capricornia","Scott Kilpatrick","Lib46","Robert Mills","NPA",13154,85.33,"Kirsten Livermore","ALP",2262,14.67,0,0
"Capricornia","Bob Oakes","Ind","Robert Mills","NPA",1021,54.92,"Kirsten Livermore","ALP",838,45.08,0,0
"Capricornia","Bill Ingrey","CEC","Robert Mills","NPA",112,50.45,"Kirsten Livermore","ALP",110,49.55,0,0
"Capricornia","Paul Bambrick","Grn","Robert Mills","NPA",665,26.8,"Kirsten Livermore","ALP",1816,73.2,0,0
"Capricornia","Anton Prange","AD","Robert Mills","NPA",181,42.89,"Kirsten Livermore","ALP",241,57.11,0,0
"Capricornia","Jon Eaton","FFP","Robert Mills","NPA",928,61.54,"Kirsten Livermore","ALP",580,38.46,0,0
"Dawson","Peter Bell","Grn","De-Anne Kelly","NPA",1233,35.34,"James Bidgood","ALP",2256,64.66,0,0
"Dawson","Andrew Harris","CEC","De-Anne Kelly","NPA",236,54.63,"James Bidgood","ALP",196,45.37,0,0
"Dawson","Rena Lee","FFP","De-Anne Kelly","NPA",1448,60.38,"James Bidgood","ALP",950,39.62,0,0
"Dawson","Chris Doyle","AD","De-Anne Kelly","NPA",521,42.85,"James Bidgood","ALP",695,57.15,0,0
"Dickson","Dale Shuttleworth","FFP","Fiona McNamara","ALP",570,26.91,"Peter Dutton","Lib46",1548,73.09,0,0
"Dickson","Brad Cornwell","LDP","Fiona McNamara","ALP",118,45.74,"Peter Dutton","Lib46",140,54.26,0,0
"Dickson","Connie Wood","CDP","Fiona McNamara","ALP",105,32.51,"Peter Dutton","Lib46",218,67.49,0,0
"Dickson","Howard Nielsen","Grn","Fiona McNamara","ALP",3887,77.65,"Peter Dutton","Lib46",1119,22.35,0,0
"Dickson","Peter Kerin","AD","Fiona McNamara","ALP",497,62.36,"Peter Dutton","Lib46",300,37.64,0,0
"Fadden","Ken Martin","CEC","Rana Watson","ALP",88,15.12,"Stuart Robert","Lib46",494,84.88,0,0
"Fadden","John Walter","ON","Rana Watson","ALP",268,38.56,"Stuart Robert","Lib46",427,61.44,0,0
"Fadden","Alex Douglas","NPA","Rana Watson","ALP",623,10.09,"Stuart Robert","Lib46",5554,89.91,0,0
"Fadden","Chris Faint","AD","Rana Watson","ALP",252,50,"Stuart Robert","Lib46",252,50,0,0
"Fadden","David Montgomery","Ind","Rana Watson","ALP",503,47.23,"Stuart Robert","Lib46",562,52.77,0,0
"Fadden","Ross Wilson","FFP","Rana Watson","ALP",685,39.3,"Stuart Robert","Lib46",1058,60.7,0,0
"Fadden","Mike Beale","Grn","Rana Watson","ALP",2680,71.5,"Stuart Robert","Lib46",1068,28.5,0,0
"Fairfax","Kevin Watt","CEC","Debbie Blumel","ALP",400,77.82,"Alex Somlyay","Lib46",114,22.18,0,0
"Fairfax","Janette Hashemi","AD","Debbie Blumel","ALP",511,66.88,"Alex Somlyay","Lib46",253,33.12,0,0
"Fairfax","David Norris","Grn","Debbie Blumel","ALP",5538,78.99,"Alex Somlyay","Lib46",1473,21.01,0,0
"Fairfax","Lisa Woods","FFP","Debbie Blumel","ALP",1076,32.74,"Alex Somlyay","Lib46",2211,67.26,0,0
"Fairfax","Kevin Savage","ON","Debbie Blumel","ALP",459,53.31,"Alex Somlyay","Lib46",402,46.69,0,0
"Fairfax","Max Phillips","Ind","Debbie Blumel","ALP",665,51.15,"Alex Somlyay","Lib46",635,48.85,0,0
"Fisher","Mathew Gray","Grn","Darrell Main","ALP",3508,78.41,"Peter Slipper","Lib46",966,21.59,0,0
"Fisher","Graeme Cumming","FFP","Darrell Main","ALP",561,32.47,"Peter Slipper","Lib46",1167,67.53,0,0
"Fisher","Carolyn Kerr","AD","Darrell Main","ALP",364,55.57,"Peter Slipper","Lib46",291,44.43,0,0
"Fisher","Caroline Hutchinson","Ind","Darrell Main","ALP",5877,55.46,"Peter Slipper","Lib46",4719,44.54,0,0
"Flynn","Jason Rose","Lib46","Glenn Churchill","NPA",10145,85.61,"Chris Trevor","ALP",1705,14.39,0,0
"Flynn","Jarrah Job","LDP","Glenn Churchill","NPA",77,39.29,"Chris Trevor","ALP",119,60.71,0,0
"Flynn","Mathew Drysdale","FFP","Glenn Churchill","NPA",1080,64.98,"Chris Trevor","ALP",582,35.02,0,0
"Flynn","Julie Noble","AD","Glenn Churchill","NPA",259,48.41,"Chris Trevor","ALP",276,51.59,0,0
"Flynn","Phillip Costello","Ind","Glenn Churchill","NPA",443,58.21,"Chris Trevor","ALP",318,41.79,0,0
"Flynn","Duncan Scott","Ind","Glenn Churchill","NPA",473,58.61,"Chris Trevor","ALP",334,41.39,0,0
"Flynn","Marella Pettinato","Grn","Glenn Churchill","NPA",583,36.97,"Chris Trevor","ALP",994,63.03,0,0
"Forde","Hajnal Ban","NPA","Brett Raguse","ALP",2232,23.37,"Wendy Creighton","Lib46",7318,76.63,0,0
"Forde","Danny Hope","CEC","Brett Raguse","ALP",113,52.31,"Wendy Creighton","Lib46",103,47.69,0,0
"Forde","Maaz Syed","AD","Brett Raguse","ALP",268,63.96,"Wendy Creighton","Lib46",151,36.04,0,0
"Forde","Andy Grodecki","Grn","Brett Raguse","ALP",2810,74.81,"Wendy Creighton","Lib46",946,25.19,0,0
"Forde","Rod Evans","ON","Brett Raguse","ALP",321,47.84,"Wendy Creighton","Lib46",350,52.16,0,0
"Forde","Chris Coyle","Ind","Brett Raguse","ALP",357,57.3,"Wendy Creighton","Lib46",266,42.7,0,0
"Forde","Iona Abrahamson","FFP","Brett Raguse","ALP",597,34,"Wendy Creighton","Lib46",1159,66,0,0
"Griffith","Samantha Myers","LDP","Kevin Rudd","ALP",86,47.25,"Craig Thomas","Lib46",96,52.75,0,0
"Griffith","Jim McIlroy","SAl","Kevin Rudd","ALP",252,86.01,"Craig Thomas","Lib46",41,13.99,0,0
"Griffith","Willy Bach","Grn","Kevin Rudd","ALP",5556,85.53,"Craig Thomas","Lib46",940,14.47,0,0
"Griffith","P M Howard","Ind","Kevin Rudd","ALP",892,39.4,"Craig Thomas","Lib46",1372,60.6,0,0
"Griffith","Andrew Hassall","FFP","Kevin Rudd","ALP",264,40.37,"Craig Thomas","Lib46",390,59.63,0,0
"Griffith","Rob Cotterill","AD","Kevin Rudd","ALP",593,72.41,"Craig Thomas","Lib46",226,27.59,0,0
"Groom","Pauline Collins","Grn","Chris Meibusch","ALP",3023,75.05,"Ian Macfarlane","Lib46",1005,24.95,0,0
"Groom","Grahame Volker","Ind","Chris Meibusch","ALP",345,56.01,"Ian Macfarlane","Lib46",271,43.99,0,0
"Groom","Irene Jones","CEC","Chris Meibusch","ALP",136,51.71,"Ian Macfarlane","Lib46",127,48.29,0,0
"Groom","Peter Findlay","FFP","Chris Meibusch","ALP",1225,33.57,"Ian Macfarlane","Lib46",2424,66.43,0,0
"Groom","Rob Berry","Ind","Chris Meibusch","ALP",411,57.48,"Ian Macfarlane","Lib46",304,42.52,0,0
"Groom","Shalina Najeeb","AD","Chris Meibusch","ALP",405,66.61,"Ian Macfarlane","Lib46",203,33.39,0,0
"Groom","Rod Jeanneret","Ind","Chris Meibusch","ALP",243,48.89,"Ian Macfarlane","Lib46",254,51.11,0,0
"Herbert","Ben Thompson","LDP","George Colbran","ALP",147,29.11,"Peter Lindsay","Lib46",358,70.89,0,0
"Herbert","Jenny Stirling","Grn","George Colbran","ALP",3018,71.84,"Peter Lindsay","Lib46",1183,28.16,0,0
"Herbert","Sharon Sheridan","AD","George Colbran","ALP",271,56.93,"Peter Lindsay","Lib46",205,43.07,0,0
"Herbert","Garrie Lynch","Ind","George Colbran","ALP",226,46.41,"Peter Lindsay","Lib46",261,53.59,0,0
"Herbert","Francis Pauler","ON","George Colbran","ALP",319,42.65,"Peter Lindsay","Lib46",429,57.35,0,0
"Herbert","Michael Punshon","FFP","George Colbran","ALP",471,36.71,"Peter Lindsay","Lib46",812,63.29,0,0
"Herbert","Billy Brennan","Ind","George Colbran","ALP",456,50.67,"Peter Lindsay","Lib46",444,49.33,0,0
"Hinkler","Cameron Rub","FFP","Paul Neville","NPA",1808,62.65,"Garry Parr","ALP",1078,37.35,0,0
"Hinkler","Andrew Dickes","Grn","Paul Neville","NPA",1074,31.75,"Garry Parr","ALP",2309,68.25,0,0
"Hinkler","Robert Bromwich","AD","Paul Neville","NPA",339,53.64,"Garry Parr","ALP",293,46.36,0,0
"Hinkler","Roy Wells","Ind","Paul Neville","NPA",1100,58.29,"Garry Parr","ALP",787,41.71,0,0
"Kennedy","Ed Morrison","NPA","Bob Katter","Ind",18536,91.35,"Alan Neilan","ALP",1756,8.65,0,0
"Kennedy","Bill Hankin","ON","Bob Katter","Ind",1110,77.03,"Alan Neilan","ALP",331,22.97,0,0
"Kennedy","Keith Douglas","FFP","Bob Katter","Ind",1164,69.53,"Alan Neilan","ALP",510,30.47,0,0
"Kennedy","Frank Reilly","Grn","Bob Katter","Ind",937,35.37,"Alan Neilan","ALP",1712,64.63,0,0
"Kennedy","Nigel Asplin","AD","Bob Katter","Ind",287,47.52,"Alan Neilan","ALP",317,52.48,0,0
"Leichhardt","Selwyn Johnston","Ind","Jim Turnour","ALP",986,68.09,"Charlie McKillop","Lib46",462,31.91,0,0
"Leichhardt","Bridgette Lennox","AD","Jim Turnour","ALP",329,69.7,"Charlie McKillop","Lib46",143,30.3,0,0
"Leichhardt","Tony Hudson","Ind","Jim Turnour","ALP",222,69.38,"Charlie McKillop","Lib46",98,30.63,0,0
"Leichhardt","Norman Miller","Ind","Jim Turnour","ALP",775,71.1,"Charlie McKillop","Lib46",315,28.9,0,0
"Leichhardt","Ian Crossland","NPA","Jim Turnour","ALP",819,24.8,"Charlie McKillop","Lib46",2483,75.2,0,0
"Leichhardt","Sue Cory","Grn","Jim Turnour","ALP",4914,79.02,"Charlie McKillop","Lib46",1305,20.98,0,0
"Leichhardt","Ben Jacobsen","FFP","Jim Turnour","ALP",475,43.7,"Charlie McKillop","Lib46",612,56.3,0,0
"Leichhardt","Rata Hami Pugh","Ind","Jim Turnour","ALP",82,58.99,"Charlie McKillop","Lib46",57,41.01,0,0
"Leichhardt","Damien Byrnes","Ind","Jim Turnour","ALP",452,49.29,"Charlie McKillop","Lib46",465,50.71,0,0
"Lilley","Aubrey Clark","LDP","Wayne Swan","ALP",292,64.18,"Scott McConnel","Lib46",163,35.82,0,0
"Lilley","Simon Kean Hammerson","Grn","Wayne Swan","ALP",4416,78.1,"Scott McConnel","Lib46",1238,21.9,0,0
"Lilley","Jennifer Cluse","AD","Wayne Swan","ALP",653,64.33,"Scott McConnel","Lib46",362,35.67,0,0
"Lilley","Karen Gray","FFP","Wayne Swan","ALP",502,36.48,"Scott McConnel","Lib46",874,63.52,0,0
"Longman","Liz Oss-Emer","AD","Jon Sullivan","ALP",860,74.59,"Mal Brough","Lib46",293,25.41,0,0
"Longman","Trent MacDonald","LDP","Jon Sullivan","ALP",288,70.24,"Mal Brough","Lib46",122,29.76,0,0
"Longman","Peter Urquhart","FFP","Jon Sullivan","ALP",742,48.66,"Mal Brough","Lib46",783,51.34,0,0
"Longman","Paul Costin","Grn","Jon Sullivan","ALP",2612,74.93,"Mal Brough","Lib46",874,25.07,0,0
"Longman","Dan Winniak","CEC","Jon Sullivan","ALP",90,54.22,"Mal Brough","Lib46",76,45.78,0,0
"Maranoa","Rod Watson","ON","Bruce Scott","NPA",1391,50.14,"Mike Bathersby","ALP",1383,49.86,0,0
"Maranoa","David Totenhofer","FFP","Bruce Scott","NPA",1918,63.22,"Mike Bathersby","ALP",1116,36.78,0,0
"Maranoa","Alan Dickson","AD","Bruce Scott","NPA",419,41.73,"Mike Bathersby","ALP",585,58.27,0,0
"Maranoa","Bob East","Grn","Bruce Scott","NPA",915,34.58,"Mike Bathersby","ALP",1731,65.42,0,0
"McPherson","Lori Carnwell","AD","Eddy Sarroff","ALP",300,37.93,"Margaret May","Lib46",491,62.07,0,0
"McPherson","Tyrone Jackson","Ind","Eddy Sarroff","ALP",304,45.65,"Margaret May","Lib46",362,54.35,0,0
"McPherson","Ben O'Callaghan","Grn","Eddy Sarroff","ALP",3439,68.97,"Margaret May","Lib46",1547,31.03,0,0
"McPherson","Kevin Davis","FFP","Eddy Sarroff","ALP",520,40.56,"Margaret May","Lib46",762,59.44,0,0
"McPherson","Geoff Cornell","CEC","Eddy Sarroff","ALP",73,57.48,"Margaret May","Lib46",54,42.52,0,0
"Moncrieff","Carla Brandon","Grn","Sam Miszkowski","ALP",3315,65.67,"Steven Ciobo","Lib46",1733,34.33,0,0
"Moncrieff","Tim Kirchler","SAl","Sam Miszkowski","ALP",198,62.86,"Steven Ciobo","Lib46",117,37.14,0,0
"Moncrieff","Liz Thompson","CEC","Sam Miszkowski","ALP",110,51.4,"Steven Ciobo","Lib46",104,48.6,0,0
"Moncrieff","James Tayler","FFP","Sam Miszkowski","ALP",497,34.51,"Steven Ciobo","Lib46",943,65.49,0,0
"Moncrieff","Paul Shears","Ind","Sam Miszkowski","ALP",284,50.53,"Steven Ciobo","Lib46",278,49.47,0,0
"Moncrieff","Paul Stevenson","AD","Sam Miszkowski","ALP",458,62.65,"Steven Ciobo","Lib46",273,37.35,0,0
"Moreton","Emma Hine","Grn","Graham Perrett","ALP",4445,80.12,"Gary Hardgrave","Lib46",1103,19.88,0,0
"Moreton","Shane Brown","LDP","Graham Perrett","ALP",146,51.77,"Gary Hardgrave","Lib46",136,48.23,0,0
"Moreton","Steve Christian","FFP","Graham Perrett","ALP",435,39.08,"Gary Hardgrave","Lib46",678,60.92,0,0
"Moreton","Andrew Lamb","Ind","Graham Perrett","ALP",353,51.99,"Gary Hardgrave","Lib46",326,48.01,0,0
"Moreton","Emad Soliman","AD","Graham Perrett","ALP",768,75.67,"Gary Hardgrave","Lib46",247,24.33,0,0
"Oxley","Brian Haag","CEC","Bernie Ripoll","ALP",135,46.71,"Scott White","Lib46",154,53.29,0,0
"Oxley","Austin Lund","Grn","Bernie Ripoll","ALP",3058,74.08,"Scott White","Lib46",1070,25.92,0,0
"Oxley","Greg Roy","FFP","Bernie Ripoll","ALP",725,43.1,"Scott White","Lib46",957,56.9,0,0
"Oxley","Murray Henman","AD","Bernie Ripoll","ALP",561,58.99,"Scott White","Lib46",390,41.01,0,0
"Petrie","Terry Jones","Grn","Yvette D'Ath","ALP",2982,76.66,"Teresa Gambaro","Lib46",908,23.34,0,0
"Petrie","Michael Pope","LDP","Yvette D'Ath","ALP",127,58.53,"Teresa Gambaro","Lib46",90,41.47,0,0
"Petrie","Sally Vincent","FFP","Yvette D'Ath","ALP",516,34.04,"Teresa Gambaro","Lib46",1000,65.96,0,0
"Petrie","Bruce Carnwell","AD","Yvette D'Ath","ALP",535,65.72,"Teresa Gambaro","Lib46",279,34.28,0,0
"Petrie","Peter Britt","CDP","Yvette D'Ath","ALP",135,31.4,"Teresa Gambaro","Lib46",295,68.6,0,0
"Rankin","Liam Tjia","LDP","Craig Emerson","ALP",225,48.6,"Pete Coulson","Lib46",238,51.4,0,0
"Rankin","Neil Cotter","Grn","Craig Emerson","ALP",2729,72.33,"Pete Coulson","Lib46",1044,27.67,0,0
"Rankin","Bert van Manen","FFP","Craig Emerson","ALP",1051,37.18,"Pete Coulson","Lib46",1776,62.82,0,0
"Rankin","Salam El Marebi","AD","Craig Emerson","ALP",398,67.46,"Pete Coulson","Lib46",192,32.54,0,0
"Rankin","Rob Meyers","CEC","Craig Emerson","ALP",179,65.57,"Pete Coulson","Lib46",94,34.43,0,0
"Ryan","Jim Page","AD","Ross Daniels","ALP",741,61.39,"Michael Johnson","Lib46",466,38.61,0,0
"Ryan","Neville Solomon","CEC","Ross Daniels","ALP",37,41.11,"Michael Johnson","Lib46",53,58.89,0,0
"Ryan","Leisa Schmid","FFP","Ross Daniels","ALP",371,33.13,"Michael Johnson","Lib46",749,66.88,0,0
"Ryan","Charles Worringham","Ind","Ross Daniels","ALP",684,51.51,"Michael Johnson","Lib46",644,48.49,0,0
"Ryan","Evan Jones","Grn","Ross Daniels","ALP",6310,79.54,"Michael Johnson","Lib46",1623,20.46,0,0
"Ryan","Jock Mackenzie","LDP","Ross Daniels","ALP",78,50.32,"Michael Johnson","Lib46",77,49.68,0,0
"Wide Bay","Cate Molloy","Ind","Warren Truss","NPA",2920,52.37,"Tony Lawrence","ALP",2656,47.63,0,0
"Wide Bay","Martin Essenberg","ON","Warren Truss","NPA",612,61.45,"Tony Lawrence","ALP",384,38.55,0,0
"Wide Bay","John Chapman","FFP","Warren Truss","NPA",1978,70.85,"Tony Lawrence","ALP",814,29.15,0,0
"Wide Bay","Katherine Webb","Grn","Warren Truss","NPA",2104,31.81,"Tony Lawrence","ALP",4511,68.19,0,0
"Wide Bay","Terry Shaw","AD","Warren Truss","NPA",358,49.79,"Tony Lawrence","ALP",361,50.21,0,0
"Adelaide","Peter Solly","Grn","Tracy Marsh","Lib46",1450,16.78,"Kate Ellis","ALP",7191,83.22,0,0
"Adelaide","Sandy Biar","AD","Tracy Marsh","Lib46",395,29.19,"Kate Ellis","ALP",958,70.81,0,0
"Adelaide","Dennis Slape","FFP","Tracy Marsh","Lib46",856,47.53,"Kate Ellis","ALP",945,52.47,0,0
"Barker","Justin Sneath","AD","Patrick Secker","Lib46",525,26.46,"Karen Lock","ALP",1459,73.54,0,0
"Barker","Andrew Jennings","Grn","Patrick Secker","Lib46",1392,29.02,"Karen Lock","ALP",3404,70.98,0,0
"Barker","Deb Thiele","NPA","Patrick Secker","Lib46",6713,69.24,"Karen Lock","ALP",2982,30.76,0,0
"Barker","Phil Cornish","FFP","Patrick Secker","Lib46",3342,61.68,"Karen Lock","ALP",2076,38.32,0,0
"Boothby","Ray McGhee","Ind","Andrew Southcott","Lib46",1881,42.85,"Nicole Cornes","ALP",2509,57.15,0,0
"Boothby","Craig Bossie","AD","Andrew Southcott","Lib46",447,32.39,"Nicole Cornes","ALP",933,67.61,0,0
"Boothby","Barbara Pannach","ON","Andrew Southcott","Lib46",149,48.22,"Nicole Cornes","ALP",160,51.78,0,0
"Boothby","David Humphreys","LDP","Andrew Southcott","Lib46",75,48.7,"Nicole Cornes","ALP",79,51.3,0,0
"Boothby","Jodi Kirkby","Grn","Andrew Southcott","Lib46",1919,21,"Nicole Cornes","ALP",7218,79,0,0
"Boothby","Andrew Cole","FFP","Andrew Southcott","Lib46",1508,69.08,"Nicole Cornes","ALP",675,30.92,0,0
"Grey","Rosalie Garland","Grn","Rowan Ramsey","Lib46",1160,31.62,"Karin Bolton","ALP",2509,68.38,0,0
"Grey","Wilbur Klein","NPA","Rowan Ramsey","Lib46",2115,77.61,"Karin Bolton","ALP",610,22.39,0,0
"Grey","Mal Holland","FFP","Rowan Ramsey","Lib46",2317,57.79,"Karin Bolton","ALP",1692,42.21,0,0
"Grey","David Wright","Ind","Rowan Ramsey","Lib46",424,40.38,"Karin Bolton","ALP",626,59.62,0,0
"Grey","Gil Robertson","AD","Rowan Ramsey","Lib46",374,34.19,"Karin Bolton","ALP",720,65.81,0,0
"Hindmarsh","Tim White","Grn","Rita Bouras","Lib46",1881,29.69,"Steve Georganas","ALP",4454,70.31,0,0
"Hindmarsh","Heidi Robins","WWW","Rita Bouras","Lib46",311,46.98,"Steve Georganas","ALP",351,53.02,0,0
"Hindmarsh","Richard Bunting","FFP","Rita Bouras","Lib46",1158,60.16,"Steve Georganas","ALP",767,39.84,0,0
"Hindmarsh","James Warry","LDP","Rita Bouras","Lib46",75,43.86,"Steve Georganas","ALP",96,56.14,0,0
"Hindmarsh","Clinton Duncan","Ind","Rita Bouras","Lib46",264,42.65,"Steve Georganas","ALP",355,57.35,0,0
"Hindmarsh","Jen Williams","AD","Rita Bouras","Lib46",722,39.71,"Steve Georganas","ALP",1096,60.29,0,0
"Kingston","Barry Becker","Ind","Kym Richardson","Lib46",198,39.21,"Amanda Rishworth","ALP",307,60.79,0,0
"Kingston","Bill Weller","Grn","Kym Richardson","Lib46",1156,22.53,"Amanda Rishworth","ALP",3976,77.47,0,0
"Kingston","Matthew Fowler","AD","Kym Richardson","Lib46",320,37.25,"Amanda Rishworth","ALP",539,62.75,0,0
"Kingston","Robert Brokenshire","FFP","Kym Richardson","Lib46",3359,64.98,"Amanda Rishworth","ALP",1810,35.02,0,0
"Kingston","Alex Kusznir","Ind","Kym Richardson","Lib46",157,41.32,"Amanda Rishworth","ALP",223,58.68,0,0
"Kingston","Lachlan Smith","LDP","Kym Richardson","Lib46",93,34.07,"Amanda Rishworth","ALP",180,65.93,0,0
"Makin","Gary Vandersluis","LDP","Bob Day","Lib46",97,22.66,"Tony Zappia","ALP",331,77.34,0,0
"Makin","Aleisha Brown","AD","Bob Day","Lib46",389,32.47,"Tony Zappia","ALP",809,67.53,0,0
"Makin","Andrew Graham","FFP","Bob Day","Lib46",1867,60.3,"Tony Zappia","ALP",1229,39.7,0,0
"Makin","Robert Fechner","ON","Bob Day","Lib46",236,47.01,"Tony Zappia","ALP",266,52.99,0,0
"Makin","Graham Smith","Grn","Bob Day","Lib46",930,24.79,"Tony Zappia","ALP",2821,75.21,0,0
"Mayo","Lynton Vonow","Grn","Alexander Downer","Lib46",2087,21.19,"Mary Brewerton","ALP",7762,78.81,0,0
"Mayo","Trish Nolan","FFP","Alexander Downer","Lib46",2357,65.2,"Mary Brewerton","ALP",1258,34.8,0,0
"Mayo","Andrew Castrique","AD","Alexander Downer","Lib46",466,34.04,"Mary Brewerton","ALP",903,65.96,0,0
"Mayo","Rachael Barons","CCE","Alexander Downer","Lib46",461,39.57,"Mary Brewerton","ALP",704,60.43,0,0
"Port Adelaide","Colin Thomas","Grn","Brenton Chomel","Lib46",1519,19.14,"Mark Butler","ALP",6416,80.86,0,0
"Port Adelaide","Bruce Hambour","FFP","Brenton Chomel","Lib46",2339,44.72,"Mark Butler","ALP",2891,55.28,0,0
"Port Adelaide","Pam Moore","AD","Brenton Chomel","Lib46",703,38.58,"Mark Butler","ALP",1119,61.42,0,0
"Sturt","Carol Jansen","FFP","Christopher Pyne","Lib46",1733,55.87,"Mia Handshin","ALP",1369,44.13,0,0
"Sturt","Paul Rowse","AD","Christopher Pyne","Lib46",326,30.64,"Mia Handshin","ALP",738,69.36,0,0
"Sturt","Sally Reid","Grn","Christopher Pyne","Lib46",1193,20.55,"Mia Handshin","ALP",4613,79.45,0,0
"Sturt","Felicity Tilbrook","LDP","Christopher Pyne","Lib46",170,51.99,"Mia Handshin","ALP",157,48.01,0,0
"Wakefield","Bruce Nairn","FFP","David Fawcett","Lib46",2020,45.06,"Nick Champion","ALP",2463,54.94,0,0
"Wakefield","Pauline Edmunds","WWW","David Fawcett","Lib46",252,31.78,"Nick Champion","ALP",541,68.22,0,0
"Wakefield","Peter Fitzpatrick","ON","David Fawcett","Lib46",345,41.47,"Nick Champion","ALP",487,58.53,0,0
"Wakefield","Terry Allen","Grn","David Fawcett","Lib46",911,25.38,"Nick Champion","ALP",2678,74.62,0,0
"Wakefield","Martin Walsh","LDP","David Fawcett","Lib46",126,44.37,"Nick Champion","ALP",158,55.63,0,0
"Wakefield","Felicity Martin","AD","David Fawcett","Lib46",450,44.29,"Nick Champion","ALP",566,55.71,0,0
"Bass","Sven Wiener","Ind","Michael Ferguson","Lib46",343,30.54,"Jodie Campbell","ALP",780,69.46,0,0
"Bass","Adrian Watts","CEC","Michael Ferguson","Lib46",64,29.22,"Jodie Campbell","ALP",155,70.78,0,0
"Bass","Tom Millen","Grn","Michael Ferguson","Lib46",2474,25.39,"Jodie Campbell","ALP",7271,74.61,0,0
"Bass","Ixa De Haan","FFP","Michael Ferguson","Lib46",519,55.81,"Jodie Campbell","ALP",411,44.19,0,0
"Bass","Shem Bennett","LDP","Michael Ferguson","Lib46",113,39.65,"Jodie Campbell","ALP",172,60.35,0,0
"Braddon","Wayne De Bomford","FFP","Mark Baker","Lib46",1385,64.87,"Sid Sidebottom","ALP",750,35.13,0,0
"Braddon","Paul O'Halloran","Grn","Mark Baker","Lib46",1385,25.69,"Sid Sidebottom","ALP",4007,74.31,0,0
"Braddon","Stephen Dick","CEC","Mark Baker","Lib46",137,43.77,"Sid Sidebottom","ALP",176,56.23,0,0
"Braddon","Peter Cunningham","LDP","Mark Baker","Lib46",117,36.45,"Sid Sidebottom","ALP",204,63.55,0,0
"Denison","Robyn Munro","FFP","Leigh Gray","Lib46",739,54.34,"Duncan Kerr","ALP",621,45.66,0,0
"Denison","Rob Larner","CEC","Leigh Gray","Lib46",149,61.32,"Duncan Kerr","ALP",94,38.68,0,0
"Denison","Susan Austin","SAl","Leigh Gray","Lib46",124,25.1,"Duncan Kerr","ALP",370,74.9,0,0
"Denison","Helen Hutchinson","Grn","Leigh Gray","Lib46",2002,16.83,"Duncan Kerr","ALP",9896,83.17,0,0
"Franklin","Roger Honey","CEC","Vanessa Goodwin","Lib46",81,30.92,"Julie Collins","ALP",181,69.08,0,0
"Franklin","Gerard Velnaar","Grn","Vanessa Goodwin","Lib46",2052,21.01,"Julie Collins","ALP",7717,78.99,0,0
"Franklin","Matt Holloway","SAl","Vanessa Goodwin","Lib46",91,24.93,"Julie Collins","ALP",274,75.07,0,0
"Franklin","Gino Papiccio","FFP","Vanessa Goodwin","Lib46",821,54.59,"Julie Collins","ALP",683,45.41,0,0
"Lyons","Ray Williams","CEC","Geoff Page","Lib46",216,26.37,"Dick Adams","ALP",603,73.63,0,0
"Lyons","Karen Cassidy","Grn","Geoff Page","Lib46",1603,22.61,"Dick Adams","ALP",5486,77.39,0,0
"Lyons","Ben Quin","Ind","Geoff Page","Lib46",3022,49.61,"Dick Adams","ALP",3070,50.39,0,0
"Lyons","Amy Parsons","FFP","Geoff Page","Lib46",668,46.81,"Dick Adams","ALP",759,53.19,0,0
"Aston","Rachal Aza","AD","Chris Pearce","Lib46",643,51.61,"Gerry Raleigh","ALP",603,48.39,0,0
"Aston","Doug Mitchell","CEC","Chris Pearce","Lib46",135,55.1,"Gerry Raleigh","ALP",110,44.9,0,0
"Aston","Peter Lake","FFP","Chris Pearce","Lib46",2007,67.39,"Gerry Raleigh","ALP",971,32.61,0,0
"Aston","Adam Pepper","Grn","Chris Pearce","Lib46",939,20.9,"Gerry Raleigh","ALP",3553,79.1,0,0
"Ballarat","Belinda Coates","Grn","Samantha McIntosh","Lib46",1346,19.21,"Catherine King","ALP",5662,80.79,0,0
"Ballarat","Dale Butterfield","FFP","Samantha McIntosh","Lib46",2004,62.49,"Catherine King","ALP",1203,37.51,0,0
"Batman","Darren Hassan","AD","Jonathan Peart","Lib46",360,22.24,"Martin Ferguson","ALP",1259,77.76,0,0
"Batman","Peter Kerin","FFP","Jonathan Peart","Lib46",1072,51.29,"Martin Ferguson","ALP",1018,48.71,0,0
"Batman","Patricia Carey","Grn","Jonathan Peart","Lib46",1120,8.19,"Martin Ferguson","ALP",12554,91.81,0,0
"Batman","Robert Barwick","CEC","Jonathan Peart","Lib46",167,57.99,"Martin Ferguson","ALP",121,42.01,0,0
"Bendigo","Terry Jarvis","FFP","Peter Kennedy","Lib46",2175,68.18,"Steve Gibbons","ALP",1015,31.82,0,0
"Bendigo","Clinton Gale","LDP","Peter Kennedy","Lib46",74,35.24,"Steve Gibbons","ALP",136,64.76,0,0
"Bendigo","Toby Byrne","Grn","Peter Kennedy","Lib46",854,13.1,"Steve Gibbons","ALP",5667,86.9,0,0
"Bendigo","Peter Consandine","Ind","Peter Kennedy","Lib46",138,45.39,"Steve Gibbons","ALP",166,54.61,0,0
"Bendigo","Edward Guymer","AD","Peter Kennedy","Lib46",205,35.53,"Steve Gibbons","ALP",372,64.47,0,0
"Bendigo","Adam Veitch","Ind","Peter Kennedy","Lib46",138,41.69,"Steve Gibbons","ALP",193,58.31,0,0
"Bendigo","Eril Rathjen","Ind","Peter Kennedy","Lib46",1320,70.78,"Steve Gibbons","ALP",545,29.22,0,0
"Bruce","Bronwyn Rawlins","FFP","Angela Randall","Lib46",1487,64.79,"Alan Griffin","ALP",808,35.21,0,0
"Bruce","Richard Grossi","AD","Angela Randall","Lib46",434,42.89,"Alan Griffin","ALP",578,57.11,0,0
"Bruce","Sandra Herrmann","CDP","Angela Randall","Lib46",427,62.98,"Alan Griffin","ALP",251,37.02,0,0
"Bruce","Neil Smith","ON","Angela Randall","Lib46",216,49.88,"Alan Griffin","ALP",217,50.12,0,0
"Bruce","Rob Cassidy","Grn","Angela Randall","Lib46",744,18.14,"Alan Griffin","ALP",3358,81.86,0,0
"Calwell","Arthur Buller","FFP","Dianne Livett","Lib46",1639,43.74,"Maria Vamvakinou","ALP",2108,56.26,0,0
"Calwell","Philip Cutler","Ind","Dianne Livett","Lib46",246,39.42,"Maria Vamvakinou","ALP",378,60.58,0,0
"Calwell","Sleiman Yohanna","CEC","Dianne Livett","Lib46",461,25.37,"Maria Vamvakinou","ALP",1356,74.63,0,0
"Calwell","Vanessa Musolino","AD","Dianne Livett","Lib46",252,31.54,"Maria Vamvakinou","ALP",547,68.46,0,0
"Calwell","Brook Shaune","Grn","Dianne Livett","Lib46",702,18.67,"Maria Vamvakinou","ALP",3059,81.33,0,0
"Calwell","Don Hampshire","Ind","Dianne Livett","Lib46",166,42.46,"Maria Vamvakinou","ALP",225,57.54,0,0
"Calwell","Frank Gaglioti","SEP","Dianne Livett","Lib46",91,33.33,"Maria Vamvakinou","ALP",182,66.67,0,0
"Casey","Tony Inglese","AD","Tony Smith","Lib46",824,53.3,"Dympna Beard","ALP",722,46.7,0,0
"Casey","George Moran","CDP","Tony Smith","Lib46",377,70.73,"Dympna Beard","ALP",156,29.27,0,0
"Casey","Salore Craig","Grn","Tony Smith","Lib46",1129,18.47,"Dympna Beard","ALP",4983,81.53,0,0
"Casey","Daniel Harrison","FFP","Tony Smith","Lib46",2499,71.38,"Dympna Beard","ALP",1002,28.62,0,0
"Chisholm","Gary Ong","FFP","Myles King","Lib46",1068,54.69,"Anna Burke","ALP",885,45.31,0,0
"Chisholm","Daniel Berk","AD","Myles King","Lib46",354,33.62,"Anna Burke","ALP",699,66.38,0,0
"Chisholm","Lars Thrystrup","CEC","Myles King","Lib46",82,54.67,"Anna Burke","ALP",68,45.33,0,0
"Chisholm","Alistair McCaskill","Grn","Myles King","Lib46",1023,15.12,"Anna Burke","ALP",5742,84.88,0,0
"Corangamite","Gabrielle Killeen","AD","Stewart McArthur","Lib46",465,30.75,"Darren Cheeseman","ALP",1047,69.25,0,0
"Corangamite","Jan Edwards","FFP","Stewart McArthur","Lib46",2216,68.88,"Darren Cheeseman","ALP",1001,31.12,0,0
"Corangamite","Fiona Nelson","Grn","Stewart McArthur","Lib46",1236,17.16,"Darren Cheeseman","ALP",5966,82.84,0,0
"Corangamite","Sukrit Sabhlok","LDP","Stewart McArthur","Lib46",101,59.76,"Darren Cheeseman","ALP",68,40.24,0,0
"Corio","Darrin Welden","LDP","Angelo Kakouros","Lib46",643,81.29,"Richard Marles","ALP",148,18.71,0,0
"Corio","Ross Russell","CEC","Angelo Kakouros","Lib46",124,65.26,"Richard Marles","ALP",66,34.74,0,0
"Corio","Chris Johnston","SAl","Angelo Kakouros","Lib46",116,34.94,"Richard Marles","ALP",216,65.06,0,0
"Corio","Gordon Alderson","FFP","Angelo Kakouros","Lib46",2351,71.44,"Richard Marles","ALP",940,28.56,0,0
"Corio","Gavan O'Connor","Ind","Angelo Kakouros","Lib46",5298,50.31,"Richard Marles","ALP",5232,49.69,0,0
"Corio","Erica Menheere-Thompson","AD","Angelo Kakouros","Lib46",183,29.14,"Richard Marles","ALP",445,70.86,0,0
"Corio","Rob Leach","Grn","Angelo Kakouros","Lib46",796,16.21,"Richard Marles","ALP",4114,83.79,0,0
"Deakin","Nick Stevenson","LDP","Phil Barresi","Lib46",153,26.11,"Mike Symon","ALP",433,73.89,0,0
"Deakin","Fiona Bronte","FFP","Phil Barresi","Lib46",1744,67.36,"Mike Symon","ALP",845,32.64,0,0
"Deakin","Paula Nicholson","AD","Phil Barresi","Lib46",411,34.11,"Mike Symon","ALP",794,65.89,0,0
"Deakin","Bill Pemberton","Grn","Phil Barresi","Lib46",1182,16.94,"Mike Symon","ALP",5796,83.06,0,0
"Dunkley","Neale Adams","Grn","Bruce Billson","Lib46",1612,24.08,"Graham McBride","ALP",5083,75.92,0,0
"Dunkley","Steven Ashdown","FFP","Bruce Billson","Lib46",1465,65.55,"Graham McBride","ALP",770,34.45,0,0
"Dunkley","Karen Bailey","AD","Bruce Billson","Lib46",592,42.44,"Graham McBride","ALP",803,57.56,0,0
"Flinders","David Batten","AD","Greg Hunt","Lib46",365,44.4,"Gary March","ALP",457,55.6,0,0
"Flinders","Bob Brown","Grn","Greg Hunt","Lib46",1667,22.14,"Gary March","ALP",5862,77.86,0,0
"Flinders","Cameron Eastman","FFP","Greg Hunt","Lib46",1322,66.5,"Gary March","ALP",666,33.5,0,0
"Gellibrand","Ben Courtice","SAl","Wayne Tseng","Lib46",857,64.24,"Nicola Roxon","ALP",477,35.76,0,0
"Gellibrand","Rachel Richards","AD","Wayne Tseng","Lib46",502,46.14,"Nicola Roxon","ALP",586,53.86,0,0
"Gellibrand","Robert Gibson","Grn","Wayne Tseng","Lib46",1438,18.21,"Nicola Roxon","ALP",6460,81.79,0,0
"Gellibrand","Dave O'Neil","Ind","Wayne Tseng","Lib46",904,46.36,"Nicola Roxon","ALP",1046,53.64,0,0
"Gellibrand","Mukesh Garg","FFP","Wayne Tseng","Lib46",993,58.41,"Nicola Roxon","ALP",707,41.59,0,0
"Gellibrand","Rod Doel","CEC","Wayne Tseng","Lib46",108,37.89,"Nicola Roxon","ALP",177,62.11,0,0
"Gippsland","Helen McAdam","WWW","Peter McGauran","NPA",1063,58.25,"Jane Rowe","ALP",762,41.75,0,0
"Gippsland","Jeff Wrathall","Grn","Peter McGauran","NPA",1167,23.91,"Jane Rowe","ALP",3714,76.09,0,0
"Gippsland","Michael Rowell","FFP","Peter McGauran","NPA",2809,73.88,"Jane Rowe","ALP",993,26.12,0,0
"Gippsland","Ben Buckley","Ind","Peter McGauran","NPA",1609,57.73,"Jane Rowe","ALP",1178,42.27,0,0
"Goldstein","Michael Bailey","AD","Andrew Robb","Lib46",454,31.93,"Julia Mason","ALP",968,68.07,0,0
"Goldstein","Neil Pilling","Grn","Andrew Robb","Lib46",1489,16.83,"Julia Mason","ALP",7357,83.17,0,0
"Goldstein","Joyce Khoo","FFP","Andrew Robb","Lib46",633,65.26,"Julia Mason","ALP",337,34.74,0,0
"Goldstein","Colin Horne","CEC","Andrew Robb","Lib46",94,50.54,"Julia Mason","ALP",92,49.46,0,0
"Gorton","Vern Hughes","DLP","Susan Jennison","Lib46",752,21.39,"Brendan O'Connor","ALP",2764,78.61,0,0
"Gorton","Scott Amberley","FFP","Susan Jennison","Lib46",2167,57.85,"Brendan O'Connor","ALP",1579,42.15,0,0
"Gorton","Huong Truong","Grn","Susan Jennison","Lib46",1315,22.77,"Brendan O'Connor","ALP",4460,77.23,0,0
"Higgins","Michael Wilbur-Ham","Grn","Peter Costello","Lib46",1460,16.63,"Barbara Norman","ALP",7317,83.37,0,0
"Higgins","Penny Badwal","FFP","Peter Costello","Lib46",396,63.16,"Barbara Norman","ALP",231,36.84,0,0
"Higgins","Graeme Meddings","Ind","Peter Costello","Lib46",74,32.6,"Barbara Norman","ALP",153,67.4,0,0
"Higgins","Stephen Mayne","Ind","Peter Costello","Lib46",469,29.04,"Barbara Norman","ALP",1146,70.96,0,0
"Higgins","Mary Dettman","AD","Peter Costello","Lib46",336,33.94,"Barbara Norman","ALP",654,66.06,0,0
"Higgins","Genevieve Forde","Ind","Peter Costello","Lib46",63,23.77,"Barbara Norman","ALP",202,76.23,0,0
"Holt","Yasmin De Zilwa","FFP","Emanuele Cicchiello","Lib46",2447,60.03,"Anthony Byrne","ALP",1629,39.97,0,0
"Holt","Ken Seymour","AD","Emanuele Cicchiello","Lib46",406,35.15,"Anthony Byrne","ALP",749,64.85,0,0
"Holt","Lynette Keleher","Grn","Emanuele Cicchiello","Lib46",859,22.47,"Anthony Byrne","ALP",2964,77.53,0,0
"Holt","Chris Morgan","CEC","Emanuele Cicchiello","Lib46",141,40.63,"Anthony Byrne","ALP",206,59.37,0,0
"Hotham","Matthew Billman","Grn","Vince Arborea","Lib46",862,15.47,"Simon Crean","ALP",4710,84.53,0,0
"Hotham","Mike Woodward","CEC","Vince Arborea","Lib46",101,42.08,"Simon Crean","ALP",139,57.92,0,0
"Hotham","Terry Farrell","DLP","Vince Arborea","Lib46",413,54.49,"Simon Crean","ALP",345,45.51,0,0
"Hotham","Craig Cadby","AD","Vince Arborea","Lib46",246,30.75,"Simon Crean","ALP",554,69.25,0,0
"Hotham","Peter Dorian","FFP","Vince Arborea","Lib46",1018,61.44,"Simon Crean","ALP",639,38.56,0,0
"Indi","Helen Robinson","Grn","Sophie Mirabella","Lib46",1239,19.31,"Zuvele Leschen","ALP",5177,80.69,0,0
"Indi","Sarah Benson","AD","Sophie Mirabella","Lib46",619,43.17,"Zuvele Leschen","ALP",815,56.83,0,0
"Indi","Jeremy Beck","CEC","Sophie Mirabella","Lib46",179,50.56,"Zuvele Leschen","ALP",175,49.44,0,0
"Indi","Jim Rainey","FFP","Sophie Mirabella","Lib46",2043,63.21,"Zuvele Leschen","ALP",1189,36.79,0,0
"Isaacs","Gordon Ford","Ind","Ross Fox","Lib46",302,26.56,"Mark Dreyfus","ALP",835,73.44,0,0
"Isaacs","Robert Norrie","LDP","Ross Fox","Lib46",146,29.67,"Mark Dreyfus","ALP",346,70.33,0,0
"Isaacs","Colin Long","Grn","Ross Fox","Lib46",969,17.19,"Mark Dreyfus","ALP",4667,82.81,0,0
"Isaacs","Jadah Pleiter","FFP","Ross Fox","Lib46",1339,58.02,"Mark Dreyfus","ALP",969,41.98,0,0
"Isaacs","Laura Chipp","AD","Ross Fox","Lib46",712,36.14,"Mark Dreyfus","ALP",1258,63.86,0,0
"Jagajaga","Stephen Lele","CEC","Conrad D'Souza","Lib46",107,21.57,"Jenny Macklin","ALP",389,78.43,0,0
"Jagajaga","Lisa Hodgson","Grn","Conrad D'Souza","Lib46",1173,13.08,"Jenny Macklin","ALP",7798,86.92,0,0
"Jagajaga","Andrew Conlon","FFP","Conrad D'Souza","Lib46",1383,66.97,"Jenny Macklin","ALP",682,33.03,0,0
"Jagajaga","Jason Graham","AD","Conrad D'Souza","Lib46",372,38,"Jenny Macklin","ALP",607,62,0,0
"Kooyong","John Laidler","FFP","Petro Georgiou","Lib46",875,69.39,"Ken Harvey","ALP",386,30.61,0,0
"Kooyong","David Collyer","AD","Petro Georgiou","Lib46",497,47.06,"Ken Harvey","ALP",559,52.94,0,0
"Kooyong","Pierre Curtis","CEC","Petro Georgiou","Lib46",94,61.04,"Ken Harvey","ALP",60,38.96,0,0
"Kooyong","Peter Campbell","Grn","Petro Georgiou","Lib46",2137,22.06,"Ken Harvey","ALP",7549,77.94,0,0
"La Trobe","Bree Taylor","Grn","Jason Wood","Lib46",1291,17.12,"Rodney Cocks","ALP",6248,82.88,0,0
"La Trobe","Jim Zubic","FFP","Jason Wood","Lib46",1658,68.43,"Rodney Cocks","ALP",765,31.57,0,0
"La Trobe","Kurt Beilharz","CEC","Jason Wood","Lib46",61,43.57,"Rodney Cocks","ALP",79,56.43,0,0
"La Trobe","Surome Singh","LDP","Jason Wood","Lib46",41,48.24,"Rodney Cocks","ALP",44,51.76,0,0
"La Trobe","Craig Beale","AD","Jason Wood","Lib46",390,38.54,"Rodney Cocks","ALP",622,61.46,0,0
"Lalor","Steve Gleeson","FFP","Peter Curtis","Lib46",2824,67.25,"Julia Gillard","ALP",1375,32.75,0,0
"Lalor","Libby Krepp","DLP","Peter Curtis","Lib46",439,45.3,"Julia Gillard","ALP",530,54.7,0,0
"Lalor","Jay Tilley","Grn","Peter Curtis","Lib46",886,23.1,"Julia Gillard","ALP",2950,76.9,0,0
"Lalor","Roger Howe","AD","Peter Curtis","Lib46",342,38.91,"Julia Gillard","ALP",537,61.09,0,0
"Mallee","Glenn Coulthard","FFP","John Forrest","NPA",3368,61.97,"John Zigouras","ALP",2067,38.03,0,0
"Mallee","Chris Lahy","CEC","John Forrest","NPA",285,47.5,"John Zigouras","ALP",315,52.5,0,0
"Mallee","Liam Farrelly","Grn","John Forrest","NPA",1201,34.63,"John Zigouras","ALP",2267,65.37,0,0
"Mallee","Vicki McLeod","AD","John Forrest","NPA",1247,53.68,"John Zigouras","ALP",1076,46.32,0,0
"Maribyrnong","Andre Kozlowski","CEC","Ian Soylemez","Lib46",931,81.6,"Bill Shorten","ALP",210,18.4,0,0
"Maribyrnong","Robert Livesay","AD","Ian Soylemez","Lib46",557,44.85,"Bill Shorten","ALP",685,55.15,0,0
"Maribyrnong","Ian Keeling","FFP","Ian Soylemez","Lib46",1219,59.78,"Bill Shorten","ALP",820,40.22,0,0
"Maribyrnong","Bob Muntz","Grn","Ian Soylemez","Lib46",982,18.2,"Bill Shorten","ALP",4414,81.8,0,0
"McEwen","Robert Newnham","LDP","Fran Bailey","Lib46",508,63.03,"Rob Mitchell","ALP",298,36.97,0,0
"McEwen","David Kane","AD","Fran Bailey","Lib46",362,38.07,"Rob Mitchell","ALP",589,61.93,0,0
"McEwen","Steve Meacher","Grn","Fran Bailey","Lib46",1261,15.04,"Rob Mitchell","ALP",7126,84.96,0,0
"McEwen","Ian Cranson","FFP","Fran Bailey","Lib46",1555,64.68,"Rob Mitchell","ALP",849,35.32,0,0
"McEwen","Rod McLennan","CEC","Fran Bailey","Lib46",63,38.89,"Rob Mitchell","ALP",99,61.11,0,0
"McEwen","Darren Trueman","Ind","Fran Bailey","Lib46",359,42.24,"Rob Mitchell","ALP",491,57.76,0,0
"McMillan","Don Walters","AD","Russell Broadbent","Lib46",756,62.69,"Christine Maxfield","ALP",450,37.31,0,0
"McMillan","Theo Alblas","CEC","Russell Broadbent","Lib46",172,59.93,"Christine Maxfield","ALP",115,40.07,0,0
"McMillan","Terry Aeschlimann","FFP","Russell Broadbent","Lib46",1587,66.96,"Christine Maxfield","ALP",783,33.04,0,0
"McMillan","Sandra Betts","Grn","Russell Broadbent","Lib46",1063,21.97,"Christine Maxfield","ALP",3776,78.03,0,0
"McMillan","Ben Fiechtner","LDP","Russell Broadbent","Lib46",51,36.17,"Christine Maxfield","ALP",90,63.83,0,0
"McMillan","Suryan Chandrasegaran","DLP","Russell Broadbent","Lib46",289,37.29,"Christine Maxfield","ALP",486,62.71,0,0
"Melbourne","Andrew Reed","CEC","Lindsay Tanner","ALP",103,17.58,"Adam Bandt","Grn",483,82.42,0,0
"Melbourne","Georgia Pearson","FFP","Lindsay Tanner","ALP",446,50.8,"Adam Bandt","Grn",432,49.2,0,0
"Melbourne","Will Marshall","SEP","Lindsay Tanner","ALP",108,25.84,"Adam Bandt","Grn",310,74.16,0,0
"Melbourne","Andrea Del Ciotto","Lib46","Lindsay Tanner","ALP",3297,16.02,"Adam Bandt","Grn",17280,83.98,0,0
"Melbourne","Tim Wright","AD","Lindsay Tanner","ALP",421,33.55,"Adam Bandt","Grn",834,66.45,0,0
"Melbourne","Kylie McGregor","Ind","Lindsay Tanner","ALP",178,33.02,"Adam Bandt","Grn",361,66.98,0,0
"Melbourne Ports","John Mathieson","AD","Adam Held","Lib46",464,30.39,"Michael Danby","ALP",1063,69.61,0,0
"Melbourne Ports","Phillip Walker","Grn","Adam Held","Lib46",1760,13.6,"Michael Danby","ALP",11181,86.4,0,0
"Melbourne Ports","Rebecca Gebbing","FFP","Adam Held","Lib46",423,57.87,"Michael Danby","ALP",308,42.13,0,0
"Melbourne Ports","Aaron Isherwood","CEC","Adam Held","Lib46",89,51.74,"Michael Danby","ALP",83,48.26,0,0
"Menzies","Ken Smithies","FFP","Kevin Andrews","Lib46",1415,69.5,"Andrew Campbell","ALP",621,30.5,0,0
"Menzies","David Ellis","Grn","Kevin Andrews","Lib46",1111,21,"Andrew Campbell","ALP",4180,79,0,0
"Menzies","Philip Nitschke","Ind","Kevin Andrews","Lib46",876,26.57,"Andrew Campbell","ALP",2421,73.43,0,0
"Menzies","Damien Wise","AD","Kevin Andrews","Lib46",309,37.59,"Andrew Campbell","ALP",513,62.41,0,0
"Murray","Rob Bryant","Ind","Sharman Stone","Lib46",1499,34.28,"Bob Scates","ALP",2874,65.72,0,0
"Murray","Diane Teasdale","Ind","Sharman Stone","Lib46",295,47.97,"Bob Scates","ALP",320,52.03,0,0
"Murray","Serena Moore","FFP","Sharman Stone","Lib46",1965,73.49,"Bob Scates","ALP",709,26.51,0,0
"Murray","Ian Christoe","Grn","Sharman Stone","Lib46",664,27.93,"Bob Scates","ALP",1713,72.07,0,0
"Murray","Sarina Isgro","AD","Sharman Stone","Lib46",183,43.99,"Bob Scates","ALP",233,56.01,0,0
"Murray","Jeff Davy","CEC","Sharman Stone","Lib46",123,60.59,"Bob Scates","ALP",80,39.41,0,0
"Murray","Paul Merrigan","Ind","Sharman Stone","Lib46",265,54.75,"Bob Scates","ALP",219,45.25,0,0
"Scullin","Tania Byers","FFP","Charles Williams","Lib46",2504,64.89,"Harry Jenkins","ALP",1355,35.11,0,0
"Scullin","Simon Steer","CEC","Charles Williams","Lib46",271,70.21,"Harry Jenkins","ALP",115,29.79,0,0
"Scullin","Peter Hude","AD","Charles Williams","Lib46",338,38.94,"Harry Jenkins","ALP",530,61.06,0,0
"Scullin","Linda Laos","Grn","Charles Williams","Lib46",768,15.62,"Harry Jenkins","ALP",4150,84.38,0,0
"Wannon","Lisa Owen","Grn","David Hawker","Lib46",1701,28.57,"Antony Moore","ALP",4252,71.43,0,0
"Wannon","Daniel Pech","FFP","David Hawker","Lib46",2485,67.84,"Antony Moore","ALP",1178,32.16,0,0
"Wills","Edward Clarke","AD","Claude Tomisich","Lib46",486,24.24,"Kelvin Thomson","ALP",1519,75.76,0,0
"Wills","Dave Collis","Grn","Claude Tomisich","Lib46",1198,10.06,"Kelvin Thomson","ALP",10714,89.94,0,0
"Wills","Ihab Kelada","FFP","Claude Tomisich","Lib46",680,55.15,"Kelvin Thomson","ALP",553,44.85,0,0
"Wills","Craig Isherwood","CEC","Claude Tomisich","Lib46",135,59.47,"Kelvin Thomson","ALP",92,40.53,0,0
"Wills","Zane Alcorn","SAl","Claude Tomisich","Lib46",120,19.23,"Kelvin Thomson","ALP",504,80.77,0,0
"Brand","Brent Tremain","CDP","Phil Edman","Lib46",1181,57.3,"Gary Gray","ALP",880,42.7,0,0
"Brand","Andrew Newhouse","FFP","Phil Edman","Lib46",714,48.18,"Gary Gray","ALP",768,51.82,0,0
"Brand","Rob Totten","CEC","Phil Edman","Lib46",100,33.9,"Gary Gray","ALP",195,66.1,0,0
"Brand","Huw Grossmith","LDP","Phil Edman","Lib46",115,32.86,"Gary Gray","ALP",235,67.14,0,0
"Brand","Robin Scott","ON","Phil Edman","Lib46",584,44.21,"Gary Gray","ALP",737,55.79,0,0
"Brand","Dawn Jecks","Grn","Phil Edman","Lib46",2097,29.49,"Gary Gray","ALP",5013,70.51,0,0
"Canning","Brian McCarthy","CEC","Don Randall","Lib46",98,37.55,"John Hughes","ALP",163,62.45,0,0
"Canning","Denise Hardie","Grn","Don Randall","Lib46",1593,24.91,"John Hughes","ALP",4803,75.09,0,0
"Canning","Kevin Swarts","CDP","Don Randall","Lib46",2035,83.85,"John Hughes","ALP",392,16.15,0,0
"Canning","Rodney Grasso","FFP","Don Randall","Lib46",677,60.88,"John Hughes","ALP",435,39.12,0,0
"Canning","Brian Deane","ON","Don Randall","Lib46",647,51.19,"John Hughes","ALP",617,48.81,0,0
"Cowan","Ken Lee","LDP","Luke Simpkins","Lib46",765,76.27,"Liz Prime","ALP",238,23.73,0,0
"Cowan","Roger Blakeway","CEC","Luke Simpkins","Lib46",119,61.03,"Liz Prime","ALP",76,38.97,0,0
"Cowan","Johannes Hermann","Grn","Luke Simpkins","Lib46",1407,29.45,"Liz Prime","ALP",3371,70.55,0,0
"Cowan","Martin Firth","CDP","Luke Simpkins","Lib46",1212,76.52,"Liz Prime","ALP",372,23.48,0,0
"Cowan","Norm Ramsey","Ind","Luke Simpkins","Lib46",265,47.49,"Liz Prime","ALP",293,52.51,0,0
"Cowan","Dave Tierney","ON","Luke Simpkins","Lib46",386,49.3,"Liz Prime","ALP",397,50.7,0,0
"Cowan","Rhonda Hamersley","FFP","Luke Simpkins","Lib46",857,59.02,"Liz Prime","ALP",595,40.98,0,0
"Curtin","Lee Hemsley","Grn","Julie Bishop","Lib46",2045,19.2,"Peter Grant","ALP",8604,80.8,0,0
"Curtin","Gail Forder","CDP","Julie Bishop","Lib46",723,72.01,"Peter Grant","ALP",281,27.99,0,0
"Curtin","Bev Custers","FFP","Julie Bishop","Lib46",244,61.93,"Peter Grant","ALP",150,38.07,0,0
"Curtin","Albert Caine","ON","Julie Bishop","Lib46",189,57.45,"Peter Grant","ALP",140,42.55,0,0
"Curtin","Shahar Helel","Ind","Julie Bishop","Lib46",207,46.52,"Peter Grant","ALP",238,53.48,0,0
"Forrest","Leighton Knoll","FFP","Nola Marino","Lib46",710,61.74,"Peter MacFarlane","ALP",440,38.26,0,0
"Forrest","John Lewis","CDP","Nola Marino","Lib46",1295,78.82,"Peter MacFarlane","ALP",348,21.18,0,0
"Forrest","Jodie Yardley","ON","Nola Marino","Lib46",497,53.56,"Peter MacFarlane","ALP",431,46.44,0,0
"Forrest","Noel Brunning","Ind","Nola Marino","Lib46",4737,47.73,"Peter MacFarlane","ALP",5187,52.27,0,0
"Forrest","Ian Tuffnell","CEC","Nola Marino","Lib46",69,47.92,"Peter MacFarlane","ALP",75,52.08,0,0
"Forrest","Kingsley Gibson","Grn","Nola Marino","Lib46",1635,22.87,"Peter MacFarlane","ALP",5515,77.13,0,0
"Fremantle","Steve Walker","Grn","John Jamieson","Lib46",2243,19.26,"Melissa Parke","ALP",9402,80.74,0,0
"Fremantle","Paul Ellison","CEC","John Jamieson","Lib46",94,38.84,"Melissa Parke","ALP",148,61.16,0,0
"Fremantle","Andriette du Plessis","FFP","John Jamieson","Lib46",602,52.58,"Melissa Parke","ALP",543,47.42,0,0
"Fremantle","Sam Wainwright","SAl","John Jamieson","Lib46",109,30.19,"Melissa Parke","ALP",252,69.81,0,0
"Fremantle","Bill Heggers","CDP","John Jamieson","Lib46",1003,72.89,"Melissa Parke","ALP",373,27.11,0,0
"Fremantle","Sue Bateman","ON","John Jamieson","Lib46",555,56.17,"Melissa Parke","ALP",433,43.83,0,0
"Hasluck","Neil Vincent","CEC","Stuart Henry","Lib46",150,21.83,"Sharryn Jackson","ALP",537,78.17,0,0
"Hasluck","Jane Bremmer","Grn","Stuart Henry","Lib46",1444,23.07,"Sharryn Jackson","ALP",4814,76.93,0,0
"Hasluck","Siou Hong Chia","LDP","Stuart Henry","Lib46",112,38.36,"Sharryn Jackson","ALP",180,61.64,0,0
"Hasluck","Steve Bolt","FFP","Stuart Henry","Lib46",452,52.38,"Sharryn Jackson","ALP",411,47.62,0,0
"Hasluck","Bill Gaugg","ON","Stuart Henry","Lib46",468,41.75,"Sharryn Jackson","ALP",653,58.25,0,0
"Hasluck","Rob Merrells","CDP","Stuart Henry","Lib46",1638,73.49,"Sharryn Jackson","ALP",591,26.51,0,0
"Kalgoorlie","Ian Burt","CEC","Barry Haase","Lib46",127,46.18,"Sharon Thiel","ALP",148,53.82,0,0
"Kalgoorlie","Ross Patterson","CDP","Barry Haase","Lib46",646,67.15,"Sharon Thiel","ALP",316,32.85,0,0
"Kalgoorlie","Robin Chapple","Grn","Barry Haase","Lib46",1069,26.43,"Sharon Thiel","ALP",2976,73.57,0,0
"Kalgoorlie","Ian Rose","FFP","Barry Haase","Lib46",454,55.37,"Sharon Thiel","ALP",366,44.63,0,0
"Kalgoorlie","Charles Dalton","LDP","Barry Haase","Lib46",80,45.45,"Sharon Thiel","ALP",96,54.55,0,0
"Kalgoorlie","Derek Major","ON","Barry Haase","Lib46",533,49.58,"Sharon Thiel","ALP",542,50.42,0,0
"Moore","Lachlan Dunjey","CDP","Mal Washer","Lib46",782,50.26,"Geraldine Burgess","ALP",774,49.74,0,0
"Moore","George Gault","ON","Mal Washer","Lib46",369,51.32,"Geraldine Burgess","ALP",350,48.68,0,0
"Moore","Annette Pericic-Herrmann","Grn","Mal Washer","Lib46",1621,27.45,"Geraldine Burgess","ALP",4285,72.55,0,0
"Moore","Jack Harvey","CEC","Mal Washer","Lib46",56,48.7,"Geraldine Burgess","ALP",59,51.3,0,0
"Moore","Douglas Croker","FFP","Mal Washer","Lib46",486,59.93,"Geraldine Burgess","ALP",325,40.07,0,0
"O'Connor","Michael Walton","Ind","Wilson Tuckey","Lib46",316,28.01,"Dominic Rose","ALP",812,71.99,0,0
"O'Connor","Stephen Larson","FFP","Wilson Tuckey","Lib46",515,51.97,"Dominic Rose","ALP",476,48.03,0,0
"O'Connor","Ross Paravacini","ON","Wilson Tuckey","Lib46",485,39.95,"Dominic Rose","ALP",729,60.05,0,0
"O'Connor","Philip Gardiner","NPA","Wilson Tuckey","Lib46",10897,80.96,"Dominic Rose","ALP",2562,19.04,0,0
"O'Connor","Mac Forsyth","CDP","Wilson Tuckey","Lib46",1808,80.89,"Dominic Rose","ALP",427,19.11,0,0
"O'Connor","George Giudice","Ind","Wilson Tuckey","Lib46",489,49.59,"Dominic Rose","ALP",497,50.41,0,0
"O'Connor","Judy Sudholz","CEC","Wilson Tuckey","Lib46",93,43.87,"Dominic Rose","ALP",119,56.13,0,0
"O'Connor","Adrian Price","Grn","Wilson Tuckey","Lib46",1034,19.93,"Dominic Rose","ALP",4154,80.07,0,0
"O'Connor","Darius Crowe","Ind","Wilson Tuckey","Lib46",112,47.26,"Dominic Rose","ALP",125,52.74,0,0
"Pearce","Steve Branwhite","Ind","Judi Moylan","Lib46",980,63.93,"Christopher Myson","ALP",553,36.07,0,0
"Pearce","Paul Mewhor","CDP","Judi Moylan","Lib46",1352,80.33,"Christopher Myson","ALP",331,19.67,0,0
"Pearce","David Gunnyon","ON","Judi Moylan","Lib46",729,53.02,"Christopher Myson","ALP",646,46.98,0,0
"Pearce","David Bolt","FFP","Judi Moylan","Lib46",701,56.58,"Christopher Myson","ALP",538,43.42,0,0
"Pearce","Ron McLean","CEC","Judi Moylan","Lib46",151,54.91,"Christopher Myson","ALP",124,45.09,0,0
"Pearce","Yvonne Dols","Grn","Judi Moylan","Lib46",2173,29.86,"Christopher Myson","ALP",5104,70.14,0,0
"Pearce","Annolies Truman","SAl","Judi Moylan","Lib46",62,19.62,"Christopher Myson","ALP",254,80.38,0,0
"Perth","Stephen Brooks","Ind","Daniel Nikolic","Lib46",417,29.51,"Stephen Smith","ALP",996,70.49,0,0
"Perth","Chris Latham","SAl","Daniel Nikolic","Lib46",92,19.83,"Stephen Smith","ALP",372,80.17,0,0
"Perth","Paul Connelly","CDP","Daniel Nikolic","Lib46",1074,67.38,"Stephen Smith","ALP",520,32.62,0,0
"Perth","Orm Girvan","CEC","Daniel Nikolic","Lib46",61,37.65,"Stephen Smith","ALP",101,62.35,0,0
"Perth","Sharon Fairfull","FFP","Daniel Nikolic","Lib46",410,48.93,"Stephen Smith","ALP",428,51.07,0,0
"Perth","Marie Edmonds","ON","Daniel Nikolic","Lib46",336,53.5,"Stephen Smith","ALP",292,46.5,0,0
"Perth","Damian Douglas-Meyer","Grn","Daniel Nikolic","Lib46",1652,19.86,"Stephen Smith","ALP",6668,80.14,0,0
"Stirling","Sam Ward","LDP","Michael Keenan","Lib46",147,22.07,"Peter Tinley","ALP",519,77.93,0,0
"Stirling","Denise Hynd","WWW","Michael Keenan","Lib46",219,37.12,"Peter Tinley","ALP",371,62.88,0,0
"Stirling","Keith Hallam","CEC","Michael Keenan","Lib46",59,36.88,"Peter Tinley","ALP",101,63.13,0,0
"Stirling","Symia Hopkinson","FFP","Michael Keenan","Lib46",256,48.85,"Peter Tinley","ALP",268,51.15,0,0
"Stirling","Tamara Desiatov","Grn","Michael Keenan","Lib46",1392,22.73,"Peter Tinley","ALP",4731,77.27,0,0
"Stirling","Alex Patrick","ON","Michael Keenan","Lib46",267,50.95,"Peter Tinley","ALP",257,49.05,0,0
"Stirling","Ray Moran","CDP","Michael Keenan","Lib46",960,68.23,"Peter Tinley","ALP",447,31.77,0,0
"Swan","Kim Lisson","Grn","Steve Irons","Lib46",1988,26.99,"Kim Wilkie","ALP",5377,73.01,0,0
"Swan","Damon Fowler","FFP","Steve Irons","Lib46",372,64.25,"Kim Wilkie","ALP",207,35.75,0,0
"Swan","Tasman Gilbert","CDP","Steve Irons","Lib46",945,78.1,"Kim Wilkie","ALP",265,21.9,0,0
"Swan","Linda Ross","Ind","Steve Irons","Lib46",384,58.54,"Kim Wilkie","ALP",272,41.46,0,0
"Swan","Mark Dixon","LDP","Steve Irons","Lib46",141,58.02,"Kim Wilkie","ALP",102,41.98,0,0
"Swan","Norman Gay","CEC","Steve Irons","Lib46",49,53.26,"Kim Wilkie","ALP",43,46.74,0,0
"Swan","Joe Lopez","SEP","Steve Irons","Lib46",44,28.03,"Kim Wilkie","ALP",113,71.97,0,0
"Swan","Joy Harris","ON","Steve Irons","Lib46",314,48.53,"Kim Wilkie","ALP",333,51.47,0,0
"Tangney","Christine Ivan","Grn","Dennis Jensen","Lib46",1992,28.89,"Mark Reynolds","ALP",4904,71.11,0,0
"Tangney","Lloyd Boon","ON","Dennis Jensen","Lib46",366,59.71,"Mark Reynolds","ALP",247,40.29,0,0
"Tangney","Lisa Saladine","FFP","Dennis Jensen","Lib46",501,61.47,"Mark Reynolds","ALP",314,38.53,0,0
"Tangney","Katherine Jackson","Ind","Dennis Jensen","Lib46",1855,60.42,"Mark Reynolds","ALP",1215,39.58,0,0
"Tangney","Ka-ren Chew","CDP","Dennis Jensen","Lib46",1360,72.84,"Mark Reynolds","ALP",507,27.16,0,0
