"Seat","From_candidate","From_party","To_candidate1","To_party1","Votes1","Vote_perc1","To_candidate2","To_party2","Votes2","Vote_perc2","Exhausted","Exhausted_perc"
"Canberra","Patricia Cahill","Grn","Gai Brodtmann","ALP",16786,87.43,"Jessica Adelan-Langford","Lib46",2414,12.57,0,0
"Canberra","Christopher Bucknell","BTA","Gai Brodtmann","ALP",3370,56.05,"Jessica Adelan-Langford","Lib46",2643,43.95,0,0
"Fenner","Andrew Woodman","Ind","Andrew Leigh","ALP",2826,60.04,"Robert Gunning","Lib46",1881,39.96,0,0
"Fenner","Carly Saeedi","Grn","Andrew Leigh","ALP",16919,89.38,"Robert Gunning","Lib46",2010,10.62,0,0
"Fenner","Tim Bohm","BTA","Andrew Leigh","ALP",2701,57.96,"Robert Gunning","Lib46",1959,42.04,0,0
"Banks","Sharon Wu","FFP","David Coleman","Lib46",816,50.34,"Chris Gambian","ALP",805,49.66,0,0
"Banks","Philippa Clark","Grn","David Coleman","Lib46",872,16.69,"Chris Gambian","ALP",4353,83.31,0,0
"Banks","Greg Bondar","CDP","David Coleman","Lib46",3823,80.03,"Chris Gambian","ALP",954,19.97,0,0
"Banks","Roy Barnes","AJP","David Coleman","Lib46",613,39.42,"Chris Gambian","ALP",942,60.58,0,0
"Banks","Bob Spanswick","Ind","David Coleman","Lib46",663,49.44,"Chris Gambian","ALP",678,50.56,0,0
"Barton","Rasmus Torkel","Ind","Nickolas Varvaris","Lib46",1362,60.91,"Linda Burney","ALP",874,39.09,0,0
"Barton","Sonny Susilo","CDP","Nickolas Varvaris","Lib46",2756,74.21,"Linda Burney","ALP",958,25.79,0,0
"Barton","Brent Heber","Grn","Nickolas Varvaris","Lib46",956,12.35,"Linda Burney","ALP",6785,87.65,0,0
"Barton","Harry Tsoukalas","ODD","Nickolas Varvaris","Lib46",459,41.92,"Linda Burney","ALP",636,58.08,0,0
"Bennelong","John August","PIR","John Alexander","Lib46",486,38.57,"Lyndal Howison","ALP",774,61.43,0,0
"Bennelong","Justin Alick","Grn","John Alexander","Lib46",1438,17.07,"Lyndal Howison","ALP",6986,82.93,0,0
"Bennelong","Julie Worsley","CDP","John Alexander","Lib46",4773,80.86,"Lyndal Howison","ALP",1130,19.14,0,0
"Bennelong","Christopher Gordon","TAP","John Alexander","Lib46",347,34.98,"Lyndal Howison","ALP",645,65.02,0,0
"Bennelong","Martin Mulcare","Ind","John Alexander","Lib46",1536,53.24,"Lyndal Howison","ALP",1349,46.76,0,0
"Berowra","Mick Gallagher","Ind","Julian Leeser","Lib46",1411,49.35,"Josh Andrews","ALP",1448,50.65,0,0
"Berowra","Emma Heyde","Grn","Julian Leeser","Lib46",1942,17.96,"Josh Andrews","ALP",8873,82.04,0,0
"Berowra","Roger Woodward","Ind","Julian Leeser","Lib46",395,47.82,"Josh Andrews","ALP",431,52.18,0,0
"Berowra","Brendan Clarke","Sci","Julian Leeser","Lib46",704,36.42,"Josh Andrews","ALP",1229,63.58,0,0
"Berowra","Leighton Thew","CDP","Julian Leeser","Lib46",4340,83.25,"Josh Andrews","ALP",873,16.75,0,0
"Blaxland","Suzan Virago","Grn","Felicity Findlay","Lib46",755,20.42,"Jason Clare","ALP",2943,79.58,0,0
"Blaxland","Gabriela Zabala","SEP","Felicity Findlay","Lib46",381,38.88,"Jason Clare","ALP",599,61.12,0,0
"Blaxland","Clint Nasr","CDP","Felicity Findlay","Lib46",3417,71.04,"Jason Clare","ALP",1393,28.96,0,0
"Bradfield","Peter Kelly","ALA","Paul Fletcher","Lib46",1419,79.01,"Katie Gompertz","ALP",377,20.99,0,0
"Bradfield","Adrian Jones","Grn","Paul Fletcher","Lib46",2519,23.03,"Katie Gompertz","ALP",8417,76.97,0,0
"Bradfield","Christine Berman","Ind","Paul Fletcher","Lib46",2465,58.03,"Katie Gompertz","ALP",1783,41.97,0,0
"Bradfield","Chris Vale","CDP","Paul Fletcher","Lib46",2879,82.33,"Katie Gompertz","ALP",618,17.67,0,0
"Calare","Delanie Sky","Grn","Jess Jennings","ALP",4608,63.66,"Andrew Gee","NPA",2630,36.34,0,0
"Calare","Glen Davis","LDP","Jess Jennings","ALP",1326,20.22,"Andrew Gee","NPA",5231,79.78,0,0
"Calare","Bernie Gesling","CDP","Jess Jennings","ALP",464,19.45,"Andrew Gee","NPA",1922,80.55,0,0
"Calare","Anthony Craig","Ind","Jess Jennings","ALP",1745,45.49,"Andrew Gee","NPA",2091,54.51,0,0
"Calare","Rod Bloomfield","NXT","Jess Jennings","ALP",3025,55.89,"Andrew Gee","NPA",2387,44.11,0,0
"Chifley","Josh Green","CDP","Mohit Kumar","Lib46",5100,65.22,"Ed Husic","ALP",2720,34.78,0,0
"Chifley","Ammar Khan","Ind","Mohit Kumar","Lib46",1007,45.9,"Ed Husic","ALP",1187,54.1,0,0
"Chifley","Eliza James","Grn","Mohit Kumar","Lib46",866,22.3,"Ed Husic","ALP",3017,77.7,0,0
"Cook","John Brett","Ind","Scott Morrison","Lib46",1737,55.09,"David Atkins","ALP",1416,44.91,0,0
"Cook","George Capsis","CDP","Scott Morrison","Lib46",3416,77.11,"David Atkins","ALP",1014,22.89,0,0
"Cook","Nathan Hunt","Grn","Scott Morrison","Lib46",1286,20.75,"David Atkins","ALP",4912,79.25,0,0
"Cowper","Wendy Lawrence","CDP","Luke Hartsuyker","NPA",2248,63.54,"Rob Oakeshott","Ind",1290,36.46,0,0
"Cowper","Michael Gough","CEC","Luke Hartsuyker","NPA",332,45.73,"Rob Oakeshott","Ind",394,54.27,0,0
"Cowper","Carol Vernon","Grn","Luke Hartsuyker","NPA",1465,21.23,"Rob Oakeshott","Ind",5436,78.77,0,0
"Cowper","Damian Wood","ALP","Luke Hartsuyker","NPA",3213,22.82,"Rob Oakeshott","Ind",10866,77.18,0,0
"Cowper","John Arkan","Ind","Luke Hartsuyker","NPA",1626,47.04,"Rob Oakeshott","Ind",1831,52.96,0,0
"Cunningham","Cath Blakey","Grn","Michelle Blicavs","Lib46",2756,19.41,"Sharon Bird","ALP",11444,80.59,0,0
"Cunningham","Nathan Waters","Sci","Michelle Blicavs","Lib46",985,38.99,"Sharon Bird","ALP",1541,61.01,0,0
"Cunningham","Michelle Ryan","CDP","Michelle Blicavs","Lib46",2818,71.54,"Sharon Bird","ALP",1121,28.46,0,0
"Cunningham","John Flanagan","NCP01","Michelle Blicavs","Lib46",725,45.83,"Sharon Bird","ALP",857,54.17,0,0
"Dobell","Hadden Ervin","CDP","Karen McNamara","Lib46",1642,64.42,"Emma McBride","ALP",907,35.58,0,0
"Dobell","Carter Edwards","ON","Karen McNamara","Lib46",3677,44.16,"Emma McBride","ALP",4649,55.84,0,0
"Dobell","Abigail Boyd","Grn","Karen McNamara","Lib46",924,16.48,"Emma McBride","ALP",4683,83.52,0,0
"Dobell","Gregory Stephenson","Ind","Karen McNamara","Lib46",419,35.63,"Emma McBride","ALP",757,64.37,0,0
"Dobell","Paul Baker","Ind","Karen McNamara","Lib46",435,44.57,"Emma McBride","ALP",541,55.43,0,0
"Eden-Monaro","Daniel Grosmaire","Ind","Peter Hendy","Lib46",925,54.96,"Mike Kelly","ALP",758,45.04,0,0
"Eden-Monaro","Ursula Bennett","CDP","Peter Hendy","Lib46",1311,74.36,"Mike Kelly","ALP",452,25.64,0,0
"Eden-Monaro","Don Friend","ADVP","Peter Hendy","Lib46",769,53.11,"Mike Kelly","ALP",679,46.89,0,0
"Eden-Monaro","Ray Buckley","Ind","Peter Hendy","Lib46",385,47.12,"Mike Kelly","ALP",432,52.88,0,0
"Eden-Monaro","Tamara Ryan","Grn","Peter Hendy","Lib46",863,12.02,"Mike Kelly","ALP",6314,87.98,0,0
"Eden-Monaro","Frankie Seymour","AJP","Peter Hendy","Lib46",737,37.11,"Mike Kelly","ALP",1249,62.89,0,0
"Eden-Monaro","Andrew Thaler","Ind","Peter Hendy","Lib46",427,43.53,"Mike Kelly","ALP",554,56.47,0,0
"Farrer","Ron Pike","ALA","Sussan Ley","Lib46",3860,65.71,"Christian Kunde","ALP",2014,34.29,0,0
"Farrer","Amanda Cohn","Grn","Sussan Ley","Lib46",2564,32.31,"Christian Kunde","ALP",5372,67.69,0,0
"Farrer","Paul Rossetto","CDP","Sussan Ley","Lib46",2784,80.14,"Christian Kunde","ALP",690,19.86,0,0
"Farrer","Brian Mills","Ind","Sussan Ley","Lib46",2151,52.04,"Christian Kunde","ALP",1982,47.96,0,0
"Farrer","Trevor O'Brien","MAP","Sussan Ley","Lib46",862,48.35,"Christian Kunde","ALP",921,51.65,0,0
"Fowler","Bill Cashman","Grn","Adam Farhan","Lib46",2282,43.35,"Chris Hayes","ALP",2982,56.65,0,0
"Fowler","Joaquim de Lima","SMK","Adam Farhan","Lib46",506,37.68,"Chris Hayes","ALP",837,62.32,0,0
"Fowler","Craig Hall","CDP","Adam Farhan","Lib46",2961,61.79,"Chris Hayes","ALP",1831,38.21,0,0
"Gilmore","Steve Ryan","CDP","Ann Sudmalis","Lib46",3691,71.53,"Fiona Phillips","ALP",1469,28.47,0,0
"Gilmore","Carmel McCallum","Grn","Ann Sudmalis","Lib46",1932,17.86,"Fiona Phillips","ALP",8888,82.14,0,0
"Grayndler","Emma Hurst","AJP","Jim Casey","Grn",1341,73.24,"Anthony Albanese","ALP",490,26.76,0,0
"Grayndler","Chris Hindi","DRF","Jim Casey","Grn",643,62.49,"Anthony Albanese","ALP",386,37.51,0,0
"Grayndler","Oscar Grenfell","SEP","Jim Casey","Grn",241,72.37,"Anthony Albanese","ALP",92,27.63,0,0
"Grayndler","Meow-Ludo Meow-Meow","Sci","Jim Casey","Grn",769,66.46,"Anthony Albanese","ALP",388,33.54,0,0
"Grayndler","Pat Sheil","ASXP","Jim Casey","Grn",555,59.42,"Anthony Albanese","ALP",379,40.58,0,0
"Grayndler","Noel McFarlane","CYC","Jim Casey","Grn",273,59.35,"Anthony Albanese","ALP",187,40.65,0,0
"Grayndler","Chris McLachlan","REP","Jim Casey","Grn",314,58.47,"Anthony Albanese","ALP",223,41.53,0,0
"Grayndler","David van Gogh","Lib46","Jim Casey","Grn",6111,29.81,"Anthony Albanese","ALP",14387,70.19,0,0
"Grayndler","Jamie Elvy","CDP","Jim Casey","Grn",248,22.86,"Anthony Albanese","ALP",837,77.14,0,0
"Greenway","Timothy Mak","LDP","Yvonne Keane","Lib46",2295,78.52,"Michelle Rowland","ALP",628,21.48,0,0
"Greenway","Vivek Singha","Sci","Yvonne Keane","Lib46",376,40.69,"Michelle Rowland","ALP",548,59.31,0,0
"Greenway","Chris Winslow","Grn","Yvonne Keane","Lib46",670,19.99,"Michelle Rowland","ALP",2681,80.01,0,0
"Greenway","Rohan Salins","FFP","Yvonne Keane","Lib46",676,53.1,"Michelle Rowland","ALP",597,46.9,0,0
"Greenway","Aaron Wright","CDP","Yvonne Keane","Lib46",3430,76.49,"Michelle Rowland","ALP",1054,23.51,0,0
"Greenway","Avtar Billu","Ind","Yvonne Keane","Lib46",816,46.66,"Michelle Rowland","ALP",933,53.34,0,0
"Hughes","Ellie Robertson","AJP","Craig Kelly","Lib46",1946,51.96,"Diedree Steinwall","ALP",1799,48.04,0,0
"Hughes","Phil Smith","Grn","Craig Kelly","Lib46",1370,19.82,"Diedree Steinwall","ALP",5542,80.18,0,0
"Hughes","Michael Caudre","CDP","Craig Kelly","Lib46",3583,79.8,"Diedree Steinwall","ALP",907,20.2,0,0
"Hume","Lindsay Cosgrove","CEC","Angus Taylor","Lib46",765,50,"Aoife Champion-Fashoyin","ALP",765,50,0,0
"Hume","Trevor Anthoney","BTA","Angus Taylor","Lib46",1061,46.8,"Aoife Champion-Fashoyin","ALP",1206,53.2,0,0
"Hume","Adrian Van Der Byl","CDP","Angus Taylor","Lib46",2714,76.82,"Aoife Champion-Fashoyin","ALP",819,23.18,0,0
"Hume","Michaela Sherwood","Grn","Angus Taylor","Lib46",1484,23.65,"Aoife Champion-Fashoyin","ALP",4790,76.35,0,0
"Hunter","John Harvey","Ind","Joel Fitzgibbon","ALP",1828,38.57,"Ruth Rogers","NPA",2912,61.43,0,0
"Hunter","Arjay Martin","Ind","Joel Fitzgibbon","ALP",474,42.97,"Ruth Rogers","NPA",629,57.03,0,0
"Hunter","Peter Morris","Grn","Joel Fitzgibbon","ALP",5063,74,"Ruth Rogers","NPA",1779,26,0,0
"Hunter","Richard Stretton","CDP","Joel Fitzgibbon","ALP",749,22.98,"Ruth Rogers","NPA",2511,77.02,0,0
"Hunter","John Warham","Ind","Joel Fitzgibbon","ALP",785,40.59,"Ruth Rogers","NPA",1149,59.41,0,0
"Hunter","Cordelia Troy","Ind","Joel Fitzgibbon","ALP",1394,43.35,"Ruth Rogers","NPA",1822,56.65,0,0
"Kingsford Smith","James Macdonald","Grn","Michael Feneley","Lib46",1323,13.64,"Matt Thistlethwaite","ALP",8375,86.36,0,0
"Kingsford Smith","Andrew Weatherstone","CDP","Michael Feneley","Lib46",1553,72.43,"Matt Thistlethwaite","ALP",591,27.57,0,0
"Kingsford Smith","Andrea Leong","Sci","Michael Feneley","Lib46",705,34.24,"Matt Thistlethwaite","ALP",1354,65.76,0,0
"Lindsay","Marcus Cornish","Ind","Fiona Scott","Lib46",1276,59.96,"Emma Husar","ALP",852,40.04,0,0
"Lindsay","Kingsley Liu","Grn","Fiona Scott","Lib46",672,21.01,"Emma Husar","ALP",2527,78.99,0,0
"Lindsay","Scott Grimley","DHJP","Fiona Scott","Lib46",731,48.83,"Emma Husar","ALP",766,51.17,0,0
"Lindsay","Steve Roddick","ALA","Fiona Scott","Lib46",1432,67.87,"Emma Husar","ALP",678,32.13,0,0
"Lindsay","Warren Wormald","CDP","Fiona Scott","Lib46",2077,76.9,"Emma Husar","ALP",624,23.1,0,0
"Lindsay","Debbie Blundell","AJP","Fiona Scott","Lib46",551,37.9,"Emma Husar","ALP",903,62.1,0,0
"Lindsay","Jim Saleam","AFP","Fiona Scott","Lib46",455,42.6,"Emma Husar","ALP",613,57.4,0,0
"Lindsay","Linda La Brooy","FFP","Fiona Scott","Lib46",674,44.55,"Emma Husar","ALP",839,55.45,0,0
"Lindsay","Stephen Lynch","NXT","Fiona Scott","Lib46",694,37.51,"Emma Husar","ALP",1156,62.49,0,0
"Lyne","Julie Lyford","Grn","Peter Alley","ALP",6729,71.54,"David Gillespie","NPA",2677,28.46,0,0
"Lyne","Elaine Carter","CDP","Peter Alley","ALP",631,20.85,"David Gillespie","NPA",2395,79.15,0,0
"Lyne","Brad Christensen","Ind","Peter Alley","ALP",3617,39.2,"David Gillespie","NPA",5610,60.8,0,0
"Lyne","Rodger Riach","Ind","Peter Alley","ALP",791,37.21,"David Gillespie","NPA",1335,62.79,0,0
"Macarthur","Richard Bakoss","NXT","Russell Matheson","Lib46",1708,51.51,"Mike Freelander","ALP",1608,48.49,0,0
"Macarthur","James Gent","CDP","Russell Matheson","Lib46",2676,69.06,"Mike Freelander","ALP",1199,30.94,0,0
"Macarthur","Ben Moroney","Grn","Russell Matheson","Lib46",845,22.03,"Mike Freelander","ALP",2991,77.97,0,0
"Mackellar","Liam Gavin","Ind","Jason Falinski","Lib46",1650,61.82,"Rhonda Funnell","ALP",1019,38.18,0,0
"Mackellar","Jim Ball","Ind","Jason Falinski","Lib46",5003,73.61,"Rhonda Funnell","ALP",1794,26.39,0,0
"Mackellar","Mike Hall","Grn","Jason Falinski","Lib46",3089,23.39,"Rhonda Funnell","ALP",10115,76.61,0,0
"Mackellar","Annie Wright","CDP","Jason Falinski","Lib46",1950,80.88,"Rhonda Funnell","ALP",461,19.12,0,0
"Mackellar","Julie Hegarty","Ind","Jason Falinski","Lib46",2005,44.14,"Rhonda Funnell","ALP",2537,55.86,0,0
"Macquarie","Jake Grizelj","SFF","Louise Markus","Lib46",1653,46.56,"Susan Templeman","ALP",1897,53.44,0,0
"Macquarie","Carl Halley","ALA","Louise Markus","Lib46",1160,68.52,"Susan Templeman","ALP",533,31.48,0,0
"Macquarie","Liz Cooper","DHJP","Louise Markus","Lib46",840,50.82,"Susan Templeman","ALP",813,49.18,0,0
"Macquarie","Olya Shornikov","LDP","Louise Markus","Lib46",501,66.62,"Susan Templeman","ALP",251,33.38,0,0
"Macquarie","Hal Ginges","AJP","Louise Markus","Lib46",805,31.52,"Susan Templeman","ALP",1749,68.48,0,0
"Macquarie","Catherine Lincoln","CDP","Louise Markus","Lib46",2817,78.97,"Susan Templeman","ALP",750,21.03,0,0
"Macquarie","Terry Morgan","Grn","Louise Markus","Lib46",997,9.72,"Susan Templeman","ALP",9260,90.28,0,0
"McMahon","Astrid O'Neill","Grn","George Bilic","Lib46",705,15.11,"Chris Bowen","ALP",3960,84.89,0,0
"McMahon","Victor Waterson","AFP","George Bilic","Lib46",816,45.41,"Chris Bowen","ALP",981,54.59,0,0
"McMahon","Fadhel Shamasha","Ind","George Bilic","Lib46",808,52.33,"Chris Bowen","ALP",736,47.67,0,0
"McMahon","Milan Maksimovic","CDP","George Bilic","Lib46",4412,71.18,"Chris Bowen","ALP",1786,28.82,0,0
"Mitchell","Darryl Allen","CDP","Alex Hawke","Lib46",4913,77.95,"Andrew Punch","ALP",1390,22.05,0,0
"Mitchell","Michael Bellstedt","Grn","Alex Hawke","Lib46",1766,24.23,"Andrew Punch","ALP",5521,75.77,0,0
"New England","Robert Walker","ODD","Barnaby Joyce","NPA",216,26.7,"Tony Windsor","Ind",593,73.3,0,0
"New England","Stan Colefax","CDP","Barnaby Joyce","NPA",820,62.26,"Tony Windsor","Ind",497,37.74,0,0
"New England","David Mailler","CM","Barnaby Joyce","NPA",574,42.93,"Tony Windsor","Ind",763,57.07,0,0
"New England","Peter Whelan","LDP","Barnaby Joyce","NPA",638,55.43,"Tony Windsor","Ind",513,44.57,0,0
"New England","David Ewings","ALP","Barnaby Joyce","NPA",1624,24.38,"Tony Windsor","Ind",5038,75.62,0,0
"New England","Rob Taber","Ind","Barnaby Joyce","NPA",1077,40.47,"Tony Windsor","Ind",1584,59.53,0,0
"New England","Mercurius Goldstein","Grn","Barnaby Joyce","NPA",601,21.66,"Tony Windsor","Ind",2174,78.34,0,0
"New England","Philip Cox","Ind","Barnaby Joyce","NPA",372,43.46,"Tony Windsor","Ind",484,56.54,0,0
"Newcastle","John Mackenzie","Grn","David Compton","Lib46",1876,13.84,"Sharon Claydon","ALP",11682,86.16,0,0
"Newcastle","Stuart Southwell","DLP","David Compton","Lib46",481,49.69,"Sharon Claydon","ALP",487,50.31,0,0
"Newcastle","Karen Burge","DRF","David Compton","Lib46",1139,33.59,"Sharon Claydon","ALP",2252,66.41,0,0
"Newcastle","Rod Holding","Ind","David Compton","Lib46",1195,43.69,"Sharon Claydon","ALP",1540,56.31,0,0
"Newcastle","Milton Caine","CDP","David Compton","Lib46",1507,70.68,"Sharon Claydon","ALP",625,29.32,0,0
"North Sydney","Stephen Ruff","Ind","Trent Zimmerman","Lib46",5553,46.94,"Peter Hayes","ALP",6276,53.06,0,0
"North Sydney","Sharon Martin","CDP","Trent Zimmerman","Lib46",1529,80.73,"Peter Hayes","ALP",365,19.27,0,0
"North Sydney","Arthur Chesterfield-Evans","Grn","Trent Zimmerman","Lib46",2211,18.37,"Peter Hayes","ALP",9825,81.63,0,0
"North Sydney","Eddy Ku","FFP","Trent Zimmerman","Lib46",375,57.78,"Peter Hayes","ALP",274,42.22,0,0
"North Sydney","Daniel Leahy","LDP","Trent Zimmerman","Lib46",953,73.93,"Peter Hayes","ALP",336,26.07,0,0
"North Sydney","James Coffey","Sci","Trent Zimmerman","Lib46",590,36.22,"Peter Hayes","ALP",1039,63.78,0,0
"Page","Mark Ellis","LDP","Janelle Saffin","ALP",1017,24.22,"Kevin Hogan","NPA",3182,75.78,0,0
"Page","Anna Ludvick","AJP","Janelle Saffin","ALP",1708,57.24,"Kevin Hogan","NPA",1276,42.76,0,0
"Page","Kudra Falla-Ricketts","Grn","Janelle Saffin","ALP",9961,85.51,"Kevin Hogan","NPA",1688,14.49,0,0
"Page","Bethany McAlpine","CDP","Janelle Saffin","ALP",738,24.75,"Kevin Hogan","NPA",2244,75.25,0,0
"Parkes","Glen Ryan","CDP","Kate Stewart","ALP",1157,29.29,"Mark Coulton","NPA",2793,70.71,0,0
"Parkes","John Ayton","ODD","Kate Stewart","ALP",1064,49.51,"Mark Coulton","NPA",1085,50.49,0,0
"Parkes","Matt Parmeter","Grn","Kate Stewart","ALP",3697,63.19,"Mark Coulton","NPA",2154,36.81,0,0
"Parramatta","Phil Bradley","Grn","Michael Beckwith","Lib46",694,12.3,"Julie Owens","ALP",4946,87.7,0,0
"Parramatta","Mahesh Raj","Ind","Michael Beckwith","Lib46",664,32.42,"Julie Owens","ALP",1384,67.58,0,0
"Parramatta","Keith Piper","CDP","Michael Beckwith","Lib46",3200,73.61,"Julie Owens","ALP",1147,26.39,0,0
"Parramatta","Mark Guest","LDP","Michael Beckwith","Lib46",1233,61.25,"Julie Owens","ALP",780,38.75,0,0
"Parramatta","Mikaela Wu","FFP","Michael Beckwith","Lib46",528,43.93,"Julie Owens","ALP",674,56.07,0,0
"Parramatta","Andrew Driessen","ODD","Michael Beckwith","Lib46",209,44.56,"Julie Owens","ALP",260,55.44,0,0
"Paterson","Graham Burston","ON","Karen Howard","Lib46",4735,36.27,"Meryl Swanson","ALP",8321,63.73,0,0
"Paterson","Brian Clare","RUA","Karen Howard","Lib46",390,38.73,"Meryl Swanson","ALP",617,61.27,0,0
"Paterson","John Brown","Grn","Karen Howard","Lib46",918,15.84,"Meryl Swanson","ALP",4879,84.16,0,0
"Paterson","Peter Davis","CEC","Karen Howard","Lib46",224,42.03,"Meryl Swanson","ALP",309,57.97,0,0
"Paterson","Peter Arena","CDP","Karen Howard","Lib46",1495,72.64,"Meryl Swanson","ALP",563,27.36,0,0
"Reid","Marylou Carter","FFP","Craig Laundy","Lib46",1294,62.18,"Angelo Tsirekas","ALP",787,37.82,0,0
"Reid","Chris Kang","CDP","Craig Laundy","Lib46",2707,72.91,"Angelo Tsirekas","ALP",1006,27.09,0,0
"Reid","Alice Mantel","Grn","Craig Laundy","Lib46",1330,17.33,"Angelo Tsirekas","ALP",6343,82.67,0,0
"Richmond","Angela Pollard","AJP","Justine Elliot","ALP",2152,69.67,"Matthew Fraser","NPA",937,30.33,0,0
"Richmond","Neil Smith","ON","Justine Elliot","ALP",2776,45.06,"Matthew Fraser","NPA",3384,54.94,0,0
"Richmond","Dawn Walker","Grn","Justine Elliot","ALP",17277,85.92,"Matthew Fraser","NPA",2831,14.08,0,0
"Richmond","Russell Kilarney","CDP","Justine Elliot","ALP",336,22.64,"Matthew Fraser","NPA",1148,77.36,0,0
"Riverina","Richard Foley","Ind","Tim Kurylowicz","ALP",2667,44.02,"Michael McCormack","NPA",3391,55.98,0,0
"Riverina","Philip Langfield","CDP","Tim Kurylowicz","ALP",642,20.02,"Michael McCormack","NPA",2565,79.98,0,0
"Riverina","Glenn O'Rourke","FFP","Tim Kurylowicz","ALP",1448,42.76,"Michael McCormack","NPA",1938,57.24,0,0
"Riverina","Kevin Poynter","Grn","Tim Kurylowicz","ALP",3200,72.01,"Michael McCormack","NPA",1244,27.99,0,0
"Robertson","Lawrie Higgins","AAP","Lucy Wicks","Lib46",889,58.22,"Anne Charlton","ALP",638,41.78,0,0
"Robertson","Van Davy","Ind","Lucy Wicks","Lib46",1000,36.68,"Anne Charlton","ALP",1726,63.32,0,0
"Robertson","Hillary Morris","Grn","Lucy Wicks","Lib46",1337,16.81,"Anne Charlton","ALP",6617,83.19,0,0
"Robertson","Matthew Craig","LDP","Lucy Wicks","Lib46",978,72.61,"Anne Charlton","ALP",369,27.39,0,0
"Robertson","Robert Stoddart","CDP","Lucy Wicks","Lib46",1951,76.84,"Anne Charlton","ALP",588,23.16,0,0
"Shortland","Ivan MacFadyen","Grn","Jenny Barrie","Lib46",2040,21.99,"Pat Conroy","ALP",7239,78.01,0,0
"Shortland","Morgan Cox","CDP","Jenny Barrie","Lib46",2723,66.72,"Pat Conroy","ALP",1358,33.28,0,0
"Sydney","Ula Falanga","CDP","Geoffrey Winters","Lib46",1155,77.57,"Tanya Plibersek","ALP",334,22.43,0,0
"Sydney","Mark Berriman","AJP","Geoffrey Winters","Lib46",593,39.61,"Tanya Plibersek","ALP",904,60.39,0,0
"Sydney","Kris Spike","SA","Geoffrey Winters","Lib46",312,51.49,"Tanya Plibersek","ALP",294,48.51,0,0
"Sydney","Tom Geiser","Sci","Geoffrey Winters","Lib46",427,31.37,"Tanya Plibersek","ALP",934,68.63,0,0
"Sydney","Sylvie Ellsmore","Grn","Geoffrey Winters","Lib46",1731,10.47,"Tanya Plibersek","ALP",14806,89.53,0,0
"Sydney","Peter Boyle","SAl","Geoffrey Winters","Lib46",71,14.2,"Tanya Plibersek","ALP",429,85.8,0,0
"Sydney","Rebecca Lanning","ASXP","Geoffrey Winters","Lib46",435,29.88,"Tanya Plibersek","ALP",1021,70.12,0,0
"Sydney","Tula Tzoras","ODD","Geoffrey Winters","Lib46",144,37.6,"Tanya Plibersek","ALP",239,62.4,0,0
"Warringah","Andrew Woodward","ALP","Clara Williams Roldan","Grn",10569,82.44,"Tony Abbott","Lib46",2251,17.56,0,0
"Warringah","Marie Rowland","NXT","Clara Williams Roldan","Grn",3738,67.89,"Tony Abbott","Lib46",1768,32.11,0,0
"Warringah","June Scifo","CDP","Clara Williams Roldan","Grn",176,16.94,"Tony Abbott","Lib46",863,83.06,0,0
"Warringah","Marc Giordano","Sci","Clara Williams Roldan","Grn",529,66.13,"Tony Abbott","Lib46",271,33.88,0,0
"Warringah","Shea Caplice","TAP","Clara Williams Roldan","Grn",473,70.7,"Tony Abbott","Lib46",196,29.3,0,0
"Warringah","James Mathison","Ind","Clara Williams Roldan","Grn",6874,69.53,"Tony Abbott","Lib46",3013,30.47,0,0
"Warringah","David Barrow","Ind","Clara Williams Roldan","Grn",157,62.06,"Tony Abbott","Lib46",96,37.94,0,0
"Warringah","Tony Backhouse","Ind","Clara Williams Roldan","Grn",239,64.95,"Tony Abbott","Lib46",129,35.05,0,0
"Watson","Violet Abdulla","CDP","Mohammad Zaman","Lib46",4293,53.95,"Tony Burke","ALP",3664,46.05,0,0
"Watson","Tom Gordon","Sci","Mohammad Zaman","Lib46",430,26.69,"Tony Burke","ALP",1181,73.31,0,0
"Watson","Paul Geran","ODD","Mohammad Zaman","Lib46",316,36.11,"Tony Burke","ALP",559,63.89,0,0
"Watson","Barbara Bloch","Grn","Mohammad Zaman","Lib46",817,14.71,"Tony Burke","ALP",4738,85.29,0,0
"Wentworth","Dejay Toborek","Grn","Malcolm Turnbull","Lib46",2532,20.26,"Evan Hughes","ALP",9964,79.74,0,0
"Wentworth","Peter Xing","Sci","Malcolm Turnbull","Lib46",419,42.41,"Evan Hughes","ALP",569,57.59,0,0
"Wentworth","Anthony Ackroyd","TAP","Malcolm Turnbull","Lib46",477,32.27,"Evan Hughes","ALP",1001,67.73,0,0
"Wentworth","Beresford Thomas","CDP","Malcolm Turnbull","Lib46",673,74.69,"Evan Hughes","ALP",228,25.31,0,0
"Wentworth","David Allen","Ind","Malcolm Turnbull","Lib46",322,56.2,"Evan Hughes","ALP",251,43.8,0,0
"Wentworth","Marc Aussie-Stone","Ind","Malcolm Turnbull","Lib46",195,50,"Evan Hughes","ALP",195,50,0,0
"Werriwa","Daniel Edwards","CDP","Ned Mannoun","Lib46",3646,60.91,"Anne Stanley","ALP",2340,39.09,0,0
"Werriwa","Signe Westerberg","Grn","Ned Mannoun","Lib46",1040,25.31,"Anne Stanley","ALP",3069,74.69,0,0
"Whitlam","Tom Hunt","Grn","Marcus Hewitt","Lib46",1415,17.34,"Stephen Jones","ALP",6747,82.66,0,0
"Whitlam","Jan Mandelson","NPA","Marcus Hewitt","Lib46",4859,76.63,"Stephen Jones","ALP",1482,23.37,0,0
"Whitlam","Wayne Hartman","NCP01","Marcus Hewitt","Lib46",667,32.05,"Stephen Jones","ALP",1414,67.95,0,0
"Whitlam","Susan Pinsuti","CDP","Marcus Hewitt","Lib46",2900,71.64,"Stephen Jones","ALP",1148,28.36,0,0
"Lingiari","Chris Righton","SFF","Warren Snowdon","ALP",1864,60.9,"Tina MacFarlane","CLP",1197,39.1,0,0
"Lingiari","Alfred Gould","Ind","Warren Snowdon","ALP",257,60.19,"Tina MacFarlane","CLP",170,39.81,0,0
"Lingiari","Yingiya Mark Guyula","Ind","Warren Snowdon","ALP",1275,68.77,"Tina MacFarlane","CLP",579,31.23,0,0
"Lingiari","Braedon Earley","Ind","Warren Snowdon","ALP",986,54.54,"Tina MacFarlane","CLP",822,45.46,0,0
"Lingiari","Regina McCarthy","RUA","Warren Snowdon","ALP",756,50.47,"Tina MacFarlane","CLP",742,49.53,0,0
"Lingiari","Peter Flynn","CEC","Warren Snowdon","ALP",138,52.87,"Tina MacFarlane","CLP",123,47.13,0,0
"Lingiari","Rob Hoad","Grn","Warren Snowdon","ALP",2716,82.18,"Tina MacFarlane","CLP",589,17.82,0,0
"Solomon","Todd Williams","Grn","Luke Gosling","ALP",4361,78.53,"Natasha Griggs","CLP",1192,21.47,0,0
"Solomon","John Kearney","AFP","Luke Gosling","ALP",390,48.87,"Natasha Griggs","CLP",408,51.13,0,0
"Solomon","Robert Dawes","LDP","Luke Gosling","ALP",344,26.98,"Natasha Griggs","CLP",931,73.02,0,0
"Solomon","Lance Lawrence","HMP","Luke Gosling","ALP",712,62.29,"Natasha Griggs","CLP",431,37.71,0,0
"Solomon","Mark Garner","Ind","Luke Gosling","ALP",985,59.91,"Natasha Griggs","CLP",659,40.09,0,0
"Solomon","Silvija Majetic","RUA","Luke Gosling","ALP",345,35.03,"Natasha Griggs","CLP",640,64.97,0,0
"Solomon","Marty Reinhold","SFF","Luke Gosling","ALP",781,51.28,"Natasha Griggs","CLP",742,48.72,0,0
"Solomon","Brigid McCullough","CEC","Luke Gosling","ALP",102,55.74,"Natasha Griggs","CLP",81,44.26,0,0
"Solomon","Nevin Cartwright","ODD","Luke Gosling","ALP",238,64.5,"Natasha Griggs","CLP",131,35.5,0,0
"Blair","Sandy Turner","Ind","Teresa Harding","LNP",641,33.51,"Shayne Neumann","ALP",1272,66.49,0,0
"Blair","Jonathan Emms","Ind","Teresa Harding","LNP",310,41.67,"Shayne Neumann","ALP",434,58.33,0,0
"Blair","Patricia Petersen","Ind","Teresa Harding","LNP",567,39.4,"Shayne Neumann","ALP",872,60.6,0,0
"Blair","Pat Walsh","Grn","Teresa Harding","LNP",1011,19.2,"Shayne Neumann","ALP",4255,80.8,0,0
"Blair","Troy Aggett","ON","Teresa Harding","LNP",6603,49.75,"Shayne Neumann","ALP",6670,50.25,0,0
"Blair","Geoff Darr","FFP","Teresa Harding","LNP",1442,59.93,"Shayne Neumann","ALP",964,40.07,0,0
"Bonner","Matthew Linney","LDP","Ross Vasta","LNP",1775,64.83,"Laura Fraser Hardy","ALP",963,35.17,0,0
"Bonner","Ken Austin","Grn","Ross Vasta","LNP",1411,16.56,"Laura Fraser Hardy","ALP",7107,83.44,0,0
"Bonner","Jarrod Wirth","Ind","Ross Vasta","LNP",960,40.07,"Laura Fraser Hardy","ALP",1436,59.93,0,0
"Bonner","Andrew Broughton","FFP","Ross Vasta","LNP",2100,66.52,"Laura Fraser Hardy","ALP",1057,33.48,0,0
"Bowman","Brad Scott","Grn","Andrew Laming","LNP",1924,21.35,"Kim Richards","ALP",7088,78.65,0,0
"Bowman","Tony Duncan","ALA","Andrew Laming","LNP",2154,64.96,"Kim Richards","ALP",1162,35.04,0,0
"Bowman","Brett Saunders","FFP","Andrew Laming","LNP",2666,59.79,"Kim Richards","ALP",1793,40.21,0,0
"Brisbane","John Humphreys","LDP","Trevor Evans","LNP",1335,68.04,"Pat O'Neill","ALP",627,31.96,0,0
"Brisbane","Bridget Clinch","ADVP","Trevor Evans","LNP",419,45.79,"Pat O'Neill","ALP",496,54.21,0,0
"Brisbane","Kirsten Lovejoy","Grn","Trevor Evans","LNP",2920,15.97,"Pat O'Neill","ALP",15359,84.03,0,0
"Brisbane","Mark Vegar","FFP","Trevor Evans","LNP",1047,65.56,"Pat O'Neill","ALP",550,34.44,0,0
"Capricornia","Kate Giamarelos","Grn","Michelle Landry","LNP",1327,31.85,"Leisa Neaton","ALP",2839,68.15,0,0
"Capricornia","Laurel Carter","KAP","Michelle Landry","LNP",3239,51.9,"Leisa Neaton","ALP",3002,48.1,0,0
"Capricornia","Lindsay Temple","FFP","Michelle Landry","LNP",2796,61.49,"Leisa Neaton","ALP",1751,38.51,0,0
"Capricornia","Ken Murray","Ind","Michelle Landry","LNP",1961,45.48,"Leisa Neaton","ALP",2351,54.52,0,0
"Dawson","Michael Hall","GLT","George Christensen","LNP",1900,46.63,"Frank Gilbert","ALP",2175,53.37,0,0
"Dawson","Stephen Large","Ind","George Christensen","LNP",2028,48.47,"Frank Gilbert","ALP",2156,51.53,0,0
"Dawson","Ash Dodd","KAP","George Christensen","LNP",3020,51.15,"Frank Gilbert","ALP",2884,48.85,0,0
"Dawson","Amanda Nickson","FFP","George Christensen","LNP",1761,51.75,"Frank Gilbert","ALP",1642,48.25,0,0
"Dawson","Jonathon Dykyj","Grn","George Christensen","LNP",984,21.15,"Frank Gilbert","ALP",3668,78.85,0,0
"Dickson","Doug Nicholson","LDP","Peter Dutton","LNP",1502,58.01,"Linda Lavarch","ALP",1087,41.99,0,0
"Dickson","Thor Prohaska","Ind","Peter Dutton","LNP",1120,34.82,"Linda Lavarch","ALP",2097,65.18,0,0
"Dickson","Michael Berkman","Grn","Peter Dutton","LNP",1417,15.8,"Linda Lavarch","ALP",7554,84.2,0,0
"Dickson","Ray Hutchinson","FFP","Peter Dutton","LNP",2364,61.12,"Linda Lavarch","ALP",1504,38.88,0,0
"Fadden","Daniel Kwon","Grn","Stuart Robert","LNP",2234,32.51,"Meaghan Scanlon","ALP",4637,67.49,0,0
"Fadden","Lyn Rees","FFP","Stuart Robert","LNP",2189,63.45,"Meaghan Scanlon","ALP",1261,36.55,0,0
"Fadden","Sean Macnamara","ADVP","Stuart Robert","LNP",533,49.22,"Meaghan Scanlon","ALP",550,50.78,0,0
"Fadden","Brenden Ball","ON","Stuart Robert","LNP",5684,53.16,"Meaghan Scanlon","ALP",5009,46.84,0,0
"Fairfax","Sue Etheridge","Grn","Ted O'Brien","LNP",2340,20.05,"Scott Anderson","ALP",9332,79.95,0,0
"Fairfax","David Rees","FFP","Ted O'Brien","LNP",1641,67.01,"Scott Anderson","ALP",808,32.99,0,0
"Fairfax","Keith Campbell","Ind","Ted O'Brien","LNP",1286,44.56,"Scott Anderson","ALP",1600,55.44,0,0
"Fairfax","Kris Bullen","ODD","Ted O'Brien","LNP",270,43.27,"Scott Anderson","ALP",354,56.73,0,0
"Fairfax","Robert Dickson","Ind","Ted O'Brien","LNP",1088,54.81,"Scott Anderson","ALP",897,45.19,0,0
"Fairfax","Robert Pasquali","ON","Ted O'Brien","LNP",4887,54.26,"Scott Anderson","ALP",4119,45.74,0,0
"Fisher","Tony Gibson","Grn","Andrew Wallace","LNP",1993,19.3,"Bill Gissane","ALP",8331,80.7,0,0
"Fisher","Caroline Ashlin","FFP","Andrew Wallace","LNP",1612,55.07,"Bill Gissane","ALP",1315,44.93,0,0
"Fisher","John Spellman","ALA","Andrew Wallace","LNP",2035,68.94,"Bill Gissane","ALP",917,31.06,0,0
"Fisher","Tracey Bell-Henselin","RUA","Andrew Wallace","LNP",1400,63.35,"Bill Gissane","ALP",810,36.65,0,0
"Fisher","Jason Burgess","ADVP","Andrew Wallace","LNP",473,51.75,"Bill Gissane","ALP",441,48.25,0,0
"Fisher","LB Joum","ODD","Andrew Wallace","LNP",193,44.06,"Bill Gissane","ALP",245,55.94,0,0
"Fisher","Mike Jessop","Ind","Andrew Wallace","LNP",1343,46.21,"Bill Gissane","ALP",1563,53.79,0,0
"Flynn","Richard Love","KAP","Ken O'Dowd","LNP",1464,49.66,"Zac Beers","ALP",1484,50.34,0,0
"Flynn","Craig Tomsett","Grn","Ken O'Dowd","LNP",494,20.45,"Zac Beers","ALP",1922,79.55,0,0
"Flynn","Nathan Fletcher","Ind","Ken O'Dowd","LNP",896,46.5,"Zac Beers","ALP",1031,53.5,0,0
"Flynn","Phil Baker","ON","Ken O'Dowd","LNP",7467,49.95,"Zac Beers","ALP",7481,50.05,0,0
"Flynn","Duncan Scott","Ind","Ken O'Dowd","LNP",381,44.1,"Zac Beers","ALP",483,55.9,0,0
"Flynn","Jordan Puku","Ind","Ken O'Dowd","LNP",175,36.23,"Zac Beers","ALP",308,63.77,0,0
"Flynn","Heather Barnett","FFP","Ken O'Dowd","LNP",1310,60.29,"Zac Beers","ALP",863,39.71,0,0
"Forde","David Wilks","Ind","Bert van Manen","LNP",2551,48.66,"Des Hardman","ALP",2691,51.34,0,0
"Forde","Annelise Hellberg","FFP","Bert van Manen","LNP",2674,57.05,"Des Hardman","ALP",2013,42.95,0,0
"Forde","Sally Spain","Grn","Bert van Manen","LNP",1266,23.47,"Des Hardman","ALP",4127,76.53,0,0
"Forde","Shaun Spain","ALA","Bert van Manen","LNP",1899,65.37,"Des Hardman","ALP",1006,34.63,0,0
"Griffith","Matt Darragh","ALA","Fiona Ward","LNP",1124,76.1,"Terri Butler","ALP",353,23.9,0,0
"Griffith","Karen Anderson","Grn","Fiona Ward","LNP",2085,13.27,"Terri Butler","ALP",13625,86.73,0,0
"Griffith","Bronwyn Ablett","LDP","Fiona Ward","LNP",1425,75.8,"Terri Butler","ALP",455,24.2,0,0
"Griffith","Karel Boele","Ind","Fiona Ward","LNP",627,42.86,"Terri Butler","ALP",836,57.14,0,0
"Griffith","John Jiggens","DRF","Fiona Ward","LNP",632,35.33,"Terri Butler","ALP",1157,64.67,0,0
"Griffith","Theresa Graham","FFP","Fiona Ward","LNP",910,63.9,"Terri Butler","ALP",514,36.1,0,0
"Groom","John Sands","FFP","John McVeigh","LNP",5507,60.25,"Bronwyn Herbertson","ALP",3633,39.75,0,0
"Groom","Josie Townsend","NXT","John McVeigh","LNP",3278,47.1,"Bronwyn Herbertson","ALP",3682,52.9,0,0
"Groom","Antonia van Geuns","Grn","John McVeigh","LNP",1534,27.31,"Bronwyn Herbertson","ALP",4084,72.69,0,0
"Herbert","Michael Punshon","FFP","Ewen Jones","LNP",1608,50.65,"Cathy O'Toole","ALP",1567,49.35,0,0
"Herbert","Colin Dwyer","KAP","Ewen Jones","LNP",2912,47.97,"Cathy O'Toole","ALP",3158,52.03,0,0
"Herbert","Martin Brewster","PUP","Ewen Jones","LNP",117,37.14,"Cathy O'Toole","ALP",198,62.86,0,0
"Herbert","Geoff Virgo","ON","Ewen Jones","LNP",5777,48.34,"Cathy O'Toole","ALP",6173,51.66,0,0
"Herbert","Wendy Tubman","Grn","Ewen Jones","LNP",961,17.37,"Cathy O'Toole","ALP",4572,82.63,0,0
"Herbert","Aaron Raffin","GLT","Ewen Jones","LNP",662,34.18,"Cathy O'Toole","ALP",1275,65.82,0,0
"Herbert","David Harris","LDP","Ewen Jones","LNP",752,68.61,"Cathy O'Toole","ALP",344,31.39,0,0
"Hinkler","Stephen Lynch","FFP","Keith Pitt","LNP",1479,65.73,"Tim Lawson","ALP",771,34.27,0,0
"Hinkler","Damian Huxham","ON","Keith Pitt","LNP",8679,51.09,"Tim Lawson","ALP",8308,48.91,0,0
"Hinkler","Robert Windred","ALA","Keith Pitt","LNP",1211,72.51,"Tim Lawson","ALP",459,27.49,0,0
"Hinkler","Bill Foster","Ind","Keith Pitt","LNP",722,41.98,"Tim Lawson","ALP",998,58.02,0,0
"Hinkler","Tim Roberts","Grn","Keith Pitt","LNP",826,23.76,"Tim Lawson","ALP",2651,76.24,0,0
"Kennedy","Valerie Weier","Grn","Jonathan Pavetto","LNP",1337,31.74,"Bob Katter","KAP",2876,68.26,0,0
"Kennedy","Donna Gallehawk","FFP","Jonathan Pavetto","LNP",971,30.02,"Bob Katter","KAP",2263,69.98,0,0
"Kennedy","Norm Jacobsen","ALP","Jonathan Pavetto","LNP",3326,20.18,"Bob Katter","KAP",13154,79.82,0,0
"Leichhardt","John Kelly","RUA","Warren Entsch","LNP",945,65.67,"Sharryn Howes","ALP",494,34.33,0,0
"Leichhardt","Kurt Pudniks","Grn","Warren Entsch","LNP",1648,21.4,"Sharryn Howes","ALP",6054,78.6,0,0
"Leichhardt","Peter Rogers","ON","Warren Entsch","LNP",3705,54.69,"Sharryn Howes","ALP",3070,45.31,0,0
"Leichhardt","Ned Gebadi","FFP","Warren Entsch","LNP",1162,51.48,"Sharryn Howes","ALP",1095,48.52,0,0
"Leichhardt","Daniel McCarthy","Ind","Warren Entsch","LNP",3051,50.05,"Sharryn Howes","ALP",3045,49.95,0,0
"Leichhardt","Michael Newie","Ind","Warren Entsch","LNP",298,42.94,"Sharryn Howes","ALP",396,57.06,0,0
"Leichhardt","Brad Tassell","KAP","Warren Entsch","LNP",2040,53.13,"Sharryn Howes","ALP",1800,46.88,0,0
"Lilley","Sharan Hall","FFP","David Kingston","LNP",2101,60.88,"Wayne Swan","ALP",1350,39.12,0,0
"Lilley","Simon Holmick","LDP","David Kingston","LNP",1449,65.8,"Wayne Swan","ALP",753,34.2,0,0
"Lilley","Claire Ogden","Grn","David Kingston","LNP",1869,16.78,"Wayne Swan","ALP",9268,83.22,0,0
"Longman","Frances McDonald","DRF","Wyatt Roy","LNP",791,29.55,"Susan Lamb","ALP",1886,70.45,0,0
"Longman","Michelle Pedersen","ON","Wyatt Roy","LNP",3608,43.51,"Susan Lamb","ALP",4685,56.49,0,0
"Longman","Ian Bell","Grn","Wyatt Roy","LNP",746,19.3,"Susan Lamb","ALP",3119,80.7,0,0
"Longman","Caleb Wells","Ind","Wyatt Roy","LNP",350,42.17,"Susan Lamb","ALP",480,57.83,0,0
"Longman","Brad Kennedy","KAP","Wyatt Roy","LNP",752,47.09,"Susan Lamb","ALP",845,52.91,0,0
"Longman","Stephen Beck","TAP","Wyatt Roy","LNP",81,35.53,"Susan Lamb","ALP",147,64.47,0,0
"Longman","Greg Riddell","Ind","Wyatt Roy","LNP",428,38.52,"Susan Lamb","ALP",683,61.48,0,0
"Longman","Rob Law","Ind","Wyatt Roy","LNP",363,38.41,"Susan Lamb","ALP",582,61.59,0,0
"Longman","Will Smith","FFP","Wyatt Roy","LNP",1861,61.99,"Susan Lamb","ALP",1141,38.01,0,0
"Maranoa","Dave Kerrigan","ALP","David Littleproud","LNP",8274,50.28,"Lynette Keehn","ON",8182,49.72,0,0
"Maranoa","Myfanwy Schenk","FFP","David Littleproud","LNP",1465,50.43,"Lynette Keehn","ON",1440,49.57,0,0
"Maranoa","Katherine Hompes","Grn","David Littleproud","LNP",1976,64.66,"Lynette Keehn","ON",1080,35.34,0,0
"Maranoa","Sherrilyn Church","RUA","David Littleproud","LNP",374,44.47,"Lynette Keehn","ON",467,55.53,0,0
"Maranoa","Luke Arbuckle","CM","David Littleproud","LNP",1192,55.67,"Lynette Keehn","ON",949,44.33,0,0
"Maranoa","Rick Gurnett","KAP","David Littleproud","LNP",1730,40.18,"Lynette Keehn","ON",2576,59.82,0,0
"McPherson","Peter Burgoyne","Grn","Karen Andrews","LNP",2233,24.49,"Sandy Gadd","ALP",6886,75.51,0,0
"McPherson","Simon Green","FFP","Karen Andrews","LNP",3434,63.55,"Sandy Gadd","ALP",1970,36.45,0,0
"McPherson","Rob Jones","Ind","Karen Andrews","LNP",1736,45.09,"Sandy Gadd","ALP",2114,54.91,0,0
"Moncrieff","Julie Rose","FFP","Steven Ciobo","LNP",3034,54,"Hayden Sheppard","ALP",2585,46,0,0
"Moncrieff","Roger Brisbane","Grn","Steven Ciobo","LNP",2102,24.17,"Hayden Sheppard","ALP",6595,75.83,0,0
"Moreton","Des Soares","NXT","Nic Monsour","LNP",1469,36.08,"Graham Perrett","ALP",2603,63.92,0,0
"Moreton","Andrew Cooper","LDP","Nic Monsour","LNP",1672,60.08,"Graham Perrett","ALP",1111,39.92,0,0
"Moreton","Kristen Lyons","Grn","Nic Monsour","LNP",1444,13.36,"Graham Perrett","ALP",9368,86.64,0,0
"Moreton","Shan-Ju Lin","KAP","Nic Monsour","LNP",654,49.21,"Graham Perrett","ALP",675,50.79,0,0
"Moreton","Florian Heise","FFP","Nic Monsour","LNP",1714,68.37,"Graham Perrett","ALP",793,31.63,0,0
"Oxley","Brad Trussell","ON","Bibe Roadley","LNP",3643,51.87,"Milton Dick","ALP",3380,48.13,0,0
"Oxley","Caroline McCormack","FFP","Bibe Roadley","LNP",1708,62.47,"Milton Dick","ALP",1026,37.53,0,0
"Oxley","Stephen Lacaze","KAP","Bibe Roadley","LNP",593,52.2,"Milton Dick","ALP",543,47.8,0,0
"Oxley","Steve Purcell","Grn","Bibe Roadley","LNP",1423,19.48,"Milton Dick","ALP",5882,80.52,0,0
"Petrie","Catherine Buckley","LDP","Luke Howarth","LNP",2021,70.25,"Jacqui Pedersen","ALP",856,29.75,0,0
"Petrie","Mark White","FFP","Luke Howarth","LNP",2559,53.92,"Jacqui Pedersen","ALP",2187,46.08,0,0
"Petrie","Sue Weber","Grn","Luke Howarth","LNP",1424,20.82,"Jacqui Pedersen","ALP",5416,79.18,0,0
"Petrie","Andrew Tyrell","TAP","Luke Howarth","LNP",447,36.08,"Jacqui Pedersen","ALP",792,63.92,0,0
"Rankin","Ric Davies","LDP","Freya Ostapovitch","LNP",2101,59.81,"Jim Chalmers","ALP",1412,40.19,0,0
"Rankin","Neil Cotter","Grn","Freya Ostapovitch","LNP",1111,20.68,"Jim Chalmers","ALP",4262,79.32,0,0
"Rankin","Shane Holley","KAP","Freya Ostapovitch","LNP",1296,45.09,"Jim Chalmers","ALP",1578,54.91,0,0
"Rankin","Jeffrey Hodges","CRNT","Freya Ostapovitch","LNP",879,42.88,"Jim Chalmers","ALP",1171,57.12,0,0
"Rankin","Christopher Lawrie","FFP","Freya Ostapovitch","LNP",3219,64.24,"Jim Chalmers","ALP",1792,35.76,0,0
"Ryan","John Quinn","DLP","Jane Prentice","LNP",456,29.12,"Stephen Hegedus","ALP",1110,70.88,0,0
"Ryan","David Todd","FFP","Jane Prentice","LNP",1570,65.72,"Stephen Hegedus","ALP",819,34.28,0,0
"Ryan","Sandra Bayley","Grn","Jane Prentice","LNP",3088,17.38,"Stephen Hegedus","ALP",14679,82.62,0,0
"Ryan","Sly Gryphon","LDP","Jane Prentice","LNP",1478,72.24,"Stephen Hegedus","ALP",568,27.76,0,0
"Wide Bay","Jannean Dean","GLT","Llew O'Brien","LNP",1311,32.12,"Lucy Stanton","ALP",2771,67.88,0,0
"Wide Bay","Elise Anne Cottam","ON","Llew O'Brien","LNP",7265,51.81,"Lucy Stanton","ALP",6757,48.19,0,0
"Wide Bay","Bron Marsh","Grn","Llew O'Brien","LNP",1582,21.51,"Lucy Stanton","ALP",5773,78.49,0,0
"Wide Bay","Bruce Mayer","FFP","Llew O'Brien","LNP",1458,60.78,"Lucy Stanton","ALP",941,39.22,0,0
"Wide Bay","Barry Cook","KAP","Llew O'Brien","LNP",1275,54.09,"Lucy Stanton","ALP",1082,45.91,0,0
"Wright","Pietro Agnoletto","Grn","Scott Buchholz","LNP",1963,29,"Allistair Smith","ALP",4805,71,0,0
"Wright","Rod Smith","ON","Scott Buchholz","LNP",9917,53.72,"Allistair Smith","ALP",8544,46.28,0,0
"Wright","John Cox","MAP","Scott Buchholz","LNP",417,46.23,"Allistair Smith","ALP",485,53.77,0,0
"Wright","Barry Austin","FFP","Scott Buchholz","LNP",2041,64.53,"Allistair Smith","ALP",1122,35.47,0,0
"Wright","Mark Stone","LDP","Scott Buchholz","LNP",1378,69.63,"Allistair Smith","ALP",601,30.37,0,0
"Adelaide","Sophie Guy","Grn","Kate Ellis","ALP",8762,87.86,"David Colovic","Lib46",1211,12.14,0,0
"Adelaide","Adrian Rivish","FFP","Kate Ellis","ALP",551,30.08,"David Colovic","Lib46",1281,69.92,0,0
"Adelaide","Matt Tidswell","AJP","Kate Ellis","ALP",870,67.34,"David Colovic","Lib46",422,32.66,0,0
"Adelaide","Tyrone Lock","LDP","Kate Ellis","ALP",256,24.85,"David Colovic","Lib46",774,75.15,0,0
"Adelaide","Joe Hill","NXT","Kate Ellis","ALP",7455,60.69,"David Colovic","Lib46",4828,39.31,0,0
"Barker","Yvonne Zeppel","FFP","James Stacey","NXT",2516,46.1,"Tony Pasin","Lib46",2942,53.9,0,0
"Barker","Mark Keough","Grn","James Stacey","NXT",2334,73.6,"Tony Pasin","Lib46",837,26.4,0,0
"Barker","Mat O'Brien","ALP","James Stacey","NXT",10445,72.72,"Tony Pasin","Lib46",3918,27.28,0,0
"Boothby","Karen Hockley","NXT","Mark Ward","ALP",11886,60.37,"Nicolle Flint","Lib46",7802,39.63,0,0
"Boothby","Jamie Armfield","Ind","Mark Ward","ALP",388,58.43,"Nicolle Flint","Lib46",276,41.57,0,0
"Boothby","Gary Wheatcroft","FFP","Mark Ward","ALP",592,23.9,"Nicolle Flint","Lib46",1885,76.1,0,0
"Boothby","Evelyn Carroll","AJP","Mark Ward","ALP",868,64.01,"Nicolle Flint","Lib46",488,35.99,0,0
"Boothby","Jane Bange","Grn","Mark Ward","ALP",6990,87.36,"Nicolle Flint","Lib46",1011,12.64,0,0
"Boothby","Rob de Jonge","Ind","Mark Ward","ALP",218,49.77,"Nicolle Flint","Lib46",220,50.23,0,0
"Grey","Scott Martin","ALP","Andrea Broadfoot","NXT",14052,72.53,"Rowan Ramsey","Lib46",5321,27.47,0,0
"Grey","Phillip Gourlay","Ind","Andrea Broadfoot","NXT",717,62.67,"Rowan Ramsey","Lib46",427,37.33,0,0
"Grey","Cheryl Kaminski","FFP","Andrea Broadfoot","NXT",1772,47.76,"Rowan Ramsey","Lib46",1938,52.24,0,0
"Grey","Jillian Marsh","Grn","Andrea Broadfoot","NXT",1707,74.09,"Rowan Ramsey","Lib46",597,25.91,0,0
"Hindmarsh","Patrick O'Sullivan","Grn","Steve Georganas","ALP",5573,87.06,"Matt Williams","Lib46",828,12.94,0,0
"Hindmarsh","Mark Potter","FFP","Steve Georganas","ALP",726,36.72,"Matt Williams","Lib46",1251,63.28,0,0
"Hindmarsh","Daniel Kirk","NXT","Steve Georganas","ALP",8842,59.85,"Matt Williams","Lib46",5932,40.15,0,0
"Hindmarsh","Marina William","CDP","Steve Georganas","ALP",152,30.46,"Matt Williams","Lib46",347,69.54,0,0
"Hindmarsh","Alyssa Liu","AJP","Steve Georganas","ALP",938,64.42,"Matt Williams","Lib46",518,35.58,0,0
"Kingston","Robyn Holtham","Grn","Kelvin Binns","Lib46",668,12.46,"Amanda Rishworth","ALP",4693,87.54,0,0
"Kingston","Geoff Doecke","FFP","Kelvin Binns","Lib46",2392,59.09,"Amanda Rishworth","ALP",1656,40.91,0,0
"Kingston","Damian Carey","NXT","Kelvin Binns","Lib46",5943,37.01,"Amanda Rishworth","ALP",10116,62.99,0,0
"Makin","Keiran Snape","Grn","Tony Zappia","ALP",3734,85.39,"Graham Reynolds","Lib46",639,14.61,0,0
"Makin","Paul Coombe","FFP","Tony Zappia","ALP",1454,34.03,"Graham Reynolds","Lib46",2819,65.97,0,0
"Makin","Mark Aldridge","Ind","Tony Zappia","ALP",1371,64.49,"Graham Reynolds","Lib46",755,35.51,0,0
"Makin","Zarina Greenberg","AJP","Tony Zappia","ALP",1018,68.83,"Graham Reynolds","Lib46",461,31.17,0,0
"Makin","Craig Bossie","NXT","Tony Zappia","ALP",9181,58.8,"Graham Reynolds","Lib46",6433,41.2,0,0
"Mayo","Glen Dallimore","ALP","Rebekha Sharkie","NXT",10252,79.73,"Jamie Briggs","Lib46",2607,20.27,0,0
"Mayo","Luke Dzivinski","LDP","Rebekha Sharkie","NXT",513,44.69,"Jamie Briggs","Lib46",635,55.31,0,0
"Mayo","Nathan Daniell","Grn","Rebekha Sharkie","NXT",6569,85.75,"Jamie Briggs","Lib46",1092,14.25,0,0
"Mayo","Bruce Hicks","FFP","Rebekha Sharkie","NXT",1791,40.94,"Jamie Briggs","Lib46",2584,59.06,0,0
"Port Adelaide","Matthew Carey","Grn","Mark Butler","ALP",4788,71.64,"Michael Slattery","NXT",1895,28.36,0,0
"Port Adelaide","Bruce Hambour","FFP","Mark Butler","ALP",2211,49.32,"Michael Slattery","NXT",2272,50.68,0,0
"Port Adelaide","Janine Clipstone","AJP","Mark Butler","ALP",1099,52.89,"Michael Slattery","NXT",979,47.11,0,0
"Port Adelaide","Jenalie Salt","CDP","Mark Butler","ALP",328,54.94,"Michael Slattery","NXT",269,45.06,0,0
"Port Adelaide","Emma Flowerdew","Lib46","Mark Butler","ALP",7534,42.13,"Michael Slattery","NXT",10350,57.87,0,0
"Sturt","Matthew Wright","NXT","Matt Loader","ALP",12597,64,"Christopher Pyne","Lib46",7087,36,0,0
"Sturt","Rebecca Galdies","Grn","Matt Loader","ALP",5748,87.42,"Christopher Pyne","Lib46",827,12.58,0,0
"Sturt","Geoff Russell","AJP","Matt Loader","ALP",840,68.85,"Christopher Pyne","Lib46",380,31.15,0,0
"Sturt","Craig Bowyer","FFP","Matt Loader","ALP",857,29.43,"Christopher Pyne","Lib46",2055,70.57,0,0
"Sturt","Neil Aitchison","Ind","Matt Loader","ALP",339,53.22,"Christopher Pyne","Lib46",298,46.78,0,0
"Wakefield","Richard Inwood","NXT","Nick Champion","ALP",12421,63.4,"Kathleen Bourne","Lib46",7171,36.6,0,0
"Wakefield","Marilyn Phillips","FFP","Nick Champion","ALP",2670,49.48,"Kathleen Bourne","Lib46",2726,50.52,0,0
"Wakefield","Craig Vanstone","Grn","Nick Champion","ALP",3360,81.91,"Kathleen Bourne","Lib46",742,18.09,0,0
"Wakefield","Ralph Anderson","CDP","Nick Champion","ALP",269,43.46,"Kathleen Bourne","Lib46",350,56.54,0,0
"Wakefield","John Bolton","Ind","Nick Champion","ALP",1577,57.81,"Kathleen Bourne","Lib46",1151,42.19,0,0
"Bass","Terrill Riley-Gibson","Grn","Andrew Nikolic","Lib46",775,10.83,"Ross Hart","ALP",6379,89.17,0,0
"Bass","Roy Ramage","REP","Andrew Nikolic","Lib46",436,27.03,"Ross Hart","ALP",1177,72.97,0,0
"Bass","Malcolm Beattie","CDP","Andrew Nikolic","Lib46",1168,66.18,"Ross Hart","ALP",597,33.82,0,0
"Bass","Mark Tapsell","ARF","Andrew Nikolic","Lib46",1068,33.05,"Ross Hart","ALP",2163,66.95,0,0
"Braddon","Scott Jordan","Grn","Brett Whiteley","Lib46",605,13.88,"Justine Keay","ALP",3753,86.12,0,0
"Braddon","Glen Saltmarsh","ARF","Brett Whiteley","Lib46",1366,36.91,"Justine Keay","ALP",2335,63.09,0,0
"Braddon","Graham Hodge","CDP","Brett Whiteley","Lib46",797,69.24,"Justine Keay","ALP",354,30.76,0,0
"Braddon","Clinton Rice","REP","Brett Whiteley","Lib46",447,33.28,"Justine Keay","ALP",896,66.72,0,0
"Braddon","Joshua Boag","LDP","Brett Whiteley","Lib46",857,62.1,"Justine Keay","ALP",523,37.9,0,0
"Denison","Amanda Excell","CDP","Andrew Wilkie","Ind",513,52.35,"Jane Austin","ALP",467,47.65,0,0
"Denison","Marcus Allan","Lib46","Andrew Wilkie","Ind",9956,75.04,"Jane Austin","ALP",3311,24.96,0,0
"Denison","Wayne Williams","DLP","Andrew Wilkie","Ind",282,44.62,"Jane Austin","ALP",350,55.38,0,0
"Denison","Jen Brown","Grn","Andrew Wilkie","Ind",5053,71.49,"Jane Austin","ALP",2015,28.51,0,0
"Franklin","Tim Sanderson","TAP","Amanda-Sue Markham","Lib46",640,38.25,"Julie Collins","ALP",1033,61.75,0,0
"Franklin","Martine Delaney","Grn","Amanda-Sue Markham","Lib46",1281,13.78,"Julie Collins","ALP",8012,86.22,0,0
"Franklin","George Muskett","CDP","Amanda-Sue Markham","Lib46",880,64,"Julie Collins","ALP",495,36,0,0
"Lyons","Shelley Shay","ARF","Eric Hutchinson","Lib46",1727,39.96,"Brian Mitchell","ALP",2595,60.04,0,0
"Lyons","Duncan Livingston","REP","Eric Hutchinson","Lib46",575,36.44,"Brian Mitchell","ALP",1003,63.56,0,0
"Lyons","Hannah Rubenach-Quinn","Grn","Eric Hutchinson","Lib46",981,15.29,"Brian Mitchell","ALP",5437,84.71,0,0
"Lyons","Gene Mawer","CDP","Eric Hutchinson","Lib46",697,64.9,"Brian Mitchell","ALP",377,35.1,0,0
"Aston","Steve Raymond","Grn","Paul Klisaris","ALP",5440,75.7,"Alan Tudge","Lib46",1746,24.3,0,0
"Aston","Daniel Martin","FFP","Paul Klisaris","ALP",844,30.56,"Alan Tudge","Lib46",1918,69.44,0,0
"Aston","Daniel Huppert","Ind","Paul Klisaris","ALP",1062,50.48,"Alan Tudge","Lib46",1042,49.52,0,0
"Aston","Joel Moore","LDP","Paul Klisaris","ALP",235,19.62,"Alan Tudge","Lib46",963,80.38,0,0
"Aston","Rosemary Lavin","AJP","Paul Klisaris","ALP",1270,57.44,"Alan Tudge","Lib46",941,42.56,0,0
"Ballarat","Dianne Colbert","ACh","Catherine King","ALP",841,41.57,"Sarah Wade","Lib46",1182,58.43,0,0
"Ballarat","Paul Tatchell","NPA","Catherine King","ALP",1052,25.61,"Sarah Wade","Lib46",3056,74.39,0,0
"Ballarat","Brian Eckel","Ind","Catherine King","ALP",1147,63.65,"Sarah Wade","Lib46",655,36.35,0,0
"Ballarat","Alice Barnes","Grn","Catherine King","ALP",9000,85.3,"Sarah Wade","Lib46",1551,14.7,0,0
"Ballarat","Graham Howard","FFP","Catherine King","ALP",1095,57.75,"Sarah Wade","Lib46",801,42.25,0,0
"Ballarat","Tran Tran","RUA","Catherine King","ALP",592,52.81,"Sarah Wade","Lib46",529,47.19,0,0
"Batman","Philip Sutton","Ind","Alex Bhathal","Grn",1092,72.37,"David Feeney","ALP",417,27.63,0,0
"Batman","Maurice Oldis","REP","Alex Bhathal","Grn",378,63.74,"David Feeney","ALP",215,36.26,0,0
"Batman","Joel Murray","ASXP","Alex Bhathal","Grn",1454,62.75,"David Feeney","ALP",863,37.25,0,0
"Batman","Russell Hayward","AUP","Alex Bhathal","Grn",176,62.41,"David Feeney","ALP",106,37.59,0,0
"Batman","Geoffrey Cicuto","CYC","Alex Bhathal","Grn",248,64.25,"David Feeney","ALP",138,35.75,0,0
"Batman","George Souris","Lib46","Alex Bhathal","Grn",6521,36.38,"David Feeney","ALP",11403,63.62,0,0
"Batman","Caitlin Evans","AJP","Alex Bhathal","Grn",1009,67.13,"David Feeney","ALP",494,32.87,0,0
"Batman","Franco Guardiani","Ind","Alex Bhathal","Grn",198,41.25,"David Feeney","ALP",282,58.75,0,0
"Batman","Elizabeth Syber","AEq","Alex Bhathal","Grn",403,59.09,"David Feeney","ALP",279,40.91,0,0
"Bendigo","Andy Maddison","NPA","Lisa Chesters","ALP",935,26.38,"Megan Purcell","Lib46",2609,73.62,0,0
"Bendigo","Rosemary Glaisher","Grn","Lisa Chesters","ALP",9583,89.15,"Megan Purcell","Lib46",1166,10.85,0,0
"Bendigo","Sandra Caddy","RUA","Lisa Chesters","ALP",853,41.45,"Megan Purcell","Lib46",1205,58.55,0,0
"Bendigo","Ruth Parramore","AJP","Lisa Chesters","ALP",1469,68.45,"Megan Purcell","Lib46",677,31.55,0,0
"Bendigo","Anita Donlon","Ind","Lisa Chesters","ALP",1005,52.29,"Megan Purcell","Lib46",917,47.71,0,0
"Bendigo","Alan Howard","FFP","Lisa Chesters","ALP",1157,42.35,"Megan Purcell","Lib46",1575,57.65,0,0
"Bruce","Doug Leith","AJP","Julian Hill","ALP",913,46.97,"Helen Kroger","Lib46",1031,53.03,0,0
"Bruce","Stefanie Bauer","Grn","Julian Hill","ALP",4739,80.46,"Helen Kroger","Lib46",1151,19.54,0,0
"Bruce","Nathan Foggie","FFP","Julian Hill","ALP",1033,35.99,"Helen Kroger","Lib46",1837,64.01,0,0
"Bruce","Jill Jarvis-Wills","REP","Julian Hill","ALP",486,59.56,"Helen Kroger","Lib46",330,40.44,0,0
"Bruce","Alan Roncan","DRF","Julian Hill","ALP",919,63.82,"Helen Kroger","Lib46",521,36.18,0,0
"Calwell","Natalie Abboud","Grn","Maria Vamvakinou","ALP",6073,79.81,"John Hsu","Lib46",1536,20.19,0,0
"Calwell","Meagan Searls","AJP","Maria Vamvakinou","ALP",2098,64.97,"John Hsu","Lib46",1131,35.03,0,0
"Calwell","Michael Lakkis","Ind","Maria Vamvakinou","ALP",1767,56.73,"John Hsu","Lib46",1348,43.27,0,0
"Casey","Elissa Sutherland","Grn","Hovig Melkonian","ALP",9054,83.98,"Tony Smith","Lib46",1727,16.02,0,0
"Casey","Kristin Bacon","AJP","Hovig Melkonian","ALP",2678,64.13,"Tony Smith","Lib46",1498,35.87,0,0
"Casey","Peter Charleton","Ind","Hovig Melkonian","ALP",1681,58.41,"Tony Smith","Lib46",1197,41.59,0,0
"Casey","Angela Dorian","RUA","Hovig Melkonian","ALP",950,37.24,"Tony Smith","Lib46",1601,62.76,0,0
"Chisholm","Melanie Vassiliou","RUA","Stefanie Perri","ALP",540,31.54,"Julia Banks","Lib46",1172,68.46,0,0
"Chisholm","Nyree Walshe","AJP","Stefanie Perri","ALP",1080,60.03,"Julia Banks","Lib46",719,39.97,0,0
"Chisholm","Craig McCracken","FFP","Stefanie Perri","ALP",571,26.72,"Julia Banks","Lib46",1566,73.28,0,0
"Chisholm","Josh Fergeus","Grn","Stefanie Perri","ALP",8932,83.89,"Julia Banks","Lib46",1715,16.11,0,0
"Corangamite","Michael Lawrence","Ind","Libby Coker","ALP",1023,67.35,"Sarah Henderson","Lib46",496,32.65,0,0
"Corangamite","Alan Barron","FFP","Libby Coker","ALP",739,38.77,"Sarah Henderson","Lib46",1167,61.23,0,0
"Corangamite","Nick Steel","RUA","Libby Coker","ALP",395,46.64,"Sarah Henderson","Lib46",452,53.36,0,0
"Corangamite","Louis Rowe","LDP","Libby Coker","ALP",311,35.71,"Sarah Henderson","Lib46",560,64.29,0,0
"Corangamite","Patrice Nelson","DHJP","Libby Coker","ALP",1699,55.91,"Sarah Henderson","Lib46",1340,44.09,0,0
"Corangamite","Andy Meddick","AJP","Libby Coker","ALP",1221,70.21,"Sarah Henderson","Lib46",518,29.79,0,0
"Corangamite","Courtney Dalton","DRF","Libby Coker","ALP",834,65.72,"Sarah Henderson","Lib46",435,34.28,0,0
"Corangamite","Patchouli Paterson","Grn","Libby Coker","ALP",9637,85.49,"Sarah Henderson","Lib46",1636,14.51,0,0
"Corio","Sue Bull","SAl","Richard Marles","ALP",772,70.12,"Richard Lange","Lib46",329,29.88,0,0
"Corio","Ash Puvimanasinghe","RUA","Richard Marles","ALP",820,43.87,"Richard Lange","Lib46",1049,56.13,0,0
"Corio","Jeff Moran","BTA","Richard Marles","ALP",679,59.67,"Richard Lange","Lib46",459,40.33,0,0
"Corio","Jamie Overend","AJP","Richard Marles","ALP",1991,67.54,"Richard Lange","Lib46",957,32.46,0,0
"Corio","Sarah Mansfield","Grn","Richard Marles","ALP",9307,83.76,"Richard Lange","Lib46",1805,16.24,0,0
"Deakin","Karen Dobby","ACh","Tony Clark","ALP",485,23.14,"Michael Sukkar","Lib46",1611,76.86,0,0
"Deakin","Joshua Briers","Grn","Tony Clark","ALP",9081,85.78,"Michael Sukkar","Lib46",1506,14.22,0,0
"Deakin","Vanessa Brown","AJP","Tony Clark","ALP",1589,66.37,"Michael Sukkar","Lib46",805,33.63,0,0
"Deakin","Gary Coombes","FFP","Tony Clark","ALP",828,41.21,"Michael Sukkar","Lib46",1181,58.79,0,0
"Dunkley","Ruth Stanfield","DHJP","Peta Murphy","ALP",2721,49.38,"Chris Crewther","Lib46",2789,50.62,0,0
"Dunkley","Jeanette Swain","Grn","Peta Murphy","ALP",7163,83.14,"Chris Crewther","Lib46",1453,16.86,0,0
"Dunkley","Michael Rathbone","FFP","Peta Murphy","ALP",615,44.15,"Chris Crewther","Lib46",778,55.85,0,0
"Dunkley","Sally Baillieu","TAP","Peta Murphy","ALP",345,63.65,"Chris Crewther","Lib46",197,36.35,0,0
"Dunkley","Lin Tregenza","RUA","Peta Murphy","ALP",282,41.35,"Chris Crewther","Lib46",400,58.65,0,0
"Dunkley","Tyson Jack","AJP","Peta Murphy","ALP",1272,66.04,"Chris Crewther","Lib46",654,33.96,0,0
"Dunkley","Joseph Toscano","Ind","Peta Murphy","ALP",754,66.61,"Chris Crewther","Lib46",378,33.39,0,0
"Dunkley","Tim Wilms","LDP","Peta Murphy","ALP",385,37.13,"Chris Crewther","Lib46",652,62.87,0,0
"Dunkley","Jeff Reaney","ACh","Peta Murphy","ALP",211,31.17,"Chris Crewther","Lib46",466,68.83,0,0
"Flinders","Yvonne Gentle","RUA","Carolyn Gleixner","ALP",1694,50.1,"Greg Hunt","Lib46",1687,49.9,0,0
"Flinders","Shane Lewis","Ind","Carolyn Gleixner","ALP",1829,58.87,"Greg Hunt","Lib46",1278,41.13,0,0
"Flinders","Willisa Hogarth","Grn","Carolyn Gleixner","ALP",9135,84.05,"Greg Hunt","Lib46",1733,15.95,0,0
"Flinders","Ben Wild","AJP","Carolyn Gleixner","ALP",2774,63.81,"Greg Hunt","Lib46",1573,36.19,0,0
"Gellibrand","Jonathon Marsden","Grn","Tim Watts","ALP",17383,87.55,"Ben Willis","Lib46",2472,12.45,0,0
"Gellibrand","David Tran","Ind","Tim Watts","ALP",2337,50.64,"Ben Willis","Lib46",2278,49.36,0,0
"Gippsland","Ian Onley","Grn","Shashi Bhatti","ALP",5484,78.32,"Darren Chester","NPA",1518,21.68,0,0
"Gippsland","Peter Dorian","RUA","Shashi Bhatti","ALP",524,34.63,"Darren Chester","NPA",989,65.37,0,0
"Gippsland","Christine Sindt","Ind","Shashi Bhatti","ALP",608,44.09,"Darren Chester","NPA",771,55.91,0,0
"Gippsland","Brian Heath","FFP","Shashi Bhatti","ALP",930,30.31,"Darren Chester","NPA",2138,69.69,0,0
"Gippsland","Cherie Smith","Ind","Shashi Bhatti","ALP",815,51.68,"Darren Chester","NPA",762,48.32,0,0
"Gippsland","Ashleigh Belsar","ACh","Shashi Bhatti","ALP",181,24.26,"Darren Chester","NPA",565,75.74,0,0
"Gippsland","Peter Gardner","REP","Shashi Bhatti","ALP",741,53.54,"Darren Chester","NPA",643,46.46,0,0
"Gippsland","Ben Buckley","LDP","Shashi Bhatti","ALP",1033,23.24,"Darren Chester","NPA",3411,76.76,0,0
"Goldstein","Cheryl Hercus","Grn","Matthew Coote","ALP",11878,79.87,"Tim Wilson","Lib46",2993,20.13,0,0
"Goldstein","Trevor Bishop","FFP","Matthew Coote","ALP",481,31.05,"Tim Wilson","Lib46",1068,68.95,0,0
"Goldstein","Naren Chellappah","AJP","Matthew Coote","ALP",1211,54.5,"Tim Wilson","Lib46",1011,45.5,0,0
"Goldstein","Lee Kavanagh","DRF","Matthew Coote","ALP",876,50.4,"Tim Wilson","Lib46",862,49.6,0,0
"Gorton","Rod Swift","Grn","Brendan O'Connor","ALP",7025,72.5,"Daryl Lang","Lib46",2665,27.5,0,0
"Higgins","Rebecca O'Brien","AEq","Jason Ball","Grn",753,59.53,"Kelly O'Dwyer","Lib46",512,40.47,0,0
"Higgins","Jessica Tregear","DHJP","Jason Ball","Grn",545,43.12,"Kelly O'Dwyer","Lib46",719,56.88,0,0
"Higgins","Robert Kennedy","LDP","Jason Ball","Grn",298,27.26,"Kelly O'Dwyer","Lib46",795,72.74,0,0
"Higgins","Carl Katter","ALP","Jason Ball","Grn",11360,84.18,"Kelly O'Dwyer","Lib46",2135,15.82,0,0
"Higgins","Nancy Bassett","NXT","Jason Ball","Grn",1171,58.35,"Kelly O'Dwyer","Lib46",836,41.65,0,0
"Higgins","Eleonora Gullone","AJP","Jason Ball","Grn",935,69.57,"Kelly O'Dwyer","Lib46",409,30.43,0,0
"Holt","Colin Robertson","RUA","Anthony Byrne","ALP",2445,55.37,"James Mathias","Lib46",1971,44.63,0,0
"Holt","Neil Bull","FFP","Anthony Byrne","ALP",2970,52.9,"James Mathias","Lib46",2644,47.1,0,0
"Holt","Jake Tilton","Grn","Anthony Byrne","ALP",5008,79.28,"James Mathias","Lib46",1309,20.72,0,0
"Hotham","Helen Jeges","AJP","Clare O'Neil","ALP",1583,61.05,"George Hua","Lib46",1010,38.95,0,0
"Hotham","James Bennett","Grn","Clare O'Neil","ALP",6572,81.72,"George Hua","Lib46",1470,18.28,0,0
"Hotham","Tatiana Rathbone","FFP","Clare O'Neil","ALP",1084,51.47,"George Hua","Lib46",1022,48.53,0,0
"Hotham","Peter Vassiliou","RUA","Clare O'Neil","ALP",984,48.47,"George Hua","Lib46",1046,51.53,0,0
"Indi","Alan Lappin","Ind","Cathy McGowan","Ind",1004,57.14,"Sophie Mirabella","Lib46",753,42.86,0,0
"Indi","Jenny O'Connor","Grn","Cathy McGowan","Ind",2956,85.81,"Sophie Mirabella","Lib46",489,14.19,0,0
"Indi","Tim Quilty","LDP","Cathy McGowan","Ind",354,39.95,"Sophie Mirabella","Lib46",532,60.05,0,0
"Indi","Eric Kerr","ALP","Cathy McGowan","Ind",7428,84.16,"Sophie Mirabella","Lib46",1398,15.84,0,0
"Indi","Ray Dyer","Ind","Cathy McGowan","Ind",322,69.7,"Sophie Mirabella","Lib46",140,30.3,0,0
"Indi","Marty Corboy","NPA","Cathy McGowan","Ind",4227,27.23,"Sophie Mirabella","Lib46",11298,72.77,0,0
"Indi","Julian Fidge","ACP04","Cathy McGowan","Ind",1072,57.54,"Sophie Mirabella","Lib46",791,42.46,0,0
"Indi","Vincent Ferrando","RUA","Cathy McGowan","Ind",722,62.78,"Sophie Mirabella","Lib46",428,37.22,0,0
"Isaacs","Alex Breskin","Grn","Mark Dreyfus","ALP",7605,80.66,"Garry Spencer","Lib46",1824,19.34,0,0
"Isaacs","Elizabeth Johnstone","AJP","Mark Dreyfus","ALP",2789,60.83,"Garry Spencer","Lib46",1796,39.17,0,0
"Jagajaga","Jessica Ward","FFP","Jenny Macklin","ALP",899,38.4,"David Mulholland","Lib46",1442,61.6,0,0
"Jagajaga","Hugh McKinnon","Grn","Jenny Macklin","ALP",12016,87.73,"David Mulholland","Lib46",1680,12.27,0,0
"Jagajaga","Nathan Schram","AJP","Jenny Macklin","ALP",1383,61.88,"David Mulholland","Lib46",852,38.12,0,0
"Kooyong","Helen McLeod","Grn","Marg D'Arcy","ALP",13664,80.25,"Josh Frydenberg","Lib46",3363,19.75,0,0
"Kooyong","Angelina Zubac","Ind","Marg D'Arcy","ALP",1507,54.8,"Josh Frydenberg","Lib46",1243,45.2,0,0
"La Trobe","Tom Cummings","Grn","Simon Curtis","ALP",8445,86.41,"Jason Wood","Lib46",1328,13.59,0,0
"La Trobe","Leah Folloni","AJP","Simon Curtis","ALP",1560,58.27,"Jason Wood","Lib46",1117,41.73,0,0
"La Trobe","Julieanne Doidge","DHJP","Simon Curtis","ALP",2087,53.21,"Jason Wood","Lib46",1835,46.79,0,0
"La Trobe","Les Hughes","LDP","Simon Curtis","ALP",462,38.89,"Jason Wood","Lib46",726,61.11,0,0
"La Trobe","Margaret Quinn","RUA","Simon Curtis","ALP",442,37.46,"Jason Wood","Lib46",738,62.54,0,0
"La Trobe","David Fent","SFF","Simon Curtis","ALP",673,50.95,"Jason Wood","Lib46",648,49.05,0,0
"La Trobe","Martin Leahy","ASXP","Simon Curtis","ALP",1386,65.91,"Jason Wood","Lib46",717,34.09,0,0
"La Trobe","Jeffrey Bartram","FFP","Simon Curtis","ALP",841,37,"Jason Wood","Lib46",1432,63,0,0
"Lalor","Marion Vale","RUA","Joanne Ryan","ALP",2448,52.25,"Gayle Murphy","Lib46",2237,47.75,0,0
"Lalor","Susan Jakobi","AFP","Joanne Ryan","ALP",1750,54.15,"Gayle Murphy","Lib46",1482,45.85,0,0
"Lalor","Daniel Sova","Grn","Joanne Ryan","ALP",8231,78.61,"Gayle Murphy","Lib46",2240,21.39,0,0
"Mallee","Chris Lahy","CEC","Lydia Senior","ALP",663,38.66,"Andrew Broad","NPA",1052,61.34,0,0
"Mallee","Tim Middleton","RUA","Lydia Senior","ALP",1642,36.2,"Andrew Broad","NPA",2894,63.8,0,0
"Mallee","Helen Healy","Grn","Lydia Senior","ALP",4036,64.87,"Andrew Broad","NPA",2186,35.13,0,0
"Maribyrnong","Olivia Ball","Grn","Bill Shorten","ALP",7475,81.69,"Ted Hatzakortzian","Lib46",1676,18.31,0,0
"Maribyrnong","Anthony O'Neill","ACh","Bill Shorten","ALP",583,35.33,"Ted Hatzakortzian","Lib46",1067,64.67,0,0
"Maribyrnong","Catherine Cumming","Ind","Bill Shorten","ALP",1589,50.09,"Ted Hatzakortzian","Lib46",1583,49.91,0,0
"Maribyrnong","Fiona McRostie","AJP","Bill Shorten","ALP",1416,65.07,"Ted Hatzakortzian","Lib46",760,34.93,0,0
"McEwen","James Anderson","NPA","Rob Mitchell","ALP",626,23.43,"Chris Jermyn","Lib46",2046,76.57,0,0
"McEwen","Neil Barker","Grn","Rob Mitchell","ALP",7319,85.27,"Chris Jermyn","Lib46",1264,14.73,0,0
"McEwen","Ross Lee","Ind","Rob Mitchell","ALP",1635,54.26,"Chris Jermyn","Lib46",1378,45.74,0,0
"McEwen","Tracey Andrew","ACP04","Rob Mitchell","ALP",877,54.34,"Chris Jermyn","Lib46",737,45.66,0,0
"McEwen","Jeff Truscott","RUA","Rob Mitchell","ALP",802,42.96,"Chris Jermyn","Lib46",1065,57.04,0,0
"McEwen","Cathy Vaina","AJP","Rob Mitchell","ALP",1862,61.96,"Chris Jermyn","Lib46",1143,38.04,0,0
"McEwen","Dorothy Long","FFP","Rob Mitchell","ALP",1773,47.83,"Chris Jermyn","Lib46",1934,52.17,0,0
"McMillan","Donna Lancaster","Grn","Chris Buckingham","ALP",8268,84.28,"Russell Broadbent","Lib46",1542,15.72,0,0
"McMillan","Kathleen Ipsen","ACh","Chris Buckingham","ALP",535,30.38,"Russell Broadbent","Lib46",1226,69.62,0,0
"McMillan","Norman Baker","RUA","Chris Buckingham","ALP",1502,53.91,"Russell Broadbent","Lib46",1284,46.09,0,0
"McMillan","Jennifer McAdam","AJP","Chris Buckingham","ALP",2018,66.78,"Russell Broadbent","Lib46",1004,33.22,0,0
"McMillan","Jim McDonald","LDP","Chris Buckingham","ALP",658,28.75,"Russell Broadbent","Lib46",1631,71.25,0,0
"McMillan","Nathan Harding","FFP","Chris Buckingham","ALP",1866,54.59,"Russell Broadbent","Lib46",1552,45.41,0,0
"Melbourne","Lewis Freeman-Harrison","ASXP","Adam Bandt","Grn",2097,64.23,"Philip Liu","Lib46",1168,35.77,0,0
"Melbourne","Sophie Ismail","ALP","Adam Bandt","Grn",19268,83.3,"Philip Liu","Lib46",3862,16.7,0,0
"Melbourne","Miranda Smith","AJP","Adam Bandt","Grn",1209,69.4,"Philip Liu","Lib46",533,30.6,0,0
"Melbourne","Matt Riley","DRF","Adam Bandt","Grn",820,69.08,"Philip Liu","Lib46",367,30.92,0,0
"Melbourne Ports","Peter Holland","Ind","Michael Danby","ALP",666,47.81,"Owen Guest","Lib46",727,52.19,0,0
"Melbourne Ports","Henry von Doussa","AEq","Michael Danby","ALP",901,66.79,"Owen Guest","Lib46",448,33.21,0,0
"Melbourne Ports","John Myers","Ind","Michael Danby","ALP",190,44.71,"Owen Guest","Lib46",235,55.29,0,0
"Melbourne Ports","Rob Smyth","AJP","Michael Danby","ALP",1112,65.99,"Owen Guest","Lib46",573,34.01,0,0
"Melbourne Ports","Steph Hodgins-May","Grn","Michael Danby","ALP",16916,83.83,"Owen Guest","Lib46",3263,16.17,0,0
"Melbourne Ports","Levi McKenzie-Kirkbright","DRF","Michael Danby","ALP",891,66.1,"Owen Guest","Lib46",457,33.9,0,0
"Menzies","Antony Hulbert","AJP","Adam Rundell","ALP",1191,51.18,"Kevin Andrews","Lib46",1136,48.82,0,0
"Menzies","Ramon Robinson","Ind","Adam Rundell","ALP",388,53.15,"Kevin Andrews","Lib46",342,46.85,0,0
"Menzies","David Clark","FFP","Adam Rundell","ALP",752,26.46,"Kevin Andrews","Lib46",2090,73.54,0,0
"Menzies","Richard Cranston","Grn","Adam Rundell","ALP",6531,82.45,"Kevin Andrews","Lib46",1390,17.55,0,0
"Menzies","Jay Franklin","VEP","Adam Rundell","ALP",553,56.83,"Kevin Andrews","Lib46",420,43.17,0,0
"Menzies","Stephen Mayne","Ind","Adam Rundell","ALP",3532,60.24,"Kevin Andrews","Lib46",2331,39.76,0,0
"Murray","Andrew Bock","Ind","Damian Drum","NPA",996,67.89,"Duncan McGauchie","Lib46",471,32.11,0,0
"Murray","Ian Christoe","Grn","Damian Drum","NPA",2777,71.57,"Duncan McGauchie","Lib46",1103,28.43,0,0
"Murray","Nigel Hicks","Ind","Damian Drum","NPA",553,65.52,"Duncan McGauchie","Lib46",291,34.48,0,0
"Murray","Fern Summer","Ind","Damian Drum","NPA",2293,69,"Duncan McGauchie","Lib46",1030,31,0,0
"Murray","Jeff Davy","CEC","Damian Drum","NPA",159,70.04,"Duncan McGauchie","Lib46",68,29.96,0,0
"Murray","Diane Teasdale","Ind","Damian Drum","NPA",673,64.9,"Duncan McGauchie","Lib46",364,35.1,0,0
"Murray","Robert Danieli","ACP04","Damian Drum","NPA",2105,59.2,"Duncan McGauchie","Lib46",1451,40.8,0,0
"Murray","Alan Williams","ALP","Damian Drum","NPA",7049,53.45,"Duncan McGauchie","Lib46",6139,46.55,0,0
"Murray","Yasmin Gunasekera","RUA","Damian Drum","NPA",817,68.37,"Duncan McGauchie","Lib46",378,31.63,0,0
"Scullin","John Matlen","AJP","Andrew Giles","ALP",2163,63.86,"Melanie Stockman","Lib46",1224,36.14,0,0
"Scullin","Rose Ljubicic","Grn","Andrew Giles","ALP",5772,79.13,"Melanie Stockman","Lib46",1522,20.87,0,0
"Scullin","Adriana Buccianti","DRF","Andrew Giles","ALP",1893,59.25,"Melanie Stockman","Lib46",1302,40.75,0,0
"Wannon","Thomas Campbell","Grn","Michael Barling","ALP",5721,78.76,"Dan Tehan","Lib46",1543,21.24,0,0
"Wannon","Bernardine Atkinson","Ind","Michael Barling","ALP",1522,50.41,"Dan Tehan","Lib46",1497,49.59,0,0
"Wannon","Michael McCluskey","Ind","Michael Barling","ALP",1976,48.81,"Dan Tehan","Lib46",2072,51.19,0,0
"Wills","Kevin Hong","Lib46","Samantha Ratnam","Grn",7991,38.73,"Peter Khalil","ALP",12643,61.27,0,0
"Wills","Ash Blackwell","DRF","Samantha Ratnam","Grn",847,65.81,"Peter Khalil","ALP",440,34.19,0,0
"Wills","Tristram Chellew","ASXP","Samantha Ratnam","Grn",1701,65.22,"Peter Khalil","ALP",907,34.78,0,0
"Wills","Dougal Gillman","REP","Samantha Ratnam","Grn",513,65.94,"Peter Khalil","ALP",265,34.06,0,0
"Wills","Will Fulgenzi","SEP","Samantha Ratnam","Grn",190,64.41,"Peter Khalil","ALP",105,35.59,0,0
"Wills","Zane Alcorn","SAl","Samantha Ratnam","Grn",490,75.62,"Peter Khalil","ALP",158,24.38,0,0
"Wills","Camille Sydow","AJP","Samantha Ratnam","Grn",1027,65.08,"Peter Khalil","ALP",551,34.92,0,0
"Wills","Francesco Timpano","Ind","Samantha Ratnam","Grn",686,37.45,"Peter Khalil","ALP",1146,62.55,0,0
"Brand","Philip Scott","RUA","Madeleine King","ALP",2954,62.8,"Craig Buchanan","Lib46",1750,37.2,0,0
"Brand","Bob Burdett","ACh","Madeleine King","ALP",964,34.11,"Craig Buchanan","Lib46",1862,65.89,0,0
"Brand","Dawn Jecks","Grn","Madeleine King","ALP",7481,78.4,"Craig Buchanan","Lib46",2061,21.6,0,0
"Burt","Muhammad Salman","Grn","Matt Keogh","ALP",5406,79.85,"Matt O'Sullivan","Lib46",1364,20.15,0,0
"Burt","Warnar Spyker","ACh","Matt Keogh","ALP",1073,24.7,"Matt O'Sullivan","Lib46",3272,75.3,0,0
"Burt","Ian Blevin","SFF","Matt Keogh","ALP",2025,54.23,"Matt O'Sullivan","Lib46",1709,45.77,0,0
"Canning","Jason Turner","NPA","Barry Winmar","ALP",1826,50.99,"Andrew Hastie","Lib46",1755,49.01,0,0
"Canning","Aeron Blundell-Camden","Grn","Barry Winmar","ALP",5776,78.18,"Andrew Hastie","Lib46",1612,21.82,0,0
"Canning","Janine Vander Ven","ACh","Barry Winmar","ALP",987,31.74,"Andrew Hastie","Lib46",2123,68.26,0,0
"Cowan","Jamie Chester","SFF","Anne Aly","ALP",1147,50.13,"Luke Simpkins","Lib46",1141,49.87,0,0
"Cowan","Neil Hamilton","LDP","Anne Aly","ALP",353,32.21,"Luke Simpkins","Lib46",743,67.79,0,0
"Cowan","Sheridan Young","Grn","Anne Aly","ALP",4727,76.33,"Luke Simpkins","Lib46",1466,23.67,0,0
"Cowan","Rex Host","ACh","Anne Aly","ALP",592,22.09,"Luke Simpkins","Lib46",2088,77.91,0,0
"Cowan","Steve Veness","MAP","Anne Aly","ALP",516,59.45,"Luke Simpkins","Lib46",352,40.55,0,0
"Curtin","David Archibald","ALA","Melissa Callanan","ALP",544,35.23,"Julie Bishop","Lib46",1000,64.77,0,0
"Curtin","Viv Glance","Grn","Melissa Callanan","ALP",9833,80.73,"Julie Bishop","Lib46",2347,19.27,0,0
"Curtin","Sandra Boulter","Ind","Melissa Callanan","ALP",1280,53.58,"Julie Bishop","Lib46",1109,46.42,0,0
"Durack","Ian James","Grn","Carol Martin","ALP",5652,73.31,"Melissa Price","Lib46",2058,26.69,0,0
"Durack","Grahame Gould","ACh","Carol Martin","ALP",613,31.18,"Melissa Price","Lib46",1353,68.82,0,0
"Durack","Mitchell Sambell","RUA","Carol Martin","ALP",1440,49.91,"Melissa Price","Lib46",1445,50.09,0,0
"Durack","Lisa Cole","NPA","Carol Martin","ALP",2301,18.77,"Melissa Price","Lib46",9956,81.23,0,0
"Forrest","Ross Slater","Ind","Lorrae Loud","ALP",1317,45.48,"Nola Marino","Lib46",1579,54.52,0,0
"Forrest","Edward Dabrowski","ACh","Lorrae Loud","ALP",394,21.21,"Nola Marino","Lib46",1464,78.79,0,0
"Forrest","David Fishlock","ORP","Lorrae Loud","ALP",1021,42.99,"Nola Marino","Lib46",1354,57.01,0,0
"Forrest","Jennifer Whately","RUA","Lorrae Loud","ALP",754,45.59,"Nola Marino","Lib46",900,54.41,0,0
"Forrest","Luke Pilkington","NPA","Lorrae Loud","ALP",841,19.53,"Nola Marino","Lib46",3465,80.47,0,0
"Forrest","Jill Reading","Grn","Lorrae Loud","ALP",7787,76.82,"Nola Marino","Lib46",2350,23.18,0,0
"Fremantle","Mick Connolly","MAP","Josh Wilson","ALP",938,40.17,"Pierrette Kelly","Lib46",1397,59.83,0,0
"Fremantle","Chris Jenkins","SAl","Josh Wilson","ALP",929,66.17,"Pierrette Kelly","Lib46",475,33.83,0,0
"Fremantle","Kate Davis","Grn","Josh Wilson","ALP",12162,80.79,"Pierrette Kelly","Lib46",2891,19.21,0,0
"Hasluck","Patrick Hyslop","Grn","Bill Leadbetter","ALP",8003,77.83,"Ken Wyatt","Lib46",2280,22.17,0,0
"Hasluck","Phil Twiss","ACh","Bill Leadbetter","ALP",699,24.98,"Ken Wyatt","Lib46",2099,75.02,0,0
"Hasluck","Henry Barnard","RUA","Bill Leadbetter","ALP",1603,53.45,"Ken Wyatt","Lib46",1396,46.55,0,0
"Moore","Daniel Lindley","Grn","Tony Walker","ALP",8192,73.8,"Ian Goodenough","Lib46",2908,26.2,0,0
"Moore","Maryka Groenewald","ACh","Tony Walker","ALP",819,25.64,"Ian Goodenough","Lib46",2375,74.36,0,0
"O'Connor","John Hassell","NPA","Jon Ford","ALP",2881,18.08,"Rick Wilson","Lib46",13055,81.92,0,0
"O'Connor","Trevor Young","ACh","Jon Ford","ALP",749,21.42,"Rick Wilson","Lib46",2747,78.58,0,0
"O'Connor","Stephen Carson","RUA","Jon Ford","ALP",1720,53.63,"Rick Wilson","Lib46",1487,46.37,0,0
"O'Connor","Giz Watson","Grn","Jon Ford","ALP",6851,76.01,"Rick Wilson","Lib46",2162,23.99,0,0
"Pearce","Lee-Anne Miles","Grn","Thomas French","ALP",7210,75.55,"Christian Porter","Lib46",2333,24.45,0,0
"Pearce","Maddison Simmonds","NPA","Thomas French","ALP",1334,32.7,"Christian Porter","Lib46",2746,67.3,0,0
"Pearce","Taffy Samuriwo-Vuntarde","RUA","Thomas French","ALP",2007,49.57,"Christian Porter","Lib46",2042,50.43,0,0
"Perth","Tim Clifford","Grn","Tim Hammond","ALP",12106,84.82,"Jeremy Quinn","Lib46",2166,15.18,0,0
"Perth","Andrew Chambers","ODD","Tim Hammond","ALP",779,59.92,"Jeremy Quinn","Lib46",521,40.08,0,0
"Perth","Mark Walmsley","LDP","Tim Hammond","ALP",469,32.8,"Jeremy Quinn","Lib46",961,67.2,0,0
"Stirling","Kim Mubarak","Ind","Robert Pearson","ALP",968,44.57,"Michael Keenan","Lib46",1204,55.43,0,0
"Stirling","Alison Rowe","RUA","Robert Pearson","ALP",516,37.91,"Michael Keenan","Lib46",845,62.09,0,0
"Stirling","Kevin Host","ACh","Robert Pearson","ALP",517,25.61,"Michael Keenan","Lib46",1502,74.39,0,0
"Stirling","Tom Webster","Grn","Robert Pearson","ALP",7701,79.56,"Michael Keenan","Lib46",1978,20.44,0,0
"Swan","Sarah Nielsen-Harvey","Grn","Tammy Solonec","ALP",9870,80.72,"Steve Irons","Lib46",2357,19.28,0,0
"Swan","Steve Klomp","ACh","Tammy Solonec","ALP",1038,33.64,"Steve Irons","Lib46",2048,66.36,0,0
"Tangney","Dennis Jensen","Ind","Marion Boswell","ALP",3668,36.96,"Ben Morton","Lib46",6256,63.04,0,0
"Tangney","John Wieske","ACh","Marion Boswell","ALP",683,24.23,"Ben Morton","Lib46",2136,75.77,0,0
"Tangney","Thor Kerr","Grn","Marion Boswell","ALP",8506,82.16,"Ben Morton","Lib46",1847,17.84,0,0
