"Seat","From_candidate","From_party","To_candidate1","To_party1","Votes1","Vote_perc1","To_candidate2","To_party2","Votes2","Vote_perc2","Exhausted","Exhausted_perc"
"Canberra","Sue Ellerman","Grn","Giulia Jones","Lib46",4089,19.64,"Gai Brodtmann","ALP",16727,80.36,0,0
"Fraser","Quintin Hedges-Phillips","SPA10","James Milligan","Lib46",892,41.01,"Andrew Leigh","ALP",1283,58.99,0,0
"Fraser","Indra Esguerra","Grn","James Milligan","Lib46",2888,13.05,"Andrew Leigh","ALP",19238,86.95,0,0
"Banks","Paul Spight","Grn","Daryl Melham","ALP",6319,78.38,"Ron Delezio","Lib46",1743,21.62,0,0
"Banks","Michael Parsons","ON","Daryl Melham","ALP",797,49.97,"Ron Delezio","Lib46",798,50.03,0,0
"Barton","Simone Francis","Grn","Robert McClelland","ALP",6593,77.24,"John La Mela","Lib46",1943,22.76,0,0
"Bennelong","Victor Waterson","ON","Maxine McKew","ALP",521,71.86,"John Alexander","Lib46",204,28.14,0,0
"Bennelong","Julie Worsley","CDP","Maxine McKew","ALP",601,32.95,"John Alexander","Lib46",1223,67.05,0,0
"Bennelong","Sue Raye","ASXP","Maxine McKew","ALP",706,63.89,"John Alexander","Lib46",399,36.11,0,0
"Bennelong","Mary Mockler","CA10","Maxine McKew","ALP",282,59,"John Alexander","Lib46",196,41,0,0
"Bennelong","Stephen Chavura","FFP","Maxine McKew","ALP",304,53.33,"John Alexander","Lib46",266,46.67,0,0
"Bennelong","Bill Pounder","TCS","Maxine McKew","ALP",128,46.55,"John Alexander","Lib46",147,53.45,0,0
"Bennelong","Lindsay Peters","Grn","Maxine McKew","ALP",5645,82.92,"John Alexander","Lib46",1163,17.08,0,0
"Bennelong","Martin Levine","BAP","Maxine McKew","ALP",88,51.76,"John Alexander","Lib46",82,48.24,0,0
"Bennelong","Terje Petersen","LDP","Maxine McKew","ALP",88,25.58,"John Alexander","Lib46",256,74.42,0,0
"Berowra","Steve Evans","CDP","Philip Ruddock","Lib46",1872,79.66,"Michael Stove","ALP",478,20.34,0,0
"Berowra","Toni Wright-Turner","Grn","Philip Ruddock","Lib46",1821,18.65,"Michael Stove","ALP",7941,81.35,0,0
"Berowra","Christian Ellis","FFP","Philip Ruddock","Lib46",501,59.64,"Michael Stove","ALP",339,40.36,0,0
"Berowra","Mick Gallagher","Ind","Philip Ruddock","Lib46",1142,46.52,"Michael Stove","ALP",1313,53.48,0,0
"Blaxland","Richard Phillips","SEP","Jason Clare","ALP",1737,84.4,"Mark Majewski","Lib46",321,15.6,0,0
"Blaxland","Malikeh Michels","Grn","Jason Clare","ALP",3598,77.79,"Mark Majewski","Lib46",1027,22.21,0,0
"Blaxland","David Ball","Ind","Jason Clare","ALP",714,61.93,"Mark Majewski","Lib46",439,38.07,0,0
"Blaxland","Abdul Charaf","Ind","Jason Clare","ALP",1573,73.82,"Mark Majewski","Lib46",558,26.18,0,0
"Blaxland","Ronald Poulsen","Ind","Jason Clare","ALP",154,53.47,"Mark Majewski","Lib46",134,46.53,0,0
"Blaxland","Bob Vinnicombe","ON","Jason Clare","ALP",531,39.3,"Mark Majewski","Lib46",820,60.7,0,0
"Bradfield","Susie Gemmell","Grn","Sarah Gallard","ALP",10977,77.13,"Paul Fletcher","Lib46",3254,22.87,0,0
"Calare","Jessyka Norsworthy","CDP","John Cobb","NPA",1097,56.06,"Kevin Duffy","ALP",860,43.94,0,0
"Calare","Paul Blanch","Ind","John Cobb","NPA",2218,53.61,"Kevin Duffy","ALP",1919,46.39,0,0
"Calare","Karen Romano","Ind","John Cobb","NPA",1706,52.08,"Kevin Duffy","ALP",1570,47.92,0,0
"Calare","Jeremy Buckingham","Grn","John Cobb","NPA",1448,27.05,"Kevin Duffy","ALP",3906,72.95,0,0
"Calare","Macgregor Ross","Ind","John Cobb","NPA",965,53.11,"Kevin Duffy","ALP",852,46.89,0,0
"Charlton","Ann Lawler","CEC","Greg Combet","ALP",431,48.92,"John McDonald","Lib46",450,51.08,0,0
"Charlton","Ian McKenzie","Grn","Greg Combet","ALP",5519,75.2,"John McDonald","Lib46",1820,24.8,0,0
"Charlton","Patrick Barry","Ind","Greg Combet","ALP",1343,47.19,"John McDonald","Lib46",1503,52.81,0,0
"Charlton","Mitchell Pickstone","CDP","Greg Combet","ALP",612,26.14,"John McDonald","Lib46",1729,73.86,0,0
"Chifley","Debbie Robertson","Grn","Ed Husic","ALP",5385,79.47,"Venus Priest","Lib46",1391,20.53,0,0
"Chifley","Terry Cooksley","AFP","Ed Husic","ALP",588,62.35,"Venus Priest","Lib46",355,37.65,0,0
"Chifley","Keith Darley","AD","Ed Husic","ALP",675,57.5,"Venus Priest","Lib46",499,42.5,0,0
"Chifley","Dave Vincent","CDP","Ed Husic","ALP",1253,30.8,"Venus Priest","Lib46",2815,69.2,0,0
"Chifley","Louise Kedwell","ON","Ed Husic","ALP",746,47.07,"Venus Priest","Lib46",839,52.93,0,0
"Cook","Graeme Strang","Ind","Peter Scaysbrook","ALP",984,62.76,"Scott Morrison","Lib46",584,37.24,0,0
"Cook","Merelyn Foy","FFP","Peter Scaysbrook","ALP",354,49.24,"Scott Morrison","Lib46",365,50.76,0,0
"Cook","Naomi Waizer","Grn","Peter Scaysbrook","ALP",5513,79.62,"Scott Morrison","Lib46",1411,20.38,0,0
"Cook","Beth Smith","CDP","Peter Scaysbrook","ALP",398,23.11,"Scott Morrison","Lib46",1324,76.89,0,0
"Cook","Richard Putral","ON","Peter Scaysbrook","ALP",395,39.62,"Scott Morrison","Lib46",602,60.38,0,0
"Cowper","Dominic King","Grn","Luke Hartsuyker","NPA",1534,19.81,"Paul Sefky","ALP",6211,80.19,0,0
"Cowper","John Arkan","Ind","Luke Hartsuyker","NPA",4012,47.5,"Paul Sefky","ALP",4434,52.5,0,0
"Cowper","Deborah Lions","CDP","Luke Hartsuyker","NPA",1689,82.83,"Paul Sefky","ALP",350,17.17,0,0
"Cunningham","John Flanagan","NCP01","Sharon Bird","ALP",585,47.18,"Philip Clifford","Lib46",655,52.82,0,0
"Cunningham","George Takacs","Grn","Sharon Bird","ALP",10906,81.02,"Philip Clifford","Lib46",2555,18.98,0,0
"Cunningham","Jess Moore","SAl","Sharon Bird","ALP",974,74.75,"Philip Clifford","Lib46",329,25.25,0,0
"Dobell","Rhonda Avasalu","CDP","Craig Thomson","ALP",487,24.29,"John McNamara","Lib46",1518,75.71,0,0
"Dobell","Gavin Brett","FFP","Craig Thomson","ALP",1074,52.83,"John McNamara","Lib46",959,47.17,0,0
"Dobell","Scott Rickard","Grn","Craig Thomson","ALP",5722,80.35,"John McNamara","Lib46",1399,19.65,0,0
"Eden-Monaro","Olga Quilty","LDP","Mike Kelly","ALP",457,39.67,"David Gazard","Lib46",695,60.33,0,0
"Eden-Monaro","Frank Fragiacomo","Ind","Mike Kelly","ALP",309,55.28,"David Gazard","Lib46",250,44.72,0,0
"Eden-Monaro","Ray Buckley","Ind","Mike Kelly","ALP",582,57.11,"David Gazard","Lib46",437,42.89,0,0
"Eden-Monaro","Tom Gradwell","FFP","Mike Kelly","ALP",337,44.28,"David Gazard","Lib46",424,55.72,0,0
"Eden-Monaro","Ursula Bennett","CDP","Mike Kelly","ALP",194,30.46,"David Gazard","Lib46",443,69.54,0,0
"Eden-Monaro","Catherine Moore","Grn","Mike Kelly","ALP",7196,86.74,"David Gazard","Lib46",1100,13.26,0,0
"Farrer","Mathew Crothers","SPA10","Christian Emmery","ALP",315,28.66,"Sussan Ley","Lib46",784,71.34,0,0
"Farrer","Peter Carruthers","Grn","Christian Emmery","ALP",3452,70.74,"Sussan Ley","Lib46",1428,29.26,0,0
"Farrer","Jason Clancy","Ind","Christian Emmery","ALP",353,48.76,"Sussan Ley","Lib46",371,51.24,0,0
"Farrer","Louise Burge","Ind","Christian Emmery","ALP",3406,36.43,"Sussan Ley","Lib46",5944,63.57,0,0
"Farrer","Stephen Bingle","AD","Christian Emmery","ALP",332,55.06,"Sussan Ley","Lib46",271,44.94,0,0
"Farrer","James Male","CDP","Christian Emmery","ALP",595,22.33,"Sussan Ley","Lib46",2069,77.67,0,0
"Fowler","Mike Head","SEP","Chris Hayes","ALP",964,35.7,"Thomas Dang","Lib46",1736,64.3,0,0
"Fowler","Signe Westerberg","Grn","Chris Hayes","ALP",3578,69.56,"Thomas Dang","Lib46",1566,30.44,0,0
"Gilmore","Bohdan Brumerskyj","CDP","Neil Reilly","ALP",671,29.05,"Joanna Gash","Lib46",1639,70.95,0,0
"Gilmore","Ben van der Wijngaart","Grn","Neil Reilly","ALP",6823,82.41,"Joanna Gash","Lib46",1456,17.59,0,0
"Gilmore","Elizabeth Cunningham","FFP","Neil Reilly","ALP",424,54.29,"Joanna Gash","Lib46",357,45.71,0,0
"Gilmore","Annette Williams","SPA10","Neil Reilly","ALP",186,67.64,"Joanna Gash","Lib46",89,32.36,0,0
"Gilmore","Don Keys","LDP","Neil Reilly","ALP",115,30.75,"Joanna Gash","Lib46",259,69.25,0,0
"Grayndler","James Cogan","SEP","Anthony Albanese","ALP",699,67.15,"Sam Byrne","Grn",342,32.85,0,0
"Grayndler","Pip Hinman","SAl","Anthony Albanese","ALP",293,28.67,"Sam Byrne","Grn",729,71.33,0,0
"Grayndler","Alexander Dore","Lib46","Anthony Albanese","ALP",5338,26.45,"Sam Byrne","Grn",14840,73.55,0,0
"Grayndler","Perry Garofani","AD","Anthony Albanese","ALP",439,40.88,"Sam Byrne","Grn",635,59.12,0,0
"Greenway","Michael Santos","Ind","Michelle Rowland","ALP",350,45.45,"Jaymes Diaz","Lib46",420,54.55,0,0
"Greenway","Tony Pettitt","AFP","Michelle Rowland","ALP",314,40.26,"Jaymes Diaz","Lib46",466,59.74,0,0
"Greenway","Allan Green","CDP","Michelle Rowland","ALP",766,26.21,"Jaymes Diaz","Lib46",2156,73.79,0,0
"Greenway","John Baiada","BAP","Michelle Rowland","ALP",359,44.05,"Jaymes Diaz","Lib46",456,55.95,0,0
"Greenway","Ronaldo Villaver","AD","Michelle Rowland","ALP",275,51.98,"Jaymes Diaz","Lib46",254,48.02,0,0
"Greenway","Joaquim de Lima","LDP","Michelle Rowland","ALP",153,28.23,"Jaymes Diaz","Lib46",389,71.77,0,0
"Greenway","Amarjit Tanda","Ind","Michelle Rowland","ALP",271,51.13,"Jaymes Diaz","Lib46",259,48.87,0,0
"Greenway","Paul Taylor","Grn","Michelle Rowland","ALP",3727,78.15,"Jaymes Diaz","Lib46",1042,21.85,0,0
"Greenway","Iris Muller","FFP","Michelle Rowland","ALP",573,44.21,"Jaymes Diaz","Lib46",723,55.79,0,0
"Hughes","Peter Bussa","ON","Brent Thomas","ALP",497,31.08,"Craig Kelly","Lib46",1102,68.92,0,0
"Hughes","Susan Roberts","Grn","Brent Thomas","ALP",4174,76.87,"Craig Kelly","Lib46",1256,23.13,0,0
"Hughes","Stan Hurley","FFP","Brent Thomas","ALP",511,43.2,"Craig Kelly","Lib46",672,56.8,0,0
"Hughes","Scott Nailon","CDP","Brent Thomas","ALP",555,26.28,"Craig Kelly","Lib46",1557,73.72,0,0
"Hughes","Don Nguyen","LDP","Brent Thomas","ALP",340,35.86,"Craig Kelly","Lib46",608,64.14,0,0
"Hume","Charles Liptak","FFP","Robin Saville","ALP",1330,64.1,"Alby Schultz","Lib46",745,35.9,0,0
"Hume","Greg Butler","AD","Robin Saville","ALP",753,58.83,"Alby Schultz","Lib46",527,41.17,0,0
"Hume","Lisa Milat","LDP","Robin Saville","ALP",377,31.5,"Alby Schultz","Lib46",820,68.5,0,0
"Hume","Kevin Watchirs","Grn","Robin Saville","ALP",5469,81.18,"Alby Schultz","Lib46",1268,18.82,0,0
"Hume","Karen Buttigieg","CDP","Robin Saville","ALP",364,23.54,"Alby Schultz","Lib46",1182,76.46,0,0
"Hunter","Chris Parker","Grn","Michael Johnsen","NPA",2325,32.06,"Joel Fitzgibbon","ALP",4926,67.94,0,0
"Hunter","Jennifer Leayr","ON","Michael Johnsen","NPA",1529,56.19,"Joel Fitzgibbon","ALP",1192,43.81,0,0
"Hunter","Wayne Riley","CDP","Michael Johnsen","NPA",1412,72.86,"Joel Fitzgibbon","ALP",526,27.14,0,0
"Kingsford Smith","Zac Hambides","SEP","Peter Garrett","ALP",373,64.76,"Michael Feneley","Lib46",203,35.24,0,0
"Kingsford Smith","Josh Carmont","AD","Peter Garrett","ALP",527,50.33,"Michael Feneley","Lib46",520,49.67,0,0
"Kingsford Smith","Lindsay Shurey","Grn","Peter Garrett","ALP",8065,81.59,"Michael Feneley","Lib46",1820,18.41,0,0
"Kingsford Smith","John Cunningham","ON","Peter Garrett","ALP",327,44.92,"Michael Feneley","Lib46",401,55.08,0,0
"Lindsay","Geoff Brown","Ind","David Bradbury","ALP",808,51.04,"Fiona Scott","Lib46",775,48.96,0,0
"Lindsay","Andrew Green","CDP","David Bradbury","ALP",726,29.02,"Fiona Scott","Lib46",1776,70.98,0,0
"Lindsay","Mick Saunders","AFP","David Bradbury","ALP",436,44.67,"Fiona Scott","Lib46",540,55.33,0,0
"Lindsay","John Phillips","FFP","David Bradbury","ALP",549,53.2,"Fiona Scott","Lib46",483,46.8,0,0
"Lindsay","Suzie Wright","Grn","David Bradbury","ALP",2951,74.82,"Fiona Scott","Lib46",993,25.18,0,0
"Lyne","Frederik Lips","ALP","David Gillespie","NPA",1581,13.8,"Rob Oakeshott","Ind",9878,86.2,0,0
"Lyne","Barry Wright","Ind","David Gillespie","NPA",230,39.25,"Rob Oakeshott","Ind",356,60.75,0,0
"Lyne","Ian Oxenford","Grn","David Gillespie","NPA",643,17.64,"Rob Oakeshott","Ind",3002,82.36,0,0
"Macarthur","Kate McCulloch","ON","Nick Bleasdale","ALP",1404,60.05,"Russell Matheson","Lib46",934,39.95,0,0
"Macarthur","Domenico Cammaveri","BAP","Nick Bleasdale","ALP",242,47.27,"Russell Matheson","Lib46",270,52.73,0,0
"Macarthur","Nolene Norsworthy","CDP","Nick Bleasdale","ALP",387,28.1,"Russell Matheson","Lib46",990,71.9,0,0
"Macarthur","Jessica Di Blasio","Grn","Nick Bleasdale","ALP",3355,77.18,"Russell Matheson","Lib46",992,22.82,0,0
"Macarthur","Clinton Mead","AD","Nick Bleasdale","ALP",344,52.76,"Russell Matheson","Lib46",308,47.24,0,0
"Macarthur","Grant Herbert","FFP","Nick Bleasdale","ALP",858,48.83,"Russell Matheson","Lib46",899,51.17,0,0
"Mackellar","Jonathan King","Grn","Linda Beattie","ALP",11474,78.54,"Bronwyn Bishop","Lib46",3135,21.46,0,0
"Macquarie","Peter Whelan","LDP","Louise Markus","Lib46",1262,60.47,"Susan Templeman","ALP",825,39.53,0,0
"Macquarie","Amy Bell","Ind","Louise Markus","Lib46",675,37.96,"Susan Templeman","ALP",1103,62.04,0,0
"Macquarie","Carmel McCallum","Grn","Louise Markus","Lib46",1457,11.83,"Susan Templeman","ALP",10860,88.17,0,0
"Macquarie","Terry Tremethick","CA10","Louise Markus","Lib46",234,39.59,"Susan Templeman","ALP",357,60.41,0,0
"Macquarie","John Bates","AFP","Louise Markus","Lib46",356,52.66,"Susan Templeman","ALP",320,47.34,0,0
"Macquarie","Luke Portelli","CDP","Louise Markus","Lib46",1429,75.89,"Susan Templeman","ALP",454,24.11,0,0
"Macquarie","Jason Cornelius","FFP","Louise Markus","Lib46",521,56.51,"Susan Templeman","ALP",401,43.49,0,0
"McMahon","Astrid O'Neill","Grn","Chris Bowen","ALP",3934,61.2,"Jamal Elishe","Lib46",2494,38.8,0,0
"McMahon","Manny Poularas","CDP","Chris Bowen","ALP",1303,36.71,"Jamal Elishe","Lib46",2246,63.29,0,0
"Mitchell","Brendon Prentice","CDP","Nigel Gould","ALP",886,31.03,"Alex Hawke","Lib46",1969,68.97,0,0
"Mitchell","Colin Dawson","Grn","Nigel Gould","ALP",4568,71.79,"Alex Hawke","Lib46",1795,28.21,0,0
"New England","Greg Smith","ALP","Tony Windsor","Ind",5618,75.78,"Tim Coates","NPA",1796,24.22,0,0
"New England","Pat Schultz","Grn","Tony Windsor","Ind",2586,79.52,"Tim Coates","NPA",666,20.48,0,0
"New England","Brian Dettmann","ON","Tony Windsor","Ind",421,53.02,"Tim Coates","NPA",373,46.98,0,0
"New England","Richard Witten","CEC","Tony Windsor","Ind",163,53.27,"Tim Coates","NPA",143,46.73,0,0
"Newcastle","Michael Osborne","Grn","Sharon Grierson","ALP",9796,77.27,"Brad Luke","Lib46",2881,22.73,0,0
"Newcastle","Dean Winter","AD","Sharon Grierson","ALP",719,50.67,"Brad Luke","Lib46",700,49.33,0,0
"Newcastle","Noel Holt","SEP","Sharon Grierson","ALP",372,59.33,"Brad Luke","Lib46",255,40.67,0,0
"Newcastle","Milton Caine","CDP","Sharon Grierson","ALP",454,30.7,"Brad Luke","Lib46",1025,69.3,0,0
"Newcastle","Zane Alcorn","SAl","Sharon Grierson","ALP",626,75.51,"Brad Luke","Lib46",203,24.49,0,0
"North Sydney","Daniel Pearce","AD","Joe Hockey","Lib46",512,40.16,"Leta Webb","ALP",763,59.84,0,0
"North Sydney","Andrew Robjohns","Grn","Joe Hockey","Lib46",2635,19.79,"Leta Webb","ALP",10679,80.21,0,0
"North Sydney","Daniel Le","FFP","Joe Hockey","Lib46",575,58.67,"Leta Webb","ALP",405,41.33,0,0
"Page","Jeff Johnson","Grn","Kevin Hogan","NPA",1185,16.18,"Janelle Saffin","ALP",6140,83.82,0,0
"Page","Merle Summerville","Ind","Kevin Hogan","NPA",569,63.5,"Janelle Saffin","ALP",327,36.5,0,0
"Page","Julia Melland","AD","Kevin Hogan","NPA",328,54.85,"Janelle Saffin","ALP",270,45.15,0,0
"Page","Doug Behn","Ind","Kevin Hogan","NPA",766,60.84,"Janelle Saffin","ALP",493,39.16,0,0
"Parkes","Matt Parmeter","Grn","Mark Coulton","NPA",1390,27.65,"Andrew Brooks","ALP",3638,72.35,0,0
"Parkes","John Clements","Ind","Mark Coulton","NPA",5267,57.59,"Andrew Brooks","ALP",3879,42.41,0,0
"Parkes","Mick Colless","Ind","Mark Coulton","NPA",1978,59.47,"Andrew Brooks","ALP",1348,40.53,0,0
"Parramatta","Chris Gordon","SEP","Julie Owens","ALP",992,82.46,"Charles Camenzuli","Lib46",211,17.54,0,0
"Parramatta","Kalpesh Patel","Ind","Julie Owens","ALP",861,59.96,"Charles Camenzuli","Lib46",575,40.04,0,0
"Parramatta","Phil Bradley","Grn","Julie Owens","ALP",4974,79.75,"Charles Camenzuli","Lib46",1263,20.25,0,0
"Parramatta","Alex Sharah","CDP","Julie Owens","ALP",713,29.66,"Charles Camenzuli","Lib46",1691,70.34,0,0
"Parramatta","Duncan Roden","SAl","Julie Owens","ALP",225,68.18,"Charles Camenzuli","Lib46",105,31.82,0,0
"Paterson","Kevin Leayr","ON","Jim Arneman","ALP",377,36.11,"Bob Baldwin","Lib46",667,63.89,0,0
"Paterson","Anna Balfour","CDP","Jim Arneman","ALP",175,20.11,"Bob Baldwin","Lib46",695,79.89,0,0
"Paterson","Veronica Lambert","FFP","Jim Arneman","ALP",313,46.44,"Bob Baldwin","Lib46",361,53.56,0,0
"Paterson","Jan Davis","Grn","Jim Arneman","ALP",3892,78.85,"Bob Baldwin","Lib46",1044,21.15,0,0
"Paterson","Paul Hennelly","Ind","Jim Arneman","ALP",147,38.79,"Bob Baldwin","Lib46",232,61.21,0,0
"Paterson","Josef Wiedenhorn","Ind","Jim Arneman","ALP",378,54.08,"Bob Baldwin","Lib46",321,45.92,0,0
"Reid","Bill Shailer","CDP","John Murphy","ALP",1318,53.91,"Peter Cooper","Lib46",1127,46.09,0,0
"Reid","Adam Butler","Grn","John Murphy","ALP",7070,79.41,"Peter Cooper","Lib46",1833,20.59,0,0
"Reid","Carolyn Kennett","SEP","John Murphy","ALP",510,56.6,"Peter Cooper","Lib46",391,43.4,0,0
"Richmond","Joan van Lieshout","Lib46","Alan Hunter","NPA",13680,88.69,"Justine Elliot","ALP",1744,11.31,0,0
"Richmond","Matthew Hartley","Ind","Alan Hunter","NPA",358,44.47,"Justine Elliot","ALP",447,55.53,0,0
"Richmond","David Robinson","AD","Alan Hunter","NPA",247,49.2,"Justine Elliot","ALP",255,50.8,0,0
"Richmond","Nic Faulkner","Ind","Alan Hunter","NPA",255,47.57,"Justine Elliot","ALP",281,52.43,0,0
"Richmond","Julie Boyd","Ind","Alan Hunter","NPA",466,49.57,"Justine Elliot","ALP",474,50.43,0,0
"Richmond","Joe Ebono","Grn","Alan Hunter","NPA",2235,17.12,"Justine Elliot","ALP",10821,82.88,0,0
"Richmond","Stephen Hegedus","Ind","Alan Hunter","NPA",377,50.47,"Justine Elliot","ALP",370,49.53,0,0
"Riverina","Tim Quilty","LDP","Michael McCormack","NPA",1391,81.68,"Robyn Hakelis","ALP",312,18.32,0,0
"Riverina","Rhonda Lever","FFP","Michael McCormack","NPA",610,56.43,"Robyn Hakelis","ALP",471,43.57,0,0
"Riverina","Matthew Hogg","Ind","Michael McCormack","NPA",2624,50.97,"Robyn Hakelis","ALP",2524,49.03,0,0
"Riverina","Craig Hesketh","ON","Michael McCormack","NPA",887,62.86,"Robyn Hakelis","ALP",524,37.14,0,0
"Riverina","Andrew Negline","Lib46","Michael McCormack","NPA",12971,89.23,"Robyn Hakelis","ALP",1565,10.77,0,0
"Riverina","Sylvia Mulholland","CDP","Michael McCormack","NPA",926,77.1,"Robyn Hakelis","ALP",275,22.9,0,0
"Riverina","David Fletcher","Grn","Michael McCormack","NPA",1182,29.84,"Robyn Hakelis","ALP",2779,70.16,0,0
"Robertson","Melissa Batten","Ind","Deborah O'Neill","ALP",1066,70.46,"Darren Jameson","Lib46",447,29.54,0,0
"Robertson","Graham Freemantle","CDP","Deborah O'Neill","ALP",355,22.99,"Darren Jameson","Lib46",1189,77.01,0,0
"Robertson","Peter Freewater","Grn","Deborah O'Neill","ALP",6356,82.86,"Darren Jameson","Lib46",1315,17.14,0,0
"Robertson","Jake Cassar","Ind","Deborah O'Neill","ALP",689,63.97,"Darren Jameson","Lib46",388,36.03,0,0
"Robertson","Don Parkes","ON","Deborah O'Neill","ALP",285,50.18,"Darren Jameson","Lib46",283,49.82,0,0
"Robertson","Michelle Meares","Ind","Deborah O'Neill","ALP",345,62.5,"Darren Jameson","Lib46",207,37.5,0,0
"Robertson","Michael Jakob","FFP","Deborah O'Neill","ALP",371,49.53,"Darren Jameson","Lib46",378,50.47,0,0
"Robertson","Nicole Beiger","LDP","Deborah O'Neill","ALP",118,20.31,"Darren Jameson","Lib46",463,79.69,0,0
"Shortland","Phillipa Parsons","Grn","Jill Hall","ALP",6445,74.54,"Deborah Narayanan","Lib46",2201,25.46,0,0
"Shortland","Peter Williams","SPA10","Jill Hall","ALP",323,54.19,"Deborah Narayanan","Lib46",273,45.81,0,0
"Shortland","Milton Alchin","ON","Jill Hall","ALP",857,49.65,"Deborah Narayanan","Lib46",869,50.35,0,0
"Sydney","Brett Paterson","AD","Tanya Plibersek","ALP",883,70.3,"Gordon Weiss","Lib46",373,29.7,0,0
"Sydney","Christopher Owen","SPA10","Tanya Plibersek","ALP",512,71.31,"Gordon Weiss","Lib46",206,28.69,0,0
"Sydney","Tony Hickey","Grn","Tanya Plibersek","ALP",16383,86.9,"Gordon Weiss","Lib46",2469,13.1,0,0
"Sydney","Jane Ward","Ind","Tanya Plibersek","ALP",633,51.63,"Gordon Weiss","Lib46",593,48.37,0,0
"Sydney","Denis Doherty","CAl","Tanya Plibersek","ALP",462,70.43,"Gordon Weiss","Lib46",194,29.57,0,0
"Throsby","Peter Moran","Grn","Stephen Jones","ALP",7797,78.18,"Juliet Arkwright","Lib46",2176,21.82,0,0
"Throsby","Alan Hay","NPA","Stephen Jones","ALP",907,20.4,"Juliet Arkwright","Lib46",3539,79.6,0,0
"Throsby","Wayne Hartman","NCP01","Stephen Jones","ALP",978,61.32,"Juliet Arkwright","Lib46",617,38.68,0,0
"Warringah","Alexander Gutman","ASXP","Hugh Zochling","ALP",1406,67.76,"Tony Abbott","Lib46",669,32.24,0,0
"Warringah","Matthew Drake-Brockman","Grn","Hugh Zochling","ALP",11218,80.8,"Tony Abbott","Lib46",2665,19.2,0,0
"Warringah","Kenneth Cooke","SPA10","Hugh Zochling","ALP",351,62.01,"Tony Abbott","Lib46",215,37.99,0,0
"Watson","Mark Sharma","Ind","Tony Burke","ALP",1089,50.98,"Ken Nam","Lib46",1047,49.02,0,0
"Watson","Christine Donayre","Grn","Tony Burke","ALP",5597,75.77,"Ken Nam","Lib46",1790,24.23,0,0
"Wentworth","Matthew Robertson","Grn","Steven Lewis","ALP",11504,76.11,"Malcolm Turnbull","Lib46",3610,23.89,0,0
"Wentworth","Pat Sheil","Ind","Steven Lewis","ALP",218,42.33,"Malcolm Turnbull","Lib46",297,57.67,0,0
"Wentworth","Malcolm Duncan","Ind","Steven Lewis","ALP",173,35.74,"Malcolm Turnbull","Lib46",311,64.26,0,0
"Wentworth","Stuart Neal","CA10","Steven Lewis","ALP",160,41.13,"Malcolm Turnbull","Lib46",229,58.87,0,0
"Wentworth","John August","SPA10","Steven Lewis","ALP",137,49.82,"Malcolm Turnbull","Lib46",138,50.18,0,0
"Werriwa","Lauren Moore","Grn","Laurie Ferguson","ALP",6158,64.37,"Essam Eskaros","Lib46",3409,35.63,0,0
"Lingiari","Peter Flynn","CEC","Leo Abbott","CLP",1316,79.13,"Warren Snowdon","ALP",347,20.87,0,0
"Lingiari","Barbara Shaw","Grn","Leo Abbott","CLP",1838,34.02,"Warren Snowdon","ALP",3565,65.98,0,0
"Lingiari","Kenny Lechleitner","Ind","Leo Abbott","CLP",1056,55.29,"Warren Snowdon","ALP",854,44.71,0,0
"Lingiari","Deirdre Finter","Ind","Leo Abbott","CLP",958,47.01,"Warren Snowdon","ALP",1080,52.99,0,0
"Solomon","John Kearney","ON","Natasha Griggs","CLP",735,48.84,"Damian Hale","ALP",770,51.16,0,0
"Solomon","Emma Young","Grn","Natasha Griggs","CLP",1634,24.13,"Damian Hale","ALP",5138,75.87,0,0
"Solomon","Trudy Campbell","CEC","Natasha Griggs","CLP",375,56.14,"Damian Hale","ALP",293,43.86,0,0
"Blair","Joshua Olyslagers","FFP","Neil Zabel","LNP",2217,61.5,"Shayne Neumann","ALP",1388,38.5,0,0
"Blair","Brad King","Ind","Neil Zabel","LNP",1638,50.14,"Shayne Neumann","ALP",1629,49.86,0,0
"Blair","Patricia Petersen","Grn","Neil Zabel","LNP",2215,27.27,"Shayne Neumann","ALP",5907,72.73,0,0
"Bonner","Utz Wellner","DLP","Ross Vasta","LNP",482,51.77,"Kerry Rea","ALP",449,48.23,0,0
"Bonner","Darryl Rosin","Grn","Ross Vasta","LNP",2158,23.49,"Kerry Rea","ALP",7030,76.51,0,0
"Bonner","Greg Sowden","Ind","Ross Vasta","LNP",1098,55.34,"Kerry Rea","ALP",886,44.66,0,0
"Bonner","Carolyn Ferrando","FFP","Ross Vasta","LNP",1557,67.17,"Kerry Rea","ALP",761,32.83,0,0
"Bowman","David Keogh","Grn","Andrew Laming","LNP",2050,25.08,"Jenny Peters","ALP",6124,74.92,0,0
"Bowman","Dave Chidgey","ON","Andrew Laming","LNP",461,53.29,"Jenny Peters","ALP",404,46.71,0,0
"Bowman","Karina Windolf","FFP","Andrew Laming","LNP",1140,62.16,"Jenny Peters","ALP",694,37.84,0,0
"Bowman","John Kent","DLP","Andrew Laming","LNP",254,33.07,"Jenny Peters","ALP",514,66.93,0,0
"Brisbane","Andrew Bartlett","Grn","Teresa Gambaro","LNP",3213,18.63,"Arch Bevis","ALP",14031,81.37,0,0
"Brisbane","Ewan Saunders","SAl","Teresa Gambaro","LNP",187,26.08,"Arch Bevis","ALP",530,73.92,0,0
"Brisbane","Mark White","FFP","Teresa Gambaro","LNP",849,66.64,"Arch Bevis","ALP",425,33.36,0,0
"Capricornia","Paul Bambrick","Grn","Michelle Landry","LNP",1065,24.01,"Kirsten Livermore","ALP",3370,75.99,0,0
"Capricornia","Steve Jeffery","SPA10","Michelle Landry","LNP",170,41.06,"Kirsten Livermore","ALP",244,58.94,0,0
"Capricornia","Bevan Mowen","Ind","Michelle Landry","LNP",706,50.36,"Kirsten Livermore","ALP",696,49.64,0,0
"Capricornia","Sandra Corneloup","FFP","Michelle Landry","LNP",1698,60.6,"Kirsten Livermore","ALP",1104,39.4,0,0
"Capricornia","Shane Guley","Ind","Michelle Landry","LNP",1102,53.89,"Kirsten Livermore","ALP",943,46.11,0,0
"Dawson","Bill Ingrey","CEC","George Christensen","LNP",889,69.08,"Mike Brunker","ALP",398,30.92,0,0
"Dawson","Damian Herrington","FFP","George Christensen","LNP",2569,62.66,"Mike Brunker","ALP",1531,37.34,0,0
"Dawson","Jonathon Dykyj","Grn","George Christensen","LNP",2096,32.72,"Mike Brunker","ALP",4310,67.28,0,0
"Dickson","Alan Revie","FFP","Peter Dutton","LNP",1627,69.53,"Fiona McNamara","ALP",713,30.47,0,0
"Dickson","David Colbert","Grn","Peter Dutton","LNP",1936,21.78,"Fiona McNamara","ALP",6952,78.22,0,0
"Dickson","Bob Hunter","LDP","Peter Dutton","LNP",352,67.56,"Fiona McNamara","ALP",169,32.44,0,0
"Dickson","Rebecca Jenkinson","Ind","Peter Dutton","LNP",1107,43.28,"Fiona McNamara","ALP",1451,56.72,0,0
"Fadden","Ian Rossiter","ON","Stuart Robert","LNP",633,53.6,"Rana Watson","ALP",548,46.4,0,0
"Fadden","Graeme Maizey","Grn","Stuart Robert","LNP",2047,29.83,"Rana Watson","ALP",4816,70.17,0,0
"Fadden","Barrie Nicholson","FFP","Stuart Robert","LNP",1631,64.9,"Rana Watson","ALP",882,35.1,0,0
"Fairfax","Narelle McCarthy","Grn","Alex Somlyay","LNP",3100,21.79,"Dan McIntyre","ALP",11128,78.21,0,0
"Fairfax","Ron Hunt","FFP","Alex Somlyay","LNP",2830,68.24,"Dan McIntyre","ALP",1317,31.76,0,0
"Fisher","Robyn Robertson","FFP","Peter Slipper","LNP",3176,58.59,"Chris Cummins","ALP",2245,41.41,0,0
"Fisher","Garry Claridge","Grn","Peter Slipper","LNP",2457,21.06,"Chris Cummins","ALP",9207,78.94,0,0
"Flynn","Di Hancock-Mills","FFP","Ken O'Dowd","LNP",2408,67.15,"Chris Trevor","ALP",1178,32.85,0,0
"Flynn","John McMahon","DLP","Ken O'Dowd","LNP",281,43.91,"Chris Trevor","ALP",359,56.09,0,0
"Flynn","Duncan Scott","Ind","Ken O'Dowd","LNP",1674,55.34,"Chris Trevor","ALP",1351,44.66,0,0
"Flynn","Anne Goddard","Grn","Ken O'Dowd","LNP",859,27.16,"Chris Trevor","ALP",2304,72.84,0,0
"Forde","Petrina Maizey","Grn","Bert van Manen","LNP",2608,30.39,"Brett Raguse","ALP",5975,69.61,0,0
"Forde","Melissa Raassina","FFP","Bert van Manen","LNP",2696,60.72,"Brett Raguse","ALP",1744,39.28,0,0
"Griffith","Gregory Romans","LDP","Rebecca Docherty","LNP",1460,78.24,"Kevin Rudd","ALP",406,21.76,0,0
"Griffith","Hamish Chitts","Ind","Rebecca Docherty","LNP",285,47.42,"Kevin Rudd","ALP",316,52.58,0,0
"Griffith","Jesse Webb","FFP","Rebecca Docherty","LNP",760,65.35,"Kevin Rudd","ALP",403,34.65,0,0
"Griffith","Emma-Kate Rose","Grn","Rebecca Docherty","LNP",2026,16.37,"Kevin Rudd","ALP",10352,83.63,0,0
"Griffith","Jan Pukallus","CEC","Rebecca Docherty","LNP",90,51.43,"Kevin Rudd","ALP",85,48.57,0,0
"Groom","Rose Kirkwood","FFP","Ian Macfarlane","LNP",2995,63.78,"Chris Meibusch","ALP",1701,36.22,0,0
"Groom","Frida Forsberg","Grn","Ian Macfarlane","LNP",1666,27.02,"Chris Meibusch","ALP",4499,72.98,0,0
"Groom","Rod Jeanneret","Ind","Ian Macfarlane","LNP",1494,54.73,"Chris Meibusch","ALP",1236,45.27,0,0
"Herbert","Michael Punshon","FFP","Ewen Jones","LNP",2791,66.33,"Tony Mooney","ALP",1417,33.67,0,0
"Herbert","Michael Rubenach","Grn","Ewen Jones","LNP",2344,33.51,"Tony Mooney","ALP",4651,66.49,0,0
"Hinkler","Jenny Fitzgibbon","Grn","Paul Neville","LNP",1176,25.5,"Belinda McNeven","ALP",3435,74.5,0,0
"Hinkler","Trevor Versace","FFP","Paul Neville","LNP",1600,62.45,"Belinda McNeven","ALP",962,37.55,0,0
"Hinkler","Cy d'Oliveira","Ind","Paul Neville","LNP",702,55.54,"Belinda McNeven","ALP",562,44.46,0,0
"Hinkler","Adrian Wone","Ind","Paul Neville","LNP",910,53.59,"Belinda McNeven","ALP",788,46.41,0,0
"Kennedy","Andrew Turnour","ALP","Bob Katter","Ind",13840,83.81,"Ed Morrison","LNP",2673,16.19,0,0
"Kennedy","Jess Jones","Grn","Bob Katter","Ind",2725,74.27,"Ed Morrison","LNP",944,25.73,0,0
"Kennedy","Fred Dykstra","FFP","Bob Katter","Ind",1117,68.4,"Ed Morrison","LNP",516,31.6,0,0
"Leichhardt","Jen Sackley","Ind","Warren Entsch","LNP",1666,65.18,"Jim Turnour","ALP",890,34.82,0,0
"Leichhardt","Yodie Batzke","Ind","Warren Entsch","LNP",934,54.94,"Jim Turnour","ALP",766,45.06,0,0
"Leichhardt","Shannon McSweeney","FFP","Warren Entsch","LNP",878,60.1,"Jim Turnour","ALP",583,39.9,0,0
"Leichhardt","Neville St John Wood","Grn","Warren Entsch","LNP",1499,20.73,"Jim Turnour","ALP",5733,79.27,0,0
"Leichhardt","Steve Lane","Ind","Warren Entsch","LNP",734,53.46,"Jim Turnour","ALP",639,46.54,0,0
"Lilley","Andrew Herschell","FFP","Rod McGarvie","LNP",1584,58.75,"Wayne Swan","ALP",1112,41.25,0,0
"Lilley","Douglas Crowhurst","Ind","Rod McGarvie","LNP",1063,50.36,"Wayne Swan","ALP",1048,49.64,0,0
"Lilley","Andrew Jeremijenko","Grn","Rod McGarvie","LNP",2229,21.07,"Wayne Swan","ALP",8350,78.93,0,0
"Longman","Andrew Jackson","DLP","Wyatt Roy","LNP",163,31.47,"Jon Sullivan","ALP",355,68.53,0,0
"Longman","Michael van Boeckel","Ind","Wyatt Roy","LNP",426,49.77,"Jon Sullivan","ALP",430,50.23,0,0
"Longman","Rod Blair","Grn","Wyatt Roy","LNP",1762,25.62,"Jon Sullivan","ALP",5116,74.38,0,0
"Longman","Claire McErlane","FFP","Wyatt Roy","LNP",2196,68.5,"Jon Sullivan","ALP",1010,31.5,0,0
"Longman","Bob Fox","Ind","Wyatt Roy","LNP",465,53.33,"Jon Sullivan","ALP",407,46.67,0,0
"Longman","Joshua van Veen","LDP","Wyatt Roy","LNP",523,77.94,"Jon Sullivan","ALP",148,22.06,0,0
"Longman","John Reece","Ind","Wyatt Roy","LNP",627,60.17,"Jon Sullivan","ALP",415,39.83,0,0
"Maranoa","Grant Newson","Grn","Bruce Scott","LNP",1432,31.89,"Geoff Keating","ALP",3058,68.11,0,0
"Maranoa","Greg McKay","FFP","Bruce Scott","LNP",2268,63.71,"Geoff Keating","ALP",1292,36.29,0,0
"Maranoa","Charles Nason","Ind","Bruce Scott","LNP",2720,59.17,"Geoff Keating","ALP",1877,40.83,0,0
"McPherson","Matthew Reeves","FFP","Karen Andrews","LNP",2086,55.23,"Dan Byron","ALP",1691,44.77,0,0
"McPherson","Ben O'Callaghan","Grn","Karen Andrews","LNP",2889,29.86,"Dan Byron","ALP",6787,70.14,0,0
"Moncrieff","Sally Spain","Grn","Steven Ciobo","LNP",2723,31.1,"Robert Hough","ALP",6033,68.9,0,0
"Moncrieff","James Tayler","FFP","Steven Ciobo","LNP",1548,65.84,"Robert Hough","ALP",803,34.16,0,0
"Moreton","Steve Christian","FFP","Malcolm Cole","LNP",1573,56.44,"Graham Perrett","ALP",1214,43.56,0,0
"Moreton","Elissa Jenkins","Grn","Malcolm Cole","LNP",2374,18.43,"Graham Perrett","ALP",10508,81.57,0,0
"Moreton","Lee Nightingale","DLP","Malcolm Cole","LNP",483,47.45,"Graham Perrett","ALP",535,52.55,0,0
"Oxley","Timothy Stieler","FFP","Tarnya Smith","LNP",2176,59.1,"Bernie Ripoll","ALP",1506,40.9,0,0
"Oxley","Des Hoban","Grn","Tarnya Smith","LNP",2033,24.1,"Bernie Ripoll","ALP",6403,75.9,0,0
"Petrie","Lawrence Addison","DLP","Dean Teasdale","LNP",237,33.15,"Yvette D'Ath","ALP",478,66.85,0,0
"Petrie","Peter Jeremijenko","Grn","Dean Teasdale","LNP",1634,23.51,"Yvette D'Ath","ALP",5315,76.49,0,0
"Petrie","Sally Vincent","FFP","Dean Teasdale","LNP",2500,65.29,"Yvette D'Ath","ALP",1329,34.71,0,0
"Petrie","Gabriel Buckley","LDP","Dean Teasdale","LNP",1306,81.42,"Yvette D'Ath","ALP",298,18.58,0,0
"Rankin","Alexandra Todd","FFP","Luke Smith","LNP",3431,65.59,"Craig Emerson","ALP",1800,34.41,0,0
"Rankin","Neil Cotter","Grn","Luke Smith","LNP",2557,28.55,"Craig Emerson","ALP",6399,71.45,0,0
"Ryan","Sandra Bayley","Grn","Jane Prentice","LNP",3241,19.2,"Steven Miles","ALP",13643,80.8,0,0
"Ryan","Allan Vincent","FFP","Jane Prentice","LNP",1162,72.63,"Steven Miles","ALP",438,27.38,0,0
"Ryan","Michael Johnson","Ind","Jane Prentice","LNP",5780,76.42,"Steven Miles","ALP",1783,23.58,0,0
"Wide Bay","Santo Ferraro","ON","Warren Truss","LNP",1108,59.09,"Nikolee Ansell","ALP",767,40.91,0,0
"Wide Bay","Ken Herschell","FFP","Warren Truss","LNP",2018,66.19,"Nikolee Ansell","ALP",1031,33.81,0,0
"Wide Bay","Jim McDonald","Grn","Warren Truss","LNP",2381,26.55,"Nikolee Ansell","ALP",6586,73.45,0,0
"Wright","Anna Bridle","Grn","Scott Buchholz","LNP",2298,25.5,"Andrew Ramsay","ALP",6712,74.5,0,0
"Wright","Ken Degen","Ind","Scott Buchholz","LNP",1242,49.74,"Andrew Ramsay","ALP",1255,50.26,0,0
"Wright","Jeremy Fredericks","FFP","Scott Buchholz","LNP",1787,61.14,"Andrew Ramsay","ALP",1136,38.86,0,0
"Adelaide","Gemma Weedall","SAl","Luke Westley","Lib46",405,51.53,"Kate Ellis","ALP",381,48.47,0,0
"Adelaide","Sue Neal","FFP","Luke Westley","Lib46",1186,62.42,"Kate Ellis","ALP",714,37.58,0,0
"Adelaide","Marie Nicholls","AD","Luke Westley","Lib46",272,33.21,"Kate Ellis","ALP",547,66.79,0,0
"Adelaide","Christopher Steele","LDP","Luke Westley","Lib46",497,69.41,"Kate Ellis","ALP",219,30.59,0,0
"Adelaide","Ruth Beach","Grn","Luke Westley","Lib46",1760,14.79,"Kate Ellis","ALP",10141,85.21,0,0
"Barker","Steven Davies","TCS","Patrick Secker","Lib46",879,55.25,"Simone McDonnell","ALP",712,44.75,0,0
"Barker","Trevor Honeychurch","FFP","Patrick Secker","Lib46",3908,67.04,"Simone McDonnell","ALP",1921,32.96,0,0
"Barker","Sean Moffat","Grn","Patrick Secker","Lib46",2681,31.15,"Simone McDonnell","ALP",5926,68.85,0,0
"Boothby","Ray McGhee","Ind","Andrew Southcott","Lib46",754,44.64,"Annabel Digance","ALP",935,55.36,0,0
"Boothby","Stephen Skillitzi","TCS","Andrew Southcott","Lib46",165,52.22,"Annabel Digance","ALP",151,47.78,0,0
"Boothby","Meredith Resce","FFP","Andrew Southcott","Lib46",1504,70.94,"Annabel Digance","ALP",616,29.06,0,0
"Boothby","Thomas Salerno","AD","Andrew Southcott","Lib46",201,38.88,"Annabel Digance","ALP",316,61.12,0,0
"Boothby","Michael Noack","LDP","Andrew Southcott","Lib46",237,69.91,"Annabel Digance","ALP",102,30.09,0,0
"Boothby","Fiona Blinco","Grn","Andrew Southcott","Lib46",2088,18.47,"Annabel Digance","ALP",9217,81.53,0,0
"Boothby","Avi Chapman","SPA10","Andrew Southcott","Lib46",120,38.71,"Annabel Digance","ALP",190,61.29,0,0
"Grey","Andrew Melville-Smith","Grn","Rowan Ramsey","Lib46",1931,28.08,"Tauto Sansbury","ALP",4945,71.92,0,0
"Grey","Sylvia Holland","FFP","Rowan Ramsey","Lib46",2827,59.63,"Tauto Sansbury","ALP",1914,40.37,0,0
"Hindmarsh","Matt Fisher","Grn","Jassmine Wood","Lib46",2490,23.11,"Steve Georganas","ALP",8283,76.89,0,0
"Hindmarsh","Adrian Paech","TCS","Jassmine Wood","Lib46",316,57.04,"Steve Georganas","ALP",238,42.96,0,0
"Hindmarsh","Greg Croke","AD","Jassmine Wood","Lib46",317,41.33,"Steve Georganas","ALP",450,58.67,0,0
"Hindmarsh","Bob Randall","FFP","Jassmine Wood","Lib46",1572,61.33,"Steve Georganas","ALP",991,38.67,0,0
"Kingston","Ron Baker","AD","Chris Zanker","Lib46",975,55.78,"Amanda Rishworth","ALP",773,44.22,0,0
"Kingston","Palitja Moore","Grn","Chris Zanker","Lib46",2259,20.06,"Amanda Rishworth","ALP",9005,79.94,0,0
"Kingston","Geoff Doecke","FFP","Chris Zanker","Lib46",3253,61.52,"Amanda Rishworth","ALP",2035,38.48,0,0
"Makin","Jasemin Rose","Grn","Liz Davies","Lib46",1691,19.65,"Tony Zappia","ALP",6913,80.35,0,0
"Makin","Michael Gameau","LDP","Liz Davies","Lib46",768,71.05,"Tony Zappia","ALP",313,28.95,0,0
"Makin","Robert Stewart","TCS","Liz Davies","Lib46",187,45.72,"Tony Zappia","ALP",222,54.28,0,0
"Makin","Anton Horvat","ON","Liz Davies","Lib46",287,43.35,"Tony Zappia","ALP",375,56.65,0,0
"Makin","Wayne Rich","AD","Liz Davies","Lib46",195,36.52,"Tony Zappia","ALP",339,63.48,0,0
"Makin","Mark Potter","FFP","Liz Davies","Lib46",3351,65.85,"Tony Zappia","ALP",1738,34.15,0,0
"Mayo","Bruce Hicks","FFP","Jamie Briggs","Lib46",4011,75.15,"Sam Davis","ALP",1326,24.85,0,0
"Mayo","Andrew Phillips","Ind","Jamie Briggs","Lib46",501,50.45,"Sam Davis","ALP",492,49.55,0,0
"Mayo","Diane Atkinson","Grn","Jamie Briggs","Lib46",3414,21.89,"Sam Davis","ALP",12179,78.11,0,0
"Mayo","Bill Spragg","Ind","Jamie Briggs","Lib46",1077,44.8,"Sam Davis","ALP",1327,55.2,0,0
"Mayo","Rebekkah Osmond","AD","Jamie Briggs","Lib46",369,38.92,"Sam Davis","ALP",579,61.08,0,0
"Mayo","John Michelmore","TCS","Jamie Briggs","Lib46",354,54.05,"Sam Davis","ALP",301,45.95,0,0
"Port Adelaide","Kalyna Micenko","Grn","Nigel McKenna","Lib46",2491,18.24,"Mark Butler","ALP",11168,81.76,0,0
"Port Adelaide","Bruce Hambour","FFP","Nigel McKenna","Lib46",2978,46.05,"Mark Butler","ALP",3489,53.95,0,0
"Sturt","Dale Clegg","FFP","Christopher Pyne","Lib46",1939,57.95,"Rick Sarre","ALP",1407,42.05,0,0
"Sturt","Jess Clark","LDP","Christopher Pyne","Lib46",443,63.56,"Rick Sarre","ALP",254,36.44,0,0
"Sturt","Peter Fiebig","Grn","Christopher Pyne","Lib46",1930,21.85,"Rick Sarre","ALP",6904,78.15,0,0
"Sturt","Darren Andrews","AD","Christopher Pyne","Lib46",211,37.81,"Rick Sarre","ALP",347,62.19,0,0
"Sturt","Jack King","ON","Christopher Pyne","Lib46",231,52.14,"Rick Sarre","ALP",212,47.86,0,0
"Wakefield","Jane Alcorn","Grn","David Strauss","Lib46",2078,20.89,"Nick Champion","ALP",7870,79.11,0,0
"Wakefield","Darren Hassan","AD","David Strauss","Lib46",450,39.86,"Nick Champion","ALP",679,60.14,0,0
"Wakefield","Paul Coombe","FFP","David Strauss","Lib46",3278,55.02,"Nick Champion","ALP",2680,44.98,0,0
"Bass","Sancia Colgrave","Grn","Geoff Lyons","ALP",8248,80.82,"Steve Titmus","Lib46",1958,19.18,0,0
"Bass","Adrian Watts","CEC","Geoff Lyons","ALP",469,55.97,"Steve Titmus","Lib46",369,44.03,0,0
"Braddon","Scott Jordan","Grn","Sid Sidebottom","ALP",5760,73.51,"Garry Carpenter","Lib46",2076,26.49,0,0
"Denison","Melanie Barnes","SAl","Andrew Wilkie","Ind",476,55.61,"Jonathan Jackson","ALP",380,44.39,0,0
"Denison","Cameron Simpkins","Lib46","Andrew Wilkie","Ind",11971,81.5,"Jonathan Jackson","ALP",2717,18.5,0,0
"Denison","Geoff Couser","Grn","Andrew Wilkie","Ind",6982,56.71,"Jonathan Jackson","ALP",5330,43.29,0,0
"Franklin","Wendy Heatley","Grn","Julie Collins","ALP",10956,80.12,"Jane Howlett","Lib46",2719,19.88,0,0
"Franklin","John Forster","Ind","Julie Collins","ALP",821,44.64,"Jane Howlett","Lib46",1018,55.36,0,0
"Lyons","Lucas Noyes","SPA10","Dick Adams","ALP",413,38.06,"Eric Hutchinson","Lib46",672,61.94,0,0
"Lyons","Karen Cassidy","Grn","Dick Adams","ALP",8382,76.11,"Eric Hutchinson","Lib46",2631,23.89,0,0
"Aston","Rachel Hanna","FFP","Alan Tudge","Lib46",2319,55.84,"Rupert Evans","ALP",1834,44.16,0,0
"Aston","Salore Craig","Grn","Alan Tudge","Lib46",1849,22.53,"Rupert Evans","ALP",6357,77.47,0,0
"Ballarat","Belinda Coates","Grn","Mark Banwell","Lib46",2189,21.59,"Catherine King","ALP",7951,78.41,0,0
"Ballarat","Jim Rainey","FFP","Mark Banwell","Lib46",1698,64.17,"Catherine King","ALP",948,35.83,0,0
"Batman","Andrew Conlon","FFP","Martin Ferguson","ALP",972,39.43,"Alexandra Bhathal","Grn",1493,60.57,0,0
"Batman","George Souris","Lib46","Martin Ferguson","ALP",2950,19.14,"Alexandra Bhathal","Grn",12462,80.86,0,0
"Batman","Con Sarazen","AD","Martin Ferguson","ALP",323,39.25,"Alexandra Bhathal","Grn",500,60.75,0,0
"Bendigo","Kymberlie Dimozantos","Grn","Craig Hunter","Lib46",1701,15,"Steve Gibbons","ALP",9640,85,0,0
"Bendigo","Alan Howard","FFP","Craig Hunter","Lib46",2569,66.01,"Steve Gibbons","ALP",1323,33.99,0,0
"Bruce","Stefan Zibell","Grn","Alan Griffin","ALP",5500,76.16,"Mike Kabos","Lib46",1722,23.84,0,0
"Bruce","Felicity Hemmersbach","FFP","Alan Griffin","ALP",1309,41.54,"Mike Kabos","Lib46",1842,58.46,0,0
"Calwell","Lenka Thompson","Grn","Wayne Tseng","Lib46",1855,17.86,"Maria Vamvakinou","ALP",8531,82.14,0,0
"Calwell","Peter Byrne","SEP","Wayne Tseng","Lib46",360,30.48,"Maria Vamvakinou","ALP",821,69.52,0,0
"Calwell","Jeff Truscott","FFP","Wayne Tseng","Lib46",1738,45.13,"Maria Vamvakinou","ALP",2113,54.87,0,0
"Casey","Daniel Harrison","FFP","Tony Smith","Lib46",2678,65.59,"Sami Hisheh","ALP",1405,34.41,0,0
"Casey","Brendan Powell","Grn","Tony Smith","Lib46",2192,22.69,"Sami Hisheh","ALP",7469,77.31,0,0
"Chisholm","Phil Goodman","FFP","John Nguyen","Lib46",1120,53.16,"Anna Burke","ALP",987,46.84,0,0
"Chisholm","Nimrod Evans","SPA10","John Nguyen","Lib46",224,39.86,"Anna Burke","ALP",338,60.14,0,0
"Chisholm","Josh Fergeus","Grn","John Nguyen","Lib46",1554,16.9,"Anna Burke","ALP",7642,83.1,0,0
"Corangamite","Mike Lawrence","Grn","Sarah Henderson","Lib46",2109,19.69,"Darren Cheeseman","ALP",8604,80.31,0,0
"Corangamite","Sally-Anne Brown","Ind","Sarah Henderson","Lib46",607,42.81,"Darren Cheeseman","ALP",811,57.19,0,0
"Corangamite","Anne Wojczuk","FFP","Sarah Henderson","Lib46",1224,66.16,"Darren Cheeseman","ALP",626,33.84,0,0
"Corangamite","Nathan Timmins","LDP","Sarah Henderson","Lib46",369,70.96,"Darren Cheeseman","ALP",151,29.04,0,0
"Corio","Gavin Brown","Grn","Don Gibson","Lib46",1968,19.01,"Richard Marles","ALP",8387,80.99,0,0
"Corio","Sue Bull","SAl","Don Gibson","Lib46",216,22.25,"Richard Marles","ALP",755,77.75,0,0
"Corio","Scott Amberley","FFP","Don Gibson","Lib46",1665,54.99,"Richard Marles","ALP",1363,45.01,0,0
"Deakin","Peter Lake","FFP","Phil Barresi","Lib46",1798,71.01,"Mike Symon","ALP",734,28.99,0,0
"Deakin","David Howell","Grn","Phil Barresi","Lib46",1794,17.35,"Mike Symon","ALP",8544,82.65,0,0
"Deakin","Benjamin Walsh","LDP","Phil Barresi","Lib46",386,76.44,"Mike Symon","ALP",119,23.56,0,0
"Deakin","Alex Norwick","AFP","Phil Barresi","Lib46",170,57.63,"Mike Symon","ALP",125,42.37,0,0
"Deakin","Abraham Seviloglou","Ind","Phil Barresi","Lib46",372,44.5,"Mike Symon","ALP",464,55.5,0,0
"Dunkley","Yasmin de Zilwa","FFP","Bruce Billson","Lib46",1189,52.24,"Helen Constas","ALP",1087,47.76,0,0
"Dunkley","Simon Tiller","Grn","Bruce Billson","Lib46",1986,19.79,"Helen Constas","ALP",8047,80.21,0,0
"Flinders","Reade Smith","FFP","Greg Hunt","Lib46",1313,59.74,"Francis Gagliano-Ventura","ALP",885,40.26,0,0
"Flinders","Bob Brown","Grn","Greg Hunt","Lib46",3040,29.2,"Francis Gagliano-Ventura","ALP",7370,70.8,0,0
"Gellibrand","Rod Solin","Grn","David McConnell","Lib46",1647,12.89,"Nicola Roxon","ALP",11132,87.11,0,0
"Gellibrand","Tania Baptist","SEP","David McConnell","Lib46",144,30.32,"Nicola Roxon","ALP",331,69.68,0,0
"Gellibrand","Ben Courtice","SAl","David McConnell","Lib46",137,25.95,"Nicola Roxon","ALP",391,74.05,0,0
"Gellibrand","Liz Mumby","FFP","David McConnell","Lib46",734,50.97,"Nicola Roxon","ALP",706,49.03,0,0
"Gippsland","Heath Jefferis","FFP","Darren Chester","NPA",1945,65.64,"Darren McCubbin","ALP",1018,34.36,0,0
"Gippsland","Ben Buckley","LDP","Darren Chester","NPA",3742,76.45,"Darren McCubbin","ALP",1153,23.55,0,0
"Gippsland","Michael Bond","Grn","Darren Chester","NPA",1806,31,"Darren McCubbin","ALP",4020,69,0,0
"Goldstein","Anthony Forster","FFP","Nick Eden","ALP",506,42.63,"Andrew Robb","Lib46",681,57.37,0,0
"Goldstein","Neil Pilling","Grn","Nick Eden","ALP",11078,80.81,"Andrew Robb","Lib46",2630,19.19,0,0
"Gorton","Sean Major","FFP","Damon Ryder","Lib46",2151,34.96,"Brendan O'Connor","ALP",4002,65.04,0,0
"Gorton","Steve Wilson","Grn","Damon Ryder","Lib46",2013,20.23,"Brendan O'Connor","ALP",7936,79.77,0,0
"Higgins","David Fawcett","Ind","Kelly O'Dwyer","Lib46",540,44.08,"Tony Clark","ALP",685,55.92,0,0
"Higgins","Sam Hibbins","Grn","Kelly O'Dwyer","Lib46",3038,20.87,"Tony Clark","ALP",11521,79.13,0,0
"Higgins","Ashley Truter","FFP","Kelly O'Dwyer","Lib46",503,64.74,"Tony Clark","ALP",274,35.26,0,0
"Holt","Frank di Mascolo","Grn","Ricardo Balancy","Lib46",2844,32.52,"Anthony Byrne","ALP",5901,67.48,0,0
"Holt","Mark Hitchins","SPA10","Ricardo Balancy","Lib46",417,53.74,"Anthony Byrne","ALP",359,46.26,0,0
"Holt","Ian George","FFP","Ricardo Balancy","Lib46",2618,54.86,"Anthony Byrne","ALP",2154,45.14,0,0
"Hotham","Geoff Payne","Grn","Simon Crean","ALP",6412,79.3,"Fazal Cader","Lib46",1674,20.7,0,0
"Hotham","Trent Reardon","SPA10","Simon Crean","ALP",282,50.72,"Fazal Cader","Lib46",274,49.28,0,0
"Hotham","Gary Ong","FFP","Simon Crean","ALP",780,46.21,"Fazal Cader","Lib46",908,53.79,0,0
"Indi","Alan Lappin","Ind","Sophie Mirabella","Lib46",1869,37.8,"Zuvele Leschen","ALP",3076,62.2,0,0
"Indi","Jenny O'Connor","Grn","Sophie Mirabella","Lib46",1729,21.61,"Zuvele Leschen","ALP",6271,78.39,0,0
"Indi","Mark Carey","AD","Sophie Mirabella","Lib46",433,45.72,"Zuvele Leschen","ALP",514,54.28,0,0
"Indi","Robert Cavedon","FFP","Sophie Mirabella","Lib46",2169,67.99,"Zuvele Leschen","ALP",1021,32.01,0,0
"Isaacs","Heather Wheatley","FFP","Dale McClelland","Lib46",1525,45.16,"Mark Dreyfus","ALP",1852,54.84,0,0
"Isaacs","Gordon Ford","Ind","Dale McClelland","Lib46",685,50.55,"Mark Dreyfus","ALP",670,49.45,0,0
"Isaacs","Chris Carman","Grn","Dale McClelland","Lib46",1912,19.16,"Mark Dreyfus","ALP",8068,80.84,0,0
"Jagajaga","Joe Sgarlata","FFP","Johannes Bauch","Lib46",1203,57.04,"Jenny Macklin","ALP",906,42.96,0,0
"Jagajaga","Chris Kearney","Grn","Johannes Bauch","Lib46",1880,14.63,"Jenny Macklin","ALP",10967,85.37,0,0
"Jagajaga","Peter Harris","SPA10","Johannes Bauch","Lib46",247,44.11,"Jenny Macklin","ALP",313,55.89,0,0
"Kooyong","Des Benson","Grn","Josh Frydenberg","Lib46",3172,21.12,"Steven Hurd","ALP",11847,78.88,0,0
"Kooyong","John Laidler","FFP","Josh Frydenberg","Lib46",879,69.1,"Steven Hurd","ALP",393,30.9,0,0
"La Trobe","Martin Leahy","ASXP","Jason Wood","Lib46",1308,51.52,"Laura Smyth","ALP",1231,48.48,0,0
"La Trobe","David Barrow","FFP","Jason Wood","Lib46",1149,59.94,"Laura Smyth","ALP",768,40.06,0,0
"La Trobe","Jim Reiher","Grn","Jason Wood","Lib46",1802,16.49,"Laura Smyth","ALP",9129,83.51,0,0
"La Trobe","Shem Bennett","LDP","Jason Wood","Lib46",377,64.22,"Laura Smyth","ALP",210,35.78,0,0
"Lalor","Paul Sheehan","SPA10","Sheridan Ingram","Lib46",694,78.77,"Julia Gillard","ALP",187,21.23,0,0
"Lalor","Brian Shaw","Ind","Sheridan Ingram","Lib46",405,61.46,"Julia Gillard","ALP",254,38.54,0,0
"Lalor","Lori McLean","FFP","Sheridan Ingram","Lib46",1758,61.04,"Julia Gillard","ALP",1122,38.96,0,0
"Lalor","Van Rudd","Ind","Sheridan Ingram","Lib46",205,39.73,"Julia Gillard","ALP",311,60.27,0,0
"Lalor","Marc Aussie-Stone","Ind","Sheridan Ingram","Lib46",214,52.2,"Julia Gillard","ALP",196,47.8,0,0
"Lalor","Peter Taylor","Grn","Sheridan Ingram","Lib46",1342,19.05,"Julia Gillard","ALP",5703,80.95,0,0
"Lalor","Joanne Clarke","Ind","Sheridan Ingram","Lib46",327,46.19,"Julia Gillard","ALP",381,53.81,0,0
"Mallee","Helen Healy","Grn","John Forrest","NPA",3046,47.59,"Bob Scates","ALP",3354,52.41,0,0
"Mallee","Carl Carter","FFP","John Forrest","NPA",3166,71.05,"Bob Scates","ALP",1290,28.95,0,0
"Maribyrnong","Colin Moyle","FFP","Conrad D'Souza","Lib46",969,48.74,"Bill Shorten","ALP",1019,51.26,0,0
"Maribyrnong","Tim Long","Grn","Conrad D'Souza","Lib46",1763,19.42,"Bill Shorten","ALP",7314,80.58,0,0
"Maribyrnong","Robert Livesay","AD","Conrad D'Souza","Lib46",385,45.78,"Bill Shorten","ALP",456,54.22,0,0
"McEwen","Mark Bini","LDP","Cameron Caine","Lib46",882,66.22,"Rob Mitchell","ALP",450,33.78,0,0
"McEwen","Steve Meacher","Grn","Cameron Caine","Lib46",1818,14.61,"Rob Mitchell","ALP",10622,85.39,0,0
"McEwen","Robert Gordon","SPA10","Cameron Caine","Lib46",266,48.45,"Rob Mitchell","ALP",283,51.55,0,0
"McEwen","Belinda Clarkson","FFP","Cameron Caine","Lib46",1943,57.86,"Rob Mitchell","ALP",1415,42.14,0,0
"McMillan","Leigh Gatt","Ind","Russell Broadbent","Lib46",814,44.14,"Christine Maxfield","ALP",1030,55.86,0,0
"McMillan","Linden Stokes","FFP","Russell Broadbent","Lib46",1791,64.52,"Christine Maxfield","ALP",985,35.48,0,0
"McMillan","Malcolm McKelvie","Grn","Russell Broadbent","Lib46",1754,21.24,"Christine Maxfield","ALP",6504,78.76,0,0
"Melbourne","Georgia Pearson","FFP","Cath Bowtell","ALP",528,38.01,"Adam Bandt","Grn",861,61.99,0,0
"Melbourne","Joel Murray","ASXP","Cath Bowtell","ALP",486,29.76,"Adam Bandt","Grn",1147,70.24,0,0
"Melbourne","David Collyer","AD","Cath Bowtell","ALP",239,39.7,"Adam Bandt","Grn",363,60.3,0,0
"Melbourne","Penelope Green","SPA10","Cath Bowtell","ALP",245,39.97,"Adam Bandt","Grn",368,60.03,0,0
"Melbourne","Simon Olsen","Lib46","Cath Bowtell","ALP",3748,19.98,"Adam Bandt","Grn",15012,80.02,0,0
"Melbourne Ports","Sue Plowright","Grn","Kevin Ekendahl","Lib46",2783,15.88,"Michael Danby","ALP",14745,84.12,0,0
"Melbourne Ports","Christian Vega","ASXP","Kevin Ekendahl","Lib46",681,36.79,"Michael Danby","ALP",1170,63.21,0,0
"Melbourne Ports","Gregory Storer","SPA10","Kevin Ekendahl","Lib46",109,30.11,"Michael Danby","ALP",253,69.89,0,0
"Melbourne Ports","Daniel Emmerson","FFP","Kevin Ekendahl","Lib46",372,58.86,"Michael Danby","ALP",260,41.14,0,0
"Menzies","Ken Smithies","FFP","Kevin Andrews","Lib46",2077,71.82,"Joy Banerji","ALP",815,28.18,0,0
"Menzies","Chris Padgham","Grn","Kevin Andrews","Lib46",2093,23.78,"Joy Banerji","ALP",6709,76.22,0,0
"Murray","Will Clarke-Hannaford","SPA10","Sharman Stone","Lib46",197,51.84,"Hugh Mortensen","ALP",183,48.16,0,0
"Murray","Jeff Davy","CEC","Sharman Stone","Lib46",263,53.35,"Hugh Mortensen","ALP",230,46.65,0,0
"Murray","Serena Moore","FFP","Sharman Stone","Lib46",2072,70.05,"Hugh Mortensen","ALP",886,29.95,0,0
"Murray","Ewan McDonald","CDP","Sharman Stone","Lib46",441,69.78,"Hugh Mortensen","ALP",191,30.22,0,0
"Murray","Ian Christoe","Grn","Sharman Stone","Lib46",1356,27.64,"Hugh Mortensen","ALP",3550,72.36,0,0
"Scullin","Ivan Straton","FFP","Max Williams","Lib46",1702,40.27,"Harry Jenkins","ALP",2524,59.73,0,0
"Scullin","Gurm Sekhon","Grn","Max Williams","Lib46",1181,17.62,"Harry Jenkins","ALP",5521,82.38,0,0
"Wannon","James Purcell","Ind","Dan Tehan","Lib46",2574,55.33,"Judith McNamara","ALP",2078,44.67,0,0
"Wannon","Ralph Leutton","Ind","Dan Tehan","Lib46",1278,49.5,"Judith McNamara","ALP",1304,50.5,0,0
"Wannon","Allan Marsh","Ind","Dan Tehan","Lib46",500,46.3,"Judith McNamara","ALP",580,53.7,0,0
"Wannon","Jahzeel Concepcion","FFP","Dan Tehan","Lib46",1233,68.69,"Judith McNamara","ALP",562,31.31,0,0
"Wannon","Lisa Owen","Grn","Dan Tehan","Lib46",1176,23.44,"Judith McNamara","ALP",3840,76.56,0,0
"Wannon","Robert O'Brien","Ind","Dan Tehan","Lib46",339,45.5,"Judith McNamara","ALP",406,54.5,0,0
"Wannon","Katrina Rainsford","Ind","Dan Tehan","Lib46",1784,43.88,"Judith McNamara","ALP",2282,56.12,0,0
"Wills","Daniel Mumby","FFP","Claude Tomisich","Lib46",623,47.2,"Kelvin Thomson","ALP",697,52.8,0,0
"Wills","Craig Isherwood","CEC","Claude Tomisich","Lib46",241,56.18,"Kelvin Thomson","ALP",188,43.82,0,0
"Wills","Trent Hawkins","SAl","Claude Tomisich","Lib46",113,15.56,"Kelvin Thomson","ALP",613,84.44,0,0
"Wills","Paul Roberton","AD","Claude Tomisich","Lib46",283,38.56,"Kelvin Thomson","ALP",451,61.44,0,0
"Wills","Mark Riley","Grn","Claude Tomisich","Lib46",1751,10.07,"Kelvin Thomson","ALP",15630,89.93,0,0
"Brand","Dawn Jecks","Grn","Donna Gordin","Lib46",3049,26.5,"Gary Gray","ALP",8455,73.5,0,0
"Brand","Bob Burdett","CDP","Donna Gordin","Lib46",1385,78.2,"Gary Gray","ALP",386,21.8,0,0
"Brand","Andrew Newhouse","FFP","Donna Gordin","Lib46",1253,57.21,"Gary Gray","ALP",937,42.79,0,0
"Canning","Darren Vernede","FFP","Don Randall","Lib46",713,57.92,"Alannah MacTiernan","ALP",518,42.08,0,0
"Canning","Denise Hardie","Grn","Don Randall","Lib46",1694,25.49,"Alannah MacTiernan","ALP",4951,74.51,0,0
"Canning","Jamie van Burgel","CDP","Don Randall","Lib46",2137,86.52,"Alannah MacTiernan","ALP",333,13.48,0,0
"Canning","Ian Tuffnell","CEC","Don Randall","Lib46",275,61.66,"Alannah MacTiernan","ALP",171,38.34,0,0
"Cowan","Rob Phillips","Grn","Luke Simpkins","Lib46",2287,22.79,"Chas Hopkins","ALP",7746,77.21,0,0
"Cowan","David Kingston","CDP","Luke Simpkins","Lib46",1553,74.63,"Chas Hopkins","ALP",528,25.37,0,0
"Cowan","Alan Leach","FFP","Luke Simpkins","Lib46",1145,60.65,"Chas Hopkins","ALP",743,39.35,0,0
"Curtin","George Crisp","Grn","Julie Bishop","Lib46",3043,20.99,"Sophie van der Merwe","ALP",11455,79.01,0,0
"Curtin","Pat Seymour","CDP","Julie Bishop","Lib46",1091,71.12,"Sophie van der Merwe","ALP",443,28.88,0,0
"Durack","Lynne Craigie","NPA","Barry Haase","Lib46",9806,76.96,"Shane Hill","ALP",2936,23.04,0,0
"Durack","Mac Forsyth","CDP","Barry Haase","Lib46",856,76.36,"Shane Hill","ALP",265,23.64,0,0
"Durack","Julie Matheson","Grn","Barry Haase","Lib46",1765,26.5,"Shane Hill","ALP",4896,73.5,0,0
"Durack","Jane Foreman","FFP","Barry Haase","Lib46",970,56.1,"Shane Hill","ALP",759,43.9,0,0
"Forrest","Luke Petersen","Grn","Nola Marino","Lib46",2477,22.8,"Jackie Jarvis","ALP",8386,77.2,0,0
"Forrest","Lee Herridge","CDP","Nola Marino","Lib46",921,79.53,"Jackie Jarvis","ALP",237,20.47,0,0
"Forrest","Bev Custers","FFP","Nola Marino","Lib46",984,62.56,"Jackie Jarvis","ALP",589,37.44,0,0
"Forrest","John Hill","NPA","Nola Marino","Lib46",3501,72.6,"Jackie Jarvis","ALP",1321,27.4,0,0
"Fremantle","Kate Davis","Grn","Matt Taylor","Lib46",2609,17.95,"Melissa Parke","ALP",11922,82.05,0,0
"Fremantle","Larry Parsons","FFP","Matt Taylor","Lib46",774,54.93,"Melissa Parke","ALP",635,45.07,0,0
"Fremantle","Scott Robertson","CDP","Matt Taylor","Lib46",945,73.03,"Melissa Parke","ALP",349,26.97,0,0
"Fremantle","Keith McEncroe","DLP","Matt Taylor","Lib46",235,37.78,"Melissa Parke","ALP",387,62.22,0,0
"Fremantle","Sanna Andrew","SAl","Matt Taylor","Lib46",160,24.17,"Melissa Parke","ALP",502,75.83,0,0
"Hasluck","Glenice Smith","Grn","Ken Wyatt","Lib46",2780,26.38,"Sharryn Jackson","ALP",7759,73.62,0,0
"Hasluck","Andrew Middleton","TCS","Ken Wyatt","Lib46",329,61.04,"Sharryn Jackson","ALP",210,38.96,0,0
"Hasluck","Linda Brewer","CDP","Ken Wyatt","Lib46",2101,83.87,"Sharryn Jackson","ALP",404,16.13,0,0
"Hasluck","Jim McCourt","FFP","Ken Wyatt","Lib46",1143,61.42,"Sharryn Jackson","ALP",718,38.58,0,0
"Hasluck","Dot Henry","Ind","Ken Wyatt","Lib46",731,50.17,"Sharryn Jackson","ALP",726,49.83,0,0
"Moore","George Gault","ON","Mal Washer","Lib46",961,65.33,"Jeremy Brown","ALP",510,34.67,0,0
"Moore","Meg Birch","CDP","Mal Washer","Lib46",1333,73.89,"Jeremy Brown","ALP",471,26.11,0,0
"Moore","Paul Barrett","FFP","Mal Washer","Lib46",908,57.72,"Jeremy Brown","ALP",665,42.28,0,0
"Moore","Sheridan Young","Grn","Mal Washer","Lib46",2582,23.14,"Jeremy Brown","ALP",8577,76.86,0,0
"O'Connor","Andrew Huntley","Grn","Wilson Tuckey","Lib46",1755,24.27,"Tony Crook","NPA",5477,75.73,0,0
"O'Connor","Jean Robinson","CEC","Wilson Tuckey","Lib46",151,40.27,"Tony Crook","NPA",224,59.73,0,0
"O'Connor","Pat Scallan","FFP","Wilson Tuckey","Lib46",470,40.38,"Tony Crook","NPA",694,59.62,0,0
"O'Connor","Jacky Young","CDP","Wilson Tuckey","Lib46",1414,63.67,"Tony Crook","NPA",807,36.33,0,0
"O'Connor","Geoffrey Stokes","Ind","Wilson Tuckey","Lib46",440,33.9,"Tony Crook","NPA",858,66.1,0,0
"O'Connor","Ian Bishop","ALP","Wilson Tuckey","Lib46",2220,15.9,"Tony Crook","NPA",11742,84.1,0,0
"O'Connor","Neil Smithson","Ind","Wilson Tuckey","Lib46",147,29.4,"Tony Crook","NPA",353,70.6,0,0
"Pearce","Chris Pepper","CEC","Judi Moylan","Lib46",254,55.7,"Bill Leadbetter","ALP",202,44.3,0,0
"Pearce","Darren Moir","NPA","Judi Moylan","Lib46",1541,77.09,"Bill Leadbetter","ALP",458,22.91,0,0
"Pearce","Toni Warden","Grn","Judi Moylan","Lib46",2909,27.93,"Bill Leadbetter","ALP",7505,72.07,0,0
"Pearce","Ian Rose","FFP","Judi Moylan","Lib46",954,58.93,"Bill Leadbetter","ALP",665,41.07,0,0
"Pearce","Janet Broadstock","CDP","Judi Moylan","Lib46",1386,81.96,"Bill Leadbetter","ALP",305,18.04,0,0
"Perth","Jonathan Hallett","Grn","Joe Ferrante","Lib46",2079,16.06,"Stephen Smith","ALP",10869,83.94,0,0
"Perth","Paul Connelly","CDP","Joe Ferrante","Lib46",1438,68.71,"Stephen Smith","ALP",655,31.29,0,0
"Perth","Nigel Irvine","FFP","Joe Ferrante","Lib46",616,49.56,"Stephen Smith","ALP",627,50.44,0,0
"Perth","Alex Bainbridge","SAl","Joe Ferrante","Lib46",182,29.45,"Stephen Smith","ALP",436,70.55,0,0
"Stirling","Chris Martin","Grn","Michael Keenan","Lib46",1911,18.38,"Louise Durack","ALP",8488,81.62,0,0
"Stirling","Elizabeth Re","Ind","Michael Keenan","Lib46",945,51.81,"Louise Durack","ALP",879,48.19,0,0
"Stirling","Jenny Whately","CDP","Michael Keenan","Lib46",1225,75.15,"Louise Durack","ALP",405,24.85,0,0
"Stirling","Peter Clifford","FFP","Michael Keenan","Lib46",466,55.61,"Louise Durack","ALP",372,44.39,0,0
"Swan","Joe Lopez","SEP","Steve Irons","Lib46",122,30.65,"Tim Hammond","ALP",276,69.35,0,0
"Swan","Rebecca Leighton","Grn","Steve Irons","Lib46",1895,20.2,"Tim Hammond","ALP",7485,79.8,0,0
"Swan","Steve Klomp","CDP","Steve Irons","Lib46",1283,77.95,"Tim Hammond","ALP",363,22.05,0,0
"Swan","Barry Drennan","FFP","Steve Irons","Lib46",578,58.92,"Tim Hammond","ALP",403,41.08,0,0
"Swan","Bret Treasure","ASXP","Steve Irons","Lib46",900,43.69,"Tim Hammond","ALP",1160,56.31,0,0
"Tangney","Peter Best","Grn","Dennis Jensen","Lib46",2521,22.29,"David Doepel","ALP",8790,77.71,0,0
"Tangney","Moyna Rapp","FFP","Dennis Jensen","Lib46",847,60.54,"David Doepel","ALP",552,39.46,0,0
"Tangney","Ka-ren Chew","CDP","Dennis Jensen","Lib46",2186,77.68,"David Doepel","ALP",628,22.32,0,0
