"Seat","Count","From_candidate","From_party","To_candidate","To_party","Transferred_votes","Transferred_perc","New_votes","New_vote_perc"
"Barton",2,"Norma Boyle","DLP","Jack Manning","Lib46",1196,79.31,22590,49.33
"Barton",2,"Norma Boyle","DLP","Len Reynolds","ALP",312,20.69,23201,50.67
"Hume",2,"Charles Rowe","DLP","Geoffrey Ashton","Lib46",351,13.64,7650,19.67
"Hume",2,"Charles Rowe","DLP","Arthur Fuller","ALP",293,11.38,18224,46.87
"Hume",2,"Charles Rowe","DLP","John Pettitt","CP",1930,74.98,13008,33.46
"Hume",3,"Geoffrey Ashton","Lib46","Arthur Fuller","ALP",912,11.92,19136,49.22
"Hume",3,"Geoffrey Ashton","Lib46","John Pettitt","CP",6738,88.08,19746,50.78
"Mitchell",2,"John Ashe","Ind","Albert Ackerman","NGP",98,22.37,1702,2.14
"Mitchell",2,"John Ashe","Ind","John Armitage","ALP",166,37.9,35467,44.6
"Mitchell",2,"John Ashe","Ind","Les Irwin","Lib46",136,31.05,39366,49.51
"Mitchell",2,"John Ashe","Ind","Malcolm Towner","DLP",38,8.68,2981,3.75
"Mitchell",3,"Albert Ackerman","NGP","John Armitage","ALP",1330,78.14,36797,46.28
"Mitchell",3,"Albert Ackerman","NGP","Les Irwin","Lib46",209,12.28,39575,49.77
"Mitchell",3,"Albert Ackerman","NGP","Malcolm Towner","DLP",163,9.58,3144,3.95
"Mitchell",4,"Malcolm Towner","DLP","John Armitage","ALP",493,15.68,37290,46.9
"Mitchell",4,"Malcolm Towner","DLP","Les Irwin","Lib46",2651,84.32,42226,53.1
"Parkes",2,"Vincent Couch","DLP","Les Haylen","ALP",774,33.2,18674,48.29
"Parkes",2,"Vincent Couch","DLP","Tom Hughes","Lib46",1557,66.8,19994,51.71
"Phillip",2,"John Antill","DLP","William Aston","Lib46",1920,86.68,20048,52.79
"Phillip",2,"John Antill","DLP","Syd Einfeld","ALP",295,13.32,17929,47.21
"Ballaarat",2,"Bob Joshua","DLP","Dudley Erwin","Lib46",6000,93.44,26764,62.2
"Ballaarat",2,"Bob Joshua","DLP","Allan Williams","ALP",421,6.56,16267,37.8
"Batman",2,"Jack Little","DLP","Sam Benson","ALP",824,14.01,20682,50.86
"Batman",2,"Jack Little","DLP","Bruce Skeggs","Lib46",5056,85.99,19979,49.14
"Bruce",2,"Tom Gilhoooley","Ind","Brian Crossley","Ind",66,13.92,986,1.05
"Bruce",2,"Tom Gilhoooley","Ind","Henri de Sachau","DLP",123,25.95,8980,9.53
"Bruce",2,"Tom Gilhoooley","Ind","Barry Jones","ALP",184,38.82,38580,40.96
"Bruce",2,"Tom Gilhoooley","Ind","Billy Snedden","Lib46",101,21.31,45643,48.46
"Bruce",3,"Brian Crossley","Ind","Henri de Sachau","DLP",716,72.62,9696,10.29
"Bruce",3,"Brian Crossley","Ind","Barry Jones","ALP",172,17.44,38752,41.14
"Bruce",3,"Brian Crossley","Ind","Billy Snedden","Lib46",98,9.94,45741,48.56
"Bruce",4,"Henri de Sachau","DLP","Barry Jones","ALP",1411,14.55,40163,42.64
"Bruce",4,"Henri de Sachau","DLP","Billy Snedden","Lib46",8285,85.45,54026,57.36
"Corio",2,"James Mahoney","DLP","Bob Hawke","ALP",523,10.45,22456,46.66
"Corio",2,"James Mahoney","DLP","Hubert Opperman","Lib46",4481,89.55,25666,53.34
"Indi",2,"Christopher Cody","DLP","Ian Foyster","Lib46",1000,19.36,7111,16.61
"Indi",2,"Christopher Cody","DLP","Mac Holten","CP",3862,74.77,24413,57.01
"Indi",2,"Christopher Cody","DLP","Mervyn Huggins","ALP",303,5.87,11300,26.39
"Isaacs",2,"John Hughes","DLP","Paul Court","ALP",348,9.38,14507,40.91
"Isaacs",2,"John Hughes","DLP","William Haworth","Lib46",3362,90.62,20953,59.09
"La Trobe",2,"Kevin Adamson","DLP","Moss Cass","ALP",1674,22.35,31140,43.25
"La Trobe",2,"Kevin Adamson","DLP","John Jess","Lib46",5816,77.65,40866,56.75
"Maribyrnong",2,"John Murray","ARP49","Neil Armour","ALP",26,18.44,18550,43.32
"Maribyrnong",2,"John Murray","ARP49","Frank McManus","DLP",39,27.66,6655,15.54
"Maribyrnong",2,"John Murray","ARP49","Edwin Ryan","Ind",35,24.82,197,0.46
"Maribyrnong",2,"John Murray","ARP49","Philip Stokes","Lib46",41,29.08,17420,40.68
"Maribyrnong",3,"Edwin Ryan","Ind","Neil Armour","ALP",57,28.93,18607,43.45
"Maribyrnong",3,"Edwin Ryan","Ind","Frank McManus","DLP",63,31.98,6718,15.69
"Maribyrnong",3,"Edwin Ryan","Ind","Philip Stokes","Lib46",77,39.09,17497,40.86
"Maribyrnong",4,"Frank McManus","DLP","Neil Armour","ALP",598,8.9,19205,44.85
"Maribyrnong",4,"Frank McManus","DLP","Philip Stokes","Lib46",6120,91.1,23617,55.15
"McMillan",2,"Les Hilton","DLP","Alexander Buchanan","Lib46",4742,90.44,27221,60.36
"McMillan",2,"Les Hilton","DLP","Eric Kent","ALP",501,9.56,17878,39.64
"Wimmera",2,"Adrian Cahill","DLP","Robert King","CP",3138,86.93,19910,51.05
"Wimmera",2,"Adrian Cahill","DLP","Howard Rodda","Lib46",277,7.67,7876,20.19
"Wimmera",2,"Adrian Cahill","DLP","Thomas Windsor","ALP",195,5.4,11218,28.76
"Bowman",2,"Harold Wright","DLP","Jack Comber","ALP",390,12.78,22923,48.56
"Bowman",2,"Harold Wright","DLP","Wylie Gibbs","Lib46",2662,87.22,24280,51.44
"Herbert",2,"Frank Bishop","CPA","Kiernan Dorney","DLP",562,52.87,8972,19.79
"Herbert",2,"Frank Bishop","CPA","Ted Harding","ALP",458,43.09,21520,47.46
"Herbert",2,"Frank Bishop","CPA","Roy Pope","Lib46",43,4.05,14848,32.75
"Herbert",3,"Kiernan Dorney","DLP","Ted Harding","ALP",2612,29.11,24132,53.22
"Herbert",3,"Kiernan Dorney","DLP","Roy Pope","Lib46",6360,70.89,21208,46.78
"Lilley",2,"Frank Andrews","DLP","Kevin Cairns","Lib46",3580,91,24083,53.54
"Lilley",2,"Frank Andrews","DLP","Don Cameron","ALP",354,9,20902,46.46
"Moreton",2,"Eric Allingham","DLP","James Killen","Lib46",3319,87.57,31893,55.01
"Moreton",2,"Eric Allingham","DLP","John O'Donnell","ALP",471,12.43,26080,44.99
"Petrie",2,"Francis O'Mara","Ind","Brian Balaam","DLP",33,20.75,4068,6.94
"Petrie",2,"Francis O'Mara","Ind","Alan Hulme","Lib46",34,21.38,27650,47.17
"Petrie",2,"Francis O'Mara","Ind","Reginald O'Brien","ALP",92,57.86,26896,45.89
"Petrie",3,"Brian Balaam","DLP","Alan Hulme","Lib46",3685,90.59,31335,53.46
"Petrie",3,"Brian Balaam","DLP","Reginald O'Brien","ALP",383,9.41,27279,46.54
"Canning",2,"Ronald Batey","Ind","Charles Edwards","ALP",664,61.94,10868,27.78
"Canning",2,"Ronald Batey","Ind","John Hallett","CP",236,22.01,11080,28.32
"Canning",2,"Ronald Batey","Ind","Neil McNeill","Lib46",172,16.04,17172,43.9
"Canning",3,"Charles Edwards","ALP","John Hallett","CP",9354,86.07,20434,52.23
"Canning",3,"Charles Edwards","ALP","Neil McNeill","Lib46",1514,13.93,18686,47.77
"Moore",2,"Wilbur Bennett","ALP","Hugh Halbert","Lib46",3109,25.6,15985,42.25
"Moore",2,"Wilbur Bennett","ALP","Donald Maisey","CP",9037,74.4,21847,57.75
"Swan",2,"Warwick Hill","Ind","Joe Berinson","ALP",97,31.09,23512,47.47
"Swan",2,"Warwick Hill","Ind","Richard Cleaver","Lib46",153,49.04,23700,47.85
"Swan",2,"Warwick Hill","Ind","Gerardus Sappelli","DLP",62,19.87,2315,4.67
"Swan",3,"Gerardus Sappelli","DLP","Joe Berinson","ALP",216,9.33,23728,47.91
"Swan",3,"Gerardus Sappelli","DLP","Richard Cleaver","Lib46",2099,90.67,25799,52.09
"Franklin",2,"Andrew Defendini","DLP","Bill Falkinder","Lib46",2260,82.72,20582,50.93
"Franklin",2,"Andrew Defendini","DLP","John Parsons","ALP",472,17.28,19834,49.07
