"Seat","Count","From_candidate","From_party","To_candidate","To_party","Transferred_votes","Transferred_perc","New_votes","New_vote_perc"
"Calare",2,"Richard Brazier","Ind","John Breen","ALP",960,66.9,13549,28.6
"Calare",2,"Richard Brazier","Ind","John Heiss","LL40",193,13.45,6785,14.32
"Calare",2,"Richard Brazier","Ind","Herbert Hodby","CP",104,7.25,4131,8.72
"Calare",2,"Richard Brazier","Ind","Greg McGirr","SL",89,6.2,5591,11.8
"Calare",2,"Richard Brazier","Ind","Harold Thorby","CP",89,6.2,17316,36.55
"Calare",3,"Herbert Hodby","CP","John Breen","ALP",223,5.4,13772,29.07
"Calare",3,"Herbert Hodby","CP","John Heiss","LL40",165,3.99,6950,14.67
"Calare",3,"Herbert Hodby","CP","Greg McGirr","SL",209,5.06,5800,12.24
"Calare",3,"Herbert Hodby","CP","Harold Thorby","CP",3534,85.55,20850,44.01
"Calare",4,"Greg McGirr","SL","John Breen","ALP",3131,53.98,16903,35.68
"Calare",4,"Greg McGirr","SL","John Heiss","LL40",1927,33.22,8877,18.74
"Calare",4,"Greg McGirr","SL","Harold Thorby","CP",742,12.79,21592,45.58
"Calare",5,"John Heiss","LL40","John Breen","ALP",8379,94.39,25282,53.37
"Calare",5,"John Heiss","LL40","Harold Thorby","CP",498,5.61,22090,46.63
"Dalley",2,"Edmund Ryan","SL","Donald Cochrane","ALP",990,63.3,19633,35.27
"Dalley",2,"Edmund Ryan","SL","Hubert O'Connell","UAP31",153,9.78,14889,26.75
"Dalley",2,"Edmund Ryan","SL","Sol Rosevear","LL40",421,26.92,21142,37.98
"Dalley",3,"Hubert O'Connell","UAP31","Donald Cochrane","ALP",4189,28.13,23822,42.8
"Dalley",3,"Hubert O'Connell","UAP31","Sol Rosevear","LL40",10700,71.87,31842,57.2
"East Sydney",2,"Louis Phillips","Atok","Fred Aarons","Ind",21,11.23,2285,4.73
"East Sydney",2,"Louis Phillips","Atok","James Catts","UAP31",11,5.88,2519,5.22
"East Sydney",2,"Louis Phillips","Atok","Diana Gould","Ind",21,11.23,1888,3.91
"East Sydney",2,"Louis Phillips","Atok","Steve Gould","LL40",27,14.44,5574,11.55
"East Sydney",2,"Louis Phillips","Atok","Lewis Nott","UAP31",30,16.04,12241,25.36
"East Sydney",2,"Louis Phillips","Atok","Eddie Ward","ALP",77,41.18,23762,49.23
"East Sydney",3,"Diana Gould","Ind","Fred Aarons","Ind",98,5.19,2383,4.94
"East Sydney",3,"Diana Gould","Ind","James Catts","UAP31",95,5.03,2614,5.42
"East Sydney",3,"Diana Gould","Ind","Steve Gould","LL40",210,11.12,5784,11.98
"East Sydney",3,"Diana Gould","Ind","Lewis Nott","UAP31",61,3.23,12302,25.49
"East Sydney",3,"Diana Gould","Ind","Eddie Ward","ALP",1424,75.42,25186,52.18
"Eden-Monaro",2,"Rupert Beale","Ind","George Alam","Ind",238,24.11,1256,2.59
"Eden-Monaro",2,"Rupert Beale","Ind","Benjamin Kelly","LL40",114,11.55,4689,9.66
"Eden-Monaro",2,"Rupert Beale","Ind","Frank Louat","UAP31",174,17.63,6347,13.08
"Eden-Monaro",2,"Rupert Beale","Ind","Roy May","UAP31",47,4.76,1222,2.52
"Eden-Monaro",2,"Rupert Beale","Ind","Pat Osborne","UAP31",168,17.02,4931,10.16
"Eden-Monaro",2,"Rupert Beale","Ind","John Perkins","UAP31",148,14.99,13240,27.29
"Eden-Monaro",2,"Rupert Beale","Ind","Herb Turner","ALP",98,9.93,16834,34.7
"Eden-Monaro",3,"Roy May","UAP31","George Alam","Ind",41,3.36,1297,2.67
"Eden-Monaro",3,"Roy May","UAP31","Benjamin Kelly","LL40",39,3.19,4728,9.74
"Eden-Monaro",3,"Roy May","UAP31","Frank Louat","UAP31",181,14.81,6528,13.45
"Eden-Monaro",3,"Roy May","UAP31","Pat Osborne","UAP31",673,55.07,5604,11.55
"Eden-Monaro",3,"Roy May","UAP31","John Perkins","UAP31",243,19.89,13483,27.79
"Eden-Monaro",3,"Roy May","UAP31","Herb Turner","ALP",45,3.68,16879,34.79
"Eden-Monaro",4,"George Alam","Ind","Benjamin Kelly","LL40",1014,78.18,5742,11.83
"Eden-Monaro",4,"George Alam","Ind","Frank Louat","UAP31",91,7.02,6619,13.64
"Eden-Monaro",4,"George Alam","Ind","Pat Osborne","UAP31",42,3.24,5646,11.64
"Eden-Monaro",4,"George Alam","Ind","John Perkins","UAP31",70,5.4,13553,27.93
"Eden-Monaro",4,"George Alam","Ind","Herb Turner","ALP",80,6.17,16959,34.95
"Eden-Monaro",5,"Pat Osborne","UAP31","Benjamin Kelly","LL40",156,2.76,5898,12.16
"Eden-Monaro",5,"Pat Osborne","UAP31","Frank Louat","UAP31",1856,32.87,8475,17.47
"Eden-Monaro",5,"Pat Osborne","UAP31","John Perkins","UAP31",3476,61.57,17029,35.1
"Eden-Monaro",5,"Pat Osborne","UAP31","Herb Turner","ALP",158,2.8,17117,35.28
"Eden-Monaro",6,"Benjamin Kelly","LL40","Frank Louat","UAP31",1779,30.16,10254,21.13
"Eden-Monaro",6,"Benjamin Kelly","LL40","John Perkins","UAP31",234,3.97,17263,35.58
"Eden-Monaro",6,"Benjamin Kelly","LL40","Herb Turner","ALP",3885,65.87,21002,43.29
"Eden-Monaro",7,"Frank Louat","UAP31","John Perkins","UAP31",9312,90.81,26575,54.77
"Eden-Monaro",7,"Frank Louat","UAP31","Herb Turner","ALP",942,9.19,21944,45.23
"Hume",2,"John Fisher","SL","Thomas Collins","CP",307,12.41,21686,42.81
"Hume",2,"John Fisher","SL","Arthur Fuller","LL40",847,34.25,11884,23.46
"Hume",2,"John Fisher","SL","Clarence Nolan","ALP",1182,47.8,12766,25.2
"Hume",2,"John Fisher","SL","Eric Roberts","ADM",137,5.54,4325,8.54
"Hume",3,"Eric Roberts","ADM","Thomas Collins","CP",2674,61.83,24360,48.08
"Hume",3,"Eric Roberts","ADM","Arthur Fuller","LL40",512,11.84,12396,24.47
"Hume",3,"Eric Roberts","ADM","Clarence Nolan","ALP",1139,26.34,13905,27.45
"Hume",4,"Arthur Fuller","LL40","Thomas Collins","CP",1431,11.54,25791,50.91
"Hume",4,"Arthur Fuller","LL40","Clarence Nolan","ALP",10965,88.46,24870,49.09
"Lang",2,"Stanley Willmott","UAP31","Matthew Calman","UAP31",343,56.41,5969,9.73
"Lang",2,"Stanley Willmott","UAP31","John Metcalfe","ALP",28,4.61,12515,20.39
"Lang",2,"Stanley Willmott","UAP31","Dan Mulcahy","LL40",39,6.41,23337,38.03
"Lang",2,"Stanley Willmott","UAP31","Arthur Robinson","SL",43,7.07,3781,6.16
"Lang",2,"Stanley Willmott","UAP31","Bertram Stevens","UAP31",155,25.49,15770,25.7
"Lang",3,"Arthur Robinson","SL","Matthew Calman","UAP31",240,6.35,6209,10.12
"Lang",3,"Arthur Robinson","SL","John Metcalfe","ALP",2197,58.11,14712,23.97
"Lang",3,"Arthur Robinson","SL","Dan Mulcahy","LL40",1122,29.67,24459,39.85
"Lang",3,"Arthur Robinson","SL","Bertram Stevens","UAP31",222,5.87,15992,26.06
"Lang",4,"Matthew Calman","UAP31","John Metcalfe","ALP",1902,30.63,16614,27.07
"Lang",4,"Matthew Calman","UAP31","Dan Mulcahy","LL40",594,9.57,25053,40.82
"Lang",4,"Matthew Calman","UAP31","Bertram Stevens","UAP31",3713,59.8,19705,32.11
"Lang",5,"John Metcalfe","ALP","Dan Mulcahy","LL40",15464,93.08,40517,66.02
"Lang",5,"John Metcalfe","ALP","Bertram Stevens","UAP31",1150,6.92,20855,33.98
"Macquarie",2,"Bernard Cunningham","LL40","Ben Chifley","ALP",6833,89.2,29493,58.07
"Macquarie",2,"Bernard Cunningham","LL40","John Lawson","UAP31",827,10.8,21295,41.93
"New England",2,"Donald Shand","CP","Joe Abbott","CP",1452,36.87,18350,37.79
"New England",2,"Donald Shand","CP","Leigh Cuthbertson","ALP",677,17.19,16762,34.52
"New England",2,"Donald Shand","CP","Victor Thompson","CP",1809,45.94,13444,27.69
"New England",3,"Victor Thompson","CP","Joe Abbott","CP",11090,82.49,29440,60.63
"New England",3,"Victor Thompson","CP","Leigh Cuthbertson","ALP",2354,17.51,19116,39.37
"Parramatta",2,"Bill Wood","SL","James Dalton","LL40",503,12.73,6142,10.18
"Parramatta",2,"Bill Wood","SL","Albert Rowe","ALP",2610,66.04,13163,21.82
"Parramatta",2,"Bill Wood","SL","Norman Rydge","UAP31",153,3.87,7342,12.17
"Parramatta",2,"Bill Wood","SL","Sir Frederick Stewart","UAP31",308,7.79,25869,42.88
"Parramatta",2,"Bill Wood","SL","Gordon Wallace","UAP31",378,9.56,7815,12.95
"Parramatta",3,"James Dalton","LL40","Albert Rowe","ALP",5645,91.91,18808,31.17
"Parramatta",3,"James Dalton","LL40","Norman Rydge","UAP31",229,3.73,7571,12.55
"Parramatta",3,"James Dalton","LL40","Sir Frederick Stewart","UAP31",169,2.75,26038,43.16
"Parramatta",3,"James Dalton","LL40","Gordon Wallace","UAP31",99,1.61,7914,13.12
"Parramatta",4,"Norman Rydge","UAP31","Albert Rowe","ALP",873,11.53,19681,32.62
"Parramatta",4,"Norman Rydge","UAP31","Sir Frederick Stewart","UAP31",2787,36.81,28825,47.78
"Parramatta",4,"Norman Rydge","UAP31","Gordon Wallace","UAP31",3911,51.66,11825,19.6
"Parramatta",5,"Gordon Wallace","UAP31","Albert Rowe","ALP",1026,8.68,20707,34.32
"Parramatta",5,"Gordon Wallace","UAP31","Sir Frederick Stewart","UAP31",10799,91.32,39624,65.68
"Reid",2,"Edward James","Ind","Leslie Brown","Ind UAP31",272,44.3,15744,26.88
"Reid",2,"Edward James","Ind","Joe Gander","LL40",68,11.07,18745,32
"Reid",2,"Edward James","Ind","Jack Hughes","SL",108,17.59,6319,10.79
"Reid",2,"Edward James","Ind","Charles Morgan","ALP",166,27.04,17767,30.33
"Reid",3,"Jack Hughes","SL","Leslie Brown","Ind UAP31",764,12.09,16508,28.18
"Reid",3,"Jack Hughes","SL","Joe Gander","LL40",1576,24.94,20321,34.69
"Reid",3,"Jack Hughes","SL","Charles Morgan","ALP",3979,62.97,21746,37.13
"Reid",4,"Leslie Brown","Ind UAP31","Joe Gander","LL40",7818,47.36,28139,48.04
"Reid",4,"Leslie Brown","Ind UAP31","Charles Morgan","ALP",8690,52.64,30436,51.96
"Riverina",2,"Charles Lenon","SL","Ronald Cuttle","Ind",28,2.38,1436,3.09
"Riverina",2,"Charles Lenon","SL","John Hogan","ADM",66,5.61,7637,16.42
"Riverina",2,"Charles Lenon","SL","Joe Langtry","ALP",899,76.38,10982,23.61
"Riverina",2,"Charles Lenon","SL","Horace Nock","CP",57,4.84,12412,26.68
"Riverina",2,"Charles Lenon","SL","William Quirk","LL40",108,9.18,6832,14.69
"Riverina",2,"Charles Lenon","SL","Hugh Roberton","CP",19,1.61,7218,15.52
"Riverina",3,"Ronald Cuttle","Ind","John Hogan","ADM",831,57.87,8468,18.2
"Riverina",3,"Ronald Cuttle","Ind","Joe Langtry","ALP",141,9.82,11123,23.91
"Riverina",3,"Ronald Cuttle","Ind","Horace Nock","CP",200,13.93,12612,27.11
"Riverina",3,"Ronald Cuttle","Ind","William Quirk","LL40",83,5.78,6915,14.87
"Riverina",3,"Ronald Cuttle","Ind","Hugh Roberton","CP",181,12.6,7399,15.91
"Riverina",4,"William Quirk","LL40","John Hogan","ADM",1291,18.67,9759,20.98
"Riverina",4,"William Quirk","LL40","Joe Langtry","ALP",4943,71.48,16066,34.54
"Riverina",4,"William Quirk","LL40","Horace Nock","CP",322,4.66,12934,27.8
"Riverina",4,"William Quirk","LL40","Hugh Roberton","CP",359,5.19,7758,16.68
"Riverina",5,"Hugh Roberton","CP","John Hogan","ADM",1190,15.34,10949,23.54
"Riverina",5,"Hugh Roberton","CP","Joe Langtry","ALP",354,4.56,16420,35.3
"Riverina",5,"Hugh Roberton","CP","Horace Nock","CP",6214,80.1,19148,41.16
"Riverina",6,"John Hogan","ADM","Joe Langtry","ALP",7560,69.05,23980,51.55
"Riverina",6,"John Hogan","ADM","Horace Nock","CP",3389,30.95,22537,48.45
"Robertson",2,"Edward Down","Ind","William Cox","Ind",79,49.07,1719,3.22
"Robertson",2,"Edward Down","Ind","Sydney Gardner","UAP31",32,19.88,9174,17.21
"Robertson",2,"Edward Down","Ind","Michael McKeon","LL40",19,11.8,4754,8.92
"Robertson",2,"Edward Down","Ind","Campbell Marshall","UAP31",6,3.73,1623,3.04
"Robertson",2,"Edward Down","Ind","James Russell","SL",5,3.11,3508,6.58
"Robertson",2,"Edward Down","Ind","Eric Spooner","UAP31",10,6.21,14819,27.79
"Robertson",2,"Edward Down","Ind","Thomas Williams","ALP",10,6.21,17722,33.24
"Robertson",3,"Campbell Marshall","UAP31","William Cox","Ind",47,2.9,1766,3.31
"Robertson",3,"Campbell Marshall","UAP31","Sydney Gardner","UAP31",803,49.48,9977,18.71
"Robertson",3,"Campbell Marshall","UAP31","Michael McKeon","LL40",66,4.07,4820,9.04
"Robertson",3,"Campbell Marshall","UAP31","James Russell","SL",132,8.13,3640,6.83
"Robertson",3,"Campbell Marshall","UAP31","Eric Spooner","UAP31",495,30.5,15314,28.72
"Robertson",3,"Campbell Marshall","UAP31","Thomas Williams","ALP",80,4.93,17802,33.39
"Robertson",4,"William Cox","Ind","Sydney Gardner","UAP31",1410,79.84,11387,21.36
"Robertson",4,"William Cox","Ind","Michael McKeon","LL40",132,7.47,4952,9.29
"Robertson",4,"William Cox","Ind","James Russell","SL",60,3.4,3700,6.94
"Robertson",4,"William Cox","Ind","Eric Spooner","UAP31",78,4.42,15392,28.87
"Robertson",4,"William Cox","Ind","Thomas Williams","ALP",86,4.87,17888,33.55
"Robertson",5,"James Russell","SL","Sydney Gardner","UAP31",265,7.16,11652,21.85
"Robertson",5,"James Russell","SL","Michael McKeon","LL40",613,16.57,5565,10.44
"Robertson",5,"James Russell","SL","Eric Spooner","UAP31",350,9.46,15742,29.52
"Robertson",5,"James Russell","SL","Thomas Williams","ALP",2472,66.81,20360,38.19
"Robertson",6,"Michael McKeon","LL40","Sydney Gardner","UAP31",625,11.23,12277,23.03
"Robertson",6,"Michael McKeon","LL40","Eric Spooner","UAP31",236,4.24,15978,29.97
"Robertson",6,"Michael McKeon","LL40","Thomas Williams","ALP",4704,84.53,25064,47.01
"Robertson",7,"Sydney Gardner","UAP31","Eric Spooner","UAP31",10867,88.52,26845,50.35
"Robertson",7,"Sydney Gardner","UAP31","Thomas Williams","ALP",1410,11.48,26474,49.65
"Watson",2,"Richard Wilson","SL","Max Falstein","ALP",4159,70.88,25260,41.24
"Watson",2,"Richard Wilson","SL","Cecil Irwin","LL40",875,14.91,7568,12.36
"Watson",2,"Richard Wilson","SL","John Jennings","UAP31",834,14.21,28420,46.4
"Watson",3,"Cecil Irwin","LL40","Max Falstein","ALP",6571,86.83,31831,51.97
"Watson",3,"Cecil Irwin","LL40","John Jennings","UAP31",997,13.17,29417,48.03
"Wentworth",2,"George McDonald","Ind Nat","Norman Cowper","UAP31",167,21.66,13266,21.17
"Wentworth",2,"George McDonald","Ind Nat","Eric Harrison","UAP31",258,33.46,27227,43.46
"Wentworth",2,"George McDonald","Ind Nat","Jim Morley","SL",145,18.81,6394,10.21
"Wentworth",2,"George McDonald","Ind Nat","Norman Smith","ALP",85,11.02,14585,23.28
"Wentworth",2,"George McDonald","Ind Nat","Richard Stranger","UAP31",116,15.05,1178,1.88
"Wentworth",3,"Richard Stranger","UAP31","Norman Cowper","UAP31",316,26.83,13582,21.68
"Wentworth",3,"Richard Stranger","UAP31","Eric Harrison","UAP31",601,51.02,27828,44.42
"Wentworth",3,"Richard Stranger","UAP31","Jim Morley","SL",73,6.2,6467,10.32
"Wentworth",3,"Richard Stranger","UAP31","Norman Smith","ALP",188,15.96,14773,23.58
"Wentworth",4,"Jim Morley","SL","Norman Cowper","UAP31",449,6.94,14031,22.4
"Wentworth",4,"Jim Morley","SL","Eric Harrison","UAP31",436,6.74,28264,45.11
"Wentworth",4,"Jim Morley","SL","Norman Smith","ALP",5582,86.32,20355,32.49
"Wentworth",5,"Norman Cowper","UAP31","Eric Harrison","UAP31",12954,92.32,41218,65.79
"Wentworth",5,"Norman Cowper","UAP31","Norman Smith","ALP",1077,7.68,21432,34.21
"Werriwa",2,"Mont Sheppard","UAP31","Rex Connor","SL",29,3.97,7541,12.63
"Werriwa",2,"Mont Sheppard","UAP31","Walter Duncan","UAP31",426,58.28,6436,10.78
"Werriwa",2,"Mont Sheppard","UAP31","Charles Hardwick","UAP31",38,5.2,7992,13.38
"Werriwa",2,"Mont Sheppard","UAP31","Bert Lazzarini","ALP",37,5.06,24803,41.53
"Werriwa",2,"Mont Sheppard","UAP31","Con Quilkey","LL40",17,2.33,6318,10.58
"Werriwa",2,"Mont Sheppard","UAP31","Lyell Scott","UAP31",88,12.04,4258,7.13
"Werriwa",2,"Mont Sheppard","UAP31","Joseph Worland","UAP31",96,13.13,2374,3.98
"Werriwa",3,"Joseph Worland","UAP31","Rex Connor","SL",51,2.15,7592,12.71
"Werriwa",3,"Joseph Worland","UAP31","Walter Duncan","UAP31",368,15.5,6804,11.39
"Werriwa",3,"Joseph Worland","UAP31","Charles Hardwick","UAP31",1210,50.97,9202,15.41
"Werriwa",3,"Joseph Worland","UAP31","Bert Lazzarini","ALP",135,5.69,24938,41.76
"Werriwa",3,"Joseph Worland","UAP31","Con Quilkey","LL40",52,2.19,6370,10.67
"Werriwa",3,"Joseph Worland","UAP31","Lyell Scott","UAP31",558,23.5,4816,8.06
"Werriwa",4,"Lyell Scott","UAP31","Rex Connor","SL",214,4.44,7806,13.07
"Werriwa",4,"Lyell Scott","UAP31","Walter Duncan","UAP31",884,18.36,7688,12.87
"Werriwa",4,"Lyell Scott","UAP31","Charles Hardwick","UAP31",2988,62.04,12190,20.41
"Werriwa",4,"Lyell Scott","UAP31","Bert Lazzarini","ALP",214,4.44,25152,42.12
"Werriwa",4,"Lyell Scott","UAP31","Con Quilkey","LL40",516,10.71,6886,11.53
"Werriwa",5,"Con Quilkey","LL40","Rex Connor","SL",846,12.29,8652,14.49
"Werriwa",5,"Con Quilkey","LL40","Walter Duncan","UAP31",136,1.98,7824,13.1
"Werriwa",5,"Con Quilkey","LL40","Charles Hardwick","UAP31",201,2.92,12391,20.75
"Werriwa",5,"Con Quilkey","LL40","Bert Lazzarini","ALP",5703,82.82,30855,51.66
"Ballaarat",2,"Alex Russell","Ind","Edward Montgomery","UAP31",4547,79.09,23636,49.7
"Ballaarat",2,"Alex Russell","Ind","Reg Pollard","ALP",1202,20.91,23917,50.3
"Bendigo",2,"John Barton","Ind UCP34","Bert de Grandi","ALP",2016,34.95,19469,42.52
"Bendigo",2,"John Barton","Ind UCP34","George Rankin","UCP34",3753,65.05,26314,57.48
"Flinders",2,"Alexander Amess","Ind","Frank Lee","ALP",2348,72.36,17813,31.93
"Flinders",2,"Alexander Amess","Ind","Edward Mann","Ind",667,20.55,15587,27.94
"Flinders",2,"Alexander Amess","Ind","Rupert Ryan","UAP31",230,7.09,22384,40.13
"Flinders",3,"Edward Mann","Ind","Frank Lee","ALP",5380,34.52,23193,41.58
"Flinders",3,"Edward Mann","Ind","Rupert Ryan","UAP31",10207,65.48,32591,58.42
"Gippsland",2,"Calvert Wyeth","Ind","George Bowden","UCP34",1067,31.36,9073,18.89
"Gippsland",2,"Calvert Wyeth","Ind","James McKenna","ALP",748,21.99,16830,35.04
"Gippsland",2,"Calvert Wyeth","Ind","Thomas Paterson","LCP",1587,46.65,22134,46.08
"Gippsland",3,"George Bowden","UCP34","James McKenna","ALP",3950,43.54,20780,43.26
"Gippsland",3,"George Bowden","UCP34","Thomas Paterson","LCP",5123,56.46,27257,56.74
"Wannon",2,"Jabez Potts","Ind","John Crawford","Ind CP",477,22.04,2967,5.88
"Wannon",2,"Jabez Potts","Ind","Don McLeod","ALP",535,24.72,25068,49.68
"Wannon",2,"Jabez Potts","Ind","Thomas Scholfield","UAP31",1152,53.23,22423,44.44
"Wannon",3,"John Crawford","Ind CP","Don McLeod","ALP",2030,68.42,27098,53.7
"Wannon",3,"John Crawford","Ind CP","Thomas Scholfield","UAP31",937,31.58,23360,46.3
"Wimmera",2,"Robert Johnstone","Ind","Hugh McClelland","Ind CP",1007,66.12,13568,30
"Wimmera",2,"Robert Johnstone","Ind","Michael Nolan","ALP",240,15.76,11462,25.35
"Wimmera",2,"Robert Johnstone","Ind","Alexander Wilson","UCP34",276,18.12,20191,44.65
"Wimmera",3,"Michael Nolan","ALP","Hugh McClelland","Ind CP",1735,15.14,15303,33.84
"Wimmera",3,"Michael Nolan","ALP","Alexander Wilson","UCP34",9727,84.86,29918,66.16
"Herbert",2,"Louis Haydon","Ind RSL","Thomas Mann","CP",2673,79.89,24218,39.89
"Herbert",2,"Louis Haydon","Ind RSL","George Martens","ALP",389,11.63,25101,41.35
"Herbert",2,"Louis Haydon","Ind RSL","Fred Paterson","Ind",284,8.49,11388,18.76
"Herbert",3,"Fred Paterson","Ind","Thomas Mann","CP",2228,19.56,26446,43.56
"Herbert",3,"Fred Paterson","Ind","George Martens","ALP",9160,80.44,34261,56.44
"Maranoa",2,"Henry Madden","Ind","Frank Baker","ALP",1882,49.42,25987,51.6
"Maranoa",2,"Henry Madden","Ind","Bob McGeoch","CP",1926,50.58,24378,48.4
"Adelaide",2,"Bert Edwards","Ind ALP","Raymond Davis","ADLP",1674,36.49,6580,11.18
"Adelaide",2,"Bert Edwards","Ind ALP","Edgar Dawes","ALP",1789,39,21739,36.95
"Adelaide",2,"Bert Edwards","Ind ALP","Fred Stacey","UAP31",1124,24.5,30517,51.87
"Fremantle",2,"Gil Clarke","Ind UAP31","John Curtin","ALP",1480,44.26,28779,50.56
"Fremantle",2,"Gil Clarke","Ind UAP31","Frederick Lee","UAP31",1864,55.74,28138,49.44
"Swan",2,"John Tregenza","BIWF","Claude Barker","Ind",141,14.3,7899,16.9
"Swan",2,"John Tregenza","BIWF","Jim Dinan","ALP",106,10.75,13299,28.46
"Swan",2,"John Tregenza","BIWF","Henry Gregory","CP",267,27.08,16264,34.8
"Swan",2,"John Tregenza","BIWF","Thomas Marwick","CP",472,47.87,9272,19.84
"Swan",3,"Claude Barker","Ind","Jim Dinan","ALP",5117,64.78,18416,39.41
"Swan",3,"Claude Barker","Ind","Henry Gregory","CP",1566,19.83,17830,38.15
"Swan",3,"Claude Barker","Ind","Thomas Marwick","CP",1216,15.39,10488,22.44
"Swan",4,"Thomas Marwick","CP","Jim Dinan","ALP",1463,13.95,19879,42.54
"Swan",4,"Thomas Marwick","CP","Henry Gregory","CP",9025,86.05,26855,57.46
"Bass",2,"John Watson","Ind","Claude Barnard","ALP",588,40.5,12597,51.82
"Bass",2,"John Watson","Ind","Algie Findlay","UAP31",342,23.55,5976,24.58
"Bass",2,"John Watson","Ind","Desmond Oldham","UAP31",522,35.95,5737,23.6
"Wilmot",2,"Frank Edwards","UAP31","Allan Guy","UAP31",4540,92.41,12841,55.05
"Wilmot",2,"Frank Edwards","UAP31","Lancelot Spurr","ALP",373,7.59,10486,44.95
"Northern Territory",2,"John McDonald","Ind ALP","Adair Blain","Ind",144,36.83,1766,42.3
"Northern Territory",2,"John McDonald","Ind ALP","Fred Colson","Ind",158,40.41,999,23.93
"Northern Territory",2,"John McDonald","Ind ALP","Lindsay Craig","ALP",89,22.76,1410,33.77
"Northern Territory",3,"Fred Colson","Ind","Adair Blain","Ind",813,81.38,2579,61.77
"Northern Territory",3,"Fred Colson","Ind","Lindsay Craig","ALP",186,18.62,1596,38.23
