"Seat","Count","From_candidate","From_party","To_candidate","To_party","Transferred_votes","Transferred_perc","New_votes","New_vote_perc"
"Banks",2,"Montague Green","AD","John Mountford","ALP",2435,53.07,37908,61.37
"Banks",2,"Montague Green","AD","Max Parker","Lib46",2153,46.93,23858,38.63
"Banks",2,"Montague Green","AD","Exhausted","",2,0.04,2,NA
"Barton",2,"Ron George","AD","Jim Bradfield","Lib46",2436,57.97,31635,48.8
"Barton",2,"Ron George","AD","Gary Punch","ALP",1766,42.03,33197,51.2
"Barton",2,"Ron George","AD","Exhausted","",7,0.17,7,NA
"Bennelong",2,"Steve Gabell","AD","John Howard","Lib46",2708,50.4,36528,58.5
"Bennelong",2,"Steve Gabell","AD","Margaret Duckett","ALP",2665,49.6,25916,41.5
"Bennelong",2,"Steve Gabell","AD","Exhausted","",4,0.07,4,NA
"Berowra",2,"Chris Rogers","AD","Rodney Berry","ALP",2854,49.4,21946,35.16
"Berowra",2,"Chris Rogers","AD","Harry Edwards","Lib46",2923,50.6,40468,64.84
"Blaxland",2,"Samuel Adams","AD","Paul Keating","ALP",2507,60.81,37646,66.23
"Blaxland",2,"Samuel Adams","AD","Bob Young","Lib46",1616,39.19,19197,33.77
"Blaxland",2,"Samuel Adams","AD","Exhausted","",42,1.01,42,NA
"Bradfield",2,"Emma Veitch","AD","David Connolly","Lib46",2432,50.23,47333,75.45
"Bradfield",2,"Emma Veitch","AD","Matthew Strassberg","ALP",2410,49.77,15401,24.55
"Bradfield",2,"Emma Veitch","AD","Exhausted","",22,0.45,22,NA
"Calare",2,"Gregory Hamilton","AD","Ian Byrne","Lib46",349,16.62,11143,17.94
"Calare",2,"Gregory Hamilton","AD","Russ Turner","NPA",301,14.33,13965,22.48
"Calare",2,"Gregory Hamilton","AD","Margaret Stevenson","Ind",614,29.24,5210,8.39
"Calare",2,"Gregory Hamilton","AD","David Simmons","ALP",836,39.81,31792,51.19
"Calare",2,"Gregory Hamilton","AD","Exhausted","",1,0.05,1,NA
"Calare",3,"Margaret Stevenson","Ind","Ian Byrne","Lib46",1579,30.33,12722,20.48
"Calare",3,"Margaret Stevenson","Ind","Russ Turner","NPA",1584,30.43,15549,25.04
"Calare",3,"Margaret Stevenson","Ind","David Simmons","ALP",2043,39.24,33835,54.48
"Calare",3,"Margaret Stevenson","Ind","Exhausted","",4,0.08,5,NA
"Calare",4,"Ian Byrne","Lib46","Russ Turner","NPA",12039,94.7,27588,44.43
"Calare",4,"Ian Byrne","Lib46","David Simmons","ALP",674,5.3,34509,55.57
"Calare",4,"Ian Byrne","Lib46","Exhausted","",9,0.07,14,NA
"Charlton",2,"Lyn Godfrey","AD","Don Harris","Lib46",3138,51.4,19354,32.7
"Charlton",2,"Lyn Godfrey","AD","Bob Brown","ALP",2967,48.6,39827,67.3
"Chifley",2,"Dominic Fanning","AD","Ken Jessup","Lib46",1480,50.19,15595,30.52
"Chifley",2,"Dominic Fanning","AD","Roger Price","ALP",1469,49.81,35503,69.48
"Chifley",2,"Dominic Fanning","AD","Exhausted","",2,0.07,2,NA
"Cook",2,"Brett Gooley","AD","Peter McIlwaine","ALP",1788,50.06,27941,44.61
"Cook",2,"Brett Gooley","AD","Don Dobie","Lib46",1784,49.94,34699,55.39
"Cowper",2,"Keith Jervis","Ind","Garry Nehl","NPA",251,16.77,18361,30.57
"Cowper",2,"Keith Jervis","Ind","David Rees","Ind",367,24.52,2394,3.99
"Cowper",2,"Keith Jervis","Ind","Alfred Tozer","AD",244,16.3,1973,3.28
"Cowper",2,"Keith Jervis","Ind","Peter Simpson","Lib46",217,14.5,12249,20.39
"Cowper",2,"Keith Jervis","Ind","Joe Moran","ALP",418,27.92,25090,41.77
"Cowper",2,"Keith Jervis","Ind","Exhausted","",2,0.13,2,NA
"Cowper",3,"Alfred Tozer","AD","Garry Nehl","NPA",380,19.27,18741,31.2
"Cowper",3,"Alfred Tozer","AD","David Rees","Ind",526,26.67,2920,4.86
"Cowper",3,"Alfred Tozer","AD","Peter Simpson","Lib46",295,14.96,12544,20.88
"Cowper",3,"Alfred Tozer","AD","Joe Moran","ALP",771,39.1,25861,43.05
"Cowper",3,"Alfred Tozer","AD","Exhausted","",1,0.05,3,NA
"Cowper",4,"David Rees","Ind","Garry Nehl","NPA",1152,39.47,19893,33.12
"Cowper",4,"David Rees","Ind","Peter Simpson","Lib46",1142,39.12,13686,22.79
"Cowper",4,"David Rees","Ind","Joe Moran","ALP",625,21.41,26486,44.1
"Cowper",4,"David Rees","Ind","Exhausted","",1,0.03,4,NA
"Cowper",5,"Peter Simpson","Lib46","Garry Nehl","NPA",12598,92.11,32491,54.1
"Cowper",5,"Peter Simpson","Lib46","Joe Moran","ALP",1079,7.89,27565,45.9
"Cowper",5,"Peter Simpson","Lib46","Exhausted","",9,0.07,13,NA
"Cunningham",2,"John Garcia","SWP","Stewart West","ALP",333,59.89,35583,63.38
"Cunningham",2,"John Garcia","SWP","Rudolph Dezelin","Ind",26,4.68,647,1.15
"Cunningham",2,"John Garcia","SWP","Neil Cleary","Ind",34,6.12,1255,2.24
"Cunningham",2,"John Garcia","SWP","Greg Butler","AD",124,22.3,4405,7.85
"Cunningham",2,"John Garcia","SWP","Gayle Mitchell","Lib46",39,7.01,14248,25.38
"Cunningham",2,"John Garcia","SWP","Exhausted","",5,0.89,5,NA
"Cunningham",3,"Rudolph Dezelin","Ind","Stewart West","ALP",156,24.26,35739,63.67
"Cunningham",3,"Rudolph Dezelin","Ind","Neil Cleary","Ind",390,60.65,1645,2.93
"Cunningham",3,"Rudolph Dezelin","Ind","Greg Butler","AD",49,7.62,4454,7.93
"Cunningham",3,"Rudolph Dezelin","Ind","Gayle Mitchell","Lib46",48,7.47,14296,25.47
"Cunningham",3,"Rudolph Dezelin","Ind","Exhausted","",4,0.62,9,NA
"Cunningham",4,"Neil Cleary","Ind","Stewart West","ALP",491,29.96,36230,64.55
"Cunningham",4,"Neil Cleary","Ind","Greg Butler","AD",706,43.08,5160,9.19
"Cunningham",4,"Neil Cleary","Ind","Gayle Mitchell","Lib46",442,26.97,14738,26.26
"Cunningham",4,"Neil Cleary","Ind","Exhausted","",6,0.36,15,NA
"Cunningham",5,"Greg Butler","AD","Stewart West","ALP",2520,48.96,38750,69.05
"Cunningham",5,"Greg Butler","AD","Gayle Mitchell","Lib46",2627,51.04,17365,30.95
"Cunningham",5,"Greg Butler","AD","Exhausted","",13,0.25,28,NA
"Dobell",2,"Lynn Sawyer","AD","Isaac Shields","Lib46",2121,50.89,22235,40.14
"Dobell",2,"Lynn Sawyer","AD","Michael Lee","ALP",2047,49.11,33159,59.86
"Dundas",2,"John Tuminello","AD","Margaret Blaxell","ALP",3147,58.28,25223,41.13
"Dundas",2,"John Tuminello","AD","Philip Ruddock","Lib46",2253,41.72,36099,58.87
"Eden-Monaro",2,"Alexander Black","NPA","Murray Sainsbury","Lib46",1782,81.97,25457,45.94
"Eden-Monaro",2,"Alexander Black","NPA","Jim Snow","ALP",211,9.71,26342,47.54
"Eden-Monaro",2,"Alexander Black","NPA","Bob Shumack","NDP",181,8.33,3616,6.53
"Eden-Monaro",2,"Alexander Black","NPA","Exhausted","",4,0.18,4,NA
"Eden-Monaro",3,"Bob Shumack","NDP","Murray Sainsbury","Lib46",1149,31.78,26606,48.01
"Eden-Monaro",3,"Bob Shumack","NDP","Jim Snow","ALP",2466,68.22,28808,51.99
"Eden-Monaro",3,"Bob Shumack","NDP","Exhausted","",1,0.03,5,NA
"Farrer",2,"John Roach","Lib46","Eric Thomas","ALP",782,6.06,23020,37.05
"Farrer",2,"John Roach","Lib46","Tim Fischer","NPA",12130,93.94,39116,62.95
"Farrer",2,"John Roach","Lib46","Exhausted","",3,0.02,3,NA
"Fowler",2,"David Bransdon","Ind","Ted Grace","ALP",1729,56.65,35804,70.33
"Fowler",2,"David Bransdon","Ind","Ken Wills","Lib46",1323,43.35,15104,29.67
"Fowler",2,"David Bransdon","Ind","Exhausted","",13,0.42,13,NA
"Gilmore",2,"Ronald Sarina","Ind","John Sharp","NPA",30,26.55,16493,28.34
"Gilmore",2,"Ronald Sarina","Ind","John Sanders","AD",17,15.04,1612,2.77
"Gilmore",2,"Ronald Sarina","Ind","Noel Anderson","Lib46",5,4.42,12218,20.99
"Gilmore",2,"Ronald Sarina","Ind","Rodney Lander","NDP",32,28.32,2035,3.5
"Gilmore",2,"Ronald Sarina","Ind","Bob Stephens","ALP",29,25.66,25841,44.4
"Gilmore",2,"Ronald Sarina","Ind","Exhausted","",1,0.88,1,NA
"Gilmore",3,"John Sanders","AD","John Sharp","NPA",443,27.48,16936,29.1
"Gilmore",3,"John Sanders","AD","Noel Anderson","Lib46",327,20.29,12545,21.56
"Gilmore",3,"John Sanders","AD","Rodney Lander","NDP",442,27.42,2477,4.26
"Gilmore",3,"John Sanders","AD","Bob Stephens","ALP",400,24.81,26241,45.09
"Gilmore",3,"John Sanders","AD","Exhausted","",0,0,1,NA
"Gilmore",4,"Rodney Lander","NDP","John Sharp","NPA",581,23.54,17517,30.1
"Gilmore",4,"Rodney Lander","NDP","Noel Anderson","Lib46",432,17.5,12977,22.3
"Gilmore",4,"Rodney Lander","NDP","Bob Stephens","ALP",1455,58.95,27696,47.6
"Gilmore",4,"Rodney Lander","NDP","Exhausted","",9,0.36,10,NA
"Gilmore",5,"Noel Anderson","Lib46","John Sharp","NPA",12283,94.74,29800,51.22
"Gilmore",5,"Noel Anderson","Lib46","Bob Stephens","ALP",682,5.26,28378,48.78
"Gilmore",5,"Noel Anderson","Lib46","Exhausted","",12,0.09,22,NA
"Grayndler",2,"Christine Broi","SWP","John Marsden-Lynch","Lib46",1833,63.45,18741,32.46
"Grayndler",2,"Christine Broi","SWP","Peter Hennessy","AD",295,10.21,3385,5.86
"Grayndler",2,"Christine Broi","SWP","Leo McLeay","ALP",761,26.34,35608,61.68
"Grayndler",2,"Christine Broi","SWP","Exhausted","",20,0.69,20,NA
"Grayndler",3,"Peter Hennessy","AD","John Marsden-Lynch","Lib46",1521,45.05,20262,35.1
"Grayndler",3,"Peter Hennessy","AD","Leo McLeay","ALP",1855,54.95,37463,64.9
"Grayndler",3,"Peter Hennessy","AD","Exhausted","",9,0.27,29,NA
"Greenway",2,"Ray Eade","Ind","Russ Gorman","ALP",2156,84.55,33540,60.7
"Greenway",2,"Ray Eade","Ind","Michael Corbin","Ind",256,10.04,5813,10.52
"Greenway",2,"Ray Eade","Ind","Edna Mitchell","Lib46",138,5.41,15903,28.78
"Greenway",2,"Ray Eade","Ind","Exhausted","",7,0.27,7,NA
"Greenway",3,"Michael Corbin","Ind","Russ Gorman","ALP",1723,29.73,35263,63.84
"Greenway",3,"Michael Corbin","Ind","Edna Mitchell","Lib46",4072,70.27,19975,36.16
"Greenway",3,"Michael Corbin","Ind","Exhausted","",18,0.31,25,NA
"Gwydir",2,"John Brazier","Ind","Pamela Smith","ALP",250,25.83,25521,41.04
"Gwydir",2,"John Brazier","Ind","Ralph Hunt","NPA",467,48.24,34455,55.41
"Gwydir",2,"John Brazier","Ind","Lyall Munro","AD",251,25.93,2209,3.55
"Gwydir",3,"Lyall Munro","AD","Pamela Smith","ALP",1026,46.53,26547,42.69
"Gwydir",3,"Lyall Munro","AD","Ralph Hunt","NPA",1179,53.47,35634,57.31
"Gwydir",3,"Lyall Munro","AD","Exhausted","",4,0.18,4,NA
"Hughes",2,"Marjorie Wisby","Ind","Cliff Mason","Lib46",204,41.05,22994,39.94
"Hughes",2,"Marjorie Wisby","Ind","Harold Jeffrey","AD",209,42.05,4267,7.41
"Hughes",2,"Marjorie Wisby","Ind","Robert Tickner","ALP",84,16.9,30308,52.65
"Hughes",3,"Harold Jeffrey","AD","Cliff Mason","Lib46",2058,48.23,25052,43.52
"Hughes",3,"Harold Jeffrey","AD","Robert Tickner","ALP",2209,51.77,32517,56.48
"Hume",2,"Stephen Lusher","NPA","Rodney Milliken","ALP",1879,10.3,26221,42.35
"Hume",2,"Stephen Lusher","NPA","Wal Fife","Lib46",16364,89.7,35695,57.65
"Hume",2,"Stephen Lusher","NPA","Exhausted","",2,0.01,2,NA
"Hunter",2,"Warren Reid","AD","Ron Dolton","Lib46",778,26.4,17261,28.56
"Hunter",2,"Warren Reid","AD","John Turner","NPA",800,27.15,13220,21.87
"Hunter",2,"Warren Reid","AD","Eric Fitzgibbon","ALP",1369,46.45,29958,49.57
"Hunter",2,"Warren Reid","AD","Exhausted","",5,0.17,5,NA
"Hunter",3,"John Turner","NPA","Ron Dolton","Lib46",11528,87.25,28789,47.64
"Hunter",3,"John Turner","NPA","Eric Fitzgibbon","ALP",1684,12.75,31642,52.36
"Hunter",3,"John Turner","NPA","Exhausted","",8,0.06,13,NA
"Kingsford-Smith",2,"Helen Boyle","Ind","Peter Longfield","AD",626,26.99,5145,8.53
"Kingsford-Smith",2,"Helen Boyle","Ind","Lionel Bowen","ALP",1265,54.55,39244,65.03
"Kingsford-Smith",2,"Helen Boyle","Ind","Collin O'Neill","Lib46",428,18.46,15954,26.44
"Kingsford-Smith",2,"Helen Boyle","Ind","Exhausted","",2,0.09,2,NA
"Kingsford-Smith",3,"Peter Longfield","AD","Lionel Bowen","ALP",3533,68.87,42777,70.91
"Kingsford-Smith",3,"Peter Longfield","AD","Collin O'Neill","Lib46",1597,31.13,17551,29.09
"Kingsford-Smith",3,"Peter Longfield","AD","Exhausted","",15,0.29,17,NA
"Lindsay",2,"Kevin Crameri","AD","Ross Free","ALP",2276,48.6,34885,61.55
"Lindsay",2,"Kevin Crameri","AD","Stuart Coppock","Lib46",2407,51.4,21790,38.45
"Lowe",2,"Kent Buncombe","AD","Geoffrey Howe","Lib46",2660,60.56,29472,47.78
"Lowe",2,"Kent Buncombe","AD","Michael Maher","ALP",1732,39.44,32215,52.22
"Lowe",2,"Kent Buncombe","AD","Exhausted","",8,0.18,8,NA
"Lyne",2,"Stewart Cooper","Ind","Fred May","ALP",285,33.06,23992,40.14
"Lyne",2,"Stewart Cooper","Ind","Roland Inman","AD",411,47.68,3812,6.38
"Lyne",2,"Stewart Cooper","Ind","Bruce Cowan","NPA",166,19.26,31967,53.48
"Lyne",2,"Stewart Cooper","Ind","Exhausted","",1,0.12,1,NA
"Lyne",3,"Roland Inman","AD","Fred May","ALP",1822,47.82,25814,43.19
"Lyne",3,"Roland Inman","AD","Bruce Cowan","NPA",1988,52.18,33955,56.81
"Lyne",3,"Roland Inman","AD","Exhausted","",2,0.05,3,NA
"Macarthur",2,"Meg Sampson","AD","Stephen Martin","ALP",3820,59.56,34920,62.32
"Macarthur",2,"Meg Sampson","AD","Mark Stanham","Lib46",2594,40.44,21115,37.68
"Macarthur",2,"Meg Sampson","AD","Exhausted","",7,0.11,7,NA
"Mackellar",2,"Maurice Foley","Ind","Graeme Maclennan","AD",449,45.96,5921,10.05
"Mackellar",2,"Maurice Foley","Ind","Jim Carlton","Lib46",325,33.27,32200,54.63
"Mackellar",2,"Maurice Foley","Ind","Tim Cusack","ALP",203,20.78,20817,35.32
"Mackellar",3,"Graeme Maclennan","AD","Jim Carlton","Lib46",3236,54.67,35436,60.13
"Mackellar",3,"Graeme Maclennan","AD","Tim Cusack","ALP",2683,45.33,23500,39.87
"Mackellar",3,"Graeme Maclennan","AD","Exhausted","",2,0.03,2,NA
"Macquarie",2,"Paul McGirr","NPA","Alasdair Webster","Lib46",2363,77.96,25159,45.32
"Macquarie",2,"Paul McGirr","NPA","Dick Jackson-Hope","AD",167,5.51,4220,7.6
"Macquarie",2,"Paul McGirr","NPA","Garry Cronan","ALP",183,6.04,22748,40.98
"Macquarie",2,"Paul McGirr","NPA","Peter Quirk","Ind",318,10.49,3387,6.1
"Macquarie",2,"Paul McGirr","NPA","Exhausted","",5,0.16,5,NA
"Macquarie",3,"Peter Quirk","Ind","Alasdair Webster","Lib46",914,27.01,26073,46.97
"Macquarie",3,"Peter Quirk","Ind","Dick Jackson-Hope","AD",1554,45.92,5774,10.4
"Macquarie",3,"Peter Quirk","Ind","Garry Cronan","ALP",916,27.07,23664,42.63
"Macquarie",3,"Peter Quirk","Ind","Exhausted","",3,0.09,8,NA
"Macquarie",4,"Dick Jackson-Hope","AD","Alasdair Webster","Lib46",2456,42.54,28529,51.39
"Macquarie",4,"Dick Jackson-Hope","AD","Garry Cronan","ALP",3317,57.46,26981,48.61
"Macquarie",4,"Dick Jackson-Hope","AD","Exhausted","",1,0.02,9,NA
"Mitchell",2,"Alan Page","AD","Alan Cadman","Lib46",1843,46.92,39411,70.78
"Mitchell",2,"Alan Page","AD","Edward Mason","ALP",2085,53.08,16273,29.22
"Newcastle",2,"Jim Campbell","Ind","Ashley Saunders","Lib46",121,14.67,10961,18.45
"Newcastle",2,"Jim Campbell","Ind","Don Geddes","Ind",159,19.27,10619,17.87
"Newcastle",2,"Jim Campbell","Ind","Steve Jeffries","AD",249,30.18,3819,6.43
"Newcastle",2,"Jim Campbell","Ind","Allan Morris","ALP",296,35.88,34011,57.25
"Newcastle",2,"Jim Campbell","Ind","Exhausted","",12,1.43,12,NA
"Newcastle",3,"Steve Jeffries","AD","Ashley Saunders","Lib46",1111,29.29,12072,20.33
"Newcastle",3,"Steve Jeffries","AD","Don Geddes","Ind",721,19.01,11340,19.1
"Newcastle",3,"Steve Jeffries","AD","Allan Morris","ALP",1961,51.7,35972,60.58
"Newcastle",3,"Steve Jeffries","AD","Exhausted","",26,0.68,38,NA
"Newcastle",4,"Don Geddes","Ind","Ashley Saunders","Lib46",9004,79.58,21076,35.51
"Newcastle",4,"Don Geddes","Ind","Allan Morris","ALP",2311,20.42,38283,64.49
"Newcastle",4,"Don Geddes","Ind","Exhausted","",25,0.22,63,NA
"New England",2,"Rod Irvine","AD","Ian Sinclair","NPA",2138,49.87,35494,54.56
"New England",2,"Rod Irvine","AD","Joe Horan","ALP",2149,50.13,29562,45.44
"North Sydney",2,"Rod Dominish","AD","Philip Kelso","ALP",3886,61.42,23666,39
"North Sydney",2,"Rod Dominish","AD","John Spender","Lib46",2441,38.58,37020,61
"North Sydney",2,"Rod Dominish","AD","Exhausted","",4,0.06,4,NA
"Page",2,"Anne Brown","AD","Brian Morris","ALP",958,33.34,25102,42.76
"Page",2,"Anne Brown","AD","Ian Robinson","NPA",747,26,28630,48.77
"Page",2,"Anne Brown","AD","Brian Stone","Ind",1168,40.65,4968,8.46
"Page",2,"Anne Brown","AD","Exhausted","",2,0.07,2,NA
"Page",3,"Brian Stone","Ind","Brian Morris","ALP",1254,25.26,26356,44.9
"Page",3,"Brian Stone","Ind","Ian Robinson","NPA",3711,74.74,32341,55.1
"Page",3,"Brian Stone","Ind","Exhausted","",3,0.06,5,NA
"Parkes",2,"Gloria Collison","AD","Bruce Rowley","Lib46",466,25.67,17793,28.86
"Parkes",2,"Gloria Collison","AD","Michael Cobb","NPA",548,30.19,17955,29.13
"Parkes",2,"Gloria Collison","AD","Jim Curran","ALP",801,44.13,25898,42.01
"Parkes",3,"Bruce Rowley","Lib46","Michael Cobb","NPA",16635,93.52,34590,56.12
"Parkes",3,"Bruce Rowley","Lib46","Jim Curran","ALP",1153,6.48,27051,43.88
"Parkes",3,"Bruce Rowley","Lib46","Exhausted","",5,0.03,5,NA
"Parramatta",2,"John Butterworth","AD","John Brown","ALP",2230,52.41,37307,61.66
"Parramatta",2,"John Butterworth","AD","Charles Stanley","Lib46",2025,47.59,23201,38.34
"Parramatta",2,"John Butterworth","AD","Exhausted","",1,0.02,1,NA
"Phillip",2,"Fred Brinkman","Ind","Donald Rugless","Ind",214,31.29,1540,2.44
"Phillip",2,"Fred Brinkman","Ind","Peter Bardos","Lib46",273,39.91,26184,41.57
"Phillip",2,"Fred Brinkman","Ind","Jeannette McHugh","ALP",125,18.27,31726,50.37
"Phillip",2,"Fred Brinkman","Ind","Karin Sowada","AD",72,10.53,3541,5.62
"Phillip",2,"Fred Brinkman","Ind","Exhausted","",1,0.15,1,NA
"Phillip",3,"Donald Rugless","Ind","Peter Bardos","Lib46",1033,67.34,27217,43.21
"Phillip",3,"Donald Rugless","Ind","Jeannette McHugh","ALP",189,12.32,31915,50.67
"Phillip",3,"Donald Rugless","Ind","Karin Sowada","AD",312,20.34,3853,6.12
"Phillip",3,"Donald Rugless","Ind","Exhausted","",6,0.39,7,NA
"Phillip",4,"Karin Sowada","AD","Peter Bardos","Lib46",1600,41.58,28817,45.76
"Phillip",4,"Karin Sowada","AD","Jeannette McHugh","ALP",2248,58.42,34163,54.24
"Phillip",4,"Karin Sowada","AD","Exhausted","",5,0.13,12,NA
"Prospect",2,"Dick Nichols","SWP","Dick Klugman","ALP",474,60.93,38949,66.78
"Prospect",2,"Dick Nichols","SWP","Adrian Burke","Lib46",129,16.58,16214,27.8
"Prospect",2,"Dick Nichols","SWP","Robert Neesam","AD",175,22.49,3162,5.42
"Prospect",2,"Dick Nichols","SWP","Exhausted","",13,1.64,13,NA
"Prospect",3,"Robert Neesam","AD","Dick Klugman","ALP",1525,48.38,40474,69.41
"Prospect",3,"Robert Neesam","AD","Adrian Burke","Lib46",1627,51.62,17841,30.59
"Prospect",3,"Robert Neesam","AD","Exhausted","",10,0.32,23,NA
"Reid",2,"Jim Saleam","Ind","Tom Uren","ALP",1952,69.64,38336,64.55
"Reid",2,"Jim Saleam","Ind","John Roveen","AD",624,22.26,3560,5.99
"Reid",2,"Jim Saleam","Ind","Mary-Ruth Kain","Lib46",227,8.1,17496,29.46
"Reid",3,"John Roveen","AD","Tom Uren","ALP",1611,45.25,39947,67.26
"Reid",3,"John Roveen","AD","Mary-Ruth Kain","Lib46",1949,54.75,19445,32.74
"Richmond",2,"Jon Axens","Ind","Charles Blunt","NPA",561,64.78,29925,53.58
"Richmond",2,"Jon Axens","Ind","Klaas Woldring","ALP",95,10.97,20660,36.99
"Richmond",2,"Jon Axens","Ind","Jim Saunders","Ind",148,17.09,2386,4.27
"Richmond",2,"Jon Axens","Ind","Ivor Brown","AD",62,7.16,2876,5.15
"Richmond",3,"Jim Saunders","Ind","Charles Blunt","NPA",396,16.6,30321,54.29
"Richmond",3,"Jim Saunders","Ind","Klaas Woldring","ALP",1442,60.44,22102,39.58
"Richmond",3,"Jim Saunders","Ind","Ivor Brown","AD",548,22.97,3424,6.13
"Richmond",4,"Ivor Brown","AD","Charles Blunt","NPA",1596,46.61,31917,57.15
"Richmond",4,"Ivor Brown","AD","Klaas Woldring","ALP",1828,53.39,23930,42.85
"Riverina-Darling",2,"Frederick Martin","Ind","John Sullivan","Lib46",31,11.36,3967,6.63
"Riverina-Darling",2,"Frederick Martin","Ind","Noel Hicks","NPA",80,29.3,28396,47.49
"Riverina-Darling",2,"Frederick Martin","Ind","Ron Adams","ALP",94,34.43,26398,44.15
"Riverina-Darling",2,"Frederick Martin","Ind","Peter Hains","AD",68,24.91,1037,1.73
"Riverina-Darling",2,"Frederick Martin","Ind","Exhausted","",3,1.09,3,NA
"Riverina-Darling",3,"Peter Hains","AD","John Sullivan","Lib46",149,14.37,4116,6.88
"Riverina-Darling",3,"Peter Hains","AD","Noel Hicks","NPA",413,39.83,28809,48.18
"Riverina-Darling",3,"Peter Hains","AD","Ron Adams","ALP",475,45.81,26873,44.94
"Riverina-Darling",3,"Peter Hains","AD","Exhausted","",0,0,3,NA
"Riverina-Darling",4,"John Sullivan","Lib46","Noel Hicks","NPA",3833,93.35,32642,54.6
"Riverina-Darling",4,"John Sullivan","Lib46","Ron Adams","ALP",273,6.65,27146,45.4
"Riverina-Darling",4,"John Sullivan","Lib46","Exhausted","",10,0.24,13,NA
"Robertson",2,"Trevor Willsher","AD","Barry Cohen","ALP",1908,44.12,34073,58.58
"Robertson",2,"Trevor Willsher","AD","Peter Jansen","Lib46",2417,55.88,24091,41.42
"Shortland",2,"Jane Power","Ind","Milton Caine","Lib46",269,26.77,20728,32.71
"Shortland",2,"Jane Power","Ind","John Aitken","AD",330,32.84,5388,8.5
"Shortland",2,"Jane Power","Ind","Peter Morris","ALP",406,40.4,37261,58.79
"Shortland",3,"John Aitken","AD","Milton Caine","Lib46",2642,49.05,23370,36.88
"Shortland",3,"John Aitken","AD","Peter Morris","ALP",2744,50.95,40005,63.12
"Shortland",3,"John Aitken","AD","Exhausted","",2,0.04,2,NA
"St George",2,"Brian Compton","Ind","Bob Gemmell","Lib46",70,13.49,24682,40.36
"St George",2,"Brian Compton","Ind","Stanley Duncan","Ind",187,36.03,1195,1.95
"St George",2,"Brian Compton","Ind","Stephen Dubois","ALP",94,18.11,32511,53.16
"St George",2,"Brian Compton","Ind","Paul Terrett","AD",168,32.37,2767,4.52
"St George",2,"Brian Compton","Ind","Exhausted","",2,0.38,2,NA
"St George",3,"Stanley Duncan","Ind","Bob Gemmell","Lib46",602,50.59,25284,41.35
"St George",3,"Stanley Duncan","Ind","Stephen Dubois","ALP",240,20.17,32751,53.56
"St George",3,"Stanley Duncan","Ind","Paul Terrett","AD",348,29.24,3115,5.09
"St George",3,"Stanley Duncan","Ind","Exhausted","",5,0.42,7,NA
"St George",4,"Paul Terrett","AD","Bob Gemmell","Lib46",1303,41.87,26587,43.48
"St George",4,"Paul Terrett","AD","Stephen Dubois","ALP",1809,58.13,34560,56.52
"St George",4,"Paul Terrett","AD","Exhausted","",3,0.1,10,NA
"Sydney",2,"Noel Hazard","Ind","Vito Radice","Ind",26,8.97,2245,3.96
"Sydney",2,"Noel Hazard","Ind","Daphne Gollan","Ind",35,12.07,3153,5.56
"Sydney",2,"Noel Hazard","Ind","Peter Baldwin","ALP",146,50.34,32558,57.42
"Sydney",2,"Noel Hazard","Ind","Michael Walsh","AD",18,6.21,4618,8.14
"Sydney",2,"Noel Hazard","Ind","James Harker-Mortlock","Lib46",12,4.14,12859,22.68
"Sydney",2,"Noel Hazard","Ind","Aileen Beaver","CPA",53,18.28,1266,2.23
"Sydney",3,"Aileen Beaver","CPA","Vito Radice","Ind",68,5.38,2313,4.08
"Sydney",3,"Aileen Beaver","CPA","Daphne Gollan","Ind",329,26.05,3482,6.14
"Sydney",3,"Aileen Beaver","CPA","Peter Baldwin","ALP",727,57.56,33285,58.71
"Sydney",3,"Aileen Beaver","CPA","Michael Walsh","AD",107,8.47,4725,8.33
"Sydney",3,"Aileen Beaver","CPA","James Harker-Mortlock","Lib46",32,2.53,12891,22.74
"Sydney",3,"Aileen Beaver","CPA","Exhausted","",3,0.24,3,NA
"Sydney",4,"Vito Radice","Ind","Daphne Gollan","Ind",2044,88.48,5526,9.75
"Sydney",4,"Vito Radice","Ind","Peter Baldwin","ALP",86,3.72,33371,58.86
"Sydney",4,"Vito Radice","Ind","Michael Walsh","AD",65,2.81,4790,8.45
"Sydney",4,"Vito Radice","Ind","James Harker-Mortlock","Lib46",115,4.98,13006,22.94
"Sydney",4,"Vito Radice","Ind","Exhausted","",3,0.13,6,NA
"Sydney",5,"Michael Walsh","AD","Daphne Gollan","Ind",809,16.9,6335,11.17
"Sydney",5,"Michael Walsh","AD","Peter Baldwin","ALP",2331,48.68,35702,62.98
"Sydney",5,"Michael Walsh","AD","James Harker-Mortlock","Lib46",1648,34.42,14654,25.85
"Sydney",5,"Michael Walsh","AD","Exhausted","",2,0.04,8,NA
"Sydney",6,"Daphne Gollan","Ind","Peter Baldwin","ALP",5888,93.03,41590,73.37
"Sydney",6,"Daphne Gollan","Ind","James Harker-Mortlock","Lib46",441,6.97,15095,26.63
"Sydney",6,"Daphne Gollan","Ind","Exhausted","",6,0.09,14,NA
"Throsby",2,"Martin Essenberg","Ind","Colin Hollis","ALP",49,16.44,31521,57.15
"Throsby",2,"Martin Essenberg","Ind","Wendy Stubbs","Lib46",25,8.39,14673,26.6
"Throsby",2,"Martin Essenberg","Ind","Paul Trevardis","Ind",141,47.32,540,0.98
"Throsby",2,"Martin Essenberg","Ind","Alan Cole","AD",37,12.42,3132,5.68
"Throsby",2,"Martin Essenberg","Ind","Duncan Gair","NPA",46,15.44,5287,9.59
"Throsby",3,"Paul Trevardis","Ind","Colin Hollis","ALP",158,29.26,31679,57.44
"Throsby",3,"Paul Trevardis","Ind","Wendy Stubbs","Lib46",118,21.85,14791,26.82
"Throsby",3,"Paul Trevardis","Ind","Alan Cole","AD",183,33.89,3315,6.01
"Throsby",3,"Paul Trevardis","Ind","Duncan Gair","NPA",81,15,5368,9.73
"Throsby",4,"Alan Cole","AD","Colin Hollis","ALP",1646,49.74,33325,60.43
"Throsby",4,"Alan Cole","AD","Wendy Stubbs","Lib46",804,24.3,15595,28.28
"Throsby",4,"Alan Cole","AD","Duncan Gair","NPA",859,25.96,6227,11.29
"Throsby",4,"Alan Cole","AD","Exhausted","",6,0.18,6,NA
"Throsby",5,"Duncan Gair","NPA","Colin Hollis","ALP",664,10.7,33989,61.65
"Throsby",5,"Duncan Gair","NPA","Wendy Stubbs","Lib46",5544,89.3,21139,38.35
"Throsby",5,"Duncan Gair","NPA","Exhausted","",19,0.31,25,NA
"Warringah",2,"Margaret Broome","Ind","Brian Green","ALP",266,24.23,22454,35.01
"Warringah",2,"Margaret Broome","Ind","Michael MacKellar","Lib46",281,25.59,36696,57.21
"Warringah",2,"Margaret Broome","Ind","Richard Jones","AD",551,50.18,4995,7.79
"Warringah",2,"Margaret Broome","Ind","Exhausted","",2,0.18,2,NA
"Warringah",3,"Richard Jones","AD","Brian Green","ALP",2779,55.68,25233,39.34
"Warringah",3,"Richard Jones","AD","Michael MacKellar","Lib46",2212,44.32,38908,60.66
"Warringah",3,"Richard Jones","AD","Exhausted","",4,0.08,6,NA
"Wentworth",2,"Kasula Fitzroy-Mendis","Ind","George Warnecke","Ind",81,50.31,1672,2.86
"Wentworth",2,"Kasula Fitzroy-Mendis","Ind","Stephen Rothman","ALP",40,24.84,21292,36.38
"Wentworth",2,"Kasula Fitzroy-Mendis","Ind","Peter Coleman","Lib46",10,6.21,30399,51.94
"Wentworth",2,"Kasula Fitzroy-Mendis","Ind","Ray Oakes","Ind",13,8.07,255,0.44
"Wentworth",2,"Kasula Fitzroy-Mendis","Ind","Yvonne Jayawardena","AD",12,7.45,4490,7.67
"Wentworth",2,"Kasula Fitzroy-Mendis","Ind","George Atkinson","Ind",5,3.11,415,0.71
"Wentworth",2,"Kasula Fitzroy-Mendis","Ind","Exhausted","",1,0.62,1,NA
"Wentworth",3,"Ray Oakes","Ind","George Warnecke","Ind",33,13.1,1705,2.91
"Wentworth",3,"Ray Oakes","Ind","Stephen Rothman","ALP",18,7.14,21310,36.41
"Wentworth",3,"Ray Oakes","Ind","Peter Coleman","Lib46",66,26.19,30465,52.06
"Wentworth",3,"Ray Oakes","Ind","Yvonne Jayawardena","AD",62,24.6,4552,7.78
"Wentworth",3,"Ray Oakes","Ind","George Atkinson","Ind",73,28.97,488,0.83
"Wentworth",3,"Ray Oakes","Ind","Exhausted","",3,1.18,4,NA
"Wentworth",4,"George Atkinson","Ind","George Warnecke","Ind",160,32.92,1865,3.19
"Wentworth",4,"George Atkinson","Ind","Stephen Rothman","ALP",33,6.79,21343,36.47
"Wentworth",4,"George Atkinson","Ind","Peter Coleman","Lib46",186,38.27,30651,52.38
"Wentworth",4,"George Atkinson","Ind","Yvonne Jayawardena","AD",107,22.02,4659,7.96
"Wentworth",4,"George Atkinson","Ind","Exhausted","",2,0.41,6,NA
"Wentworth",5,"George Warnecke","Ind","Stephen Rothman","ALP",1213,65.85,22556,38.56
"Wentworth",5,"George Warnecke","Ind","Peter Coleman","Lib46",295,16.02,30946,52.9
"Wentworth",5,"George Warnecke","Ind","Yvonne Jayawardena","AD",334,18.13,4993,8.54
"Wentworth",5,"George Warnecke","Ind","Exhausted","",23,1.23,29,NA
"Wentworth",6,"Yvonne Jayawardena","AD","Stephen Rothman","ALP",3031,60.78,25587,43.75
"Wentworth",6,"Yvonne Jayawardena","AD","Peter Coleman","Lib46",1956,39.22,32902,56.25
"Wentworth",6,"Yvonne Jayawardena","AD","Exhausted","",6,0.12,35,NA
"Werriwa",2,"Valerie George","AD","John Kerin","ALP",1845,45.25,38737,66.87
"Werriwa",2,"Valerie George","AD","Peter Swiderski","Lib46",2232,54.75,19195,33.13
"Werriwa",2,"Valerie George","AD","Exhausted","",2,0.05,2,NA
"Aston",2,"Robert Garratt","DLP","Harry Eichler","AD",282,19.92,4202,7.43
"Aston",2,"Robert Garratt","DLP","John Saunderson","ALP",485,34.25,29411,52.01
"Aston",2,"Robert Garratt","DLP","Rob Llewellyn","Lib46",649,45.83,22935,40.56
"Aston",2,"Robert Garratt","DLP","Exhausted","",17,1.19,17,NA
"Aston",3,"Harry Eichler","AD","John Saunderson","ALP",2508,59.93,31919,56.46
"Aston",3,"Harry Eichler","AD","Rob Llewellyn","Lib46",1677,40.07,24612,43.54
"Aston",3,"Harry Eichler","AD","Exhausted","",17,0.4,34,NA
"Ballarat",2,"John Ferwerda","DLP","Graham Gough","AD",163,22.12,2326,3.7
"Ballarat",2,"John Ferwerda","DLP","John Ronan","Lib46",369,50.07,28321,45
"Ballarat",2,"John Ferwerda","DLP","Douglas Stewart","NPA",75,10.18,1036,1.65
"Ballarat",2,"John Ferwerda","DLP","John Mildren","ALP",130,17.64,31249,49.66
"Ballarat",3,"Douglas Stewart","NPA","Graham Gough","AD",127,12.28,2453,3.9
"Ballarat",3,"Douglas Stewart","NPA","John Ronan","Lib46",789,76.31,29110,46.26
"Ballarat",3,"Douglas Stewart","NPA","John Mildren","ALP",118,11.41,31367,49.84
"Ballarat",3,"Douglas Stewart","NPA","Exhausted","",2,0.19,2,NA
"Ballarat",4,"Graham Gough","AD","John Ronan","Lib46",1395,57.2,30505,48.49
"Ballarat",4,"Graham Gough","AD","John Mildren","ALP",1044,42.8,32411,51.51
"Ballarat",4,"Graham Gough","AD","Exhausted","",14,0.57,16,NA
"Batman",2,"Philip L'Huillier","DLP","Brian Howe","ALP",410,22.39,39538,72.32
"Batman",2,"Philip L'Huillier","DLP","Mary Hoysted","Lib46",1218,66.52,12589,23.03
"Batman",2,"Philip L'Huillier","DLP","James Cockell","AD",203,11.09,2541,4.65
"Batman",2,"Philip L'Huillier","DLP","Exhausted","",5,0.27,5,NA
"Batman",3,"James Cockell","AD","Brian Howe","ALP",1307,51.76,40845,74.74
"Batman",3,"James Cockell","AD","Mary Hoysted","Lib46",1218,48.24,13807,25.26
"Batman",3,"James Cockell","AD","Exhausted","",16,0.63,21,NA
"Bendigo",2,"Vincent Jordan","DLP","Reginald Holt","NPA",771,56.94,6370,10.08
"Bendigo",2,"Vincent Jordan","DLP","Daryl McClure","Lib46",332,24.52,23529,37.22
"Bendigo",2,"Vincent Jordan","DLP","Nola Rixon","AD",107,7.9,2124,3.36
"Bendigo",2,"Vincent Jordan","DLP","John Brumby","ALP",144,10.64,31191,49.34
"Bendigo",2,"Vincent Jordan","DLP","Exhausted","",7,0.51,7,NA
"Bendigo",3,"Nola Rixon","AD","Reginald Holt","NPA",309,15.83,6679,10.59
"Bendigo",3,"Nola Rixon","AD","Daryl McClure","Lib46",545,27.92,24074,38.19
"Bendigo",3,"Nola Rixon","AD","John Brumby","ALP",1098,56.25,32289,51.22
"Bendigo",3,"Nola Rixon","AD","Exhausted","",172,8.1,179,NA
"Bendigo",4,"Reginald Holt","NPA","Daryl McClure","Lib46",6173,92.55,30247,47.99
"Bendigo",4,"Reginald Holt","NPA","John Brumby","ALP",497,7.45,32786,52.01
"Bendigo",4,"Reginald Holt","NPA","Exhausted","",9,0.13,188,NA
"Bruce",2,"Mary Mulholland","DLP","Ken Aldred","Lib46",1576,72.9,29112,49.39
"Bruce",2,"Mary Mulholland","DLP","Michael Johnson","AD",266,12.3,3794,6.44
"Bruce",2,"Mary Mulholland","DLP","Joan Graystone","ALP",320,14.8,26043,44.18
"Bruce",2,"Mary Mulholland","DLP","Exhausted","",9,0.41,9,NA
"Bruce",3,"Michael Johnson","AD","Ken Aldred","Lib46",1599,42.23,30711,52.1
"Bruce",3,"Michael Johnson","AD","Joan Graystone","ALP",2187,57.77,28230,47.9
"Bruce",3,"Michael Johnson","AD","Exhausted","",8,0.21,17,NA
"Burke",2,"Genevieve Cormick","DLP","Marisa d'Agostino","Lib46",298,34.73,23571,41.8
"Burke",2,"Genevieve Cormick","DLP","Leslie Vidler","NPA",201,23.43,2024,3.59
"Burke",2,"Genevieve Cormick","DLP","Neil O'Keefe","ALP",239,27.86,27685,49.1
"Burke",2,"Genevieve Cormick","DLP","George Hunter","AD",120,13.99,3105,5.51
"Burke",2,"Genevieve Cormick","DLP","Exhausted","",4,0.46,4,NA
"Burke",3,"Leslie Vidler","NPA","Marisa d'Agostino","Lib46",1693,83.65,25264,44.81
"Burke",3,"Leslie Vidler","NPA","Neil O'Keefe","ALP",168,8.3,27853,49.4
"Burke",3,"Leslie Vidler","NPA","George Hunter","AD",163,8.05,3268,5.8
"Burke",3,"Leslie Vidler","NPA","Exhausted","",0,0,4,NA
"Burke",4,"George Hunter","AD","Marisa d'Agostino","Lib46",1282,39.26,26546,47.08
"Burke",4,"George Hunter","AD","Neil O'Keefe","ALP",1983,60.74,29836,52.92
"Burke",4,"George Hunter","AD","Exhausted","",3,0.09,7,NA
"Calwell",2,"Martin Mulholland","DLP","Andrew Theophanous","ALP",213,24.51,36873,69.17
"Calwell",2,"Martin Mulholland","DLP","Lesley Ellen","AD",312,35.9,2814,5.28
"Calwell",2,"Martin Mulholland","DLP","Graham Anderson","Lib46",344,39.59,13621,25.55
"Calwell",2,"Martin Mulholland","DLP","Exhausted","",1,0.11,1,NA
"Calwell",3,"Lesley Ellen","AD","Andrew Theophanous","ALP",1601,56.98,38474,72.18
"Calwell",3,"Lesley Ellen","AD","Graham Anderson","Lib46",1209,43.02,14830,27.82
"Calwell",3,"Lesley Ellen","AD","Exhausted","",4,0.14,5,NA
"Casey",2,"Rosamund Ewan","PPA","John Garratt","DLP",48,8.54,1792,3.14
"Casey",2,"Rosamund Ewan","PPA","Robert Gray","NPA",32,5.69,761,1.33
"Casey",2,"Rosamund Ewan","PPA","Bob Halverson","Lib46",199,35.41,25269,44.29
"Casey",2,"Rosamund Ewan","PPA","Peter Steedman","ALP",97,17.26,25337,44.41
"Casey",2,"Rosamund Ewan","PPA","Michael Nardella","AD",186,33.1,3895,6.83
"Casey",2,"Rosamund Ewan","PPA","Exhausted","",2,0.35,2,NA
"Casey",3,"Robert Gray","NPA","John Garratt","DLP",115,15.15,1907,3.34
"Casey",3,"Robert Gray","NPA","Bob Halverson","Lib46",509,67.06,25778,45.18
"Casey",3,"Robert Gray","NPA","Peter Steedman","ALP",56,7.38,25393,44.51
"Casey",3,"Robert Gray","NPA","Michael Nardella","AD",79,10.41,3974,6.97
"Casey",3,"Robert Gray","NPA","Exhausted","",2,0.26,4,NA
"Casey",4,"John Garratt","DLP","Bob Halverson","Lib46",1165,61.15,26943,47.23
"Casey",4,"John Garratt","DLP","Peter Steedman","ALP",430,22.57,25823,45.26
"Casey",4,"John Garratt","DLP","Michael Nardella","AD",310,16.27,4284,7.51
"Casey",4,"John Garratt","DLP","Exhausted","",2,0.1,6,NA
"Casey",5,"Michael Nardella","AD","Bob Halverson","Lib46",1911,44.64,28854,50.58
"Casey",5,"Michael Nardella","AD","Peter Steedman","ALP",2370,55.36,28193,49.42
"Casey",5,"Michael Nardella","AD","Exhausted","",3,0.07,9,NA
"Chisholm",2,"Ray Murphy","NPA","Kevin Carroll","DLP",92,13.31,1871,2.97
"Chisholm",2,"Ray Murphy","NPA","Colin Rochford","AD",96,13.89,4024,6.39
"Chisholm",2,"Ray Murphy","NPA","Graham Harris","Lib46",396,57.31,28256,44.88
"Chisholm",2,"Ray Murphy","NPA","Helen Mayer","ALP",107,15.48,28803,45.75
"Chisholm",2,"Ray Murphy","NPA","Exhausted","",2,0.29,2,NA
"Chisholm",3,"Kevin Carroll","DLP","Colin Rochford","AD",998,53.57,5022,7.98
"Chisholm",3,"Kevin Carroll","DLP","Graham Harris","Lib46",588,31.56,28844,45.82
"Chisholm",3,"Kevin Carroll","DLP","Helen Mayer","ALP",277,14.87,29080,46.2
"Chisholm",3,"Kevin Carroll","DLP","Exhausted","",8,0.43,10,NA
"Chisholm",4,"Colin Rochford","AD","Graham Harris","Lib46",2531,50.45,31375,49.85
"Chisholm",4,"Colin Rochford","AD","Helen Mayer","ALP",2486,49.55,31566,50.15
"Chisholm",4,"Colin Rochford","AD","Exhausted","",5,0.1,15,NA
"Corangamite",2,"Roy Charles","PPA","James Jordan","DLP",141,25.78,1700,2.76
"Corangamite",2,"Roy Charles","PPA","Robert Mann","AD",112,20.48,2290,3.72
"Corangamite",2,"Roy Charles","PPA","Bruce Webster","NPA",61,11.15,2089,3.39
"Corangamite",2,"Roy Charles","PPA","Gavan O'Connor","ALP",120,21.94,25892,42.05
"Corangamite",2,"Roy Charles","PPA","Stewart McArthur","Lib46",113,20.66,29600,48.07
"Corangamite",2,"Roy Charles","PPA","Exhausted","",5,0.91,5,NA
"Corangamite",3,"James Jordan","DLP","Robert Mann","AD",921,54.46,3211,5.22
"Corangamite",3,"James Jordan","DLP","Bruce Webster","NPA",249,14.73,2338,3.8
"Corangamite",3,"James Jordan","DLP","Gavan O'Connor","ALP",265,15.67,26157,42.49
"Corangamite",3,"James Jordan","DLP","Stewart McArthur","Lib46",256,15.14,29856,48.5
"Corangamite",3,"James Jordan","DLP","Exhausted","",9,0.53,14,NA
"Corangamite",4,"Bruce Webster","NPA","Robert Mann","AD",321,13.77,3532,5.74
"Corangamite",4,"Bruce Webster","NPA","Gavan O'Connor","ALP",194,8.32,26351,42.81
"Corangamite",4,"Bruce Webster","NPA","Stewart McArthur","Lib46",1816,77.91,31672,51.45
"Corangamite",4,"Bruce Webster","NPA","Exhausted","",7,0.3,21,NA
"Corangamite",5,"Robert Mann","AD","Gavan O'Connor","ALP",2309,65.54,28660,46.57
"Corangamite",5,"Robert Mann","AD","Stewart McArthur","Lib46",1214,34.46,32886,53.43
"Corangamite",5,"Robert Mann","AD","Exhausted","",9,0.25,30,NA
"Corio",2,"Ian Green","Ind","Roger Phipps","Lib46",65,17.66,19992,33.78
"Corio",2,"Ian Green","Ind","Gordon Scholes","ALP",75,20.38,35117,59.33
"Corio",2,"Ian Green","Ind","James King","NPA",86,23.37,1284,2.17
"Corio",2,"Ian Green","Ind","Louise Sharah","DLP",75,20.38,940,1.59
"Corio",2,"Ian Green","Ind","Greta Pearce","AD",67,18.21,1855,3.13
"Corio",3,"Louise Sharah","DLP","Roger Phipps","Lib46",203,21.62,20195,34.12
"Corio",3,"Louise Sharah","DLP","Gordon Scholes","ALP",244,25.99,35361,59.74
"Corio",3,"Louise Sharah","DLP","James King","NPA",176,18.74,1460,2.47
"Corio",3,"Louise Sharah","DLP","Greta Pearce","AD",316,33.65,2171,3.67
"Corio",3,"Louise Sharah","DLP","Exhausted","",1,0.11,1,NA
"Corio",4,"James King","NPA","Roger Phipps","Lib46",1042,71.66,21237,35.88
"Corio",4,"James King","NPA","Gordon Scholes","ALP",200,13.76,35561,60.09
"Corio",4,"James King","NPA","Greta Pearce","AD",212,14.58,2383,4.03
"Corio",4,"James King","NPA","Exhausted","",6,0.41,7,NA
"Corio",5,"Greta Pearce","AD","Roger Phipps","Lib46",1021,42.9,22258,37.61
"Corio",5,"Greta Pearce","AD","Gordon Scholes","ALP",1359,57.1,36920,62.39
"Corio",5,"Greta Pearce","AD","Exhausted","",3,0.13,10,NA
"Deakin",2,"Peter Ferwerda","DLP","Richard Johns","ALP",222,17.93,28202,45.51
"Deakin",2,"Peter Ferwerda","DLP","Jeffrey McAlpine","AD",190,15.35,3964,6.4
"Deakin",2,"Peter Ferwerda","DLP","Julian Beale","Lib46",826,66.72,29801,48.09
"Deakin",2,"Peter Ferwerda","DLP","Exhausted","",2,0.16,2,NA
"Deakin",3,"Jeffrey McAlpine","AD","Richard Johns","ALP",2328,58.76,30530,49.27
"Deakin",3,"Jeffrey McAlpine","AD","Julian Beale","Lib46",1634,41.24,31435,50.73
"Deakin",3,"Jeffrey McAlpine","AD","Exhausted","",2,0.05,4,NA
"Dunkley",2,"John Cass","DLP","Judy Hale","NPA",131,21.2,1625,2.84
"Dunkley",2,"John Cass","DLP","Leonie Clark","Lib46",126,20.39,25196,43.97
"Dunkley",2,"John Cass","DLP","Bob Chynoweth","ALP",157,25.4,26762,46.7
"Dunkley",2,"John Cass","DLP","Grenville Charles","AD",204,33.01,3723,6.5
"Dunkley",2,"John Cass","DLP","Exhausted","",3,0.48,3,NA
"Dunkley",3,"Judy Hale","NPA","Leonie Clark","Lib46",1306,80.57,26502,46.25
"Dunkley",3,"Judy Hale","NPA","Bob Chynoweth","ALP",130,8.02,26892,46.93
"Dunkley",3,"Judy Hale","NPA","Grenville Charles","AD",185,11.41,3908,6.82
"Dunkley",3,"Judy Hale","NPA","Exhausted","",4,0.25,7,NA
"Dunkley",4,"Grenville Charles","AD","Leonie Clark","Lib46",1501,38.44,28003,48.87
"Dunkley",4,"Grenville Charles","AD","Bob Chynoweth","ALP",2404,61.56,29296,51.13
"Dunkley",4,"Grenville Charles","AD","Exhausted","",3,0.08,10,NA
"Flinders",2,"John Miln","PPA","Peter Reith","Lib46",125,23.67,25575,45.6
"Flinders",2,"John Miln","PPA","Russell Joiner","ALP",112,21.21,25399,45.29
"Flinders",2,"John Miln","PPA","Murray Gill","AD",88,16.67,2477,4.42
"Flinders",2,"John Miln","PPA","John McNamara","DLP",53,10.04,699,1.25
"Flinders",2,"John Miln","PPA","Paul van Staveren","NPA",150,28.41,1930,3.44
"Flinders",2,"John Miln","PPA","Exhausted","",1,0.19,1,NA
"Flinders",3,"John McNamara","DLP","Peter Reith","Lib46",154,22.09,25729,45.88
"Flinders",3,"John McNamara","DLP","Russell Joiner","ALP",149,21.38,25548,45.56
"Flinders",3,"John McNamara","DLP","Murray Gill","AD",155,22.24,2632,4.69
"Flinders",3,"John McNamara","DLP","Paul van Staveren","NPA",239,34.29,2169,3.87
"Flinders",3,"John McNamara","DLP","Exhausted","",2,0.29,3,NA
"Flinders",4,"Paul van Staveren","NPA","Peter Reith","Lib46",1724,79.56,27453,48.96
"Flinders",4,"Paul van Staveren","NPA","Russell Joiner","ALP",122,5.63,25670,45.78
"Flinders",4,"Paul van Staveren","NPA","Murray Gill","AD",321,14.81,2953,5.27
"Flinders",4,"Paul van Staveren","NPA","Exhausted","",2,0.09,5,NA
"Flinders",5,"Murray Gill","AD","Peter Reith","Lib46",1241,42.07,28694,51.17
"Flinders",5,"Murray Gill","AD","Russell Joiner","ALP",1709,57.93,27379,48.83
"Flinders",5,"Murray Gill","AD","Exhausted","",3,0.1,8,NA
"Gellibrand",2,"James Doughney","SWP","Christopher Gowing","Lib46",31,4.68,14104,24.05
"Gellibrand",2,"James Doughney","SWP","Shirley Bold","AD",58,8.76,2206,3.76
"Gellibrand",2,"James Doughney","SWP","Margaret Reed","DLP",82,12.39,1064,1.81
"Gellibrand",2,"James Doughney","SWP","Ralph Willis","ALP",491,74.17,41268,70.37
"Gellibrand",2,"James Doughney","SWP","Exhausted","",10,1.49,10,NA
"Gellibrand",3,"Margaret Reed","DLP","Christopher Gowing","Lib46",346,32.64,14450,24.64
"Gellibrand",3,"Margaret Reed","DLP","Shirley Bold","AD",407,38.4,2613,4.46
"Gellibrand",3,"Margaret Reed","DLP","Ralph Willis","ALP",307,28.96,41575,70.9
"Gellibrand",3,"Margaret Reed","DLP","Exhausted","",4,0.38,14,NA
"Gellibrand",4,"Shirley Bold","AD","Christopher Gowing","Lib46",1174,45.17,15624,26.65
"Gellibrand",4,"Shirley Bold","AD","Ralph Willis","ALP",1425,54.83,43000,73.35
"Gellibrand",4,"Shirley Bold","AD","Exhausted","",14,0.54,28,NA
"Gippsland",2,"Margaret Handley","DLP","Peter Gardner","NDP",64,8.13,2766,4.55
"Gippsland",2,"Margaret Handley","DLP","Ben Buckley","Ind",40,5.08,1216,2
"Gippsland",2,"Margaret Handley","DLP","Bill de Vink","ALP",92,11.69,17614,28.97
"Gippsland",2,"Margaret Handley","DLP","Peter McGauran","NPA",336,42.69,25154,41.37
"Gippsland",2,"Margaret Handley","DLP","Rod Conley","Lib46",101,12.83,12085,19.88
"Gippsland",2,"Margaret Handley","DLP","Wilma Western","AD",154,19.57,1962,3.23
"Gippsland",2,"Margaret Handley","DLP","Exhausted","",2,0.25,2,NA
"Gippsland",3,"Ben Buckley","Ind","Peter Gardner","NDP",254,20.91,3020,4.97
"Gippsland",3,"Ben Buckley","Ind","Bill de Vink","ALP",260,21.4,17874,29.4
"Gippsland",3,"Ben Buckley","Ind","Peter McGauran","NPA",450,37.04,25604,42.11
"Gippsland",3,"Ben Buckley","Ind","Rod Conley","Lib46",159,13.09,12244,20.14
"Gippsland",3,"Ben Buckley","Ind","Wilma Western","AD",92,7.57,2054,3.38
"Gippsland",3,"Ben Buckley","Ind","Exhausted","",1,0.08,3,NA
"Gippsland",4,"Wilma Western","AD","Peter Gardner","NDP",738,35.96,3758,6.18
"Gippsland",4,"Wilma Western","AD","Bill de Vink","ALP",437,21.3,18311,30.12
"Gippsland",4,"Wilma Western","AD","Peter McGauran","NPA",482,23.49,26086,42.91
"Gippsland",4,"Wilma Western","AD","Rod Conley","Lib46",395,19.25,12639,20.79
"Gippsland",4,"Wilma Western","AD","Exhausted","",2,0.1,5,NA
"Gippsland",5,"Peter Gardner","NDP","Bill de Vink","ALP",2551,68.43,20862,34.33
"Gippsland",5,"Peter Gardner","NDP","Peter McGauran","NPA",705,18.91,26791,44.09
"Gippsland",5,"Peter Gardner","NDP","Rod Conley","Lib46",472,12.66,13111,21.58
"Gippsland",5,"Peter Gardner","NDP","Exhausted","",30,0.8,35,NA
"Gippsland",6,"Rod Conley","Lib46","Bill de Vink","ALP",830,6.34,21692,35.71
"Gippsland",6,"Rod Conley","Lib46","Peter McGauran","NPA",12265,93.66,39056,64.29
"Gippsland",6,"Rod Conley","Lib46","Exhausted","",16,0.12,51,NA
"Goldstein",2,"Pat Brown","NPA","Patrick Keelan","DLP",245,24.16,2008,3.19
"Goldstein",2,"Pat Brown","NPA","Maureen Boaler","AD",135,13.31,3367,5.35
"Goldstein",2,"Pat Brown","NPA","Garry Moore","ALP",56,5.52,24203,38.45
"Goldstein",2,"Pat Brown","NPA","Ian Macphee","Lib46",578,57,33366,53.01
"Goldstein",3,"Patrick Keelan","DLP","Maureen Boaler","AD",1312,65.7,4679,7.43
"Goldstein",3,"Patrick Keelan","DLP","Garry Moore","ALP",276,13.82,24479,38.9
"Goldstein",3,"Patrick Keelan","DLP","Ian Macphee","Lib46",409,20.48,33775,53.67
"Goldstein",3,"Patrick Keelan","DLP","Exhausted","",11,0.55,11,NA
"Goldstein",4,"Maureen Boaler","AD","Garry Moore","ALP",3069,65.99,27548,43.79
"Goldstein",4,"Maureen Boaler","AD","Ian Macphee","Lib46",1582,34.01,35357,56.21
"Goldstein",4,"Maureen Boaler","AD","Exhausted","",28,0.6,39,NA
"Henty",2,"Peter Ryan","NPA","Joan Child","ALP",76,11.03,32373,53.01
"Henty",2,"Peter Ryan","NPA","Martin Callanan","DLP",52,7.55,1040,1.7
"Henty",2,"Peter Ryan","NPA","Rudi Michelson","Lib46",386,56.02,24271,39.74
"Henty",2,"Peter Ryan","NPA","Margaret Moore","AD",175,25.4,3391,5.55
"Henty",2,"Peter Ryan","NPA","Exhausted","",1,0.14,1,NA
"Henty",3,"Martin Callanan","DLP","Joan Child","ALP",288,27.75,32661,53.48
"Henty",3,"Martin Callanan","DLP","Rudi Michelson","Lib46",523,50.39,24794,40.6
"Henty",3,"Martin Callanan","DLP","Margaret Moore","AD",227,21.87,3618,5.92
"Henty",3,"Martin Callanan","DLP","Exhausted","",2,0.19,3,NA
"Henty",4,"Margaret Moore","AD","Joan Child","ALP",1966,54.41,34627,56.7
"Henty",4,"Margaret Moore","AD","Rudi Michelson","Lib46",1647,45.59,26441,43.3
"Henty",4,"Margaret Moore","AD","Exhausted","",5,0.14,8,NA
"Higgins",2,"Robert Semmel","DLP","Roger Shipton","Lib46",192,27.87,35254,57.36
"Higgins",2,"Robert Semmel","DLP","Kenneth Penaluna","ALP",149,21.63,20692,33.67
"Higgins",2,"Robert Semmel","DLP","Babette Francis","NPA",198,28.74,1798,2.93
"Higgins",2,"Robert Semmel","DLP","Laurence Levy","AD",150,21.77,3720,6.05
"Higgins",2,"Robert Semmel","DLP","Exhausted","",3,0.43,3,NA
"Higgins",3,"Babette Francis","NPA","Roger Shipton","Lib46",1341,74.75,36595,59.54
"Higgins",3,"Babette Francis","NPA","Kenneth Penaluna","ALP",201,11.2,20893,33.99
"Higgins",3,"Babette Francis","NPA","Laurence Levy","AD",252,14.05,3972,6.46
"Higgins",3,"Babette Francis","NPA","Exhausted","",4,0.22,7,NA
"Higgins",4,"Laurence Levy","AD","Roger Shipton","Lib46",1545,38.98,38140,62.06
"Higgins",4,"Laurence Levy","AD","Kenneth Penaluna","ALP",2419,61.02,23312,37.94
"Higgins",4,"Laurence Levy","AD","Exhausted","",8,0.2,15,NA
"Holt",2,"Brian McDonald","DLP","John Ferwerda","Lib46",371,38.65,18807,35.5
"Holt",2,"Brian McDonald","DLP","Michael Duffy","ALP",280,29.17,31397,59.26
"Holt",2,"Brian McDonald","DLP","Louise Stewart","AD",309,32.19,2776,5.24
"Holt",3,"Louise Stewart","AD","John Ferwerda","Lib46",1227,44.2,20034,37.81
"Holt",3,"Louise Stewart","AD","Michael Duffy","ALP",1549,55.8,32946,62.19
"Hotham",2,"Edwards Woods","DLP","Michael Heffernan","Lib46",1229,66.9,21965,36.96
"Hotham",2,"Edwards Woods","DLP","Lewis Kent","ALP",352,19.16,32173,54.14
"Hotham",2,"Edwards Woods","DLP","Greg Chipp","AD",256,13.94,5284,8.89
"Hotham",2,"Edwards Woods","DLP","Exhausted","",8,0.43,8,NA
"Hotham",3,"Greg Chipp","AD","Michael Heffernan","Lib46",2900,54.95,24865,41.85
"Hotham",3,"Greg Chipp","AD","Lewis Kent","ALP",2378,45.05,34551,58.15
"Hotham",3,"Greg Chipp","AD","Exhausted","",6,0.11,14,NA
"Indi",2,"Paul Carroll","DLP","Joe Murphy","ALP",135,17.33,21484,34.53
"Indi",2,"Paul Carroll","DLP","Ewen Cameron","Lib46",294,37.74,20985,33.73
"Indi",2,"Paul Carroll","DLP","Geoffrey le Couteur","AD",137,17.59,1934,3.11
"Indi",2,"Paul Carroll","DLP","Bill Baxter","NPA",213,27.34,17815,28.63
"Indi",2,"Paul Carroll","DLP","Exhausted","",1,0.13,1,NA
"Indi",3,"Geoffrey le Couteur","AD","Joe Murphy","ALP",729,37.83,22213,35.71
"Indi",3,"Geoffrey le Couteur","AD","Ewen Cameron","Lib46",608,31.55,21593,34.71
"Indi",3,"Geoffrey le Couteur","AD","Bill Baxter","NPA",590,30.62,18405,29.58
"Indi",3,"Geoffrey le Couteur","AD","Exhausted","",7,0.36,8,NA
"Indi",4,"Bill Baxter","NPA","Joe Murphy","ALP",1255,6.82,23468,37.73
"Indi",4,"Bill Baxter","NPA","Ewen Cameron","Lib46",17140,93.18,38733,62.27
"Indi",4,"Bill Baxter","NPA","Exhausted","",10,0.05,18,NA
"Isaacs",2,"Charles Lacey","NPA","David Charles","ALP",114,14.73,30726,51.13
"Isaacs",2,"Charles Lacey","NPA","Peter Zablud","Lib46",411,53.1,24490,40.75
"Isaacs",2,"Charles Lacey","NPA","Dudley de Rozario","DLP",77,9.95,1010,1.68
"Isaacs",2,"Charles Lacey","NPA","Peter Lindemann","AD",172,22.22,3865,6.43
"Isaacs",3,"Dudley de Rozario","DLP","David Charles","ALP",233,23.12,30959,51.52
"Isaacs",3,"Dudley de Rozario","DLP","Peter Zablud","Lib46",513,50.89,25003,41.61
"Isaacs",3,"Dudley de Rozario","DLP","Peter Lindemann","AD",262,25.99,4127,6.87
"Isaacs",3,"Dudley de Rozario","DLP","Exhausted","",2,0.2,2,NA
"Isaacs",4,"Peter Lindemann","AD","David Charles","ALP",1722,41.74,32681,54.39
"Isaacs",4,"Peter Lindemann","AD","Peter Zablud","Lib46",2404,58.26,27407,45.61
"Isaacs",4,"Peter Lindemann","AD","Exhausted","",1,0.02,3,NA
"Jagajaga",2,"Nino de Tress","Ind","Len Moore","DLP",57,15.97,2163,3.85
"Jagajaga",2,"Nino de Tress","Ind","Peter Lovell","AD",132,36.97,3170,5.64
"Jagajaga",2,"Nino de Tress","Ind","Frederick Garratt","Lib46",98,27.45,21003,37.38
"Jagajaga",2,"Nino de Tress","Ind","Peter Staples","ALP",70,19.61,29851,53.13
"Jagajaga",3,"Len Moore","DLP","Peter Lovell","AD",1365,63.49,4535,8.07
"Jagajaga",3,"Len Moore","DLP","Frederick Garratt","Lib46",496,23.07,21499,38.27
"Jagajaga",3,"Len Moore","DLP","Peter Staples","ALP",289,13.44,30140,53.65
"Jagajaga",3,"Len Moore","DLP","Exhausted","",13,0.6,13,NA
"Jagajaga",4,"Peter Lovell","AD","Frederick Garratt","Lib46",3145,69.53,24644,43.88
"Jagajaga",4,"Peter Lovell","AD","Peter Staples","ALP",1378,30.47,31518,56.12
"Jagajaga",4,"Peter Lovell","AD","Exhausted","",12,0.26,25,NA
"Kooyong",2,"David Greagg","Ind","Andrew Peacock","Lib46",76,21.65,36567,58.97
"Kooyong",2,"David Greagg","Ind","John Mulholland","DLP",24,6.84,1180,1.9
"Kooyong",2,"David Greagg","Ind","Russell White","AD",120,34.19,3505,5.65
"Kooyong",2,"David Greagg","Ind","Kate Nash","ALP",131,37.32,20755,33.47
"Kooyong",3,"John Mulholland","DLP","Andrew Peacock","Lib46",656,55.59,37223,60.03
"Kooyong",3,"John Mulholland","DLP","Russell White","AD",335,28.39,3840,6.19
"Kooyong",3,"John Mulholland","DLP","Kate Nash","ALP",189,16.02,20944,33.78
"Kooyong",4,"Russell White","AD","Andrew Peacock","Lib46",1851,48.2,39074,63.02
"Kooyong",4,"Russell White","AD","Kate Nash","ALP",1989,51.8,22933,36.98
"Lalor",2,"Gail de Rozario","DLP","Barry Jones","ALP",176,21,38200,67.55
"Lalor",2,"Gail de Rozario","DLP","Barry McLeod","AD",319,38.07,2702,4.78
"Lalor",2,"Gail de Rozario","DLP","Mark Pallett","Lib46",343,40.93,15649,27.67
"Lalor",2,"Gail de Rozario","DLP","Exhausted","",1,0.12,1,NA
"Lalor",3,"Barry McLeod","AD","Barry Jones","ALP",1369,50.67,39569,69.97
"Lalor",3,"Barry McLeod","AD","Mark Pallett","Lib46",1333,49.33,16982,30.03
"Lalor",3,"Barry McLeod","AD","Exhausted","",0,0,1,NA
"La Trobe",2,"Julie Garratt","DLP","Ted French","Lib46",358,36.76,19796,37.04
"La Trobe",2,"Julie Garratt","DLP","Peter Milton","ALP",279,28.64,29132,54.5
"La Trobe",2,"Julie Garratt","DLP","Andrew McCann","AD",337,34.6,4522,8.46
"La Trobe",2,"Julie Garratt","DLP","Exhausted","",2,0.2,2,NA
"La Trobe",3,"Andrew McCann","AD","Ted French","Lib46",2281,50.48,22077,41.31
"La Trobe",3,"Andrew McCann","AD","Peter Milton","ALP",2238,49.52,31370,58.69
"La Trobe",3,"Andrew McCann","AD","Exhausted","",3,0.07,5,NA
"Mallee",2,"Albertus Stoutjesdijk","Ind","Robert Hogarth","DLP",50,8.16,1826,2.95
"Mallee",2,"Albertus Stoutjesdijk","Ind","Lindsay Leake","ALP",94,15.33,15678,25.3
"Mallee",2,"Albertus Stoutjesdijk","Ind","M. Treseder","Lib46",90,14.68,9596,15.48
"Mallee",2,"Albertus Stoutjesdijk","Ind","Peter Fisher","NPA",345,56.28,33518,54.09
"Mallee",2,"Albertus Stoutjesdijk","Ind","Colin Cavanagh","AD",34,5.55,1352,2.18
"Mallee",3,"Colin Cavanagh","AD","Robert Hogarth","DLP",150,11.12,1976,3.19
"Mallee",3,"Colin Cavanagh","AD","Lindsay Leake","ALP",373,27.65,16051,25.9
"Mallee",3,"Colin Cavanagh","AD","M. Treseder","Lib46",151,11.19,9747,15.73
"Mallee",3,"Colin Cavanagh","AD","Peter Fisher","NPA",675,50.04,34193,55.18
"Mallee",3,"Colin Cavanagh","AD","Exhausted","",3,0.22,3,NA
"Mallee",4,"Robert Hogarth","DLP","Lindsay Leake","ALP",1171,59.84,17222,27.8
"Mallee",4,"Robert Hogarth","DLP","M. Treseder","Lib46",168,8.58,9915,16.01
"Mallee",4,"Robert Hogarth","DLP","Peter Fisher","NPA",618,31.58,34811,56.19
"Mallee",4,"Robert Hogarth","DLP","Exhausted","",19,0.96,22,NA
"Mallee",5,"M. Treseder","Lib46","Lindsay Leake","ALP",465,4.7,17687,28.56
"Mallee",5,"M. Treseder","Lib46","Peter Fisher","NPA",9426,95.3,44237,71.44
"Mallee",5,"M. Treseder","Lib46","Exhausted","",24,0.24,46,NA
"Maribyrnong",2,"Richard Wright","Ind","Rosemary Maurus","DLP",33,13.25,2610,4.5
"Maribyrnong",2,"Richard Wright","Ind","Alan Griffiths","ALP",106,42.57,31790,54.83
"Maribyrnong",2,"Richard Wright","Ind","Helen Said","SWP",39,15.66,603,1.04
"Maribyrnong",2,"Richard Wright","Ind","Kathie Gizycki","AD",30,12.05,2496,4.3
"Maribyrnong",2,"Richard Wright","Ind","Sally Gooch","Lib46",41,16.47,20482,35.33
"Maribyrnong",3,"Helen Said","SWP","Rosemary Maurus","DLP",27,4.49,2637,4.55
"Maribyrnong",3,"Helen Said","SWP","Alan Griffiths","ALP",412,68.44,32202,55.54
"Maribyrnong",3,"Helen Said","SWP","Kathie Gizycki","AD",118,19.6,2614,4.51
"Maribyrnong",3,"Helen Said","SWP","Sally Gooch","Lib46",45,7.48,20527,35.4
"Maribyrnong",3,"Helen Said","SWP","Exhausted","",1,0.17,1,NA
"Maribyrnong",4,"Kathie Gizycki","AD","Rosemary Maurus","DLP",342,13.1,2979,5.14
"Maribyrnong",4,"Kathie Gizycki","AD","Alan Griffiths","ALP",929,35.58,33131,57.15
"Maribyrnong",4,"Kathie Gizycki","AD","Sally Gooch","Lib46",1340,51.32,21867,37.72
"Maribyrnong",4,"Kathie Gizycki","AD","Exhausted","",3,0.11,4,NA
"Maribyrnong",5,"Rosemary Maurus","DLP","Alan Griffiths","ALP",1862,62.86,34993,60.37
"Maribyrnong",5,"Rosemary Maurus","DLP","Sally Gooch","Lib46",1100,37.14,22967,39.63
"Maribyrnong",5,"Rosemary Maurus","DLP","Exhausted","",17,0.57,21,NA
"McEwen",2,"Daniel Mason","DLP","Julie Stayner","AD",135,15.86,3682,6.66
"McEwen",2,"Daniel Mason","DLP","Peter Cleeland","ALP",242,28.44,26226,47.44
"McEwen",2,"Daniel Mason","DLP","Brian Dixon","Lib46",278,32.67,20609,37.28
"McEwen",2,"Daniel Mason","DLP","John Brewster","NPA",196,23.03,4767,8.62
"McEwen",2,"Daniel Mason","DLP","Exhausted","",2,0.23,2,NA
"McEwen",3,"Julie Stayner","AD","Peter Cleeland","ALP",1961,53.35,28187,50.99
"McEwen",3,"Julie Stayner","AD","Brian Dixon","Lib46",1261,34.3,21870,39.56
"McEwen",3,"Julie Stayner","AD","John Brewster","NPA",454,12.35,5221,9.44
"McEwen",3,"Julie Stayner","AD","Exhausted","",6,0.16,8,NA
"McEwen",4,"John Brewster","NPA","Peter Cleeland","ALP",602,11.54,28789,52.09
"McEwen",4,"John Brewster","NPA","Brian Dixon","Lib46",4613,88.46,26483,47.91
"McEwen",4,"John Brewster","NPA","Exhausted","",6,0.11,14,NA
"McMillan",2,"Anne Barrett","DLP","Barry Cunningham","ALP",211,12.19,31728,53.87
"McMillan",2,"Anne Barrett","DLP","Heather Ronald","NPA",1072,61.93,4652,7.9
"McMillan",2,"Anne Barrett","DLP","John Dwyer","Lib46",224,12.94,19783,33.59
"McMillan",2,"Anne Barrett","DLP","James Richards","AD",224,12.94,2733,4.64
"McMillan",2,"Anne Barrett","DLP","Exhausted","",1,0.06,1,NA
"McMillan",3,"James Richards","AD","Barry Cunningham","ALP",1002,36.73,32730,55.58
"McMillan",3,"James Richards","AD","Heather Ronald","NPA",483,17.71,5135,8.72
"McMillan",3,"James Richards","AD","John Dwyer","Lib46",1243,45.56,21026,35.7
"McMillan",3,"James Richards","AD","Exhausted","",5,0.18,6,NA
"McMillan",4,"Heather Ronald","NPA","Barry Cunningham","ALP",1452,28.3,34182,58.05
"McMillan",4,"Heather Ronald","NPA","John Dwyer","Lib46",3679,71.7,24705,41.95
"McMillan",4,"Heather Ronald","NPA","Exhausted","",4,0.08,10,NA
"Melbourne",2,"Michael Hammet","DLP","James Ferrari","Ind",245,20.87,2313,4
"Melbourne",2,"Michael Hammet","DLP","Chris Carter","AD",392,33.39,4499,7.78
"Melbourne",2,"Michael Hammet","DLP","Ian Davis","Lib46",321,27.34,13177,22.78
"Melbourne",2,"Michael Hammet","DLP","Gerry Hand","ALP",216,18.4,37855,65.44
"Melbourne",3,"James Ferrari","Ind","Chris Carter","AD",1823,79.78,6322,10.93
"Melbourne",3,"James Ferrari","Ind","Ian Davis","Lib46",209,9.15,13386,23.15
"Melbourne",3,"James Ferrari","Ind","Gerry Hand","ALP",253,11.07,38108,65.91
"Melbourne",3,"James Ferrari","Ind","Exhausted","",28,1.21,28,NA
"Melbourne",4,"Chris Carter","AD","Ian Davis","Lib46",3944,62.63,17330,29.99
"Melbourne",4,"Chris Carter","AD","Gerry Hand","ALP",2353,37.37,40461,70.01
"Melbourne",4,"Chris Carter","AD","Exhausted","",25,0.4,53,NA
"Melbourne Ports",2,"Russell Morse","Ind","Michael Rowe","DLP",25,15.72,1850,3.23
"Melbourne Ports",2,"Russell Morse","Ind","Dorothy Turner","NPA",33,20.75,828,1.45
"Melbourne Ports",2,"Russell Morse","Ind","Sue McDougall","AD",25,15.72,3337,5.83
"Melbourne Ports",2,"Russell Morse","Ind","Clyde Holding","ALP",38,23.9,32703,57.17
"Melbourne Ports",2,"Russell Morse","Ind","Denice Stephens","Ind",21,13.21,866,1.51
"Melbourne Ports",2,"Russell Morse","Ind","Allan Paull","Lib46",17,10.69,17620,30.8
"Melbourne Ports",3,"Dorothy Turner","NPA","Michael Rowe","DLP",180,21.98,2030,3.55
"Melbourne Ports",3,"Dorothy Turner","NPA","Sue McDougall","AD",108,13.19,3445,6.02
"Melbourne Ports",3,"Dorothy Turner","NPA","Clyde Holding","ALP",56,6.84,32759,57.28
"Melbourne Ports",3,"Dorothy Turner","NPA","Denice Stephens","Ind",34,4.15,900,1.57
"Melbourne Ports",3,"Dorothy Turner","NPA","Allan Paull","Lib46",441,53.85,18061,31.58
"Melbourne Ports",3,"Dorothy Turner","NPA","Exhausted","",9,1.09,9,NA
"Melbourne Ports",4,"Denice Stephens","Ind","Michael Rowe","DLP",94,10.49,2124,3.71
"Melbourne Ports",4,"Denice Stephens","Ind","Sue McDougall","AD",278,31.03,3723,6.51
"Melbourne Ports",4,"Denice Stephens","Ind","Clyde Holding","ALP",410,45.76,33169,58
"Melbourne Ports",4,"Denice Stephens","Ind","Allan Paull","Lib46",114,12.72,18175,31.78
"Melbourne Ports",4,"Denice Stephens","Ind","Exhausted","",4,0.44,13,NA
"Melbourne Ports",5,"Michael Rowe","DLP","Sue McDougall","AD",1368,65.49,5091,8.91
"Melbourne Ports",5,"Michael Rowe","DLP","Clyde Holding","ALP",308,14.74,33477,58.57
"Melbourne Ports",5,"Michael Rowe","DLP","Allan Paull","Lib46",413,19.77,18588,32.52
"Melbourne Ports",5,"Michael Rowe","DLP","Exhausted","",35,1.65,48,NA
"Melbourne Ports",6,"Sue McDougall","AD","Clyde Holding","ALP",3213,63.6,36690,64.24
"Melbourne Ports",6,"Sue McDougall","AD","Allan Paull","Lib46",1839,36.4,20427,35.76
"Melbourne Ports",6,"Sue McDougall","AD","Exhausted","",39,0.77,87,NA
"Menzies",2,"Vin Considine","DLP","Neil Brown","Lib46",895,68.85,29290,52.2
"Menzies",2,"Vin Considine","DLP","David McKenzie","ALP",250,19.23,23151,41.26
"Menzies",2,"Vin Considine","DLP","Lynden Kenyon","AD",155,11.92,3674,6.55
"Menzies",2,"Vin Considine","DLP","Exhausted","",6,0.46,6,NA
"Menzies",3,"Lynden Kenyon","AD","Neil Brown","Lib46",1974,53.89,31264,55.73
"Menzies",3,"Lynden Kenyon","AD","David McKenzie","ALP",1689,46.11,24840,44.27
"Menzies",3,"Lynden Kenyon","AD","Exhausted","",11,0.3,17,NA
"Murray",2,"Desmond Semmel","DLP","Bruce Lloyd","NPA",379,42.92,36060,58.94
"Murray",2,"Desmond Semmel","DLP","Mark Anderson","ALP",149,16.87,15183,24.82
"Murray",2,"Desmond Semmel","DLP","Anne Adams","Lib46",262,29.67,7746,12.66
"Murray",2,"Desmond Semmel","DLP","John Weir","AD",93,10.53,2189,3.58
"Murray",2,"Desmond Semmel","DLP","Exhausted","",4,0.45,4,NA
"Murray",3,"John Weir","AD","Bruce Lloyd","NPA",1165,53.44,37225,60.86
"Murray",3,"John Weir","AD","Mark Anderson","ALP",634,29.08,15817,25.86
"Murray",3,"John Weir","AD","Anne Adams","Lib46",381,17.48,8127,13.29
"Murray",3,"John Weir","AD","Exhausted","",9,0.41,13,NA
"Murray",4,"Anne Adams","Lib46","Bruce Lloyd","NPA",7509,92.42,44734,73.13
"Murray",4,"Anne Adams","Lib46","Mark Anderson","ALP",616,7.58,16433,26.87
"Murray",4,"Anne Adams","Lib46","Exhausted","",2,0.02,15,NA
"Scullin",2,"Helen Walsh","DLP","Jane Green","AD",568,34.95,4012,7.86
"Scullin",2,"Helen Walsh","DLP","Harry Jenkins","ALP",421,25.91,36934,72.38
"Scullin",2,"Helen Walsh","DLP","Pamela Philpot","Lib46",636,39.14,10084,19.76
"Scullin",2,"Helen Walsh","DLP","Exhausted","",10,0.61,10,NA
"Scullin",3,"Jane Green","AD","Harry Jenkins","ALP",2672,66.73,39606,77.63
"Scullin",3,"Jane Green","AD","Pamela Philpot","Lib46",1332,33.27,11416,22.37
"Scullin",3,"Jane Green","AD","Exhausted","",8,0.2,18,NA
"Streeton",2,"David Grulke","DLP","John Clifford","NPA",263,30.9,1801,3.24
"Streeton",2,"David Grulke","DLP","Russell Broadbent","Lib46",259,30.43,22057,39.7
"Streeton",2,"David Grulke","DLP","Tony Lamb","ALP",173,20.33,27412,49.34
"Streeton",2,"David Grulke","DLP","Tessa Cunningham","AD",156,18.33,4289,7.72
"Streeton",2,"David Grulke","DLP","Exhausted","",1,0.12,1,NA
"Streeton",3,"John Clifford","NPA","Russell Broadbent","Lib46",1443,80.43,23500,42.3
"Streeton",3,"John Clifford","NPA","Tony Lamb","ALP",161,8.97,27573,49.63
"Streeton",3,"John Clifford","NPA","Tessa Cunningham","AD",190,10.59,4479,8.06
"Streeton",3,"John Clifford","NPA","Exhausted","",7,0.39,8,NA
"Streeton",4,"Tessa Cunningham","AD","Russell Broadbent","Lib46",2420,54.1,25920,46.66
"Streeton",4,"Tessa Cunningham","AD","Tony Lamb","ALP",2053,45.9,29626,53.34
"Streeton",4,"Tessa Cunningham","AD","Exhausted","",6,0.13,14,NA
"Wannon",2,"Bill Verhoef","DLP","David Hawker","Lib46",430,38.63,37178,59.04
"Wannon",2,"Bill Verhoef","DLP","Nancy Genardini","ALP",198,17.79,20328,32.28
"Wannon",2,"Bill Verhoef","DLP","Betty Gee","NPA",371,33.33,3665,5.82
"Wannon",2,"Bill Verhoef","DLP","Kathleen May","AD",114,10.24,1797,2.85
"Wannon",2,"Bill Verhoef","DLP","Exhausted","",2,0.18,2,NA
"Wannon",3,"Kathleen May","AD","David Hawker","Lib46",564,31.4,37742,59.94
"Wannon",3,"Kathleen May","AD","Nancy Genardini","ALP",690,38.42,21018,33.38
"Wannon",3,"Kathleen May","AD","Betty Gee","NPA",542,30.18,4207,6.68
"Wannon",3,"Kathleen May","AD","Exhausted","",1,0.06,3,NA
"Wannon",4,"Betty Gee","NPA","David Hawker","Lib46",3456,82.42,41198,65.44
"Wannon",4,"Betty Gee","NPA","Nancy Genardini","ALP",737,17.58,21755,34.56
"Wannon",4,"Betty Gee","NPA","Exhausted","",14,0.33,17,NA
"Wills",2,"Glen Mann","Ind","Mark Ferguson","Ind",12,15,1372,2.35
"Wills",2,"Glen Mann","Ind","Lance Hutchinson","Ind",31,38.75,1087,1.86
"Wills",2,"Glen Mann","Ind","Peter Allan","AD",17,21.25,2367,4.05
"Wills",2,"Glen Mann","Ind","Martin Mantell","Ind",5,6.25,247,0.42
"Wills",2,"Glen Mann","Ind","Gloria Brook","DLP",4,5,860,1.47
"Wills",2,"Glen Mann","Ind","Victor Perton","Lib46",5,6.25,13654,23.36
"Wills",2,"Glen Mann","Ind","Bob Hawke","ALP",6,7.5,38852,66.48
"Wills",2,"Glen Mann","Ind","Exhausted","",1,1.23,1,NA
"Wills",3,"Martin Mantell","Ind","Mark Ferguson","Ind",14,5.74,1386,2.37
"Wills",3,"Martin Mantell","Ind","Lance Hutchinson","Ind",27,11.07,1114,1.91
"Wills",3,"Martin Mantell","Ind","Peter Allan","AD",34,13.93,2401,4.11
"Wills",3,"Martin Mantell","Ind","Gloria Brook","DLP",12,4.92,872,1.49
"Wills",3,"Martin Mantell","Ind","Victor Perton","Lib46",7,2.87,13661,23.38
"Wills",3,"Martin Mantell","Ind","Bob Hawke","ALP",150,61.48,39002,66.74
"Wills",3,"Martin Mantell","Ind","Exhausted","",3,1.21,4,NA
"Wills",4,"Gloria Brook","DLP","Mark Ferguson","Ind",90,10.51,1476,2.53
"Wills",4,"Gloria Brook","DLP","Lance Hutchinson","Ind",43,5.02,1157,1.98
"Wills",4,"Gloria Brook","DLP","Peter Allan","AD",118,13.79,2519,4.31
"Wills",4,"Gloria Brook","DLP","Victor Perton","Lib46",481,56.19,14142,24.21
"Wills",4,"Gloria Brook","DLP","Bob Hawke","ALP",124,14.49,39126,66.97
"Wills",4,"Gloria Brook","DLP","Exhausted","",16,1.83,20,NA
"Wills",5,"Lance Hutchinson","Ind","Mark Ferguson","Ind",247,21.46,1723,2.95
"Wills",5,"Lance Hutchinson","Ind","Peter Allan","AD",192,16.68,2711,4.64
"Wills",5,"Lance Hutchinson","Ind","Victor Perton","Lib46",87,7.56,14229,24.36
"Wills",5,"Lance Hutchinson","Ind","Bob Hawke","ALP",625,54.3,39751,68.05
"Wills",5,"Lance Hutchinson","Ind","Exhausted","",6,0.52,26,NA
"Wills",6,"Mark Ferguson","Ind","Peter Allan","AD",1439,85.05,4150,7.11
"Wills",6,"Mark Ferguson","Ind","Victor Perton","Lib46",145,8.57,14374,24.62
"Wills",6,"Mark Ferguson","Ind","Bob Hawke","ALP",108,6.38,39859,68.27
"Wills",6,"Mark Ferguson","Ind","Exhausted","",31,1.8,57,NA
"Wills",7,"Peter Allan","AD","Victor Perton","Lib46",2978,72.55,17352,29.74
"Wills",7,"Peter Allan","AD","Bob Hawke","ALP",1127,27.45,40986,70.26
"Wills",7,"Peter Allan","AD","Exhausted","",45,1.08,102,NA
"Bowman",2,"Ronald Heindorff","AD","Noel Willersdorf","NPA",994,26.93,12437,21.89
"Bowman",2,"Ronald Heindorff","AD","Leo White","Lib46",1140,30.89,13518,23.79
"Bowman",2,"Ronald Heindorff","AD","Len Keogh","ALP",1557,42.18,30869,54.32
"Bowman",3,"Noel Willersdorf","NPA","Leo White","Lib46",11862,95.38,25380,44.66
"Bowman",3,"Noel Willersdorf","NPA","Len Keogh","ALP",575,4.62,31444,55.34
"Brisbane",2,"George Leigh","AD","Manfred Cross","ALP",1758,46.73,32149,53.19
"Brisbane",2,"George Leigh","AD","Ian Douglas","Lib46",1560,41.47,18478,30.57
"Brisbane",2,"George Leigh","AD","William Owen","NPA",444,11.8,9814,16.24
"Brisbane",2,"George Leigh","AD","Exhausted","",2,0.05,2,NA
"Brisbane",3,"William Owen","NPA","Manfred Cross","ALP",692,7.06,32841,54.35
"Brisbane",3,"William Owen","NPA","Ian Douglas","Lib46",9110,92.94,27588,45.65
"Brisbane",3,"William Owen","NPA","Exhausted","",12,0.12,14,NA
"Capricornia",2,"Eric Geissmann","Ind","Peter Knack","AD",132,31.81,1720,2.92
"Capricornia",2,"Eric Geissmann","Ind","Alan Agnew","Lib46",63,15.18,5448,9.26
"Capricornia",2,"Eric Geissmann","Ind","Keith Wright","ALP",141,33.98,30077,51.1
"Capricornia",2,"Eric Geissmann","Ind","Colin Webber","NPA",79,19.04,21618,36.73
"Capricornia",2,"Eric Geissmann","Ind","Exhausted","",1,0.24,1,NA
"Capricornia",3,"Peter Knack","AD","Alan Agnew","Lib46",652,37.93,6100,10.36
"Capricornia",3,"Peter Knack","AD","Keith Wright","ALP",686,39.91,30763,52.26
"Capricornia",3,"Peter Knack","AD","Colin Webber","NPA",381,22.16,21999,37.37
"Capricornia",3,"Peter Knack","AD","Exhausted","",1,0.06,2,NA
"Capricornia",4,"Alan Agnew","Lib46","Keith Wright","ALP",1162,19.06,31925,54.24
"Capricornia",4,"Alan Agnew","Lib46","Colin Webber","NPA",4935,80.94,26934,45.76
"Capricornia",4,"Alan Agnew","Lib46","Exhausted","",3,0.05,5,NA
"Dawson",2,"Antony Lucas","AD","Ray Braithwaite","NPA",1007,52.64,32306,53.81
"Dawson",2,"Antony Lucas","AD","John Bird","ALP",906,47.36,27729,46.19
"Fadden",2,"Janice Barber","AD","Peter Wilson","ALP",1707,50.89,23042,44
"Fadden",2,"Janice Barber","AD","Alun Preece","NPA",540,16.1,9278,17.72
"Fadden",2,"Janice Barber","AD","David Jull","Lib46",1107,33.01,20045,38.28
"Fadden",3,"Alun Preece","NPA","Peter Wilson","ALP",676,7.29,23718,45.29
"Fadden",3,"Alun Preece","NPA","David Jull","Lib46",8602,92.71,28647,54.71
"Fairfax",2,"Bob Borsellino","AD","Peter Shooter","ALP",1885,52.27,19492,37.34
"Fairfax",2,"Bob Borsellino","AD","Terry Welch","Lib46",917,25.43,8319,15.93
"Fairfax",2,"Bob Borsellino","AD","Evan Adermann","NPA",804,22.3,24397,46.73
"Fairfax",2,"Bob Borsellino","AD","Exhausted","",2,0.06,2,NA
"Fairfax",3,"Terry Welch","Lib46","Peter Shooter","ALP",1072,12.89,20564,39.39
"Fairfax",3,"Terry Welch","Lib46","Evan Adermann","NPA",7245,87.11,31642,60.61
"Fairfax",3,"Terry Welch","Lib46","Exhausted","",2,0.02,4,NA
"Fisher",2,"Kent Farrell","AD","Garth Head","ALP",1973,51.88,25527,45.94
"Fisher",2,"Kent Farrell","AD","Peter Slipper","NPA",887,23.32,21101,37.97
"Fisher",2,"Kent Farrell","AD","Lionel Kilner","Lib46",943,24.8,8941,16.09
"Fisher",2,"Kent Farrell","AD","Exhausted","",4,0.11,4,NA
"Fisher",3,"Lionel Kilner","Lib46","Garth Head","ALP",978,10.94,26505,47.7
"Fisher",3,"Lionel Kilner","Lib46","Peter Slipper","NPA",7960,89.06,29061,52.3
"Fisher",3,"Lionel Kilner","Lib46","Exhausted","",3,0.03,7,NA
"Forde",2,"Michael Coogan","AD","Francis Gaffy","NPA",1019,28.62,9694,18.46
"Forde",2,"Michael Coogan","AD","Hamish Linacre","ALP",1375,38.62,24948,47.51
"Forde",2,"Michael Coogan","AD","David Watson","Lib46",1166,32.75,17873,34.03
"Forde",2,"Michael Coogan","AD","Exhausted","",4,0.11,4,NA
"Forde",3,"Francis Gaffy","NPA","Hamish Linacre","ALP",1281,13.23,26229,49.96
"Forde",3,"Francis Gaffy","NPA","David Watson","Lib46",8399,86.77,26272,50.04
"Forde",3,"Francis Gaffy","NPA","Exhausted","",14,0.14,18,NA
"Griffith",2,"Helen Jones","SWP","Sean Cousins","NPA",45,7.61,9566,16.38
"Griffith",2,"Helen Jones","SWP","Daniel Roth","AD",133,22.5,3129,5.36
"Griffith",2,"Helen Jones","SWP","Ben Humphreys","ALP",316,53.47,32102,54.96
"Griffith",2,"Helen Jones","SWP","Kaylene Low","Lib46",97,16.41,13616,23.31
"Griffith",2,"Helen Jones","SWP","Exhausted","",1,0.17,1,NA
"Griffith",3,"Daniel Roth","AD","Sean Cousins","NPA",550,17.58,10116,17.32
"Griffith",3,"Daniel Roth","AD","Ben Humphreys","ALP",1576,50.37,33678,57.65
"Griffith",3,"Daniel Roth","AD","Kaylene Low","Lib46",1003,32.05,14619,25.03
"Griffith",3,"Daniel Roth","AD","Exhausted","",0,0,1,NA
"Griffith",4,"Sean Cousins","NPA","Ben Humphreys","ALP",1521,15.05,35199,60.27
"Griffith",4,"Sean Cousins","NPA","Kaylene Low","Lib46",8583,84.95,23202,39.73
"Griffith",4,"Sean Cousins","NPA","Exhausted","",12,0.12,13,NA
"Groom",2,"Raymond Dow","AD","Alexander Munro","Lib46",461,21.34,5878,9.67
"Groom",2,"Raymond Dow","AD","Tom McVeigh","NPA",750,34.72,34797,57.26
"Groom",2,"Raymond Dow","AD","Ronald Cullin","ALP",949,43.94,20091,33.06
"Groom",3,"Alexander Munro","Lib46","Tom McVeigh","NPA",5255,89.4,40052,65.91
"Groom",3,"Alexander Munro","Lib46","Ronald Cullin","ALP",623,10.6,20714,34.09
"Herbert",2,"Ana Bristowe-Lamb","AD","Vicky Kippin","NPA",532,23.42,19134,32.55
"Herbert",2,"Ana Bristowe-Lamb","AD","Theo Theofanes","Lib46",657,28.92,8983,15.28
"Herbert",2,"Ana Bristowe-Lamb","AD","Ted Lindsay","ALP",1083,47.67,30672,52.17
"Herbert",2,"Ana Bristowe-Lamb","AD","Exhausted","",1,0.04,1,NA
"Herbert",3,"Theo Theofanes","Lib46","Vicky Kippin","NPA",8136,90.59,27270,46.39
"Herbert",3,"Theo Theofanes","Lib46","Ted Lindsay","ALP",845,9.41,31517,53.61
"Herbert",3,"Theo Theofanes","Lib46","Exhausted","",2,0.02,3,NA
"Hinkler",2,"Marcus Platen","Ind","Brian Courtice","ALP",73,25.61,28054,47.24
"Hinkler",2,"Marcus Platen","Ind","Ronald Owen","Lib46",48,16.84,2988,5.03
"Hinkler",2,"Marcus Platen","Ind","Frank Coulthard","AD",107,37.54,2429,4.09
"Hinkler",2,"Marcus Platen","Ind","Bryan Conquest","NPA",57,20,25913,43.64
"Hinkler",2,"Marcus Platen","Ind","Exhausted","",2,0.7,2,NA
"Hinkler",3,"Frank Coulthard","AD","Brian Courtice","ALP",950,39.14,29004,48.84
"Hinkler",3,"Frank Coulthard","AD","Ronald Owen","Lib46",621,25.59,3609,6.08
"Hinkler",3,"Frank Coulthard","AD","Bryan Conquest","NPA",856,35.27,26769,45.08
"Hinkler",3,"Frank Coulthard","AD","Exhausted","",2,0.08,4,NA
"Hinkler",4,"Ronald Owen","Lib46","Brian Courtice","ALP",573,15.91,29577,49.81
"Hinkler",4,"Ronald Owen","Lib46","Bryan Conquest","NPA",3029,84.09,29798,50.19
"Hinkler",4,"Ronald Owen","Lib46","Exhausted","",7,0.19,11,NA
"Kennedy",2,"Lance Winter","AD","Brigid Walsh","ALP",729,46.02,25762,44.19
"Kennedy",2,"Lance Winter","AD","Bob Katter","NPA",565,35.67,29888,51.27
"Kennedy",2,"Lance Winter","AD","Gerald Porter","Lib46",290,18.31,2648,4.54
"Kennedy",2,"Lance Winter","AD","Exhausted","",2,0.13,2,NA
"Kennedy",3,"Gerald Porter","Lib46","Brigid Walsh","ALP",364,13.76,26126,44.82
"Kennedy",3,"Gerald Porter","Lib46","Bob Katter","NPA",2281,86.24,32169,55.18
"Kennedy",3,"Gerald Porter","Lib46","Exhausted","",3,0.11,5,NA
"Leichhardt",2,"Daas Saba","Ind","Eda Celledoni","NPA",153,33.05,20268,36.59
"Leichhardt",2,"Daas Saba","Ind","John Gayler","ALP",160,34.56,28416,51.3
"Leichhardt",2,"Daas Saba","Ind","Hugh Anthony","Lib46",66,14.25,3945,7.12
"Leichhardt",2,"Daas Saba","Ind","Cliff Truelove","AD",84,18.14,2759,4.98
"Leichhardt",3,"Cliff Truelove","AD","Eda Celledoni","NPA",430,15.59,20698,37.37
"Leichhardt",3,"Cliff Truelove","AD","John Gayler","ALP",1245,45.13,29661,53.55
"Leichhardt",3,"Cliff Truelove","AD","Hugh Anthony","Lib46",1084,39.29,5029,9.08
"Leichhardt",4,"Hugh Anthony","Lib46","Eda Celledoni","NPA",3964,78.82,24662,44.53
"Leichhardt",4,"Hugh Anthony","Lib46","John Gayler","ALP",1065,21.18,30726,55.47
"Lilley",2,"Anthony Catip","Ind","John Frew","NPA",158,19.34,12116,19.79
"Lilley",2,"Anthony Catip","Ind","Ian Parminter","Lib46",291,35.62,15393,25.14
"Lilley",2,"Anthony Catip","Ind","Elaine Darling","ALP",368,45.04,33716,55.07
"Lilley",2,"Anthony Catip","Ind","Exhausted","",4,0.49,4,NA
"Lilley",3,"John Frew","NPA","Ian Parminter","Lib46",11734,96.95,27127,44.32
"Lilley",3,"John Frew","NPA","Elaine Darling","ALP",369,3.05,34085,55.68
"Lilley",3,"John Frew","NPA","Exhausted","",13,0.11,17,NA
"Maranoa",2,"Mick Brannigan","AD","Dave Summers","ALP",1826,53.96,20910,34.5
"Maranoa",2,"Mick Brannigan","AD","Ian Cameron","NPA",1558,46.04,39690,65.5
"McPherson",2,"Maria Parer","Ind","Warren Tapp","NPA",58,18.07,13130,23.29
"McPherson",2,"Maria Parer","Ind","Ken Peterson","AD",103,32.09,2501,4.44
"McPherson",2,"Maria Parer","Ind","Rupe Granrott","ALP",62,19.31,18218,32.31
"McPherson",2,"Maria Parer","Ind","Peter White","Lib46",98,30.53,22535,39.97
"McPherson",3,"Ken Peterson","AD","Warren Tapp","NPA",704,28.15,13834,24.54
"McPherson",3,"Ken Peterson","AD","Rupe Granrott","ALP",1068,42.7,19286,34.2
"McPherson",3,"Ken Peterson","AD","Peter White","Lib46",729,29.15,23264,41.26
"McPherson",4,"Warren Tapp","NPA","Rupe Granrott","ALP",1278,9.24,20564,36.47
"McPherson",4,"Warren Tapp","NPA","Peter White","Lib46",12556,90.76,35820,63.53
"Moncrieff",2,"Peter Courtney","Ind","Will Aabraham-Steer","Ind",133,50.38,604,1.15
"Moncrieff",2,"Peter Courtney","Ind","Susan Mulley","AD",42,15.91,2000,3.82
"Moncrieff",2,"Peter Courtney","Ind","Athol Paterson","ALP",53,20.08,18900,36.11
"Moncrieff",2,"Peter Courtney","Ind","Judy Gamin","NPA",16,6.06,14625,27.94
"Moncrieff",2,"Peter Courtney","Ind","Kathy Martin","Lib46",20,7.58,16214,30.98
"Moncrieff",3,"Will Aabraham-Steer","Ind","Susan Mulley","AD",465,76.99,2465,4.71
"Moncrieff",3,"Will Aabraham-Steer","Ind","Athol Paterson","ALP",72,11.92,18972,36.25
"Moncrieff",3,"Will Aabraham-Steer","Ind","Judy Gamin","NPA",35,5.79,14660,28.01
"Moncrieff",3,"Will Aabraham-Steer","Ind","Kathy Martin","Lib46",32,5.3,16246,31.04
"Moncrieff",4,"Susan Mulley","AD","Athol Paterson","ALP",1309,53.1,20281,38.75
"Moncrieff",4,"Susan Mulley","AD","Judy Gamin","NPA",581,23.57,15241,29.12
"Moncrieff",4,"Susan Mulley","AD","Kathy Martin","Lib46",575,23.33,16821,32.14
"Moncrieff",5,"Judy Gamin","NPA","Athol Paterson","ALP",730,4.79,21011,40.14
"Moncrieff",5,"Judy Gamin","NPA","Kathy Martin","Lib46",14511,95.21,31332,59.86
"Moreton",2,"Geoffrey Fawthrop","AD","Donald Cameron","Lib46",1132,38.32,27007,44.42
"Moreton",2,"Geoffrey Fawthrop","AD","Michael Kinnane","ALP",1406,47.6,27847,45.8
"Moreton",2,"Geoffrey Fawthrop","AD","Howard Baskerville","NPA",416,14.08,5950,9.79
"Moreton",2,"Geoffrey Fawthrop","AD","Exhausted","",2,0.07,2,NA
"Moreton",3,"Howard Baskerville","NPA","Donald Cameron","Lib46",5374,90.38,32381,53.26
"Moreton",3,"Howard Baskerville","NPA","Michael Kinnane","ALP",572,9.62,28419,46.74
"Moreton",3,"Howard Baskerville","NPA","Exhausted","",4,0.07,6,NA
"Oxley",2,"George Hannaford","AD","Les Woodforth","Lib46",1165,44.45,10457,18.88
"Oxley",2,"George Hannaford","AD","Charles Groves","NPA",448,17.09,10987,19.84
"Oxley",2,"George Hannaford","AD","Bill Hayden","ALP",1008,38.46,33934,61.28
"Oxley",2,"George Hannaford","AD","Exhausted","",1,0.04,1,NA
"Oxley",3,"Les Woodforth","Lib46","Charles Groves","NPA",9487,90.73,20474,36.97
"Oxley",3,"Les Woodforth","Lib46","Bill Hayden","ALP",969,9.27,34903,63.03
"Oxley",3,"Les Woodforth","Lib46","Exhausted","",1,0.01,2,NA
"Petrie",2,"Garry Somerville","AD","John Hodges","Lib46",1216,40.97,21611,35.16
"Petrie",2,"Garry Somerville","AD","Don Munro","NPA",445,14.99,10146,16.51
"Petrie",2,"Garry Somerville","AD","Deane Wells","ALP",1307,44.04,29699,48.33
"Petrie",2,"Garry Somerville","AD","Exhausted","",3,0.1,3,NA
"Petrie",3,"Don Munro","NPA","John Hodges","Lib46",9504,93.69,31115,50.63
"Petrie",3,"Don Munro","NPA","Deane Wells","ALP",640,6.31,30339,49.37
"Petrie",3,"Don Munro","NPA","Exhausted","",2,0.02,5,NA
"Rankin",2,"Bev Peereboom","AD","Cec Jamieson","NPA",1165,40.59,18163,35.61
"Rankin",2,"Bev Peereboom","AD","Bruce Mackenzie-Forbes","Lib46",611,21.29,7935,15.56
"Rankin",2,"Bev Peereboom","AD","David Beddall","ALP",1094,38.12,24914,48.84
"Rankin",2,"Bev Peereboom","AD","Exhausted","",10,0.35,10,NA
"Rankin",3,"Bruce Mackenzie-Forbes","Lib46","Cec Jamieson","NPA",7036,88.74,25199,49.4
"Rankin",3,"Bruce Mackenzie-Forbes","Lib46","David Beddall","ALP",893,11.26,25807,50.6
"Rankin",3,"Bruce Mackenzie-Forbes","Lib46","Exhausted","",6,0.08,16,NA
"Ryan",2,"John Peeters","AD","Mike Foley","ALP",2683,53.39,23327,38.43
"Ryan",2,"John Peeters","AD","John Moore","Lib46",1824,36.3,26558,43.75
"Ryan",2,"John Peeters","AD","Maxwell Crofts","NPA",518,10.31,10818,17.82
"Ryan",2,"John Peeters","AD","Exhausted","",4,0.08,4,NA
"Ryan",3,"Maxwell Crofts","NPA","Mike Foley","ALP",726,6.72,24053,39.63
"Ryan",3,"Maxwell Crofts","NPA","John Moore","Lib46",10083,93.28,36641,60.37
"Ryan",3,"Maxwell Crofts","NPA","Exhausted","",9,0.08,13,NA
"Wide Bay",2,"Glen Spicer","AD","Fred Hoberg","ALP",1291,47.03,21124,38.24
"Wide Bay",2,"Glen Spicer","AD","Clarrie Millar","NPA",1454,52.97,34110,61.76
"Adelaide",2,"John Buik","Ind","Chris Hurford","ALP",81,28.52,35041,55.45
"Adelaide",2,"John Buik","Ind","Andrew Sickerdick","AD",49,17.25,4432,7.01
"Adelaide",2,"John Buik","Ind","Jenni London","Lib46",31,10.92,22681,35.89
"Adelaide",2,"John Buik","Ind","Mark Thiel","Ind",117,41.2,596,0.94
"Adelaide",2,"John Buik","Ind","Bryan Stokes","NPA",6,2.11,440,0.7
"Adelaide",3,"Bryan Stokes","NPA","Chris Hurford","ALP",60,13.7,35101,55.55
"Adelaide",3,"Bryan Stokes","NPA","Andrew Sickerdick","AD",42,9.59,4474,7.08
"Adelaide",3,"Bryan Stokes","NPA","Jenni London","Lib46",164,37.44,22845,36.15
"Adelaide",3,"Bryan Stokes","NPA","Mark Thiel","Ind",172,39.27,768,1.22
"Adelaide",3,"Bryan Stokes","NPA","Exhausted","",2,0.45,2,NA
"Adelaide",4,"Mark Thiel","Ind","Chris Hurford","ALP",175,22.85,35276,55.83
"Adelaide",4,"Mark Thiel","Ind","Andrew Sickerdick","AD",253,33.03,4727,7.48
"Adelaide",4,"Mark Thiel","Ind","Jenni London","Lib46",338,44.13,23183,36.69
"Adelaide",4,"Mark Thiel","Ind","Exhausted","",2,0.26,4,NA
"Adelaide",5,"Andrew Sickerdick","AD","Chris Hurford","ALP",2618,55.41,37894,59.97
"Adelaide",5,"Andrew Sickerdick","AD","Jenni London","Lib46",2107,44.59,25290,40.03
"Adelaide",5,"Andrew Sickerdick","AD","Exhausted","",2,0.04,6,NA
"Barker",2,"Richard Jacka","NPA","James Porter","Lib46",1342,75.61,36771,59.42
"Barker",2,"Richard Jacka","NPA","Meg Lees","AD",309,17.41,3575,5.78
"Barker",2,"Richard Jacka","NPA","Jeremy Moore","ALP",124,6.99,21536,34.8
"Barker",3,"Meg Lees","AD","James Porter","Lib46",1992,55.81,38763,62.65
"Barker",3,"Meg Lees","AD","Jeremy Moore","ALP",1577,44.19,23113,37.35
"Barker",3,"Meg Lees","AD","Exhausted","",6,0.17,6,NA
"Bonython",2,"John Longhurst","AD","Graham Sara","Lib46",2516,47.68,17418,31.11
"Bonython",2,"John Longhurst","AD","Neal Blewett","ALP",2761,52.32,38578,68.89
"Bonython",2,"John Longhurst","AD","Exhausted","",2,0.04,2,NA
"Boothby",2,"Douglas Lindley","NPA","Steele Hall","Lib46",330,56.6,33970,54.77
"Boothby",2,"Douglas Lindley","NPA","Bruce Whyatt","ALP",80,13.72,21816,35.17
"Boothby",2,"Douglas Lindley","NPA","Margaret-Ann Williams","AD",173,29.67,6237,10.06
"Boothby",2,"Douglas Lindley","NPA","Exhausted","",2,0.34,2,NA
"Boothby",3,"Margaret-Ann Williams","AD","Steele Hall","Lib46",2754,44.21,36724,59.22
"Boothby",3,"Margaret-Ann Williams","AD","Bruce Whyatt","ALP",3476,55.79,25292,40.78
"Boothby",3,"Margaret-Ann Williams","AD","Exhausted","",7,0.11,9,NA
"Grey",2,"Robin Dixon-Thompson","NPA","Harm Folkers","AD",435,18.5,4061,6.76
"Grey",2,"Robin Dixon-Thompson","NPA","Lloyd O'Neil","ALP",285,12.12,31803,52.94
"Grey",2,"Robin Dixon-Thompson","NPA","Russell Reid","Lib46",1631,69.37,24215,40.31
"Grey",2,"Robin Dixon-Thompson","NPA","Exhausted","",3,0.13,3,NA
"Grey",3,"Harm Folkers","AD","Lloyd O'Neil","ALP",2475,60.98,34278,57.06
"Grey",3,"Harm Folkers","AD","Russell Reid","Lib46",1584,39.02,25799,42.94
"Grey",3,"Harm Folkers","AD","Exhausted","",2,0.05,5,NA
"Hawker",2,"Thomas Correll","NPA","Charles Campbell","Lib46",821,78.72,26922,42.77
"Hawker",2,"Thomas Correll","NPA","Graham Pamount","AD",148,14.19,5000,7.94
"Hawker",2,"Thomas Correll","NPA","Ralph Jacobi","ALP",74,7.09,31030,49.29
"Hawker",2,"Thomas Correll","NPA","Exhausted","",2,0.19,2,NA
"Hawker",3,"Graham Pamount","AD","Charles Campbell","Lib46",2419,48.55,29341,46.62
"Hawker",3,"Graham Pamount","AD","Ralph Jacobi","ALP",2564,51.45,33594,53.38
"Hawker",3,"Graham Pamount","AD","Exhausted","",17,0.34,19,NA
"Hindmarsh",2,"Paul Petit","SWP","Ian Haines","AD",171,31.67,6295,10.27
"Hindmarsh",2,"Paul Petit","SWP","Barry Lewis","Lib46",36,6.67,23047,37.62
"Hindmarsh",2,"Paul Petit","SWP","John Scott","ALP",333,61.67,31928,52.11
"Hindmarsh",2,"Paul Petit","SWP","Exhausted","",2,0.37,2,NA
"Hindmarsh",3,"Ian Haines","AD","Barry Lewis","Lib46",3660,58.21,26707,43.59
"Hindmarsh",3,"Ian Haines","AD","John Scott","ALP",2628,41.79,34556,56.41
"Hindmarsh",3,"Ian Haines","AD","Exhausted","",7,0.11,9,NA
"Kingston",2,"Neville Agars","NPA","Robert Ralph","AD",140,24.05,5091,8.86
"Kingston",2,"Neville Agars","NPA","Paul Breakwell","NDP",63,10.82,2333,4.06
"Kingston",2,"Neville Agars","NPA","Richard Noble","Lib46",328,56.36,20874,36.31
"Kingston",2,"Neville Agars","NPA","Gordon Bilney","ALP",51,8.76,29191,50.78
"Kingston",2,"Neville Agars","NPA","Exhausted","",2,0.34,2,NA
"Kingston",3,"Paul Breakwell","NDP","Robert Ralph","AD",1032,44.29,6123,10.65
"Kingston",3,"Paul Breakwell","NDP","Richard Noble","Lib46",362,15.54,21236,36.94
"Kingston",3,"Paul Breakwell","NDP","Gordon Bilney","ALP",936,40.17,30127,52.41
"Kingston",3,"Paul Breakwell","NDP","Exhausted","",3,0.13,5,NA
"Kingston",4,"Robert Ralph","AD","Richard Noble","Lib46",3278,53.6,24514,42.65
"Kingston",4,"Robert Ralph","AD","Gordon Bilney","ALP",2838,46.4,32965,57.35
"Kingston",4,"Robert Ralph","AD","Exhausted","",7,0.11,12,NA
"Makin",2,"John Henderson","NPA","Bernhard Buechner","Ind",52,12.62,1494,2.64
"Makin",2,"John Henderson","NPA","Peter Duncan","ALP",84,20.39,27366,48.34
"Makin",2,"John Henderson","NPA","Neville Joyce","Lib46",214,51.94,22287,39.37
"Makin",2,"John Henderson","NPA","Andrew Coventry","AD",62,15.05,5463,9.65
"Makin",3,"Bernhard Buechner","Ind","Peter Duncan","ALP",523,35.15,27889,49.27
"Makin",3,"Bernhard Buechner","Ind","Neville Joyce","Lib46",353,23.72,22640,40
"Makin",3,"Bernhard Buechner","Ind","Andrew Coventry","AD",612,41.13,6075,10.73
"Makin",3,"Bernhard Buechner","Ind","Exhausted","",6,0.4,6,NA
"Makin",4,"Andrew Coventry","AD","Peter Duncan","ALP",2903,47.83,30792,54.4
"Makin",4,"Andrew Coventry","AD","Neville Joyce","Lib46",3166,52.17,25806,45.6
"Makin",4,"Andrew Coventry","AD","Exhausted","",6,0.1,12,NA
"Mayo",2,"Bob Shearer","NPA","John Quirke","ALP",235,8.98,20429,34.41
"Mayo",2,"Bob Shearer","NPA","Donald Chisholm","AD",402,15.36,5826,9.81
"Mayo",2,"Bob Shearer","NPA","Alexander Downer","Lib46",1980,75.66,33111,55.77
"Mayo",2,"Bob Shearer","NPA","Exhausted","",3,0.11,3,NA
"Mayo",3,"Donald Chisholm","AD","John Quirke","ALP",3007,51.68,23436,39.48
"Mayo",3,"Donald Chisholm","AD","Alexander Downer","Lib46",2811,48.32,35922,60.52
"Mayo",3,"Donald Chisholm","AD","Exhausted","",8,0.14,11,NA
"Port Adelaide",2,"Deborah Gordon","SWP","Robert Manhire","AD",846,65.48,5141,8.53
"Port Adelaide",2,"Deborah Gordon","SWP","Mick Young","ALP",367,28.41,37807,62.77
"Port Adelaide",2,"Deborah Gordon","SWP","Thomas Ireland","Lib46",79,6.11,17287,28.7
"Port Adelaide",2,"Deborah Gordon","SWP","Exhausted","",2,0.15,2,NA
"Port Adelaide",3,"Robert Manhire","AD","Mick Young","ALP",3048,59.35,40855,67.83
"Port Adelaide",3,"Robert Manhire","AD","Thomas Ireland","Lib46",2088,40.65,19375,32.17
"Port Adelaide",3,"Robert Manhire","AD","Exhausted","",5,0.1,7,NA
"Sturt",2,"Alison Dolling","AD","Ian Wilson","Lib46",2195,49.44,34599,56.04
"Sturt",2,"Alison Dolling","AD","Jim Gale","ALP",2245,50.56,27146,43.96
"Sturt",2,"Alison Dolling","AD","Exhausted","",3,0.07,3,NA
"Wakefield",2,"Terry Halford","NPA","Neil Andrew","Lib46",1467,81.64,37041,59.7
"Wakefield",2,"Terry Halford","NPA","Anne Hausler","AD",217,12.08,3931,6.34
"Wakefield",2,"Terry Halford","NPA","Suzanne Owens","ALP",113,6.29,21077,33.97
"Wakefield",2,"Terry Halford","NPA","Exhausted","",3,0.17,3,NA
"Wakefield",3,"Anne Hausler","AD","Neil Andrew","Lib46",2006,51.1,39047,62.93
"Wakefield",3,"Anne Hausler","AD","Suzanne Owens","ALP",1920,48.9,22997,37.07
"Wakefield",3,"Anne Hausler","AD","Exhausted","",5,0.13,8,NA
"Brand",2,"Thomas Renfrey","Ind","Wendy Fatin","ALP",1099,60.55,30420,55.54
"Brand",2,"Thomas Renfrey","Ind","Christopher Boyle","Lib46",716,39.45,24349,44.46
"Brand",2,"Thomas Renfrey","Ind","Exhausted","",5,0.27,5,NA
"Canning",2,"Elizabeth Capill","AD","George Gear","ALP",1759,52.35,29174,53.82
"Canning",2,"Elizabeth Capill","AD","Ricky Johnston","Lib46",1601,47.65,25031,46.18
"Canning",2,"Elizabeth Capill","AD","Exhausted","",3,0.09,3,NA
"Cowan",2,"Alan Needham","AD","Jeff Roberts","Lib46",1605,52.09,24574,46
"Cowan",2,"Alan Needham","AD","Carolyn Jakobsen","ALP",1476,47.91,28849,54
"Curtin",2,"Marjorie McKercher","AD","Beth Schultz","ALP",2737,58.47,24942,40.62
"Curtin",2,"Marjorie McKercher","AD","Allan Rocher","Lib46",1944,41.53,36463,59.38
"Curtin",2,"Marjorie McKercher","AD","Exhausted","",9,0.19,9,NA
"Forrest",2,"Alfred Bessell","Ind","Peter Drummond","Lib46",368,57.32,30377,51.03
"Forrest",2,"Alfred Bessell","Ind","Peter Holland","ALP",118,18.38,27295,45.85
"Forrest",2,"Alfred Bessell","Ind","Anne Fussell","AD",156,24.3,1857,3.12
"Forrest",2,"Alfred Bessell","Ind","Exhausted","",4,0.62,4,NA
"Forrest",3,"Anne Fussell","AD","Peter Drummond","Lib46",825,44.43,31202,52.41
"Forrest",3,"Anne Fussell","AD","Peter Holland","ALP",1032,55.57,28327,47.59
"Forrest",3,"Anne Fussell","AD","Exhausted","",0,0,4,NA
"Fremantle",2,"Timothy Peach","Ind","Max Adams","Lib46",160,24.73,19312,34.16
"Fremantle",2,"Timothy Peach","Ind","Shirley de la Hunty","AD",182,28.13,3544,6.27
"Fremantle",2,"Timothy Peach","Ind","John Dawkins","ALP",305,47.14,33671,59.57
"Fremantle",2,"Timothy Peach","Ind","Exhausted","",3,0.46,3,NA
"Fremantle",3,"Shirley de la Hunty","AD","Max Adams","Lib46",1577,44.59,20889,36.96
"Fremantle",3,"Shirley de la Hunty","AD","John Dawkins","ALP",1960,55.41,35631,63.04
"Fremantle",3,"Shirley de la Hunty","AD","Exhausted","",7,0.2,10,NA
"Kalgoorlie",2,"William Mason","AD","Graeme Campbell","ALP",572,34.69,28475,52.33
"Kalgoorlie",2,"William Mason","AD","Douglas Krepp","Lib46",575,34.87,22816,41.93
"Kalgoorlie",2,"William Mason","AD","David Nourish","NDP",502,30.44,3125,5.74
"Kalgoorlie",3,"David Nourish","NDP","Graeme Campbell","ALP",2001,64.03,30476,56.01
"Kalgoorlie",3,"David Nourish","NDP","Douglas Krepp","Lib46",1124,35.97,23940,43.99
"O'Connor",2,"Denis Kidby","AD","Wilson Tuckey","Lib46",524,30.11,33929,54.42
"O'Connor",2,"Denis Kidby","AD","Kim Chance","ALP",714,41.03,18096,29.03
"O'Connor",2,"Denis Kidby","AD","James Ferguson","NPA",502,28.85,10319,16.55
"O'Connor",3,"James Ferguson","NPA","Wilson Tuckey","Lib46",9211,89.26,43140,69.2
"O'Connor",3,"James Ferguson","NPA","Kim Chance","ALP",1108,10.74,19204,30.8
"Perth",2,"Catherine Brown","SWP","Joan Walters","Lib46",918,59.8,26066,43.74
"Perth",2,"Catherine Brown","SWP","Ric Charlesworth","ALP",617,40.2,33523,56.26
"Stirling",2,"Eric Martin","Ind","Ron Edwards","ALP",127,18.81,29863,49.92
"Stirling",2,"Eric Martin","Ind","Terence Barrett","AD",300,44.44,2721,4.55
"Stirling",2,"Eric Martin","Ind","Greg Hancock","Lib46",248,36.74,27242,45.54
"Stirling",3,"Terence Barrett","AD","Ron Edwards","ALP",1517,55.75,31380,52.45
"Stirling",3,"Terence Barrett","AD","Greg Hancock","Lib46",1204,44.25,28446,47.55
"Swan",2,"Linda Mottram","AD","Frank Hayes","Lib46",1409,45.79,25714,43.03
"Swan",2,"Linda Mottram","AD","Kim Beazley","ALP",1668,54.21,34044,56.97
"Tangney",2,"Ron Murray","AD","Peter Shack","Lib46",1403,55.81,32934,57.76
"Tangney",2,"Ron Murray","AD","David Dale","ALP",1111,44.19,24089,42.24
"Bass",2,"Michael Preece","AD","Warwick Smith","Lib46",1288,49.12,28514,54.42
"Bass",2,"Michael Preece","AD","Vicki Buchanan","ALP",1334,50.88,23878,45.58
"Bass",2,"Michael Preece","AD","Exhausted","",2,0.08,2,NA
"Braddon",2,"Gavin Bugg","AD","Greg Peart","ALP",1041,50.98,23541,45.41
"Braddon",2,"Gavin Bugg","AD","Chris Miles","Lib46",1001,49.02,28297,54.59
"Braddon",2,"Gavin Bugg","AD","Exhausted","",5,0.24,5,NA
"Denison",2,"Mary Willey","Ind","Michael Hodgman","Lib46",1537,41.05,27466,50.95
"Denison",2,"Mary Willey","Ind","Kay Spurr","ALP",2207,58.95,26437,49.05
"Denison",2,"Mary Willey","Ind","Exhausted","",3,0.08,3,NA
"Franklin",2,"John Thomson","AD","John Devereux","ALP",1891,64.89,22592,44.36
"Franklin",2,"John Thomson","AD","Bruce Goodluck","Lib46",1023,35.11,28338,55.64
"Franklin",2,"John Thomson","AD","Exhausted","",2,0.07,2,NA
"Lyons",2,"Liz Holloway","AD","David Llewellyn","ALP",1871,66.07,24990,48.66
"Lyons",2,"Liz Holloway","AD","Max Burr","Lib46",961,33.93,26368,51.34
"Lyons",2,"Liz Holloway","AD","Exhausted","",13,0.46,13,NA
"Northern Territory",2,"Strider","Ind","Wiyendji Roberts","AD",74,19.22,1980,3.54
"Northern Territory",2,"Strider","Ind","Paul Everingham","CLP",40,10.39,27375,48.92
"Northern Territory",2,"Strider","Ind","Phil Ward","Ind",73,18.96,1264,2.26
"Northern Territory",2,"Strider","Ind","John Reeves","ALP",198,51.43,25338,45.28
"Northern Territory",2,"Strider","Ind","Exhausted","",5,1.28,5,NA
"Northern Territory",3,"Phil Ward","Ind","Wiyendji Roberts","AD",226,17.89,2206,3.94
"Northern Territory",3,"Phil Ward","Ind","Paul Everingham","CLP",340,26.92,27715,49.53
"Northern Territory",3,"Phil Ward","Ind","John Reeves","ALP",697,55.19,26035,46.53
"Northern Territory",3,"Phil Ward","Ind","Exhausted","",1,0.08,6,NA
"Northern Territory",4,"Wiyendji Roberts","AD","Paul Everingham","CLP",1032,47.1,28747,51.39
"Northern Territory",4,"Wiyendji Roberts","AD","John Reeves","ALP",1159,52.9,27194,48.61
"Northern Territory",4,"Wiyendji Roberts","AD","Exhausted","",15,0.68,21,NA
"Canberra",2,"Joanne Hansen","DSPA","Gary Humphries","Lib46",132,18.23,21799,33.6
"Canberra",2,"Joanne Hansen","DSPA","Robyn Hancock","NDP",241,33.29,5186,7.99
"Canberra",2,"Joanne Hansen","DSPA","Fiona Richardson","AD",143,19.75,4230,6.52
"Canberra",2,"Joanne Hansen","DSPA","Ros Kelly","ALP",208,28.73,33662,51.89
"Canberra",3,"Fiona Richardson","AD","Gary Humphries","Lib46",1198,28.32,22997,35.45
"Canberra",3,"Fiona Richardson","AD","Robyn Hancock","NDP",1669,39.46,6855,10.57
"Canberra",3,"Fiona Richardson","AD","Ros Kelly","ALP",1363,32.22,35025,53.99
"Canberra",4,"Robyn Hancock","NDP","Gary Humphries","Lib46",1934,28.21,24931,38.43
"Canberra",4,"Robyn Hancock","NDP","Ros Kelly","ALP",4921,71.79,39946,61.57
"Fraser",2,"Arthur Burns","Ind","Rozalyn Daniell","DSPA",37,10.76,2139,3.08
"Fraser",2,"Arthur Burns","Ind","Kevin Wise","Ind",65,18.9,418,0.6
"Fraser",2,"Arthur Burns","Ind","Andrew Freeman","AD",64,18.6,6202,8.93
"Fraser",2,"Arthur Burns","Ind","John McLaren","Lib46",109,31.69,21667,31.21
"Fraser",2,"Arthur Burns","Ind","John Langmore","ALP",51,14.83,38234,55.08
"Fraser",2,"Arthur Burns","Ind","Emile Brunoro","Ind",18,5.23,755,1.09
"Fraser",2,"Arthur Burns","Ind","Exhausted","",1,0.29,1,NA
"Fraser",3,"Kevin Wise","Ind","Rozalyn Daniell","DSPA",142,34.13,2281,3.29
"Fraser",3,"Kevin Wise","Ind","Andrew Freeman","AD",81,19.47,6283,9.05
"Fraser",3,"Kevin Wise","Ind","John McLaren","Lib46",91,21.88,21758,31.35
"Fraser",3,"Kevin Wise","Ind","John Langmore","ALP",56,13.46,38290,55.16
"Fraser",3,"Kevin Wise","Ind","Emile Brunoro","Ind",46,11.06,801,1.15
"Fraser",3,"Kevin Wise","Ind","Exhausted","",2,0.48,3,NA
"Fraser",4,"Emile Brunoro","Ind","Rozalyn Daniell","DSPA",159,19.88,2440,3.52
"Fraser",4,"Emile Brunoro","Ind","Andrew Freeman","AD",209,26.12,6492,9.35
"Fraser",4,"Emile Brunoro","Ind","John McLaren","Lib46",158,19.75,21916,31.57
"Fraser",4,"Emile Brunoro","Ind","John Langmore","ALP",274,34.25,38564,55.56
"Fraser",4,"Emile Brunoro","Ind","Exhausted","",1,0.12,4,NA
"Fraser",5,"Rozalyn Daniell","DSPA","Andrew Freeman","AD",1290,52.98,7782,11.21
"Fraser",5,"Rozalyn Daniell","DSPA","John McLaren","Lib46",429,17.62,22345,32.19
"Fraser",5,"Rozalyn Daniell","DSPA","John Langmore","ALP",716,29.4,39280,56.59
"Fraser",5,"Rozalyn Daniell","DSPA","Exhausted","",5,0.2,9,NA
"Fraser",6,"Andrew Freeman","AD","John McLaren","Lib46",3798,48.82,26143,37.67
"Fraser",6,"Andrew Freeman","AD","John Langmore","ALP",3981,51.18,43261,62.33
"Fraser",6,"Andrew Freeman","AD","Exhausted","",3,0.04,12,NA
