"Seat","Count","From_candidate","From_party","To_candidate","To_party","Transferred_votes","Transferred_perc","New_votes","New_vote_perc"
"Bennelong",2,"Allan Horton","Ind","Ronald Claridge","DLP",166,6.65,2690,4.84
"Bennelong",2,"Allan Horton","Ind","Kenneth Cook","AP",661,26.49,3805,6.85
"Bennelong",2,"Allan Horton","Ind","Sir John Cramer","Lib46",799,32.02,27773,50.01
"Bennelong",2,"Allan Horton","Ind","Peter Evatt","ALP",869,34.83,21271,38.3
"Berowra",2,"Neil Mackerras","DLP","David Haig","AP",141,6.16,3542,7.17
"Berowra",2,"Neil Mackerras","DLP","Tom Hughes","Lib46",1722,75.26,24217,49.04
"Berowra",2,"Neil Mackerras","DLP","Edith Parrish","Ind",279,12.19,6374,12.91
"Berowra",2,"Neil Mackerras","DLP","George Williams","ALP",146,6.38,15254,30.89
"Berowra",3,"David Haig","AP","Tom Hughes","Lib46",1211,34.19,25428,51.49
"Berowra",3,"David Haig","AP","Edith Parrish","Ind",1472,41.56,7846,15.89
"Berowra",3,"David Haig","AP","George Williams","ALP",859,24.25,16113,32.63
"Cook",2,"Bernard Walrut","AP","Robin Alleway","Ind",152,16.76,2918,5.74
"Cook",2,"Bernard Walrut","AP","Don Dobie","Lib46",182,20.07,25179,49.5
"Cook",2,"Bernard Walrut","AP","Cliff Mallam","ALP",573,63.18,22765,44.76
"Cook",3,"Robin Alleway","Ind","Don Dobie","Lib46",1682,57.64,26861,52.81
"Cook",3,"Robin Alleway","Ind","Cliff Mallam","ALP",1236,42.36,24001,47.19
"Evans",2,"James Saunders","Ind","Kevin Davis","DLP",94,9.31,2892,5.46
"Evans",2,"James Saunders","Ind","John Fisher","AP",263,26.04,1813,3.42
"Evans",2,"James Saunders","Ind","Malcolm Mackay","Lib46",309,30.59,23836,45.03
"Evans",2,"James Saunders","Ind","James Monaghan","ALP",344,34.06,24398,46.09
"Evans",3,"John Fisher","AP","Kevin Davis","DLP",382,21.07,3274,6.18
"Evans",3,"John Fisher","AP","Malcolm Mackay","Lib46",458,25.26,24294,45.89
"Evans",3,"John Fisher","AP","James Monaghan","ALP",973,53.67,25371,47.92
"Evans",4,"Kevin Davis","DLP","Malcolm Mackay","Lib46",2806,85.71,27100,51.19
"Evans",4,"Kevin Davis","DLP","James Monaghan","ALP",468,14.29,25839,48.81
"Hume",2,"James Manwaring","DLP","Frank Olley","ALP",1315,39.48,22006,49.05
"Hume",2,"James Manwaring","DLP","John Pettitt","CP",2016,60.52,22861,50.95
"Lowe",2,"Agnes Bannon","DLP","Patricia Bailey","Ind",150,10.07,2567,4.89
"Lowe",2,"Agnes Bannon","DLP","Bernard MacMahon","Ind",141,9.46,1841,3.51
"Lowe",2,"Agnes Bannon","DLP","William McMahon","Lib46",1062,71.28,26379,50.24
"Lowe",2,"Agnes Bannon","DLP","Peter Young","ALP",137,9.19,21723,41.37
"Mitchell",2,"Harvey Clift","PP","Alfred Ashley-Brown","ALP",596,56.49,24503,45.77
"Mitchell",2,"Harvey Clift","PP","Les Irwin","Lib46",260,24.64,25820,48.23
"Mitchell",2,"Harvey Clift","PP","John Maguire","DLP",82,7.77,1855,3.46
"Mitchell",2,"Harvey Clift","PP","Gordon Waller","AP",117,11.09,1361,2.54
"Mitchell",3,"Gordon Waller","AP","Alfred Ashley-Brown","ALP",654,48.05,25157,46.99
"Mitchell",3,"Gordon Waller","AP","Les Irwin","Lib46",352,25.86,26172,48.88
"Mitchell",3,"Gordon Waller","AP","John Maguire","DLP",355,26.08,2210,4.13
"Mitchell",4,"John Maguire","DLP","Alfred Ashley-Brown","ALP",271,12.26,25428,47.49
"Mitchell",4,"John Maguire","DLP","Les Irwin","Lib46",1939,87.74,28111,52.51
"Parramatta",2,"Leonard Kiernan","Ind","Hans Andreasson","DLP",34,14.17,2542,4.41
"Parramatta",2,"Leonard Kiernan","Ind","Nigel Bowen","Lib46",45,18.75,27176,47.12
"Parramatta",2,"Leonard Kiernan","Ind","John Keeffe","Ind",81,33.75,2147,3.72
"Parramatta",2,"Leonard Kiernan","Ind","Barry Wilde","ALP",80,33.33,25812,44.75
"Parramatta",3,"John Keeffe","Ind","Hans Andreasson","DLP",215,10.01,2757,4.78
"Parramatta",3,"John Keeffe","Ind","Nigel Bowen","Lib46",741,34.51,27917,48.4
"Parramatta",3,"John Keeffe","Ind","Barry Wilde","ALP",1191,55.47,27003,46.82
"Parramatta",4,"Hans Andreasson","DLP","Nigel Bowen","Lib46",2457,89.12,30374,52.66
"Parramatta",4,"Hans Andreasson","DLP","Barry Wilde","ALP",300,10.88,27303,47.34
"Paterson",2,"Ted Fletcher","AP","Jack Collins","DLP",23,10.13,1828,4.09
"Paterson",2,"Ted Fletcher","AP","Adrian Edwards","Ind",79,34.8,331,0.74
"Paterson",2,"Ted Fletcher","AP","John Jobling","Lib46",34,14.98,12534,28.06
"Paterson",2,"Ted Fletcher","AP","Francis Murray","ALP",49,21.59,16790,37.58
"Paterson",2,"Ted Fletcher","AP","Frank O'Keefe","CP",42,18.5,13192,29.53
"Paterson",3,"Adrian Edwards","Ind","Jack Collins","DLP",139,41.99,1967,4.4
"Paterson",3,"Adrian Edwards","Ind","John Jobling","Lib46",80,24.17,12614,28.24
"Paterson",3,"Adrian Edwards","Ind","Francis Murray","ALP",72,21.75,16862,37.74
"Paterson",3,"Adrian Edwards","Ind","Frank O'Keefe","CP",40,12.08,13232,29.62
"Paterson",4,"Jack Collins","DLP","John Jobling","Lib46",909,46.21,13523,30.27
"Paterson",4,"Jack Collins","DLP","Francis Murray","ALP",228,11.59,17090,38.25
"Paterson",4,"Jack Collins","DLP","Frank O'Keefe","CP",830,42.2,14062,31.48
"Paterson",5,"John Jobling","Lib46","Francis Murray","ALP",1893,14,18983,42.49
"Paterson",5,"John Jobling","Lib46","Frank O'Keefe","CP",11630,86,25692,57.51
"Phillip",2,"Alex MacDonald","Ind","Lyle Antcliff","DLP",15,11.63,2316,4.4
"Phillip",2,"Alex MacDonald","Ind","William Aston","Lib46",21,16.28,22886,43.48
"Phillip",2,"Alex MacDonald","Ind","Totti Cohen","Ind",13,10.08,1267,2.41
"Phillip",2,"Alex MacDonald","Ind","Jack Gray","AP",33,25.58,623,1.18
"Phillip",2,"Alex MacDonald","Ind","Ronald Rigby","Ind",22,17.05,349,0.66
"Phillip",2,"Alex MacDonald","Ind","Joe Riordan","ALP",12,9.3,23133,43.95
"Phillip",2,"Alex MacDonald","Ind","William Whitby","PP",7,5.43,1822,3.46
"Phillip",2,"Alex MacDonald","Ind","Kenneth Yeomans","Ind",6,4.65,244,0.46
"Phillip",3,"Kenneth Yeomans","Ind","Lyle Antcliff","DLP",18,7.38,2334,4.43
"Phillip",3,"Kenneth Yeomans","Ind","William Aston","Lib46",39,15.98,22925,43.55
"Phillip",3,"Kenneth Yeomans","Ind","Totti Cohen","Ind",18,7.38,1285,2.44
"Phillip",3,"Kenneth Yeomans","Ind","Jack Gray","AP",7,2.87,630,1.2
"Phillip",3,"Kenneth Yeomans","Ind","Ronald Rigby","Ind",12,4.92,361,0.69
"Phillip",3,"Kenneth Yeomans","Ind","Joe Riordan","ALP",57,23.36,23190,44.05
"Phillip",3,"Kenneth Yeomans","Ind","William Whitby","PP",93,38.11,1915,3.64
"Phillip",4,"Ronald Rigby","Ind","Lyle Antcliff","DLP",21,5.82,2355,4.47
"Phillip",4,"Ronald Rigby","Ind","William Aston","Lib46",44,12.19,22969,43.63
"Phillip",4,"Ronald Rigby","Ind","Totti Cohen","Ind",76,21.05,1361,2.59
"Phillip",4,"Ronald Rigby","Ind","Jack Gray","AP",60,16.62,690,1.31
"Phillip",4,"Ronald Rigby","Ind","Joe Riordan","ALP",126,34.9,23316,44.29
"Phillip",4,"Ronald Rigby","Ind","William Whitby","PP",34,9.42,1949,3.7
"Phillip",5,"Jack Gray","AP","Lyle Antcliff","DLP",39,5.65,2394,4.55
"Phillip",5,"Jack Gray","AP","William Aston","Lib46",105,15.22,23074,43.83
"Phillip",5,"Jack Gray","AP","Totti Cohen","Ind",165,23.91,1526,2.9
"Phillip",5,"Jack Gray","AP","Joe Riordan","ALP",178,25.8,23494,44.63
"Phillip",5,"Jack Gray","AP","William Whitby","PP",203,29.42,2152,4.09
"Phillip",6,"Totti Cohen","Ind","Lyle Antcliff","DLP",166,10.88,2560,4.86
"Phillip",6,"Totti Cohen","Ind","William Aston","Lib46",580,38.01,23654,44.94
"Phillip",6,"Totti Cohen","Ind","Joe Riordan","ALP",472,30.93,23966,45.53
"Phillip",6,"Totti Cohen","Ind","William Whitby","PP",308,20.18,2460,4.67
"Phillip",7,"William Whitby","PP","Lyle Antcliff","DLP",193,7.85,2753,5.23
"Phillip",7,"William Whitby","PP","William Aston","Lib46",418,16.99,24072,45.73
"Phillip",7,"William Whitby","PP","Joe Riordan","ALP",1849,75.16,25815,49.04
"Phillip",8,"Lyle Antcliff","DLP","William Aston","Lib46",2468,89.65,26540,50.42
"Phillip",8,"Lyle Antcliff","DLP","Joe Riordan","ALP",285,10.35,26100,49.58
"St George",2,"Emanuel Said","Ind","Henry Bader","DLP",20,10.1,1825,3.4
"St George",2,"Emanuel Said","Ind","Leonard Bosman","Lib46",38,19.19,24860,46.27
"St George",2,"Emanuel Said","Ind","Archibald Lawless","Ind",20,10.1,269,0.5
"St George",2,"Emanuel Said","Ind","Bill Morrison","ALP",38,19.19,25956,48.31
"St George",2,"Emanuel Said","Ind","Christopher Owens","AP",82,41.41,823,1.53
"St George",3,"Archibald Lawless","Ind","Henry Bader","DLP",57,21.19,1882,3.5
"St George",3,"Archibald Lawless","Ind","Leonard Bosman","Lib46",80,29.74,24940,46.41
"St George",3,"Archibald Lawless","Ind","Bill Morrison","ALP",87,32.34,26043,48.47
"St George",3,"Archibald Lawless","Ind","Christopher Owens","AP",45,16.73,868,1.62
"St George",4,"Christopher Owens","AP","Henry Bader","DLP",101,11.64,1983,3.69
"St George",4,"Christopher Owens","AP","Leonard Bosman","Lib46",178,20.51,25118,46.75
"St George",4,"Christopher Owens","AP","Bill Morrison","ALP",589,67.86,26632,49.56
"St George",5,"Henry Bader","DLP","Leonard Bosman","Lib46",1714,86.43,26832,49.94
"St George",5,"Henry Bader","DLP","Bill Morrison","ALP",269,13.57,26901,50.06
"Ballaarat",2,"Hendrik Prins","Ind","Graeme Bond","Ind",16,17.39,1189,2.51
"Ballaarat",2,"Hendrik Prins","Ind","Dudley Erwin","Lib46",8,8.7,20889,44.03
"Ballaarat",2,"Hendrik Prins","Ind","Bob Joshua","DLP",6,6.52,6450,13.6
"Ballaarat",2,"Hendrik Prins","Ind","David Pollock","ALP",24,26.09,18658,39.33
"Ballaarat",2,"Hendrik Prins","Ind","David Swinnerton","Ind",38,41.3,253,0.53
"Ballaarat",3,"David Swinnerton","Ind","Graeme Bond","Ind",64,25.3,1253,2.64
"Ballaarat",3,"David Swinnerton","Ind","Dudley Erwin","Lib46",26,10.28,20915,44.09
"Ballaarat",3,"David Swinnerton","Ind","Bob Joshua","DLP",19,7.51,6469,13.64
"Ballaarat",3,"David Swinnerton","Ind","David Pollock","ALP",144,56.92,18802,39.63
"Ballaarat",4,"Graeme Bond","Ind","Dudley Erwin","Lib46",998,79.65,21913,46.19
"Ballaarat",4,"Graeme Bond","Ind","Bob Joshua","DLP",115,9.18,6584,13.88
"Ballaarat",4,"Graeme Bond","Ind","David Pollock","ALP",140,11.17,18942,39.93
"Ballaarat",5,"Bob Joshua","DLP","Dudley Erwin","Lib46",6086,92.44,27999,59.02
"Ballaarat",5,"Bob Joshua","DLP","David Pollock","ALP",498,7.56,19440,40.98
"Batman",2,"Ronald Hayles","Ind","Henry Darroch","DLP",1698,56.51,9474,17.86
"Batman",2,"Ronald Hayles","Ind","Horrie Garrick","ALP",757,25.19,25443,47.97
"Batman",2,"Ronald Hayles","Ind","Peter McGrath","Lib46",550,18.3,18117,34.16
"Batman",3,"Henry Darroch","DLP","Horrie Garrick","ALP",2674,28.22,28117,53.02
"Batman",3,"Henry Darroch","DLP","Peter McGrath","Lib46",6800,71.78,24917,46.98
"Bruce",2,"Leslie Smith","CPA","William Hoyne","DLP",18,4.92,5326,10.39
"Bruce",2,"Leslie Smith","CPA","Douglas McKay","AP",20,5.46,1010,1.97
"Bruce",2,"Leslie Smith","CPA","Leon Phillips","ALP",262,71.58,18711,36.51
"Bruce",2,"Leslie Smith","CPA","Billy Snedden","Lib46",46,12.57,25516,49.79
"Bruce",2,"Leslie Smith","CPA","Herbert Wessley","Ind",20,5.46,689,1.34
"Bruce",3,"Herbert Wessley","Ind","William Hoyne","DLP",222,32.22,5548,10.82
"Bruce",3,"Herbert Wessley","Ind","Douglas McKay","AP",113,16.4,1123,2.19
"Bruce",3,"Herbert Wessley","Ind","Leon Phillips","ALP",127,18.43,18838,36.76
"Bruce",3,"Herbert Wessley","Ind","Billy Snedden","Lib46",227,32.95,25743,50.23
"Casey",2,"John Schillani","Ind","Kevin Adamson","DLP",68,21.25,5724,11.5
"Casey",2,"John Schillani","Ind","Peter Howson","Lib46",126,39.38,21643,43.49
"Casey",2,"John Schillani","Ind","Duncan Waterson","ALP",78,24.38,20498,41.19
"Casey",2,"John Schillani","Ind","Leonard Weber","AP",48,15,1900,3.82
"Casey",3,"Leonard Weber","AP","Kevin Adamson","DLP",213,11.21,5937,11.93
"Casey",3,"Leonard Weber","AP","Peter Howson","Lib46",342,18,21985,44.18
"Casey",3,"Leonard Weber","AP","Duncan Waterson","ALP",1345,70.79,21843,43.89
"Casey",4,"Kevin Adamson","DLP","Peter Howson","Lib46",5405,91.04,27390,55.04
"Casey",4,"Kevin Adamson","DLP","Duncan Waterson","ALP",532,8.96,22375,44.96
"Deakin",2,"Raymond Nilsen","Ind","Alan Jarman","Lib46",849,23.21,24441,48.68
"Deakin",2,"Raymond Nilsen","Ind","Bernard Mildner","ALP",2569,70.23,20664,41.16
"Deakin",2,"Raymond Nilsen","Ind","Maurice Weston","DLP",240,6.56,5102,10.16
"Deakin",3,"Maurice Weston","DLP","Alan Jarman","Lib46",4549,89.16,28990,57.74
"Deakin",3,"Maurice Weston","DLP","Bernard Mildner","ALP",553,10.84,21217,42.26
"Diamond Valley",2,"John Hill","AP","Neil Brown","Lib46",360,26.59,24763,46.4
"Diamond Valley",2,"John Hill","AP","David McKenzie","ALP",884,65.29,22905,42.91
"Diamond Valley",2,"John Hill","AP","Leo Morison","DLP",110,8.12,5706,10.69
"Diamond Valley",3,"Leo Morison","DLP","Neil Brown","Lib46",5164,90.5,29927,56.07
"Diamond Valley",3,"Leo Morison","DLP","David McKenzie","ALP",542,9.5,23447,43.93
"Henty",2,"Herman Crowther","Ind","Max Fox","Lib46",1845,44.22,26198,50.14
"Henty",2,"Herman Crowther","Ind","John Launder","DLP",309,7.41,5359,10.26
"Henty",2,"Herman Crowther","Ind","Robert Ray","ALP",2018,48.37,20688,39.6
"Holt",2,"Henri de Sachau","DLP","Len Reid","Lib46",5625,90.09,26938,53.55
"Holt",2,"Henri de Sachau","DLP","William Wilkinson","ALP",619,9.91,23368,46.45
"Hotham",2,"Kenneth Nolan","AP","Don Chipp","Lib46",561,45.32,24337,49.37
"Hotham",2,"Kenneth Nolan","AP","Ian Radnell","DLP",236,19.06,4799,9.74
"Hotham",2,"Kenneth Nolan","AP","Kevin Vaughan","ALP",441,35.62,20158,40.89
"Hotham",3,"Ian Radnell","DLP","Don Chipp","Lib46",4330,90.23,28667,58.16
"Hotham",3,"Ian Radnell","DLP","Kevin Vaughan","ALP",469,9.77,20627,41.84
"Indi",2,"Roy Harle","Lib46","Christopher Cody","DLP",256,4.76,5667,12.85
"Indi",2,"Roy Harle","Lib46","Robert Cross","ALP",232,4.31,12822,29.07
"Indi",2,"Roy Harle","Lib46","Mac Holten","CP",4894,90.93,25624,58.09
"Isaacs",2,"Liane Wessley","Ind","David Hamer","Lib46",239,23.29,23764,48.23
"Isaacs",2,"Liane Wessley","Ind","Alan Roberts","ALP",339,33.04,20090,40.78
"Isaacs",2,"Liane Wessley","Ind","Frederick Skinner","DLP",448,43.66,5415,10.99
"Isaacs",3,"Frederick Skinner","DLP","David Hamer","Lib46",4798,88.61,28562,57.97
"Isaacs",3,"Frederick Skinner","DLP","Alan Roberts","ALP",617,11.39,20707,42.03
"La Trobe",2,"Brenda Elliott","AP","John Jess","Lib46",1321,53.18,23664,47.22
"La Trobe",2,"Brenda Elliott","AP","Pauline McCarthy","ALP",956,38.49,21854,43.61
"La Trobe",2,"Brenda Elliott","AP","Peter Tunstall","DLP",207,8.33,4600,9.18
"La Trobe",3,"Peter Tunstall","DLP","John Jess","Lib46",3977,86.46,27641,55.15
"La Trobe",3,"Peter Tunstall","DLP","Pauline McCarthy","ALP",623,13.54,22477,44.85
"McMillan",2,"Les Hilton","DLP","Alexander Buchanan","Lib46",3603,83.08,19133,39.51
"McMillan",2,"Les Hilton","DLP","John Dwyer","CP",484,11.16,8648,17.86
"McMillan",2,"Les Hilton","DLP","Frank Mountford","ALP",250,5.76,20640,42.63
"McMillan",3,"John Dwyer","CP","Alexander Buchanan","Lib46",7662,88.6,26795,55.34
"McMillan",3,"John Dwyer","CP","Frank Mountford","ALP",986,11.4,21626,44.66
"Mallee",2,"Peter Lawrence","DLP","Ronald Davies","ALP",469,12.37,13889,32.55
"Mallee",2,"Peter Lawrence","DLP","James McFarlane","Lib46",375,9.89,5918,13.87
"Mallee",2,"Peter Lawrence","DLP","Winton Turnbull","CP",2947,77.74,22861,53.58
"Maribyrnong",2,"Daphne Thorne","Ind","Moss Cass","ALP",76,22.16,23267,46.31
"Maribyrnong",2,"Daphne Thorne","Ind","Lancelot Hutchinson","Ind",41,11.95,2667,5.31
"Maribyrnong",2,"Daphne Thorne","Ind","James Marmion","DLP",48,13.99,6294,12.53
"Maribyrnong",2,"Daphne Thorne","Ind","Philip Stokes","Lib46",178,51.9,18013,35.85
"Maribyrnong",3,"Lancelot Hutchinson","Ind","Moss Cass","ALP",1892,70.94,25159,50.08
"Maribyrnong",3,"Lancelot Hutchinson","Ind","James Marmion","DLP",223,8.36,6517,12.97
"Maribyrnong",3,"Lancelot Hutchinson","Ind","Philip Stokes","Lib46",552,20.7,18565,36.95
"Wimmera",2,"Brian Cronin","DLP","Miles Bourke","Lib46",302,10.59,11317,25.7
"Wimmera",2,"Brian Cronin","DLP","Brian Brooke","ALP",197,6.91,16731,38
"Wimmera",2,"Brian Cronin","DLP","Robert King","CP",2352,82.5,15984,36.3
"Wimmera",3,"Miles Bourke","Lib46","Brian Brooke","ALP",1770,15.64,18501,42.02
"Wimmera",3,"Miles Bourke","Lib46","Robert King","CP",9547,84.36,25531,57.98
"Griffith",2,"Trevor Sturling","Ind","Cecil Birchley","DLP",93,13.3,4407,8.11
"Griffith",2,"Trevor Sturling","Ind","Donald Cameron","Lib46",155,22.17,24062,44.28
"Griffith",2,"Trevor Sturling","Ind","Barry Gorman","ALP",451,64.52,25867,47.61
"Griffith",3,"Cecil Birchley","DLP","Donald Cameron","Lib46",3908,88.68,27970,51.48
"Griffith",3,"Cecil Birchley","DLP","Barry Gorman","ALP",499,11.32,26366,48.52
"Herbert",2,"Kiernan Dorney","DLP","Robert Bonnett","Lib46",4159,80.27,23897,51.68
"Herbert",2,"Kiernan Dorney","DLP","Ted Harding","ALP",1022,19.73,22340,48.32
"Lilley",2,"Andrew Aitken","DLP","Kevin Cairns","Lib46",3988,86.34,27348,51.68
"Lilley",2,"Andrew Aitken","DLP","Frank Doyle","ALP",631,13.66,25571,48.32
"Moreton",2,"Kitchener Farrell","Ind","George Harvey","ALP",608,68.24,23064,45.64
"Moreton",2,"Kitchener Farrell","Ind","James Killen","Lib46",166,18.63,24439,48.36
"Moreton",2,"Kitchener Farrell","Ind","Clarrissa Weedon","DLP",117,13.13,3032,6
"Moreton",3,"Clarrissa Weedon","DLP","George Harvey","ALP",527,17.38,23591,46.68
"Moreton",3,"Clarrissa Weedon","DLP","James Killen","Lib46",2505,82.62,26944,53.32
"Petrie",2,"Sydney Appleby","AP","Alan Hulme","Lib46",854,55.1,26510,48.61
"Petrie",2,"Sydney Appleby","AP","Robert Macklin","DLP",263,16.97,3431,6.29
"Petrie",2,"Sydney Appleby","AP","Kenneth Turbet","ALP",433,27.94,24593,45.1
"Petrie",3,"Robert Macklin","DLP","Alan Hulme","Lib46",2873,83.74,29383,53.88
"Petrie",3,"Robert Macklin","DLP","Kenneth Turbet","ALP",558,16.26,25151,46.12
"Ryan",2,"Brian O'Brien","DLP","John Conn","ALP",781,17.92,23003,43.86
"Ryan",2,"Brian O'Brien","DLP","Nigel Drury","Lib46",3577,82.08,29444,56.14
"Grey",2,"Thomas Manthorpe","AP","Douglas Barnes","DLP",215,16.36,1938,4.37
"Grey",2,"Thomas Manthorpe","AP","Don Jessop","Lib46",472,35.92,19729,44.44
"Grey",2,"Thomas Manthorpe","AP","Laurie Wallis","ALP",627,47.72,22723,51.19
"Canning",2,"Maurice Bailey","DLP","John Hallett","CP",1778,67.94,16223,33.78
"Canning",2,"Maurice Bailey","DLP","Harry Pennington","Lib46",475,18.15,11197,23.31
"Canning",2,"Maurice Bailey","DLP","Allan Scott","ALP",364,13.91,20609,42.91
"Canning",3,"Harry Pennington","Lib46","John Hallett","CP",10095,90.16,26318,54.8
"Canning",3,"Harry Pennington","Lib46","Allan Scott","ALP",1102,9.84,21711,45.2
"Curtin",2,"Leonard McEntee","AP","Francis Dwyer","DLP",140,12.16,3673,7.37
"Curtin",2,"Leonard McEntee","AP","Victor Garland","Lib46",331,28.76,25186,50.51
"Curtin",2,"Leonard McEntee","AP","Robert Scoggins","Ind",432,37.53,3479,6.98
"Curtin",2,"Leonard McEntee","AP","John Williamson","ALP",248,21.55,17523,35.14
"Forrest",2,"Anthony Montgomery","AP","Gordon Freeth","Lib46",300,27.12,20255,43.52
"Forrest",2,"Anthony Montgomery","AP","Frank Kirwan","ALP",393,35.53,22542,48.43
"Forrest",2,"Anthony Montgomery","AP","Henry Sullivan","DLP",413,37.34,3745,8.05
"Forrest",3,"Henry Sullivan","DLP","Gordon Freeth","Lib46",2489,66.46,22744,48.87
"Forrest",3,"Henry Sullivan","DLP","Frank Kirwan","ALP",1256,33.54,23798,51.13
"Moore",2,"John Deane","DLP","Donald Maisey","CP",1706,71.38,15674,34.8
"Moore",2,"John Deane","DLP","Ian Thompson","Lib46",408,17.07,10264,22.79
"Moore",2,"John Deane","DLP","Peter Walsh","ALP",276,11.55,19105,42.42
"Moore",3,"Ian Thompson","Lib46","Donald Maisey","CP",9326,90.86,25000,55.5
"Moore",3,"Ian Thompson","Lib46","Peter Walsh","ALP",938,9.14,20043,44.5
"Denison",2,"Bruce Mollison","Ind","Michael Delaney","DLP",86,10.87,2389,5.77
"Denison",2,"Bruce Mollison","Ind","Alasdair McBurnie","ALP",391,49.43,15979,38.56
"Denison",2,"Bruce Mollison","Ind","Robert Solomon","Lib46",159,20.1,11959,28.86
"Denison",2,"Bruce Mollison","Ind","Michael Townley","Ind",155,19.6,11109,26.81
"Denison",3,"Michael Delaney","DLP","Alasdair McBurnie","ALP",889,37.21,16868,40.71
"Denison",3,"Michael Delaney","DLP","Robert Solomon","Lib46",442,18.5,12401,29.93
"Denison",3,"Michael Delaney","DLP","Michael Townley","Ind",1058,44.29,12167,29.36
"Denison",4,"Michael Townley","Ind","Alasdair McBurnie","ALP",2793,22.96,19661,47.45
"Denison",4,"Michael Townley","Ind","Robert Solomon","Lib46",9374,77.04,21775,52.55
"Northern Territory",2,"Alan Gray","Ind","Harold Brennan","Ind",73,28.97,3450,20.16
"Northern Territory",2,"Alan Gray","Ind","Sam Calder","CP",101,40.08,8382,48.98
"Northern Territory",2,"Alan Gray","Ind","Ted Robertson","ALP",78,30.95,5282,30.86
"Northern Territory",3,"Harold Brennan","Ind","Sam Calder","CP",1755,50.87,10137,59.23
"Northern Territory",3,"Harold Brennan","Ind","Ted Robertson","ALP",1695,49.13,6977,40.77
