"Seat","Count","From_candidate","From_party","To_candidate","To_party","Transferred_votes","Transferred_perc","New_votes","New_vote_perc"
"Barton",2,"Stanley Allen","SC","John Donovan","ALP",4124,74.15,27663,48.16
"Barton",2,"Stanley Allen","SC","Albert Lane","UAP31",1438,25.85,29780,51.84
"Richmond",2,"Robert Gibson","CP","Larry Anthony","CP",4641,55.03,17165,32.98
"Richmond",2,"Robert Gibson","CP","Jim Fredericks","ALP",589,6.98,15842,30.43
"Richmond",2,"Robert Gibson","CP","Roland Green","CP",3203,37.98,19045,36.59
"Richmond",3,"Jim Fredericks","ALP","Larry Anthony","CP",11775,74.33,28940,55.6
"Richmond",3,"Jim Fredericks","ALP","Roland Green","CP",4067,25.67,23112,44.4
"Riverina",2,"Robert Ballantyne","Ind","Horace Nock","CP",3905,75.61,28661,57.2
"Riverina",2,"Robert Ballantyne","Ind","William Quirk","ALP",1260,24.39,21442,42.8
"Robertson",2,"John Metcalfe","Ind","Gordon Cross","ALP",1367,32.39,24290,46.86
"Robertson",2,"John Metcalfe","Ind","Sydney Gardner","UAP31",2853,67.61,27544,53.14
"Warringah",2,"Joseph Hamlet","Ind UAP31","Sir Archdale Parkhill","UAP31",1879,22.91,28447,46.95
"Warringah",2,"Joseph Hamlet","Ind UAP31","Walter Salter","ALP",1217,14.84,9711,16.03
"Warringah",2,"Joseph Hamlet","Ind UAP31","Percy Spender","Ind UAP31",5104,62.24,22426,37.02
"Warringah",3,"Walter Salter","ALP","Sir Archdale Parkhill","UAP31",691,7.12,29138,48.1
"Warringah",3,"Walter Salter","ALP","Percy Spender","Ind UAP31",9020,92.88,31446,51.9
"Bendigo",2,"Walter Pearce","UAP31","Ernest Duus","ALP",1729,12.58,20563,43.14
"Bendigo",2,"Walter Pearce","UAP31","George Rankin","CP",12019,87.42,27100,56.86
"Wannon",2,"Robert Rankin","CP","Don McLeod","ALP",4655,40.07,24175,48.68
"Wannon",2,"Robert Rankin","CP","Thomas Scholfield","UAP31",6963,59.93,25489,51.32
"Griffith",2,"William Moore","SC","Francis Baker","ALP",1162,19.02,29026,50.28
"Griffith",2,"William Moore","SC","Dugald Clark","UAP31",4946,80.98,28702,49.72
"Herbert",2,"Henry Beck","SC","George Martens","ALP",2375,65.57,28141,47.57
"Herbert",2,"Henry Beck","SC","Fred Paterson","CPA",421,11.62,12944,21.88
"Herbert",2,"Henry Beck","SC","James Wilkie","CP",826,22.81,18078,30.56
"Herbert",3,"Fred Paterson","CPA","George Martens","ALP",11122,85.92,39263,66.36
"Herbert",3,"Fred Paterson","CPA","James Wilkie","CP",1822,14.08,19900,33.64
"Maranoa",2,"Henry Madden","SC","Randolph Bedford","ALP",2189,41.64,23461,45.67
"Maranoa",2,"Henry Madden","SC","James Hunter","CP",3068,58.36,27914,54.33
"Wide Bay",2,"George Watson","ALP","Bernard Corser","CP",6554,56.29,25991,50.53
"Wide Bay",2,"George Watson","ALP","Geoffrey Nichols","SC",5090,43.71,25446,49.47
"Adelaide",2,"Herbert George","ALP","Kenneth Bardolph","ALP",2803,51.42,19792,33.72
"Adelaide",2,"Herbert George","ALP","Fred Stacey","UAP31",1063,19.5,27638,47.09
"Adelaide",2,"Herbert George","ALP","Edwin Yates","ALP",1585,29.08,11268,19.2
"Adelaide",3,"Edwin Yates","ALP","Kenneth Bardolph","ALP",7185,63.76,26977,45.96
"Adelaide",3,"Edwin Yates","ALP","Fred Stacey","UAP31",4083,36.24,31721,54.04
"Perth",2,"Viv James","Ind","Tom Burke","ALP",1189,38.54,19280,36.37
"Perth",2,"Viv James","Ind","Walter Nairn","UAP31",1255,40.68,23055,43.49
"Perth",2,"Viv James","Ind","Jack Simons","UAP31",641,20.78,10676,20.14
"Perth",3,"Jack Simons","UAP31","Tom Burke","ALP",1789,16.76,21069,39.74
"Perth",3,"Jack Simons","UAP31","Walter Nairn","UAP31",8887,83.24,31942,60.26
"Denison",2,"Athol Smith","SC","Maxwell Hickman","Ind ALP",208,34.67,2367,9.65
"Denison",2,"Athol Smith","SC","Sir John McPhee","UAP31",118,19.67,10241,41.74
"Denison",2,"Athol Smith","SC","Gerald Mahoney","ALP",274,45.67,11926,48.61
"Denison",3,"Maxwell Hickman","Ind ALP","Sir John McPhee","UAP31",1075,45.42,11316,46.12
"Denison",3,"Maxwell Hickman","Ind ALP","Gerald Mahoney","ALP",1292,54.58,13218,53.88
"Northern Territory",2,"Harold Nelson","Ind","Adair Blain","Ind",73,23.93,1036,41.09
"Northern Territory",2,"Harold Nelson","Ind","Ronald Hughes-Jones","Ind",87,28.52,420,16.66
"Northern Territory",2,"Harold Nelson","Ind","Robert Toupein","ALP",145,47.54,1065,42.25
"Northern Territory",3,"Ronald Hughes-Jones","Ind","Adair Blain","Ind",274,65.24,1310,51.96
"Northern Territory",3,"Ronald Hughes-Jones","Ind","Robert Toupein","ALP",146,34.76,1211,48.04
