"Seat","Count","From_candidate","From_party","To_candidate","To_party","Transferred_votes","Transferred_perc","New_votes","New_vote_perc"
"Calare",2,"Madge Roberts","Ind","John Breen","ALP",106,35.81,23094,47.38
"Calare",2,"Madge Roberts","Ind","John Howse","Lib46",126,42.57,14396,29.53
"Calare",2,"Madge Roberts","Ind","Harold Thorby","CP",64,21.62,11253,23.09
"Calare",3,"Harold Thorby","CP","John Breen","ALP",402,3.57,23496,48.2
"Calare",3,"Harold Thorby","CP","John Howse","Lib46",10851,96.43,25247,51.8
"Gwydir",2,"Kevin Nott","Ind","William Campbell","PPP",23,7.14,2684,5.83
"Gwydir",2,"Kevin Nott","Ind","Tom Carmody","SP",10,3.11,924,2.01
"Gwydir",2,"Kevin Nott","Ind","George McDonald","Ind",9,2.8,390,0.85
"Gwydir",2,"Kevin Nott","Ind","Thomas Mort","Lib46",48,14.91,1737,3.77
"Gwydir",2,"Kevin Nott","Ind","William Scully","ALP",175,54.35,22609,49.08
"Gwydir",2,"Kevin Nott","Ind","Thomas Treloar","CP",50,15.53,16363,35.52
"Gwydir",2,"Kevin Nott","Ind","Ben Wade","Ind CP",7,2.17,1357,2.95
"Gwydir",3,"George McDonald","Ind","William Campbell","PPP",36,9.23,2720,5.9
"Gwydir",3,"George McDonald","Ind","Tom Carmody","SP",50,12.82,974,2.11
"Gwydir",3,"George McDonald","Ind","Thomas Mort","Lib46",56,14.36,1793,3.89
"Gwydir",3,"George McDonald","Ind","William Scully","ALP",61,15.64,22670,49.21
"Gwydir",3,"George McDonald","Ind","Thomas Treloar","CP",151,38.72,16514,35.85
"Gwydir",3,"George McDonald","Ind","Ben Wade","Ind CP",36,9.23,1393,3.02
"Gwydir",4,"Tom Carmody","SP","William Campbell","PPP",139,14.27,2859,6.21
"Gwydir",4,"Tom Carmody","SP","Thomas Mort","Lib46",147,15.09,1940,4.21
"Gwydir",4,"Tom Carmody","SP","William Scully","ALP",197,20.23,22867,49.64
"Gwydir",4,"Tom Carmody","SP","Thomas Treloar","CP",404,41.48,16918,36.73
"Gwydir",4,"Tom Carmody","SP","Ben Wade","Ind CP",87,8.93,1480,3.21
"Gwydir",5,"Ben Wade","Ind CP","William Campbell","PPP",80,5.41,2939,6.38
"Gwydir",5,"Ben Wade","Ind CP","Thomas Mort","Lib46",130,8.78,2070,4.49
"Gwydir",5,"Ben Wade","Ind CP","William Scully","ALP",210,14.19,23077,50.1
"Gwydir",5,"Ben Wade","Ind CP","Thomas Treloar","CP",1060,71.62,17978,39.03
"Reid",2,"William Beckett","SP","Jeffrey Blaxland","Lib46",1661,75.71,17416,24.01
"Reid",2,"William Beckett","SP","Jack Lang","LL43",263,11.99,25312,34.89
"Reid",2,"William Beckett","SP","Charles Morgan","ALP",270,12.31,29817,41.1
"Reid",3,"Jeffrey Blaxland","Lib46","Jack Lang","LL43",14004,80.41,39316,54.2
"Reid",3,"Jeffrey Blaxland","Lib46","Charles Morgan","ALP",3412,19.59,33229,45.8
"Riverina",2,"William Pow","Ind","John Gosling","LL43",53,21.54,2283,4.99
"Riverina",2,"William Pow","Ind","Joe Langtry","ALP",69,28.05,19967,43.65
"Riverina",2,"William Pow","Ind","Christopher Lethbridge","Lib46",47,19.11,7133,15.59
"Riverina",2,"William Pow","Ind","Hugh Roberton","CP",77,31.3,16361,35.77
"Riverina",3,"John Gosling","LL43","Joe Langtry","ALP",2022,88.57,21989,48.07
"Riverina",3,"John Gosling","LL43","Christopher Lethbridge","Lib46",159,6.96,7292,15.94
"Riverina",3,"John Gosling","LL43","Hugh Roberton","CP",102,4.47,16463,35.99
"Riverina",4,"Christopher Lethbridge","Lib46","Joe Langtry","ALP",1145,15.7,23134,50.57
"Riverina",4,"Christopher Lethbridge","Lib46","Hugh Roberton","CP",6147,84.3,22610,49.43
"Bendigo",2,"Joseph Hall","Lib46","Ernest Duus","ALP",931,9.02,20544,44.94
"Bendigo",2,"Joseph Hall","Lib46","George Rankin","CP",9392,90.98,25172,55.06
"Bourke",2,"Henry Brand","SP","Doris Blackburn","Ind ALP",650,48.76,19275,28.57
"Bourke",2,"Henry Brand","SP","Bill Bryson","ALP",302,22.66,30922,45.83
"Bourke",2,"Henry Brand","SP","Russell Stokes","Lib46",381,28.58,17270,25.6
"Bourke",3,"Russell Stokes","Lib46","Doris Blackburn","Ind ALP",15203,88.03,34478,51.1
"Bourke",3,"Russell Stokes","Lib46","Bill Bryson","ALP",2067,11.97,32989,48.9
"Wannon",2,"Leonard Rodda","CP","Dan Mackinnon","Lib46",9933,83.09,25195,48.82
"Wannon",2,"Leonard Rodda","CP","Don McLeod","ALP",2022,16.91,26409,51.18
"Capricornia",2,"Andrew Taylor","SP","Charles Davidson","Lib46",1732,70.58,30731,52.93
"Capricornia",2,"Andrew Taylor","SP","Frank Forde","ALP",722,29.42,27333,47.07
"Herbert",2,"Alexander McNamee","SP","Bill Edmonds","ALP",274,22.17,28520,46.48
"Herbert",2,"Alexander McNamee","SP","Jack Henry","CPA",212,17.15,9616,15.67
"Herbert",2,"Alexander McNamee","SP","Joseph Pollard","Ind",290,23.46,1958,3.19
"Herbert",2,"Alexander McNamee","SP","Lloyd Roberts","CP",460,37.22,21264,34.66
"Herbert",3,"Joseph Pollard","Ind","Bill Edmonds","ALP",523,26.71,29043,47.33
"Herbert",3,"Joseph Pollard","Ind","Jack Henry","CPA",377,19.25,9993,16.29
"Herbert",3,"Joseph Pollard","Ind","Lloyd Roberts","CP",1058,54.03,22322,36.38
"Herbert",4,"Jack Henry","CPA","Bill Edmonds","ALP",7983,79.89,37026,60.34
"Herbert",4,"Jack Henry","CPA","Lloyd Roberts","CP",2010,20.11,24332,39.66
"Lilley",2,"George Mocatta","SP","James Hadley","ALP",3570,45.91,36350,50.75
"Lilley",2,"George Mocatta","SP","Charles Wilson","Lib46",4206,54.09,35278,49.25
"Perth",2,"Robert Salter","Ind","Tom Burke","ALP",139,15.64,31370,49.24
"Perth",2,"Robert Salter","Ind","John Graham","SP",161,18.11,2318,3.64
"Perth",2,"Robert Salter","Ind","Kevin Healy","CPA",99,11.14,2103,3.3
"Perth",2,"Robert Salter","Ind","Jim Paton","Lib46",490,55.12,27919,43.82
"Perth",3,"Kevin Healy","CPA","Tom Burke","ALP",1334,63.43,32704,51.33
"Perth",3,"Kevin Healy","CPA","John Graham","SP",444,21.11,2762,4.34
"Perth",3,"Kevin Healy","CPA","Jim Paton","Lib46",325,15.45,28244,44.33
"Swan",2,"Bill Grayden","Ind","Len Hamilton","CP",10567,82.2,27790,50.22
"Swan",2,"Bill Grayden","Ind","Don Mountjoy","ALP",2289,17.8,27549,49.78
"Bass",2,"John Orchard","Ind","Claude Barnard","ALP",1892,35.83,15387,57
"Bass",2,"John Orchard","Ind","Harry Spotswood","Lib46",3389,64.17,11608,43
"Northern Territory",2,"Ralph Edwards","Ind","Adair Blain","Ind",51,36.17,1332,44.06
"Northern Territory",2,"Ralph Edwards","Ind","Bob Murray","ALP",51,36.17,728,24.08
"Northern Territory",2,"Ralph Edwards","Ind","Leigh Wallman","Ind ALP",39,27.66,963,31.86
"Northern Territory",3,"Bob Murray","ALP","Adair Blain","Ind",358,49.18,1690,55.9
"Northern Territory",3,"Bob Murray","ALP","Leigh Wallman","Ind ALP",370,50.82,1333,44.1
