"Seat","Count","From_candidate","From_party","To_candidate","To_party","Transferred_votes","Transferred_perc","New_votes","New_vote_perc"
"Bendigo",2,"Cyril James","CP","Geoffry Hurry","Nat",5808,77.55,19882,53.14
"Bendigo",2,"Cyril James","CP","James McDonald","ALP",1681,22.45,17530,46.86
"Fremantle",2,"Keith Watson","Ind","John Curtin","ALP",1156,13.29,20589,52.08
"Fremantle",2,"Keith Watson","Ind","Frank Gibson","Nat",7541,86.71,18943,47.92
"Bass",2,"William Judd","Nat","David Jackson","Nat",4745,84.64,10736,53.1
"Bass",2,"William Judd","Nat","Thomas Wilson","ALP",861,15.36,9482,46.9
"Denison",2,"Thomas Jude","ALP","Charles Culley","ALP",2204,84.19,10028,50.32
"Denison",2,"Thomas Jude","ALP","Sir John Gellibrand","Nat",414,15.81,9900,49.68
"Franklin",2,"Francis Foster","Nat","William McWilliams","Ind",1446,65.88,10567,51.57
"Franklin",2,"Francis Foster","Nat","Alfred Seabrook","Nat",749,34.12,9922,48.43
"Wilmot",2,"Hector McFie","Nat","Llewellyn Atkinson","Nat",2023,55.3,9814,54.57
"Wilmot",2,"Hector McFie","Nat","George Flowers","Ind",1635,44.7,8169,45.43
