"Seat","Count","From_candidate","From_party","To_candidate","To_party","Transferred_votes","Transferred_perc","New_votes","New_vote_perc"
"Gwydir",2,"Joseph McGowan","Nat","Aubrey Abbott","CP",7615,94.25,18124,53.12
"Gwydir",2,"Joseph McGowan","Nat","Lou Cunningham","ALP",465,5.75,15996,46.88
"Richmond",2,"Joseph Greene","Nat","Harry Green","ALP",150,2.16,11407,30.83
"Richmond",2,"Joseph Greene","Nat","Roland Green","CP",3257,46.96,15012,40.58
"Richmond",2,"Joseph Greene","Nat","John Williams","CP",3528,50.87,10579,28.59
"Richmond",3,"John Williams","CP","Harry Green","ALP",535,5.06,11942,32.28
"Richmond",3,"John Williams","CP","Roland Green","CP",10044,94.94,25056,67.72
"Gippsland",2,"George Wise","Ind Nat","James Bermingham","ALP",1796,19.05,15213,36.86
"Gippsland",2,"George Wise","Ind Nat","Thomas Paterson","CP",7632,80.95,26055,63.14
"Wannon",2,"David Anderson","CP","John McNeill","ALP",1455,24.27,18065,45.99
"Wannon",2,"David Anderson","CP","Arthur Rodgers","Nat",4540,75.73,21218,54.01
"Darwin",2,"Hubert Nichols","Nat","George Bell","Nat",2482,86,12164,60.49
"Darwin",2,"Hubert Nichols","Nat","Henry Lane","ALP",404,14,7945,39.51
"Franklin",2,"Douglas Thompson","ALP","William McWilliams","Nat",91,5.78,5970,30.78
"Franklin",2,"Douglas Thompson","ALP","Eric Ogilvie","ALP",1351,85.83,7187,37.05
"Franklin",2,"Douglas Thompson","ALP","Alfred Seabrook","Nat",132,8.39,6239,32.17
"Franklin",3,"William McWilliams","Nat","Eric Ogilvie","ALP",1422,23.82,8609,44.39
"Franklin",3,"William McWilliams","Nat","Alfred Seabrook","Nat",4548,76.18,10787,55.61
"Wilmot",2,"Atherfield Newman","Nat","Llewellyn Atkinson","CP",1196,44.61,6644,36.15
"Wilmot",2,"Atherfield Newman","Nat","Percy Best","Nat",1137,42.41,4271,23.24
"Wilmot",2,"Atherfield Newman","Nat","Jens Jensen","ALP",348,12.98,7466,40.62
"Wilmot",3,"Percy Best","Nat","Llewellyn Atkinson","CP",3832,89.72,10476,56.99
"Wilmot",3,"Percy Best","Nat","Jens Jensen","ALP",439,10.28,7905,43.01
