"Seat","Count","From_candidate","From_party","To_candidate","To_party","Transferred_votes","Transferred_perc","New_votes","New_vote_perc"
"Calare",2,"Selina Siggins","CP","Sir Neville Howse","Nat",58,13.78,8507,34.85
"Calare",2,"Selina Siggins","CP","Thomas Lavelle","ALP",48,11.4,10311,42.24
"Calare",2,"Selina Siggins","CP","Henry Pigott","CP",315,74.82,5593,22.91
"Calare",3,"Henry Pigott","CP","Sir Neville Howse","Nat",5000,89.4,13507,55.33
"Calare",3,"Henry Pigott","CP","Thomas Lavelle","ALP",593,10.6,10904,44.67
"Darling",2,"Michael Considine","ISLP","Arthur Blakeley","ALP",3862,89.17,12682,65.1
"Darling",2,"Michael Considine","ISLP","Walter Wright","Nat",469,10.83,6798,34.9
"Gwydir",2,"William Ashford","Nat","Lou Cunningham","ALP",895,21.72,11951,50.08
"Gwydir",2,"William Ashford","Nat","Gordon Wilkins","CP",3226,78.28,11914,49.92
"Lang",2,"Percy Evans","MLP","Sir Elliot Johnson","Nat",1125,56.99,11911,54.45
"Lang",2,"Percy Evans","MLP","George Smith","ALP",849,43.01,9966,45.55
"Macquarie",2,"John Miller","Ind","Arthur Manning","Nat",1285,76.76,10880,50.2
"Macquarie",2,"John Miller","Ind","Samuel Nicholls","ALP",389,23.24,10795,49.8
"New England",2,"Alexander Hay","Ind","Sydney Kearney","ALP",1313,20.9,8996,41.47
"New England",2,"Alexander Hay","Ind","Victor Thompson","CP",4969,79.1,12695,58.53
"Richmond",2,"John Steel","Ind","Roland Green","CP",1643,80.58,11491,53.33
"Richmond",2,"John Steel","Ind","Walter Massy-Greene","Nat",396,19.42,10056,46.67
"Riverina",2,"John Lorimer","CP","William Bartram","CP",176,29.04,2008,9.59
"Riverina",2,"John Lorimer","CP","John Chanter","Nat",92,15.18,4434,21.17
"Riverina",2,"John Lorimer","CP","James Hoad","ALP",28,4.62,8637,41.25
"Riverina",2,"John Lorimer","CP","William Killen","CP",310,51.16,5861,27.99
"Riverina",3,"William Bartram","CP","John Chanter","Nat",575,28.64,5009,23.92
"Riverina",3,"William Bartram","CP","James Hoad","ALP",80,3.98,8717,41.63
"Riverina",3,"William Bartram","CP","William Killen","CP",1353,67.38,7214,34.45
"Riverina",4,"John Chanter","Nat","James Hoad","ALP",845,16.87,9562,45.66
"Riverina",4,"John Chanter","Nat","William Killen","CP",4164,83.13,11378,54.34
"Robertson",2,"William Fleming","CP","Sydney Gardner","Nat",4612,86.85,11978,61.78
"Robertson",2,"William Fleming","CP","Alfred Roberts","ALP",698,13.15,7411,38.22
"Wentworth",2,"Henry Morton","Ind Nat","Walter Marks","Nat",2408,68.76,12251,61.87
"Wentworth",2,"Henry Morton","Ind Nat","William Fitzgerald","ALP",1094,31.24,7549,38.13
"Bendigo",2,"Edmund Jowett","CP","Geoffry Hurry","Nat",5055,79.63,13016,51.73
"Bendigo",2,"Edmund Jowett","CP","Thomas Jude","ALP",1293,20.37,12147,48.27
"Corangamite",2,"Allan McDonald","Nat","Richard Crouch","ALP",379,5.8,11167,46.1
"Corangamite",2,"Allan McDonald","Nat","William Gibson","CP",6151,94.2,13059,53.9
"Gippsland",2,"James Bermingham","ALP","Thomas Paterson","CP",5431,85.43,14563,62.85
"Gippsland",2,"James Bermingham","ALP","George Wise","Nat",926,14.57,8608,37.15
"Henty",2,"James Boyd","Nat","Roy Beardsworth","ALP",219,6.7,5834,20.61
"Henty",2,"James Boyd","Nat","Frederick Francis","Nat",1625,49.71,12419,43.87
"Henty",2,"James Boyd","Nat","Eleanor Glencross","Lib22",362,11.07,3913,13.82
"Henty",2,"James Boyd","Nat","Henry Gullett","Lib22",1063,32.52,6145,21.71
"Henty",3,"Eleanor Glencross","Lib22","Roy Beardsworth","ALP",554,14.16,6388,22.56
"Henty",3,"Eleanor Glencross","Lib22","Frederick Francis","Nat",1339,34.22,13758,48.6
"Henty",3,"Eleanor Glencross","Lib22","Henry Gullett","Lib22",2020,51.62,8165,28.84
"Henty",4,"Roy Beardsworth","ALP","Frederick Francis","Nat",2053,32.14,15811,55.85
"Henty",4,"Roy Beardsworth","ALP","Henry Gullett","Lib22",4335,67.86,12500,44.15
"Indi",2,"Donald Mackinnon","Nat","Robert Cook","CP",5304,93.13,14027,63.22
"Indi",2,"Donald Mackinnon","Nat","John Minogue","ALP",391,6.87,8159,36.78
"Kooyong",2,"Jean Daley","ALP","Sir Robert Best","Nat",572,10.71,14031,49.42
"Kooyong",2,"Jean Daley","ALP","John Latham","Lib22",4769,89.29,14360,50.58
"Wannon",2,"David Gibson","CP","John McNeill","ALP",2539,38.32,13334,50.77
"Wannon",2,"David Gibson","CP","Arthur Rodgers","Nat",4086,61.68,12927,49.23
"Moreton",2,"Francis Brewer","CP","Josiah Francis","Nat",4968,86.94,19730,59.51
"Moreton",2,"Francis Brewer","CP","Horace Lee","ALP",746,13.06,13422,40.49
"Wide Bay",2,"James Heading","CP","Edward Corser","Nat",7564,80.24,20633,60.55
"Wide Bay",2,"James Heading","CP","Joseph Johnston","ALP",1863,19.76,13443,39.45
"Barker",2,"Ronald Hunt","CP","Malcolm Cameron","Lib22",1928,69.08,9789,52.3
"Barker",2,"Ronald Hunt","CP","Eric Shepherd","ALP",863,30.92,8929,47.7
"Boothby",2,"William Story","Nat","Jack Duncan-Hughes","Lib22",3011,72.05,10804,54.71
"Boothby",2,"William Story","Nat","Harry Kneebone","ALP",1168,27.95,8943,45.29
"Wakefield",2,"Henry Queale","CP","Richard Foster","Lib22",2392,60.7,10680,55.32
"Wakefield",2,"Henry Queale","CP","Edward Stokes","ALP",1549,39.3,8625,44.68
"Fremantle",2,"William Hedges","Nat","John Holman","ALP",589,16.59,7879,43.15
"Fremantle",2,"William Hedges","Nat","William Watson","Ind",2961,83.41,10381,56.85
"Perth",2,"Harry Bolton","Nat","Alfred Carson","Nat",708,40.97,2833,19.59
"Perth",2,"Harry Bolton","Nat","Andrew Clementson","ALP",91,5.27,5042,34.87
"Perth",2,"Harry Bolton","Nat","James Fowler","Nat",417,24.13,3000,20.75
"Perth",2,"Harry Bolton","Nat","Edward Mann","Nat",512,29.63,3585,24.79
"Perth",3,"Alfred Carson","Nat","Andrew Clementson","ALP",409,14.44,5451,37.7
"Perth",3,"Alfred Carson","Nat","James Fowler","Nat",1397,49.31,4397,30.41
"Perth",3,"Alfred Carson","Nat","Edward Mann","Nat",1027,36.25,4612,31.89
"Perth",4,"James Fowler","Nat","Andrew Clementson","ALP",496,11.28,5947,41.13
"Perth",4,"James Fowler","Nat","Edward Mann","Nat",3901,88.72,8513,58.87
"Darwin",2,"James Campbell","Ind","George Bell","Nat",455,30.89,4988,49.6
"Darwin",2,"James Campbell","Ind","Joshua Whitsitt","CP",1018,69.11,5069,50.4
"Denison",2,"David Blanshard","Ind","Leopold Broinowski","Nat",125,73.53,1792,15.93
"Denison",2,"David Blanshard","Ind","Edward Mulcahy","Nat",19,11.18,2314,20.57
"Denison",2,"David Blanshard","Ind","David O'Keefe","ALP",17,10,5251,46.69
"Denison",2,"David Blanshard","Ind","William Laird Smith","Nat",9,5.29,1890,16.8
"Denison",3,"Leopold Broinowski","Nat","Edward Mulcahy","Nat",1023,57.09,3337,29.67
"Denison",3,"Leopold Broinowski","Nat","David O'Keefe","ALP",110,6.14,5361,47.67
"Denison",3,"Leopold Broinowski","Nat","William Laird Smith","Nat",659,36.77,2549,22.66
"Denison",4,"William Laird Smith","Nat","Edward Mulcahy","Nat",2241,87.92,5578,49.6
"Denison",4,"William Laird Smith","Nat","David O'Keefe","ALP",308,12.08,5669,50.4
"Franklin",2,"William McWilliams","CP","Alfred Seabrook","Nat",2211,80.05,5040,56.28
"Franklin",2,"William McWilliams","CP","Benjamin Watkins","ALP",551,19.95,3915,43.72
"Wilmot",2,"John Campbell","CP","Llewellyn Atkinson","CP",95,31.46,1921,23.84
"Wilmot",2,"John Campbell","CP","Norman Cameron","CP",104,34.44,1511,18.75
"Wilmot",2,"John Campbell","CP","John Palamountain","ALP",33,10.93,2629,32.63
"Wilmot",2,"John Campbell","CP","George Pullen","Nat",70,23.18,1996,24.77
"Wilmot",3,"Norman Cameron","CP","Llewellyn Atkinson","CP",1029,68.1,2950,36.61
"Wilmot",3,"Norman Cameron","CP","John Palamountain","ALP",170,11.25,2799,34.74
"Wilmot",3,"Norman Cameron","CP","George Pullen","Nat",312,20.65,2308,28.65
"Wilmot",4,"George Pullen","Nat","Llewellyn Atkinson","CP",1980,85.79,4930,61.19
"Wilmot",4,"George Pullen","Nat","John Palamountain","ALP",328,14.21,3127,38.81
"Northern Territory",2,"Frederick Thompson","Ind","William Byrne","Ind",1,20,44,3.65
"Northern Territory",2,"Frederick Thompson","Ind","Arthur Love","NTRL",0,0,362,29.99
"Northern Territory",2,"Frederick Thompson","Ind","Harold Nelson","ALP",1,20,453,37.53
"Northern Territory",2,"Frederick Thompson","Ind","George Stevens","Ind",2,40,129,10.69
"Northern Territory",2,"Frederick Thompson","Ind","Walter Young","Ind",1,20,219,18.14
"Northern Territory",3,"William Byrne","Ind","Arthur Love","NTRL",15,34.09,377,31.23
"Northern Territory",3,"William Byrne","Ind","Harold Nelson","ALP",5,11.36,458,37.95
"Northern Territory",3,"William Byrne","Ind","George Stevens","Ind",17,38.64,146,12.1
"Northern Territory",3,"William Byrne","Ind","Walter Young","Ind",7,15.91,226,18.72
"Northern Territory",4,"George Stevens","Ind","Arthur Love","NTRL",35,23.97,412,34.13
"Northern Territory",4,"George Stevens","Ind","Harold Nelson","ALP",34,23.29,492,40.76
"Northern Territory",4,"George Stevens","Ind","Walter Young","Ind",77,52.74,303,25.1
"Northern Territory",5,"Walter Young","Ind","Harold Nelson","ALP",116,38.28,608,50.37
"Northern Territory",5,"Walter Young","Ind","Arthur Love","NTRL",187,61.72,599,49.63
