"Seat","Count","From_candidate","From_party","To_candidate","To_party","Transferred_votes","Transferred_perc","New_votes","New_vote_perc"
"Blaxland",2,"Roy Kirby","CPA","Thomas Handran-Smith","Lib46",86,9.94,9450,23.99
"Blaxland",2,"Roy Kirby","CPA","Jim Harrison","ALP",700,80.92,20103,51.04
"Blaxland",2,"Roy Kirby","CPA","Jack Lang","LL43",79,9.13,9831,24.96
"Farrer",2,"Bill Gollan","CPA","David Fairbairn","Lib46",93,22.2,14518,38.41
"Farrer",2,"Bill Gollan","CPA","Thomas McGrath","ALP",291,69.45,15144,40.07
"Farrer",2,"Bill Gollan","CPA","John Mackay","CP",35,8.35,8134,21.52
"Farrer",3,"John Mackay","CP","David Fairbairn","Lib46",7704,94.71,22222,58.79
"Farrer",3,"John Mackay","CP","Thomas McGrath","ALP",430,5.29,15574,41.21
"Kingsford-Smith",2,"Clare Peters","Ind","Gordon Anderson","ALP",76,34.39,18649,49.88
"Kingsford-Smith",2,"Clare Peters","Ind","Henry Crittenden","Ind",49,22.17,1255,3.36
"Kingsford-Smith",2,"Clare Peters","Ind","Charles de Monchaux","Lib46",96,43.44,17483,46.76
"Kingsford-Smith",3,"Henry Crittenden","Ind","Gordon Anderson","ALP",393,31.31,19042,50.93
"Kingsford-Smith",3,"Henry Crittenden","Ind","Charles de Monchaux","Lib46",862,68.69,18345,49.07
"Lawson",2,"William Ferguson","Ind","Elwyn Croft","Lib46",76,19.39,9325,25.11
"Lawson",2,"William Ferguson","Ind","Laurie Failes","CP",163,41.58,11694,31.49
"Lawson",2,"William Ferguson","Ind","Alan Manning","ALP",153,39.03,16122,43.41
"Lawson",3,"Elwyn Croft","Lib46","Laurie Failes","CP",9039,96.93,20733,55.82
"Lawson",3,"Elwyn Croft","Lib46","Alan Manning","ALP",286,3.07,16408,44.18
"Lyne",2,"Joe Cordner","Ind","Jim Eggins","CP",792,74.93,11004,29.89
"Lyne",2,"Joe Cordner","Ind","Francis Hain","CP",94,8.89,2390,6.49
"Lyne",2,"Joe Cordner","Ind","Edward Hayes","ALP",78,7.38,10238,27.81
"Lyne",2,"Joe Cordner","Ind","Philip Lucock","CP",53,5.01,7037,19.11
"Lyne",2,"Joe Cordner","Ind","Eric Mackay","CP",40,3.78,6151,16.71
"Lyne",3,"Francis Hain","CP","Jim Eggins","CP",1081,45.23,12085,32.82
"Lyne",3,"Francis Hain","CP","Edward Hayes","ALP",274,11.46,10512,28.55
"Lyne",3,"Francis Hain","CP","Philip Lucock","CP",587,24.56,7624,20.71
"Lyne",3,"Francis Hain","CP","Eric Mackay","CP",448,18.74,6599,17.92
"Lyne",4,"Eric Mackay","CP","Jim Eggins","CP",2799,42.42,14884,40.42
"Lyne",4,"Eric Mackay","CP","Edward Hayes","ALP",489,7.41,11001,29.88
"Lyne",4,"Eric Mackay","CP","Philip Lucock","CP",3311,50.17,10935,29.7
"Lyne",5,"Philip Lucock","CP","Jim Eggins","CP",9424,86.18,24308,66.02
"Lyne",5,"Philip Lucock","CP","Edward Hayes","ALP",1511,13.82,12512,33.98
"New England",2,"Donald Shand","CP","David Drummond","CP",6258,91.63,22417,61.41
"New England",2,"Donald Shand","CP","William Wilson","ALP",572,8.37,14087,38.59
"Paterson",2,"Ernest Slater","CP","Robert Clendinning","CP",231,35.21,2332,6.27
"Paterson",2,"Ernest Slater","CP","Arie Dorsman","CP",86,13.11,5379,14.47
"Paterson",2,"Ernest Slater","CP","Allen Fairhall","Lib46",76,11.59,11265,30.31
"Paterson",2,"Ernest Slater","CP","Greg McGirr","CP",138,21.04,3980,10.71
"Paterson",2,"Ernest Slater","CP","Cecil Robinson","ALP",125,19.05,14214,38.24
"Paterson",3,"Robert Clendinning","CP","Arie Dorsman","CP",1759,75.43,7138,19.2
"Paterson",3,"Robert Clendinning","CP","Allen Fairhall","Lib46",286,12.26,11551,31.08
"Paterson",3,"Robert Clendinning","CP","Greg McGirr","CP",218,9.35,4198,11.29
"Paterson",3,"Robert Clendinning","CP","Cecil Robinson","ALP",69,2.96,14283,38.43
"Paterson",4,"Greg McGirr","CP","Arie Dorsman","CP",2239,53.33,9377,25.23
"Paterson",4,"Greg McGirr","CP","Allen Fairhall","Lib46",1350,32.16,12901,34.71
"Paterson",4,"Greg McGirr","CP","Cecil Robinson","ALP",609,14.51,14892,40.06
"Paterson",5,"Arie Dorsman","CP","Allen Fairhall","Lib46",8840,94.27,21741,58.49
"Paterson",5,"Arie Dorsman","CP","Cecil Robinson","ALP",537,5.73,15429,41.51
"Watson",2,"Harold O'Reilly","LL43","Stanley Card","Lib46",236,19.5,15383,38.92
"Watson",2,"Harold O'Reilly","LL43","Dan Curtin","ALP",394,32.56,19909,50.37
"Watson",2,"Harold O'Reilly","LL43","Max Falstein","Ind ALP",580,47.93,4236,10.72
"West Sydney",2,"Stan Moran","CPA","Horace Foley","LL43",249,13.94,9121,25.6
"West Sydney",2,"Stan Moran","CPA","Dan Minogue","ALP",1350,75.59,19082,53.56
"West Sydney",2,"Stan Moran","CPA","Basil Mottershead","Lib46",187,10.47,7422,20.83
"Bendigo",2,"Allan Goodman","Ind","Percy Clarey","ALP",1296,60.73,20258,50.19
"Bendigo",2,"Allan Goodman","Ind","Thomas Grigg","Lib46",838,39.27,20106,49.81
"Indi",2,"Clive Nason","CP","William Bostock","Lib46",9805,87.88,22182,59.69
"Indi",2,"Clive Nason","CP","Charles Edmondson","ALP",1352,12.12,14978,40.31
"McMillan",2,"Bob Hamilton","CPA","Geoffrey Brown","Lib46",254,27.85,12192,33.11
"McMillan",2,"Bob Hamilton","CPA","Adam Keltie","ALP",580,63.6,14843,40.3
"McMillan",2,"Bob Hamilton","CPA","Bob May","CP",78,8.55,9792,26.59
"McMillan",3,"Bob May","CP","Geoffrey Brown","Lib46",8768,89.54,20960,56.91
"McMillan",3,"Bob May","CP","Adam Keltie","ALP",1024,10.46,15867,43.09
"Wannon",2,"Helena Marfell","CP","Dan Mackinnon","Lib46",4968,86.91,18203,50.77
"Wannon",2,"Helena Marfell","CP","Don McLeod","ALP",748,13.09,17653,49.23
"Wills",2,"Doris Blackburn","Ind ALP","Bill Bryson","ALP",6244,70.95,25162,58.76
"Wills",2,"Doris Blackburn","Ind ALP","Allan Tyrer","Lib46",2557,29.05,17658,41.24
"Wimmera",2,"Harrie Wade","CP","William Lawrence","Lib46",9133,88.3,22894,64.88
"Wimmera",2,"Harrie Wade","CP","Cyril Sudholz","ALP",1210,11.7,12394,35.12
"Herbert",2,"Jim Henderson","CPA","Bill Edmonds","ALP",1503,81.38,18898,53.66
"Herbert",2,"Jim Henderson","CPA","Doug Jeffrey","CP",344,18.62,16317,46.34
"Leichhardt",2,"Leslie Keough","Ind","Tom Gilmore","CP",105,24.76,16396,49.9
"Leichhardt",2,"Leslie Keough","Ind","Cecil Holdcroft","ALP",189,44.58,14083,42.86
"Leichhardt",2,"Leslie Keough","Ind","Ralph Leinster","CPA",72,16.98,1213,3.69
"Leichhardt",2,"Leslie Keough","Ind","Thomas Mackey","Ind",58,13.68,1164,3.54
"Leichhardt",3,"Thomas Mackey","Ind","Tom Gilmore","CP",472,40.55,16868,51.34
"Leichhardt",3,"Thomas Mackey","Ind","Cecil Holdcroft","ALP",388,33.33,14471,44.04
"Leichhardt",3,"Thomas Mackey","Ind","Ralph Leinster","CPA",304,26.12,1517,4.62
"Oxley",2,"Edmund Crisp","CPA","Donald Cameron","Lib46",131,22.74,15026,42.45
"Oxley",2,"Edmund Crisp","CPA","Evan Marginson","ALP",401,69.62,14669,41.44
"Oxley",2,"Edmund Crisp","CPA","John Martin","CP",44,7.64,5702,16.11
"Oxley",3,"John Martin","CP","Donald Cameron","Lib46",5071,88.93,20097,56.78
"Oxley",3,"John Martin","CP","Evan Marginson","ALP",631,11.07,15300,43.22
"Canning",2,"Arthur Neville","Ind CP","William Gillespie","Lib46",163,27.44,10407,31.54
"Canning",2,"Arthur Neville","Ind CP","Len Hamilton","CP",243,40.91,12402,37.58
"Canning",2,"Arthur Neville","Ind CP","Thomas Scaddan","ALP",188,31.65,10190,30.88
"Canning",3,"Thomas Scaddan","ALP","William Gillespie","Lib46",4952,48.6,15359,46.54
"Canning",3,"Thomas Scaddan","ALP","Len Hamilton","CP",5238,51.4,17640,53.46
"Forrest",2,"James Bolitho","Ind","Gordon Freeth","Lib46",488,76.01,10316,28.33
"Forrest",2,"James Bolitho","Ind","Nelson Lemmon","ALP",70,10.9,16005,43.96
"Forrest",2,"James Bolitho","Ind","Arnold Potts","CP",84,13.08,10087,27.71
"Forrest",3,"Arnold Potts","CP","Gordon Freeth","Lib46",8901,88.24,19217,52.78
"Forrest",3,"Arnold Potts","CP","Nelson Lemmon","ALP",1186,11.76,17191,47.22
"Moore",2,"Ken Jones","Lib46","Kevin Byrne","ALP",982,12.53,13264,40.99
"Moore",2,"Ken Jones","Lib46","Hugh Leslie","CP",6854,87.47,19098,59.01
"Perth",2,"James Kelly","CPA","Tom Burke","ALP",374,76.95,18786,48.78
"Perth",2,"James Kelly","CPA","James Collins","Ind",45,9.26,1801,4.68
"Perth",2,"James Kelly","CPA","Gordon Hack","Lib46",67,13.79,17925,46.54
"Perth",3,"James Collins","Ind","Tom Burke","ALP",508,28.21,19294,50.1
"Perth",3,"James Collins","Ind","Gordon Hack","Lib46",1293,71.79,19218,49.9
"Northern Territory",2,"Victor Webster","Ind","Adair Blain","Ind",527,54.84,2459,47.32
"Northern Territory",2,"Victor Webster","Ind","Jock Nelson","ALP",434,45.16,2737,52.68
"Australian Capital Territory",2,"Jessie Ashton","Ind","Malcolm Moir","Lib46",157,42.9,2667,23.87
"Australian Capital Territory",2,"Jessie Ashton","Ind","Lewis Nott","Ind",135,36.89,3610,32.31
"Australian Capital Territory",2,"Jessie Ashton","Ind","Sidney Rhodes","ALP",74,20.22,4897,43.82
"Australian Capital Territory",3,"Malcolm Moir","Lib46","Lewis Nott","Ind",2403,90.1,6013,53.81
"Australian Capital Territory",3,"Malcolm Moir","Lib46","Sidney Rhodes","ALP",264,9.9,5161,46.19
