"Seat","Count","From_candidate","From_party","To_candidate","To_party","Transferred_votes","Transferred_perc","New_votes","New_vote_perc"
"Bennelong",2,"Jean Sulima","DOGS","Sir John Cramer","Lib46",207,19.51,27320,46.34
"Bennelong",2,"Jean Sulima","DOGS","Gwendoline Fitzpatrick","DLP",47,4.43,2087,3.54
"Bennelong",2,"Jean Sulima","DOGS","Gladwys Leach","AP",328,30.91,6540,11.09
"Bennelong",2,"Jean Sulima","DOGS","Norman Russell","ALP",479,45.15,23013,39.03
"Bennelong",3,"Gwendoline Fitzpatrick","DLP","Sir John Cramer","Lib46",1694,81.17,29014,49.21
"Bennelong",3,"Gwendoline Fitzpatrick","DLP","Gladwys Leach","AP",216,10.35,6756,11.46
"Bennelong",3,"Gwendoline Fitzpatrick","DLP","Norman Russell","ALP",177,8.48,23190,39.33
"Bennelong",4,"Gladwys Leach","AP","Sir John Cramer","Lib46",1865,27.61,30879,52.37
"Bennelong",4,"Gladwys Leach","AP","Norman Russell","ALP",4891,72.39,28081,47.63
"Cook",2,"Ronald Gallagher","Ind","Don Dobie","Lib46",35,22.88,24562,45.61
"Cook",2,"Ronald Gallagher","Ind","Bernard Forshaw","DLP",21,13.73,1253,2.33
"Cook",2,"Ronald Gallagher","Ind","Marjorie Gray","AP",31,20.26,2261,4.2
"Cook",2,"Ronald Gallagher","Ind","Judith Sainsbury","DOGS",48,31.37,722,1.34
"Cook",2,"Ronald Gallagher","Ind","Ray Thorburn","ALP",18,11.76,25055,46.52
"Cook",3,"Judith Sainsbury","DOGS","Don Dobie","Lib46",135,18.7,24697,45.86
"Cook",3,"Judith Sainsbury","DOGS","Bernard Forshaw","DLP",15,2.08,1268,2.35
"Cook",3,"Judith Sainsbury","DOGS","Marjorie Gray","AP",324,44.88,2585,4.8
"Cook",3,"Judith Sainsbury","DOGS","Ray Thorburn","ALP",248,34.35,25303,46.99
"Cook",4,"Bernard Forshaw","DLP","Don Dobie","Lib46",1110,87.54,25807,47.92
"Cook",4,"Bernard Forshaw","DLP","Marjorie Gray","AP",68,5.36,2653,4.93
"Cook",4,"Bernard Forshaw","DLP","Ray Thorburn","ALP",90,7.1,25393,47.15
"Cook",5,"Marjorie Gray","AP","Don Dobie","Lib46",748,28.19,26555,49.31
"Cook",5,"Marjorie Gray","AP","Ray Thorburn","ALP",1905,71.81,27298,50.69
"Cowper",2,"David Cumming","DLP","Thomas Cronin","ALP",308,22.83,21543,45.42
"Cowper",2,"David Cumming","DLP","John Maynes","AP",245,18.16,1655,3.49
"Cowper",2,"David Cumming","DLP","Ian Robinson","CP",796,59.01,24233,51.09
"Eden-Monaro",2,"Hugh Watson","AP","Anthony Abbey","DLP",86,7.88,1807,3.61
"Eden-Monaro",2,"Hugh Watson","AP","Roy Howard","CP",197,18.06,11510,23
"Eden-Monaro",2,"Hugh Watson","AP","Edward Otton","Lib46",152,13.93,12226,24.43
"Eden-Monaro",2,"Hugh Watson","AP","Bob Whan","ALP",656,60.13,24492,48.95
"Eden-Monaro",3,"Anthony Abbey","DLP","Roy Howard","CP",1357,75.1,12867,25.72
"Eden-Monaro",3,"Anthony Abbey","DLP","Edward Otton","Lib46",296,16.38,12522,25.03
"Eden-Monaro",3,"Anthony Abbey","DLP","Bob Whan","ALP",154,8.52,24646,49.26
"Eden-Monaro",4,"Edward Otton","Lib46","Roy Howard","CP",11899,95.02,24766,49.5
"Eden-Monaro",4,"Edward Otton","Lib46","Bob Whan","ALP",623,4.98,25269,50.5
"Evans",2,"Gary Doherty","DLP","John Dease","AP",184,10.79,2828,5.32
"Evans",2,"Gary Doherty","DLP","Noel MacDonald","Ind",967,56.72,2681,5.05
"Evans",2,"Gary Doherty","DLP","Malcolm Mackay","Lib46",428,25.1,21881,41.18
"Evans",2,"Gary Doherty","DLP","Allan Mulder","ALP",126,7.39,25749,48.46
"Evans",3,"Noel MacDonald","Ind","John Dease","AP",349,13.02,3177,5.98
"Evans",3,"Noel MacDonald","Ind","Malcolm Mackay","Lib46",1849,68.97,23730,44.66
"Evans",3,"Noel MacDonald","Ind","Allan Mulder","ALP",483,18.02,26232,49.36
"Evans",4,"John Dease","AP","Malcolm Mackay","Lib46",1388,43.69,25118,47.27
"Evans",4,"John Dease","AP","Allan Mulder","ALP",1789,56.31,28021,52.73
"Farrer",2,"Michael Donelan","AP","Kevin Esler","ALP",2224,65.53,21500,42.75
"Farrer",2,"Michael Donelan","AP","David Fairbairn","Lib46",797,23.48,24893,49.49
"Farrer",2,"Michael Donelan","AP","Anthony Quinn","DLP",373,10.99,3904,7.76
"Farrer",3,"Anthony Quinn","DLP","Kevin Esler","ALP",652,16.7,22152,44.04
"Farrer",3,"Anthony Quinn","DLP","David Fairbairn","Lib46",3252,83.3,28145,55.96
"Lowe",2,"Sandor Torzsok","Ind","Marcus Aussie-Stone","Ind",1,3.03,313,0.59
"Lowe",2,"Sandor Torzsok","Ind","Agnes Bannon","DLP",10,30.3,1388,2.6
"Lowe",2,"Sandor Torzsok","Ind","Bill Fisher","ALP",5,15.15,22884,42.93
"Lowe",2,"Sandor Torzsok","Ind","William McMahon","Lib46",6,18.18,25977,48.73
"Lowe",2,"Sandor Torzsok","Ind","John Morgan","Ind",1,3.03,88,0.17
"Lowe",2,"Sandor Torzsok","Ind","John Steele","AP",2,6.06,1894,3.55
"Lowe",2,"Sandor Torzsok","Ind","Kathleen Taylor","DOGS",2,6.06,547,1.03
"Lowe",2,"Sandor Torzsok","Ind","David Widdup","Ind",6,18.18,213,0.4
"Lowe",3,"John Morgan","Ind","Marcus Aussie-Stone","Ind",13,14.77,326,0.61
"Lowe",3,"John Morgan","Ind","Agnes Bannon","DLP",10,11.36,1398,2.62
"Lowe",3,"John Morgan","Ind","Bill Fisher","ALP",20,22.73,22904,42.97
"Lowe",3,"John Morgan","Ind","William McMahon","Lib46",16,18.18,25993,48.76
"Lowe",3,"John Morgan","Ind","John Steele","AP",21,23.86,1915,3.59
"Lowe",3,"John Morgan","Ind","Kathleen Taylor","DOGS",3,3.41,550,1.03
"Lowe",3,"John Morgan","Ind","David Widdup","Ind",5,5.68,218,0.41
"Lowe",4,"David Widdup","Ind","Marcus Aussie-Stone","Ind",18,8.26,344,0.65
"Lowe",4,"David Widdup","Ind","Agnes Bannon","DLP",7,3.21,1405,2.64
"Lowe",4,"David Widdup","Ind","Bill Fisher","ALP",59,27.06,22963,43.08
"Lowe",4,"David Widdup","Ind","William McMahon","Lib46",22,10.09,26015,48.8
"Lowe",4,"David Widdup","Ind","John Steele","AP",62,28.44,1977,3.71
"Lowe",4,"David Widdup","Ind","Kathleen Taylor","DOGS",50,22.94,600,1.13
"Lowe",5,"Marcus Aussie-Stone","Ind","Agnes Bannon","DLP",266,77.33,1671,3.13
"Lowe",5,"Marcus Aussie-Stone","Ind","Bill Fisher","ALP",29,8.43,22992,43.13
"Lowe",5,"Marcus Aussie-Stone","Ind","William McMahon","Lib46",14,4.07,26029,48.83
"Lowe",5,"Marcus Aussie-Stone","Ind","John Steele","AP",18,5.23,1995,3.74
"Lowe",5,"Marcus Aussie-Stone","Ind","Kathleen Taylor","DOGS",17,4.94,617,1.16
"Lowe",6,"Kathleen Taylor","DOGS","Agnes Bannon","DLP",40,6.48,1711,3.21
"Lowe",6,"Kathleen Taylor","DOGS","Bill Fisher","ALP",250,40.52,23242,43.6
"Lowe",6,"Kathleen Taylor","DOGS","William McMahon","Lib46",143,23.18,26172,49.1
"Lowe",6,"Kathleen Taylor","DOGS","John Steele","AP",184,29.82,2179,4.09
"Lowe",7,"Agnes Bannon","DLP","Bill Fisher","ALP",438,25.6,23680,44.42
"Lowe",7,"Agnes Bannon","DLP","William McMahon","Lib46",1184,69.2,27356,51.32
"Lowe",7,"Agnes Bannon","DLP","John Steele","AP",89,5.2,2268,4.25
"Macarthur",2,"Stephen Quilkey","Ind","Dianne Allen","Ind",23,18.7,1729,2.76
"Macarthur",2,"Stephen Quilkey","Ind","Jeff Bate","Ind",23,18.7,11345,18.12
"Macarthur",2,"Stephen Quilkey","Ind","Max Dunbier","Lib46",7,5.69,18125,28.94
"Macarthur",2,"Stephen Quilkey","Ind","Everardus Himmelreich","DLP",11,8.94,1112,1.78
"Macarthur",2,"Stephen Quilkey","Ind","John Kerin","ALP",59,47.97,30316,48.41
"Macarthur",3,"Everardus Himmelreich","DLP","Dianne Allen","Ind",529,47.57,2258,3.61
"Macarthur",3,"Everardus Himmelreich","DLP","Jeff Bate","Ind",219,19.69,11564,18.46
"Macarthur",3,"Everardus Himmelreich","DLP","Max Dunbier","Lib46",246,22.12,18371,29.33
"Macarthur",3,"Everardus Himmelreich","DLP","John Kerin","ALP",118,10.61,30434,48.6
"Macarthur",4,"Dianne Allen","Ind","Jeff Bate","Ind",1269,56.2,12833,20.49
"Macarthur",4,"Dianne Allen","Ind","Max Dunbier","Lib46",387,17.14,18758,29.95
"Macarthur",4,"Dianne Allen","Ind","John Kerin","ALP",602,26.66,31036,49.56
"Macarthur",5,"Jeff Bate","Ind","Max Dunbier","Lib46",11163,86.99,29921,47.78
"Macarthur",5,"Jeff Bate","Ind","John Kerin","ALP",1670,13.01,32706,52.22
"Mackellar",2,"Norman Ward","Ind","Thomas Colman","DLP",64,22.54,2035,3.41
"Mackellar",2,"Norman Ward","Ind","Evan Davies","ALP",44,15.49,21788,36.54
"Mackellar",2,"Norman Ward","Ind","Richard Jones","AP",88,30.99,7044,11.81
"Mackellar",2,"Norman Ward","Ind","William Wentworth","Lib46",88,30.99,28765,48.24
"Mackellar",3,"Thomas Colman","DLP","Evan Davies","ALP",591,29.04,22379,37.53
"Mackellar",3,"Thomas Colman","DLP","Richard Jones","AP",222,10.91,7266,12.18
"Mackellar",3,"Thomas Colman","DLP","William Wentworth","Lib46",1222,60.05,29987,50.29
"Mitchell",2,"Ivor F","Ind","Alfred Ashley-Brown","ALP",35,15.49,31666,47.59
"Mitchell",2,"Ivor F","Ind","Patricia Berzin","AP",81,35.84,2810,4.22
"Mitchell",2,"Ivor F","Ind","Les Irwin","Lib46",66,29.2,29768,44.74
"Mitchell",2,"Ivor F","Ind","David McArthur","Ind",33,14.6,362,0.54
"Mitchell",2,"Ivor F","Ind","David Sanson","DLP",11,4.87,1936,2.91
"Mitchell",3,"David McArthur","Ind","Alfred Ashley-Brown","ALP",67,18.51,31733,47.69
"Mitchell",3,"David McArthur","Ind","Patricia Berzin","AP",57,15.75,2867,4.31
"Mitchell",3,"David McArthur","Ind","Les Irwin","Lib46",109,30.11,29877,44.9
"Mitchell",3,"David McArthur","Ind","David Sanson","DLP",129,35.64,2065,3.1
"Mitchell",4,"David Sanson","DLP","Alfred Ashley-Brown","ALP",154,7.46,31887,47.92
"Mitchell",4,"David Sanson","DLP","Patricia Berzin","AP",131,6.34,2998,4.51
"Mitchell",4,"David Sanson","DLP","Les Irwin","Lib46",1780,86.2,31657,47.57
"Mitchell",5,"Patricia Berzin","AP","Alfred Ashley-Brown","ALP",2160,72.05,34047,51.17
"Mitchell",5,"Patricia Berzin","AP","Les Irwin","Lib46",838,27.95,32495,48.83
"New England",2,"Edwin Taber","DLP","Brian Edwards","AP",232,10.16,3316,6.49
"New England",2,"Edwin Taber","DLP","Justin Rowe","ALP",266,11.65,20843,40.79
"New England",2,"Edwin Taber","DLP","Ian Sinclair","CP",1786,78.2,26944,52.72
"Parramatta",2,"Graham Courtney","Ind","Derek Barker","DOGS",32,16.75,1152,1.86
"Parramatta",2,"Graham Courtney","Ind","Nigel Bowen","Lib46",55,28.8,28518,46.08
"Parramatta",2,"Graham Courtney","Ind","Doris Brauer","DLP",28,14.66,1537,2.48
"Parramatta",2,"Graham Courtney","Ind","James Mulheron","AP",43,22.51,2187,3.53
"Parramatta",2,"Graham Courtney","Ind","Michael Whelan","ALP",33,17.28,28491,46.04
"Parramatta",3,"Derek Barker","DOGS","Nigel Bowen","Lib46",562,48.78,29080,46.99
"Parramatta",3,"Derek Barker","DOGS","Doris Brauer","DLP",83,7.2,1620,2.62
"Parramatta",3,"Derek Barker","DOGS","James Mulheron","AP",180,15.62,2367,3.82
"Parramatta",3,"Derek Barker","DOGS","Michael Whelan","ALP",327,28.39,28818,46.57
"Parramatta",4,"Doris Brauer","DLP","Nigel Bowen","Lib46",1365,84.26,30445,49.2
"Parramatta",4,"Doris Brauer","DLP","James Mulheron","AP",122,7.53,2489,4.02
"Parramatta",4,"Doris Brauer","DLP","Michael Whelan","ALP",133,8.21,28951,46.78
"Parramatta",5,"James Mulheron","AP","Nigel Bowen","Lib46",677,27.2,31122,50.29
"Parramatta",5,"James Mulheron","AP","Michael Whelan","ALP",1812,72.8,30763,49.71
"Paterson",2,"Alan Capp","AP","Aubrey Barr","DLP",242,24.08,1618,3.32
"Paterson",2,"Alan Capp","AP","Frank O'Keefe","CP",320,31.84,23290,47.74
"Paterson",2,"Alan Capp","AP","Noel Unicomb","ALP",443,44.08,23873,48.94
"Paterson",3,"Aubrey Barr","DLP","Frank O'Keefe","CP",1319,81.52,24609,50.45
"Paterson",3,"Aubrey Barr","DLP","Noel Unicomb","ALP",299,18.48,24172,49.55
"Balaclava",2,"Leslie Rubinstein","Ind","Irene Dunsmuir","ALP",389,45.39,23754,45.26
"Balaclava",2,"Leslie Rubinstein","Ind","Ralph James","DLP",157,18.32,3966,7.56
"Balaclava",2,"Leslie Rubinstein","Ind","Ray Whittorn","Lib46",311,36.29,24766,47.19
"Balaclava",3,"Ralph James","DLP","Irene Dunsmuir","ALP",514,12.96,24268,46.24
"Balaclava",3,"Ralph James","DLP","Ray Whittorn","Lib46",3452,87.04,28218,53.76
"Ballaarat",2,"Anthony Balkin","DLP","Dudley Erwin","Lib46",5859,93.04,26719,53.48
"Ballaarat",2,"Anthony Balkin","DLP","David Williams","ALP",438,6.96,23238,46.52
"Bendigo",2,"Paul Brennan","DLP","John Bourchier","Lib46",592,13.87,14229,27.88
"Bendigo",2,"Paul Brennan","DLP","David Kennedy","ALP",258,6.05,24584,48.16
"Bendigo",2,"Paul Brennan","DLP","Joseph Pearce","CP",3417,80.08,12230,23.96
"Bendigo",3,"Joseph Pearce","CP","John Bourchier","Lib46",11375,93.01,25604,50.16
"Bendigo",3,"Joseph Pearce","CP","David Kennedy","ALP",855,6.99,25439,49.84
"Bruce",2,"Peter Moore","AP","Rex Harper","DLP",267,6.5,4899,7.78
"Bruce",2,"Peter Moore","AP","Russell Oakley","ALP",2869,69.86,29181,46.36
"Bruce",2,"Peter Moore","AP","Billy Snedden","Lib46",971,23.64,28864,45.86
"Bruce",3,"Rex Harper","DLP","Russell Oakley","ALP",882,18,30063,47.76
"Bruce",3,"Rex Harper","DLP","Billy Snedden","Lib46",4017,82,32881,52.24
"Casey",2,"Roderick Matthews","Ind","Kevin Adamson","DLP",43,10.34,4285,7.22
"Casey",2,"Roderick Matthews","Ind","Alfred Andrews","DOGS",26,6.25,753,1.27
"Casey",2,"Roderick Matthews","Ind","Margaret Briggs","Ind",36,8.65,785,1.32
"Casey",2,"Roderick Matthews","Ind","Clive Champion","AP",39,9.38,2316,3.9
"Casey",2,"Roderick Matthews","Ind","Peter Howson","Lib46",49,11.78,23128,38.98
"Casey",2,"Roderick Matthews","Ind","Race Mathews","ALP",223,53.61,28068,47.3
"Casey",3,"Alfred Andrews","DOGS","Kevin Adamson","DLP",85,11.29,4370,7.36
"Casey",3,"Alfred Andrews","DOGS","Margaret Briggs","Ind",92,12.22,877,1.48
"Casey",3,"Alfred Andrews","DOGS","Clive Champion","AP",104,13.81,2420,4.08
"Casey",3,"Alfred Andrews","DOGS","Peter Howson","Lib46",116,15.41,23244,39.17
"Casey",3,"Alfred Andrews","DOGS","Race Mathews","ALP",356,47.28,28424,47.9
"Casey",4,"Margaret Briggs","Ind","Kevin Adamson","DLP",143,16.31,4513,7.61
"Casey",4,"Margaret Briggs","Ind","Clive Champion","AP",339,38.65,2759,4.65
"Casey",4,"Margaret Briggs","Ind","Peter Howson","Lib46",133,15.17,23377,39.4
"Casey",4,"Margaret Briggs","Ind","Race Mathews","ALP",262,29.87,28686,48.35
"Casey",5,"Clive Champion","AP","Kevin Adamson","DLP",235,8.52,4748,8
"Casey",5,"Clive Champion","AP","Peter Howson","Lib46",633,22.94,24010,40.47
"Casey",5,"Clive Champion","AP","Race Mathews","ALP",1891,68.54,30577,51.53
"Chisholm",2,"Robert Cowley","AP","William Hoyne","DLP",727,21.68,4733,9
"Chisholm",2,"Robert Cowley","AP","Alastair Nicholson","ALP",1870,55.75,22478,42.74
"Chisholm",2,"Robert Cowley","AP","Tony Staley","Lib46",757,22.57,25379,48.26
"Chisholm",3,"William Hoyne","DLP","Alastair Nicholson","ALP",1002,21.17,23480,44.65
"Chisholm",3,"William Hoyne","DLP","Tony Staley","Lib46",3731,78.83,29110,55.35
"Deakin",2,"Harold Jeffrey","Ind","Gavan Burn","AP",736,44.39,3072,5.63
"Deakin",2,"Harold Jeffrey","Ind","William French","ALP",306,18.46,24293,44.5
"Deakin",2,"Harold Jeffrey","Ind","Alan Jarman","Lib46",490,29.55,23363,42.8
"Deakin",2,"Harold Jeffrey","Ind","Maurice Weston","DLP",126,7.6,3858,7.07
"Deakin",3,"Gavan Burn","AP","William French","ALP",2309,75.16,26602,48.73
"Deakin",3,"Gavan Burn","AP","Alan Jarman","Lib46",610,19.86,23973,43.92
"Deakin",3,"Gavan Burn","AP","Maurice Weston","DLP",153,4.98,4011,7.35
"Deakin",4,"Maurice Weston","DLP","William French","ALP",331,8.25,26933,49.34
"Deakin",4,"Maurice Weston","DLP","Alan Jarman","Lib46",3680,91.75,27653,50.66
"Diamond Valley",2,"Shaun Redmond","Ind","Douglas Alexander","DOGS",14,9.66,1503,2.2
"Diamond Valley",2,"Shaun Redmond","Ind","Neil Brown","Lib46",21,14.48,26672,38.99
"Diamond Valley",2,"Shaun Redmond","Ind","James Marmion","DLP",14,9.66,4890,7.15
"Diamond Valley",2,"Shaun Redmond","Ind","David McKenzie","ALP",28,19.31,30955,45.25
"Diamond Valley",2,"Shaun Redmond","Ind","John Siddons","AP",68,46.9,4382,6.41
"Diamond Valley",3,"Douglas Alexander","DOGS","Neil Brown","Lib46",595,39.59,27267,39.86
"Diamond Valley",3,"Douglas Alexander","DOGS","James Marmion","DLP",83,5.52,4973,7.27
"Diamond Valley",3,"Douglas Alexander","DOGS","David McKenzie","ALP",606,40.32,31561,46.14
"Diamond Valley",3,"Douglas Alexander","DOGS","John Siddons","AP",219,14.57,4601,6.73
"Diamond Valley",4,"John Siddons","AP","Neil Brown","Lib46",1191,25.89,28458,41.6
"Diamond Valley",4,"John Siddons","AP","James Marmion","DLP",216,4.69,5189,7.59
"Diamond Valley",4,"John Siddons","AP","David McKenzie","ALP",3194,69.42,34755,50.81
"Flinders",2,"David Heath","AP","Colin Bednall","ALP",1176,65.3,28449,46.57
"Flinders",2,"David Heath","AP","John Glynn","DLP",156,8.66,2536,4.15
"Flinders",2,"David Heath","AP","Phillip Lynch","Lib46",469,26.04,30109,49.28
"Flinders",3,"John Glynn","DLP","Colin Bednall","ALP",331,13.05,28780,47.11
"Flinders",3,"John Glynn","DLP","Phillip Lynch","Lib46",2205,86.95,32314,52.89
"Henty",2,"Michael Hughes","AP","Joan Child","ALP",1361,65.43,26062,48.91
"Henty",2,"Michael Hughes","AP","Terence Farrell","DLP",173,8.32,4099,7.69
"Henty",2,"Michael Hughes","AP","Max Fox","Lib46",546,26.25,23123,43.4
"Henty",3,"Terence Farrell","DLP","Joan Child","ALP",426,10.39,26488,49.71
"Henty",3,"Terence Farrell","DLP","Max Fox","Lib46",3673,89.61,26796,50.29
"Hotham",2,"John Murray","Ind","Henry Beven","DLP",40,9.57,4251,8.1
"Hotham",2,"John Murray","Ind","Don Chipp","Lib46",89,21.29,25331,48.24
"Hotham",2,"John Murray","Ind","Barry Johnston","ALP",107,25.6,21903,41.71
"Hotham",2,"John Murray","Ind","Ian Kenner","Ind",182,43.54,1028,1.96
"Hotham",3,"Ian Kenner","Ind","Henry Beven","DLP",450,43.77,4701,8.95
"Hotham",3,"Ian Kenner","Ind","Don Chipp","Lib46",272,26.46,25603,48.76
"Hotham",3,"Ian Kenner","Ind","Barry Johnston","ALP",306,29.77,22209,42.29
"Hotham",4,"Henry Beven","DLP","Don Chipp","Lib46",4400,93.6,30003,57.13
"Hotham",4,"Henry Beven","DLP","Barry Johnston","ALP",301,6.4,22510,42.87
"Isaacs",2,"Peter Harrie","AP","Gareth Clayton","ALP",1253,50.14,25157,48.24
"Isaacs",2,"Peter Harrie","AP","David Hamer","Lib46",1065,42.62,23175,44.44
"Isaacs",2,"Peter Harrie","AP","Frederick Skinner","DLP",181,7.24,3816,7.32
"Isaacs",3,"Frederick Skinner","DLP","Gareth Clayton","ALP",327,8.57,25484,48.87
"Isaacs",3,"Frederick Skinner","DLP","David Hamer","Lib46",3489,91.43,26664,51.13
"Kooyong",2,"Ian Channell","Ind","Francis Duffy","DLP",376,46.59,4841,8.86
"Kooyong",2,"Ian Channell","Ind","Clive Lipshut","ALP",162,20.07,19201,35.13
"Kooyong",2,"Ian Channell","Ind","Andrew Peacock","Lib46",114,14.13,27218,49.8
"Kooyong",2,"Ian Channell","Ind","Pamela Thornley","AP",155,19.21,3392,6.21
"Kooyong",3,"Pamela Thornley","AP","Francis Duffy","DLP",180,5.31,5021,9.19
"Kooyong",3,"Pamela Thornley","AP","Clive Lipshut","ALP",2212,65.21,21413,39.18
"Kooyong",3,"Pamela Thornley","AP","Andrew Peacock","Lib46",1000,29.48,28218,51.63
"McMillan",2,"Alexander Buchanan","Ind","Barrie Armitage","Lib46",810,26.02,12835,25.77
"McMillan",2,"Alexander Buchanan","Ind","Arthur Hewson","CP",1980,63.6,10262,20.6
"McMillan",2,"Alexander Buchanan","Ind","Michael Houlihan","DLP",138,4.43,3721,7.47
"McMillan",2,"Alexander Buchanan","Ind","Frank Mountford","ALP",185,5.94,22987,46.15
"McMillan",3,"Michael Houlihan","DLP","Barrie Armitage","Lib46",391,10.51,13226,26.56
"McMillan",3,"Michael Houlihan","DLP","Arthur Hewson","CP",3144,84.49,13406,26.92
"McMillan",3,"Michael Houlihan","DLP","Frank Mountford","ALP",186,5,23173,46.53
"McMillan",4,"Barrie Armitage","Lib46","Arthur Hewson","CP",12690,95.95,26096,52.4
"McMillan",4,"Barrie Armitage","Lib46","Frank Mountford","ALP",536,4.05,23709,47.6
"Maribyrnong",2,"Katrina Young","NSP","Moss Cass","ALP",21,14.19,26431,49.93
"Maribyrnong",2,"Katrina Young","NSP","Lancelot Hutchinson","DOGS",21,14.19,1135,2.14
"Maribyrnong",2,"Katrina Young","NSP","Richard McManus","DLP",21,14.19,6322,11.94
"Maribyrnong",2,"Katrina Young","NSP","Gary Scholes","AP",25,16.89,1457,2.75
"Maribyrnong",2,"Katrina Young","NSP","Rex Webb","Lib46",60,40.54,17589,33.23
"Maribyrnong",3,"Lancelot Hutchinson","DOGS","Moss Cass","ALP",639,56.3,27070,51.14
"Maribyrnong",3,"Lancelot Hutchinson","DOGS","Richard McManus","DLP",130,11.45,6452,12.19
"Maribyrnong",3,"Lancelot Hutchinson","DOGS","Gary Scholes","AP",183,16.12,1640,3.1
"Maribyrnong",3,"Lancelot Hutchinson","DOGS","Rex Webb","Lib46",183,16.12,17772,33.57
"Murray",2,"Patrick Payne","DLP","William Hunter","Lib46",516,14.45,8290,16.98
"Murray",2,"Patrick Payne","DLP","Bruce Lloyd","CP",2857,80.03,25389,51.99
"Murray",2,"Patrick Payne","DLP","John Riordan","ALP",197,5.52,15155,31.03
"Wannon",2,"Linden Cameron","Ind","Malcolm Fraser","Lib46",959,41.99,22719,48.11
"Wannon",2,"Linden Cameron","Ind","Edward Garth","ALP",1101,48.2,20476,43.36
"Wannon",2,"Linden Cameron","Ind","Adrian McInerney","DLP",224,9.81,4024,8.52
"Wannon",3,"Adrian McInerney","DLP","Malcolm Fraser","Lib46",3726,92.59,26445,56
"Wannon",3,"Adrian McInerney","DLP","Edward Garth","ALP",298,7.41,20774,44
"Wimmera",2,"Ray Buckley","Ind","Brian Brooke","ALP",538,32.57,18950,43.37
"Wimmera",2,"Ray Buckley","Ind","Robert Hawks","DLP",371,22.46,3484,7.97
"Wimmera",2,"Ray Buckley","Ind","Robert King","CP",743,44.98,21255,48.65
"Wimmera",3,"Robert Hawks","DLP","Brian Brooke","ALP",460,13.2,19410,44.43
"Wimmera",3,"Robert Hawks","DLP","Robert King","CP",3024,86.8,24279,55.57
"Brisbane",2,"Charles Gifford","CPA","Andrew Aitken","DLP",35,9.41,4368,8.47
"Brisbane",2,"Charles Gifford","CPA","Jim Anderson","Lib46",42,11.29,15255,29.57
"Brisbane",2,"Charles Gifford","CPA","Manfred Cross","ALP",230,61.83,25697,49.81
"Brisbane",2,"Charles Gifford","CPA","Glen Sheil","CP",65,17.47,6273,12.16
"Brisbane",3,"Andrew Aitken","DLP","Jim Anderson","Lib46",3553,81.34,18808,36.45
"Brisbane",3,"Andrew Aitken","DLP","Manfred Cross","ALP",370,8.47,26067,50.52
"Brisbane",3,"Andrew Aitken","DLP","Glen Sheil","CP",445,10.19,6718,13.02
"Darling Downs",2,"Ronald Alford","Ind","Colin Brimblecombe","Lib46",609,46.42,12304,23.66
"Darling Downs",2,"Ronald Alford","Ind","Eugene Connolly","DLP",274,20.88,3615,6.95
"Darling Downs",2,"Ronald Alford","Ind","Tom McVeigh","CP",228,17.38,17011,32.72
"Darling Downs",2,"Ronald Alford","Ind","James Thomas","ALP",201,15.32,19067,36.67
"Darling Downs",3,"Eugene Connolly","DLP","Colin Brimblecombe","Lib46",718,19.86,13022,25.04
"Darling Downs",3,"Eugene Connolly","DLP","Tom McVeigh","CP",2618,72.42,19629,37.75
"Darling Downs",3,"Eugene Connolly","DLP","James Thomas","ALP",279,7.72,19346,37.21
"Darling Downs",4,"Colin Brimblecombe","Lib46","Tom McVeigh","CP",12246,94.04,31875,61.3
"Darling Downs",4,"Colin Brimblecombe","Lib46","James Thomas","ALP",776,5.96,20122,38.7
"Griffith",2,"Beth Smith","AP","Cecil Birchley","DLP",117,7.58,3643,6.97
"Griffith",2,"Beth Smith","AP","Donald Cameron","Lib46",337,21.83,22986,44
"Griffith",2,"Beth Smith","AP","Edward Foat","ALP",1090,70.6,25613,49.03
"Griffith",3,"Cecil Birchley","DLP","Donald Cameron","Lib46",3316,91.02,26302,50.35
"Griffith",3,"Cecil Birchley","DLP","Edward Foat","ALP",327,8.98,25940,49.65
"Herbert",2,"Leonard Weber","AP","Robert Bonnett","Lib46",253,19.3,22854,45.25
"Herbert",2,"Leonard Weber","AP","Kiernan Dorney","DLP",143,10.91,4862,9.63
"Herbert",2,"Leonard Weber","AP","Fabian Sweeney","ALP",915,69.79,22788,45.12
"Herbert",3,"Kiernan Dorney","DLP","Robert Bonnett","Lib46",4317,88.79,27171,53.8
"Herbert",3,"Kiernan Dorney","DLP","Fabian Sweeney","ALP",545,11.21,23333,46.2
"Lilley",2,"Ralph Williams","Ind","Kevin Cairns","Lib46",37,15.81,23592,44.08
"Lilley",2,"Ralph Williams","Ind","Frank Doyle","ALP",33,14.1,25269,47.22
"Lilley",2,"Ralph Williams","Ind","James Morrissey","DLP",35,14.96,3005,5.62
"Lilley",2,"Ralph Williams","Ind","David Proud","AP",129,55.13,1649,3.08
"Lilley",3,"David Proud","AP","Kevin Cairns","Lib46",383,23.23,23975,44.8
"Lilley",3,"David Proud","AP","Frank Doyle","ALP",1011,61.31,26280,49.11
"Lilley",3,"David Proud","AP","James Morrissey","DLP",255,15.46,3260,6.09
"Lilley",4,"James Morrissey","DLP","Kevin Cairns","Lib46",2765,84.82,26740,49.97
"Lilley",4,"James Morrissey","DLP","Frank Doyle","ALP",495,15.18,26775,50.03
"McPherson",2,"James Drabsch","Ind","John Black","Ind",62,51.67,815,1.22
"McPherson",2,"James Drabsch","Ind","Victor Kearney","DLP",26,21.67,2004,3.01
"McPherson",2,"James Drabsch","Ind","Robert Richardson","AP",8,6.67,2017,3.03
"McPherson",2,"James Drabsch","Ind","Howard Richter","CP",16,13.33,16965,25.49
"McPherson",2,"James Drabsch","Ind","Eric Robinson","Lib46",5,4.17,17576,26.41
"McPherson",2,"James Drabsch","Ind","Tom Veivers","ALP",3,2.5,27183,40.84
"McPherson",3,"John Black","Ind","Victor Kearney","DLP",547,67.12,2551,3.83
"McPherson",3,"John Black","Ind","Robert Richardson","AP",96,11.78,2113,3.17
"McPherson",3,"John Black","Ind","Howard Richter","CP",72,8.83,17037,25.6
"McPherson",3,"John Black","Ind","Eric Robinson","Lib46",46,5.64,17622,26.48
"McPherson",3,"John Black","Ind","Tom Veivers","ALP",54,6.63,27237,40.92
"McPherson",4,"Robert Richardson","AP","Victor Kearney","DLP",249,11.78,2800,4.21
"McPherson",4,"Robert Richardson","AP","Howard Richter","CP",434,20.54,17471,26.25
"McPherson",4,"Robert Richardson","AP","Eric Robinson","Lib46",255,12.07,17877,26.86
"McPherson",4,"Robert Richardson","AP","Tom Veivers","ALP",1175,55.61,28412,42.69
"McPherson",5,"Victor Kearney","DLP","Howard Richter","CP",1285,45.89,18756,28.18
"McPherson",5,"Victor Kearney","DLP","Eric Robinson","Lib46",1331,47.54,19208,28.86
"McPherson",5,"Victor Kearney","DLP","Tom Veivers","ALP",184,6.57,28596,42.96
"McPherson",6,"Howard Richter","CP","Eric Robinson","Lib46",17207,91.74,36415,54.71
"McPherson",6,"Howard Richter","CP","Tom Veivers","ALP",1549,8.26,30145,45.29
"Moreton",2,"Arthur Smith","AP","Andrew Jackson","DLP",111,7.37,3373,6.54
"Moreton",2,"Arthur Smith","AP","James Killen","Lib46",364,24.15,25070,48.64
"Moreton",2,"Arthur Smith","AP","Joseph McDonald","ALP",1032,68.48,23103,44.82
"Moreton",3,"Andrew Jackson","DLP","James Killen","Lib46",3004,89.06,28074,54.46
"Moreton",3,"Andrew Jackson","DLP","Joseph McDonald","ALP",369,10.94,23472,45.54
"Petrie",2,"Alexander Dewar","AP","Frank Andrews","DLP",203,9.5,3488,5.65
"Petrie",2,"Alexander Dewar","AP","Marshall Cooke","Lib46",458,21.43,22550,36.5
"Petrie",2,"Alexander Dewar","AP","Denis Murphy","ALP",1213,56.76,29155,47.19
"Petrie",2,"Alexander Dewar","AP","Gordon Olive","CP",263,12.31,6595,10.67
"Petrie",3,"Frank Andrews","DLP","Marshall Cooke","Lib46",1216,34.86,23766,38.46
"Petrie",3,"Frank Andrews","DLP","Denis Murphy","ALP",237,6.79,29392,47.57
"Petrie",3,"Frank Andrews","DLP","Gordon Olive","CP",2035,58.34,8630,13.97
"Petrie",4,"Gordon Olive","CP","Marshall Cooke","Lib46",7943,92.04,31709,51.32
"Petrie",4,"Gordon Olive","CP","Denis Murphy","ALP",687,7.96,30079,48.68
"Ryan",2,"Alan Jones","Ind","John Conn","ALP",223,27.1,24136,40.69
"Ryan",2,"Alan Jones","Ind","Nigel Drury","Lib46",299,36.33,27693,46.69
"Ryan",2,"Alan Jones","Ind","Bert Vann","DLP",130,15.8,3501,5.9
"Ryan",2,"Alan Jones","Ind","Robert Wensley","AP",171,20.78,3982,6.71
"Ryan",3,"Bert Vann","DLP","John Conn","ALP",234,6.68,24370,41.09
"Ryan",3,"Bert Vann","DLP","Nigel Drury","Lib46",2965,84.69,30658,51.69
"Ryan",3,"Bert Vann","DLP","Robert Wensley","AP",302,8.63,4284,7.22
"Angas",2,"Terence Critchley","DLP","Geoffrey Giles","Lib46",1315,69.5,23506,49.85
"Angas",2,"Terence Critchley","DLP","John Petch","CP",372,19.66,7915,16.78
"Angas",2,"Terence Critchley","DLP","Adolf Thiel","ALP",205,10.84,15735,33.37
"Angas",3,"John Petch","CP","Geoffrey Giles","Lib46",6661,84.16,30167,63.97
"Angas",3,"John Petch","CP","Adolf Thiel","ALP",1254,15.84,16989,36.03
"Wakefield",2,"John McMahon","DLP","Terence de Lacy","ALP",210,15.38,13853,32.47
"Wakefield",2,"John McMahon","DLP","Bert Kelly","Lib46",646,47.33,21857,51.23
"Wakefield",2,"John McMahon","DLP","James Shannon","CP",509,37.29,6957,16.31
"Canning",2,"Brian Burns","Ind","John Hallett","CP",774,59.49,16235,27.5
"Canning",2,"Brian Burns","Ind","Thomas Hartigan","AP",193,14.83,1629,2.76
"Canning",2,"Brian Burns","Ind","Patrick Hickey","DLP",115,8.84,1673,2.83
"Canning",2,"Brian Burns","Ind","Ian Pratt","Lib46",89,6.84,15962,27.04
"Canning",2,"Brian Burns","Ind","Allan Scott","ALP",130,9.99,23528,39.86
"Canning",3,"Thomas Hartigan","AP","John Hallett","CP",453,27.81,16688,28.27
"Canning",3,"Thomas Hartigan","AP","Patrick Hickey","DLP",223,13.69,1896,3.21
"Canning",3,"Thomas Hartigan","AP","Ian Pratt","Lib46",187,11.48,16149,27.36
"Canning",3,"Thomas Hartigan","AP","Allan Scott","ALP",766,47.02,24294,41.16
"Canning",4,"Patrick Hickey","DLP","John Hallett","CP",1262,66.56,17950,30.41
"Canning",4,"Patrick Hickey","DLP","Ian Pratt","Lib46",387,20.41,16536,28.01
"Canning",4,"Patrick Hickey","DLP","Allan Scott","ALP",247,13.03,24541,41.58
"Canning",5,"Ian Pratt","Lib46","John Hallett","CP",15082,91.21,33032,55.96
"Canning",5,"Ian Pratt","Lib46","Allan Scott","ALP",1454,8.79,25995,44.04
"Forrest",2,"Russell Moffet","AP","Peter Drummond","Lib46",51,11.21,15355,32.12
"Forrest",2,"Russell Moffet","AP","John Fleeton","DLP",48,10.55,1531,3.2
"Forrest",2,"Russell Moffet","AP","Frank Kirwan","ALP",250,54.95,21093,44.12
"Forrest",2,"Russell Moffet","AP","David Reid","CP",106,23.3,9829,20.56
"Forrest",3,"John Fleeton","DLP","Peter Drummond","Lib46",464,30.31,15819,33.09
"Forrest",3,"John Fleeton","DLP","Frank Kirwan","ALP",170,11.1,21263,44.48
"Forrest",3,"John Fleeton","DLP","David Reid","CP",897,58.59,10726,22.44
"Forrest",4,"David Reid","CP","Peter Drummond","Lib46",9796,91.33,25615,53.58
"Forrest",4,"David Reid","CP","Frank Kirwan","ALP",930,8.67,22193,46.42
"Moore",2,"Benjamin Ballantyne","DLP","John Hyde","Lib46",1073,43.27,16270,29.91
"Moore",2,"Benjamin Ballantyne","DLP","Donald Maisey","CP",1115,44.96,16762,30.81
"Moore",2,"Benjamin Ballantyne","DLP","Peter Walsh","ALP",292,11.77,21366,39.28
"Moore",3,"John Hyde","Lib46","Donald Maisey","CP",15382,94.54,32144,59.09
"Moore",3,"John Hyde","Lib46","Peter Walsh","ALP",888,5.46,22254,40.91
"Stirling",2,"Brian Peachey","DLP","Ian Viner","Lib46",3583,84.44,34029,52.86
"Stirling",2,"Brian Peachey","DLP","Harry Webb","ALP",660,15.56,30346,47.14
"Swan",2,"David Smith","Ind","Adrian Bennett","ALP",247,26.82,28594,49.96
"Swan",2,"David Smith","Ind","Richard Cleaver","Lib46",323,35.07,25047,43.77
"Swan",2,"David Smith","Ind","Archelaus Marshall","AP",144,15.64,1219,2.13
"Swan",2,"David Smith","Ind","David Milne","DLP",207,22.48,2370,4.14
"Swan",3,"Archelaus Marshall","AP","Adrian Bennett","ALP",742,60.87,29336,51.26
"Swan",3,"Archelaus Marshall","AP","Richard Cleaver","Lib46",275,22.56,25322,44.25
"Swan",3,"Archelaus Marshall","AP","David Milne","DLP",202,16.57,2572,4.49
"Denison",2,"William Scetrine","AP","Brian Broadby","Ind",181,16.82,2096,4.88
"Denison",2,"William Scetrine","AP","John Coates","ALP",537,49.91,21823,50.77
"Denison",2,"William Scetrine","AP","Michael Delaney","DLP",84,7.81,1714,3.99
"Denison",2,"William Scetrine","AP","Robert Solomon","Lib46",274,25.46,17348,40.36
"Northern Territory",2,"Charles Moffatt","AP","Alexander Allan-Stewart","Ind",28,15.14,1849,7.51
"Northern Territory",2,"Charles Moffatt","AP","Gordon Briscoe","AP",49,26.49,993,4.03
"Northern Territory",2,"Charles Moffatt","AP","Sam Calder","CP",39,21.08,11696,47.48
"Northern Territory",2,"Charles Moffatt","AP","Ted Robertson","ALP",50,27.03,9726,39.49
"Northern Territory",2,"Charles Moffatt","AP","William Walsh","Ind",19,10.27,368,1.49
"Northern Territory",3,"William Walsh","Ind","Alexander Allan-Stewart","Ind",85,23.1,1934,7.85
"Northern Territory",3,"William Walsh","Ind","Gordon Briscoe","AP",69,18.75,1062,4.31
"Northern Territory",3,"William Walsh","Ind","Sam Calder","CP",73,19.84,11769,47.78
"Northern Territory",3,"William Walsh","Ind","Ted Robertson","ALP",141,38.32,9867,40.06
"Northern Territory",4,"Gordon Briscoe","AP","Alexander Allan-Stewart","Ind",199,18.74,2133,8.66
"Northern Territory",4,"Gordon Briscoe","AP","Sam Calder","CP",259,24.39,12028,48.83
"Northern Territory",4,"Gordon Briscoe","AP","Ted Robertson","ALP",604,56.87,10471,42.51
"Northern Territory",5,"Alexander Allan-Stewart","Ind","Sam Calder","CP",1388,65.07,13416,54.47
"Northern Territory",5,"Alexander Allan-Stewart","Ind","Ted Robertson","ALP",745,34.93,11216,45.53
