"Seat","Count","From_candidate","From_party","To_candidate","To_party","Transferred_votes","Transferred_perc","New_votes","New_vote_perc"
"Cowper",2,"Alexander Moore","OPA","John Howard","ALP",350,18.08,21725,41.2
"Cowper",2,"Alexander Moore","OPA","Joseph McElhone","Ind",624,32.23,6027,11.43
"Cowper",2,"Alexander Moore","OPA","Sir Earle Page","CP",962,49.69,24979,47.37
"Cowper",3,"Joseph McElhone","Ind","John Howard","ALP",3270,54.26,24995,47.4
"Cowper",3,"Joseph McElhone","Ind","Sir Earle Page","CP",2757,45.74,27736,52.6
"Eden-Monaro",2,"John Egan","Ind","Bill Beale","Ind",61,28.91,3271,6.76
"Eden-Monaro",2,"John Egan","Ind","Jonas Crabtree","Ind",27,12.8,392,0.81
"Eden-Monaro",2,"John Egan","Ind","Allan Fraser","ALP",77,36.49,23739,49.07
"Eden-Monaro",2,"John Egan","Ind","Cecil Gray","Ind",12,5.69,274,0.57
"Eden-Monaro",2,"John Egan","Ind","Denzil Macarthur-Onslow","LD",23,10.9,10533,21.77
"Eden-Monaro",2,"John Egan","Ind","John Perkins","UAP31",11,5.21,10173,21.03
"Eden-Monaro",3,"Cecil Gray","Ind","Bill Beale","Ind",57,20.8,3328,6.88
"Eden-Monaro",3,"Cecil Gray","Ind","Jonas Crabtree","Ind",19,6.93,411,0.85
"Eden-Monaro",3,"Cecil Gray","Ind","Allan Fraser","ALP",39,14.23,23778,49.15
"Eden-Monaro",3,"Cecil Gray","Ind","Denzil Macarthur-Onslow","LD",88,32.12,10621,21.95
"Eden-Monaro",3,"Cecil Gray","Ind","John Perkins","UAP31",71,25.91,10244,21.17
"Eden-Monaro",4,"Jonas Crabtree","Ind","Bill Beale","Ind",215,52.31,3543,7.32
"Eden-Monaro",4,"Jonas Crabtree","Ind","Allan Fraser","ALP",92,22.38,23870,49.34
"Eden-Monaro",4,"Jonas Crabtree","Ind","Denzil Macarthur-Onslow","LD",66,16.06,10687,22.09
"Eden-Monaro",4,"Jonas Crabtree","Ind","John Perkins","UAP31",38,9.25,10282,21.25
"Eden-Monaro",5,"Bill Beale","Ind","Allan Fraser","ALP",1824,51.48,25694,53.11
"Eden-Monaro",5,"Bill Beale","Ind","Denzil Macarthur-Onslow","LD",1098,30.99,11785,24.36
"Eden-Monaro",5,"Bill Beale","Ind","John Perkins","UAP31",621,17.53,10903,22.54
"Hume",2,"John Neeld","LD","Thomas Collins","CP",164,40.39,19793,38.61
"Hume",2,"John Neeld","LD","Arthur Fuller","ALP",41,10.1,25461,49.67
"Hume",2,"John Neeld","LD","Vernon Lawrence","Ind",130,32.02,4797,9.36
"Hume",2,"John Neeld","LD","John McLeod","CPA",71,17.49,1214,2.37
"Hume",3,"John McLeod","CPA","Thomas Collins","CP",79,6.51,19872,38.76
"Hume",3,"John McLeod","CPA","Arthur Fuller","ALP",904,74.46,26365,51.43
"Hume",3,"John McLeod","CPA","Vernon Lawrence","Ind",231,19.03,5028,9.81
"Martin",2,"Rupert Nicholson","Ind UAP31","Gerrard Armstrong","Ind",3,3.49,790,1.32
"Martin",2,"Rupert Nicholson","Ind UAP31","Edward Beck","Ind",1,1.16,565,0.95
"Martin",2,"Rupert Nicholson","Ind UAP31","Fred Daly","ALP",4,4.65,28003,46.9
"Martin",2,"Rupert Nicholson","Ind UAP31","Eleanor Glencross","Ind",2,2.33,835,1.4
"Martin",2,"Rupert Nicholson","Ind UAP31","John Lee","Ind",1,1.16,1691,2.83
"Martin",2,"Rupert Nicholson","Ind UAP31","William McCall","UAP31",42,48.84,19928,33.37
"Martin",2,"Rupert Nicholson","Ind UAP31","George Mills","LD",12,13.95,3603,6.03
"Martin",2,"Rupert Nicholson","Ind UAP31","William Milne","Ind Nat",12,13.95,519,0.87
"Martin",2,"Rupert Nicholson","Ind UAP31","Albert Sloss","SL",7,8.14,3604,6.04
"Martin",2,"Rupert Nicholson","Ind UAP31","Isabella Stenning","Ind",2,2.33,172,0.29
"Martin",3,"Isabella Stenning","Ind","Gerrard Armstrong","Ind",18,10.47,808,1.35
"Martin",3,"Isabella Stenning","Ind","Edward Beck","Ind",8,4.65,573,0.96
"Martin",3,"Isabella Stenning","Ind","Fred Daly","ALP",24,13.95,28027,46.94
"Martin",3,"Isabella Stenning","Ind","Eleanor Glencross","Ind",30,17.44,865,1.45
"Martin",3,"Isabella Stenning","Ind","John Lee","Ind",8,4.65,1699,2.85
"Martin",3,"Isabella Stenning","Ind","William McCall","UAP31",26,15.12,19954,33.42
"Martin",3,"Isabella Stenning","Ind","George Mills","LD",12,6.98,3615,6.05
"Martin",3,"Isabella Stenning","Ind","William Milne","Ind Nat",3,1.74,522,0.87
"Martin",3,"Isabella Stenning","Ind","Albert Sloss","SL",43,25,3647,6.11
"Martin",4,"William Milne","Ind Nat","Gerrard Armstrong","Ind",15,2.87,823,1.38
"Martin",4,"William Milne","Ind Nat","Edward Beck","Ind",12,2.3,585,0.98
"Martin",4,"William Milne","Ind Nat","Fred Daly","ALP",18,3.45,28045,46.97
"Martin",4,"William Milne","Ind Nat","Eleanor Glencross","Ind",24,4.6,889,1.49
"Martin",4,"William Milne","Ind Nat","John Lee","Ind",43,8.24,1742,2.92
"Martin",4,"William Milne","Ind Nat","William McCall","UAP31",182,34.87,20136,33.72
"Martin",4,"William Milne","Ind Nat","George Mills","LD",198,37.93,3813,6.39
"Martin",4,"William Milne","Ind Nat","Albert Sloss","SL",30,5.75,3677,6.16
"Martin",5,"Edward Beck","Ind","Gerrard Armstrong","Ind",94,16.07,917,1.54
"Martin",5,"Edward Beck","Ind","Fred Daly","ALP",165,28.21,28210,47.25
"Martin",5,"Edward Beck","Ind","Eleanor Glencross","Ind",42,7.18,931,1.56
"Martin",5,"Edward Beck","Ind","John Lee","Ind",48,8.21,1790,3
"Martin",5,"Edward Beck","Ind","William McCall","UAP31",85,14.53,20221,33.87
"Martin",5,"Edward Beck","Ind","George Mills","LD",133,22.74,3946,6.61
"Martin",5,"Edward Beck","Ind","Albert Sloss","SL",18,3.08,3695,6.19
"Martin",6,"Gerrard Armstrong","Ind","Fred Daly","ALP",694,75.68,28904,48.41
"Martin",6,"Gerrard Armstrong","Ind","Eleanor Glencross","Ind",71,7.74,1002,1.68
"Martin",6,"Gerrard Armstrong","Ind","John Lee","Ind",52,5.67,1842,3.08
"Martin",6,"Gerrard Armstrong","Ind","William McCall","UAP31",43,4.69,20264,33.94
"Martin",6,"Gerrard Armstrong","Ind","George Mills","LD",18,1.96,3964,6.64
"Martin",6,"Gerrard Armstrong","Ind","Albert Sloss","SL",39,4.25,3734,6.25
"Martin",7,"Eleanor Glencross","Ind","Fred Daly","ALP",181,18.06,29085,48.71
"Martin",7,"Eleanor Glencross","Ind","John Lee","Ind",170,16.97,2012,3.37
"Martin",7,"Eleanor Glencross","Ind","William McCall","UAP31",347,34.63,20611,34.52
"Martin",7,"Eleanor Glencross","Ind","George Mills","LD",230,22.95,4194,7.02
"Martin",7,"Eleanor Glencross","Ind","Albert Sloss","SL",74,7.39,3808,6.38
"Martin",8,"John Lee","Ind","Fred Daly","ALP",244,12.13,29329,49.12
"Martin",8,"John Lee","Ind","William McCall","UAP31",766,38.07,21377,35.8
"Martin",8,"John Lee","Ind","George Mills","LD",956,47.51,5150,8.63
"Martin",8,"John Lee","Ind","Albert Sloss","SL",46,2.29,3854,6.45
"Martin",9,"Albert Sloss","SL","Fred Daly","ALP",3364,87.29,32693,54.75
"Martin",9,"Albert Sloss","SL","William McCall","UAP31",298,7.73,21675,36.3
"Martin",9,"Albert Sloss","SL","George Mills","LD",192,4.98,5342,8.95
"New England",2,"Albert Royal","Ind","Charles Abbott","Ind",58,12.39,2565,5.38
"New England",2,"Albert Royal","Ind","Joe Abbott","CP",92,19.66,21728,45.62
"New England",2,"Albert Royal","Ind","James Fowler","OPA",89,19.02,769,1.61
"New England",2,"Albert Royal","Ind","Herbert Oxford","ALP",229,48.93,22571,47.39
"New England",3,"James Fowler","OPA","Charles Abbott","Ind",154,20.03,2719,5.71
"New England",3,"James Fowler","OPA","Joe Abbott","CP",314,40.83,22042,46.27
"New England",3,"James Fowler","OPA","Herbert Oxford","ALP",301,39.14,22872,48.02
"New England",4,"Charles Abbott","Ind","Joe Abbott","CP",2295,84.41,24337,51.09
"New England",4,"Charles Abbott","Ind","Herbert Oxford","ALP",424,15.59,23296,48.91
"North Sydney",2,"Oliver Partington","Ind","Eric Bentley","Ind",110,24.18,3459,5.09
"North Sydney",2,"Oliver Partington","Ind","Leo Haylen","ALP",74,16.26,24363,35.86
"North Sydney",2,"Oliver Partington","Ind","Billy Hughes","UAP31",80,17.58,30042,44.21
"North Sydney",2,"Oliver Partington","Ind","Jack Lewis","OPA",30,6.59,968,1.42
"North Sydney",2,"Oliver Partington","Ind","Jack Miles","CPA",41,9.01,2862,4.21
"North Sydney",2,"Oliver Partington","Ind","Patrick Williams","Ind",120,26.37,6252,9.2
"North Sydney",3,"Jack Lewis","OPA","Eric Bentley","Ind",173,17.87,3632,5.35
"North Sydney",3,"Jack Lewis","OPA","Leo Haylen","ALP",170,17.56,24533,36.11
"North Sydney",3,"Jack Lewis","OPA","Billy Hughes","UAP31",366,37.81,30408,44.75
"North Sydney",3,"Jack Lewis","OPA","Jack Miles","CPA",74,7.64,2936,4.32
"North Sydney",3,"Jack Lewis","OPA","Patrick Williams","Ind",185,19.11,6437,9.47
"North Sydney",4,"Jack Miles","CPA","Eric Bentley","Ind",224,7.63,3856,5.68
"North Sydney",4,"Jack Miles","CPA","Leo Haylen","ALP",2299,78.3,26832,39.49
"North Sydney",4,"Jack Miles","CPA","Billy Hughes","UAP31",135,4.6,30543,44.95
"North Sydney",4,"Jack Miles","CPA","Patrick Williams","Ind",278,9.47,6715,9.88
"North Sydney",5,"Eric Bentley","Ind","Leo Haylen","ALP",1879,48.73,28711,42.26
"North Sydney",5,"Eric Bentley","Ind","Billy Hughes","UAP31",1176,30.5,31719,46.68
"North Sydney",5,"Eric Bentley","Ind","Patrick Williams","Ind",801,20.77,7516,11.06
"North Sydney",6,"Patrick Williams","Ind","Leo Haylen","ALP",3169,42.16,31880,46.92
"North Sydney",6,"Patrick Williams","Ind","Billy Hughes","UAP31",4347,57.84,36066,53.08
"Parkes",2,"Arthur Thompson","Ind","Pauline Budge","AWP43",11,7.1,1312,2.13
"Parkes",2,"Arthur Thompson","Ind","Les Haylen","ALP",22,14.19,29913,48.55
"Parkes",2,"Arthur Thompson","Ind","Nigel Love","LD",15,9.68,12035,19.53
"Parkes",2,"Arthur Thompson","Ind","Sir Charles Marr","UAP31",20,12.9,17161,27.86
"Parkes",2,"Arthur Thompson","Ind","Arthur Miles","OPA",8,5.16,937,1.52
"Parkes",2,"Arthur Thompson","Ind","Francis Wilson","Ind",79,50.97,250,0.41
"Parkes",3,"Francis Wilson","Ind","Pauline Budge","AWP43",40,16,1352,2.19
"Parkes",3,"Francis Wilson","Ind","Les Haylen","ALP",39,15.6,29952,48.62
"Parkes",3,"Francis Wilson","Ind","Nigel Love","LD",32,12.8,12067,19.59
"Parkes",3,"Francis Wilson","Ind","Sir Charles Marr","UAP31",36,14.4,17197,27.91
"Parkes",3,"Francis Wilson","Ind","Arthur Miles","OPA",103,41.2,1040,1.69
"Parkes",4,"Arthur Miles","OPA","Pauline Budge","AWP43",95,9.13,1447,2.35
"Parkes",4,"Arthur Miles","OPA","Les Haylen","ALP",227,21.83,30179,48.99
"Parkes",4,"Arthur Miles","OPA","Nigel Love","LD",389,37.4,12456,20.22
"Parkes",4,"Arthur Miles","OPA","Sir Charles Marr","UAP31",329,31.63,17526,28.45
"Parkes",5,"Pauline Budge","AWP43","Les Haylen","ALP",1135,78.44,31314,50.83
"Parkes",5,"Pauline Budge","AWP43","Nigel Love","LD",197,13.61,12653,20.54
"Parkes",5,"Pauline Budge","AWP43","Sir Charles Marr","UAP31",115,7.95,17641,28.63
"Parramatta",2,"Howard Miscamble","Ind UAP31","Ormond Bissett","LD",46,13.69,8930,13.52
"Parramatta",2,"Howard Miscamble","Ind UAP31","Robert Firebrace","NU",85,25.3,5891,8.92
"Parramatta",2,"Howard Miscamble","Ind UAP31","Dexter Moore","Ind",52,15.48,1121,1.7
"Parramatta",2,"Howard Miscamble","Ind UAP31","Sir Frederick Stewart","UAP31",109,32.44,25376,38.42
"Parramatta",2,"Howard Miscamble","Ind UAP31","Arthur Treble","ALP",44,13.1,24724,37.44
"Parramatta",3,"Dexter Moore","Ind","Ormond Bissett","LD",275,24.53,9205,13.94
"Parramatta",3,"Dexter Moore","Ind","Robert Firebrace","NU",386,34.43,6277,9.5
"Parramatta",3,"Dexter Moore","Ind","Sir Frederick Stewart","UAP31",359,32.02,25735,38.97
"Parramatta",3,"Dexter Moore","Ind","Arthur Treble","ALP",101,9.01,24825,37.59
"Parramatta",4,"Robert Firebrace","NU","Ormond Bissett","LD",2420,38.55,11625,17.6
"Parramatta",4,"Robert Firebrace","NU","Sir Frederick Stewart","UAP31",3328,53.02,29063,44.01
"Parramatta",4,"Robert Firebrace","NU","Arthur Treble","ALP",529,8.43,25354,38.39
"Parramatta",5,"Ormond Bissett","LD","Sir Frederick Stewart","UAP31",10087,86.77,39150,59.28
"Parramatta",5,"Ormond Bissett","LD","Arthur Treble","ALP",1538,13.23,26892,40.72
"Reid",2,"Alfred Turner","OPA","Dick George","Ind UAP31",540,31.25,3403,5.3
"Reid",2,"Alfred Turner","OPA","Jack Hughes","SL",97,5.61,3826,5.96
"Reid",2,"Alfred Turner","OPA","David Knox","UAP31",470,27.2,7466,11.64
"Reid",2,"Alfred Turner","OPA","Jack Lang","LL43",208,12.04,26740,41.68
"Reid",2,"Alfred Turner","OPA","Charles Morgan","ALP",413,23.9,22726,35.42
"Reid",3,"Dick George","Ind UAP31","Jack Hughes","SL",1033,30.36,4859,7.57
"Reid",3,"Dick George","Ind UAP31","David Knox","UAP31",1577,46.34,9043,14.09
"Reid",3,"Dick George","Ind UAP31","Jack Lang","LL43",343,10.08,27083,42.21
"Reid",3,"Dick George","Ind UAP31","Charles Morgan","ALP",450,13.22,23176,36.12
"Reid",4,"Jack Hughes","SL","David Knox","UAP31",590,12.14,9633,15.01
"Reid",4,"Jack Hughes","SL","Jack Lang","LL43",677,13.93,27760,43.27
"Reid",4,"Jack Hughes","SL","Charles Morgan","ALP",3592,73.92,26768,41.72
"Reid",5,"David Knox","UAP31","Jack Lang","LL43",2247,23.33,30007,46.77
"Reid",5,"David Knox","UAP31","Charles Morgan","ALP",7386,76.67,34154,53.23
"Richmond",2,"Alfred Anderson","OPA","Larry Anthony","CP",8317,76.39,34246,63.6
"Richmond",2,"Alfred Anderson","OPA","Arthur Dodd","ALP",2571,23.61,19601,36.4
"Robertson",2,"Roberta Galagher","Ind","Donald Brown","OPA",131,27.29,2681,4.6
"Robertson",2,"Roberta Galagher","Ind","Walter Evans","SL",112,23.33,4745,8.13
"Robertson",2,"Roberta Galagher","Ind","Eric Spooner","UAP31",142,29.58,21888,37.52
"Robertson",2,"Roberta Galagher","Ind","Thomas Williams","ALP",95,19.79,29022,49.75
"Robertson",3,"Donald Brown","OPA","Walter Evans","SL",1373,51.21,6118,10.49
"Robertson",3,"Donald Brown","OPA","Eric Spooner","UAP31",920,34.32,22808,39.1
"Robertson",3,"Donald Brown","OPA","Thomas Williams","ALP",388,14.47,29410,50.41
"Warringah",2,"Edward Doherty","Ind MCP","Ronald Ashworth","ALP",221,52,23944,34
"Warringah",2,"Edward Doherty","Ind MCP","Douglas Morris","OPA",58,13.65,1136,1.61
"Warringah",2,"Edward Doherty","Ind MCP","Gerald Robinson","Ind",53,12.47,1697,2.41
"Warringah",2,"Edward Doherty","Ind MCP","Percy Spender","UAP31",29,6.82,34206,48.57
"Warringah",2,"Edward Doherty","Ind MCP","Stephen Stack","Ind",64,15.06,9445,13.41
"Warringah",3,"Douglas Morris","OPA","Ronald Ashworth","ALP",261,22.98,24205,34.37
"Warringah",3,"Douglas Morris","OPA","Gerald Robinson","Ind",329,28.96,2026,2.88
"Warringah",3,"Douglas Morris","OPA","Percy Spender","UAP31",295,25.97,34501,48.99
"Warringah",3,"Douglas Morris","OPA","Stephen Stack","Ind",251,22.1,9696,13.77
"Warringah",4,"Gerald Robinson","Ind","Ronald Ashworth","ALP",472,23.3,24677,35.04
"Warringah",4,"Gerald Robinson","Ind","Percy Spender","UAP31",674,33.27,35175,49.94
"Warringah",4,"Gerald Robinson","Ind","Stephen Stack","Ind",880,43.44,10576,15.02
"Warringah",5,"Stephen Stack","Ind","Ronald Ashworth","ALP",3151,29.79,27828,39.51
"Warringah",5,"Stephen Stack","Ind","Percy Spender","UAP31",7425,70.21,42600,60.49
"Wentworth",2,"Thomas Whitehouse","Ind","Eric Harrison","UAP31",45,14.47,23564,33
"Wentworth",2,"Thomas Whitehouse","Ind","Charles Mayo","LD",52,16.72,1706,2.39
"Wentworth",2,"Thomas Whitehouse","Ind","Jessie Street","ALP",64,20.58,31112,43.57
"Wentworth",2,"Thomas Whitehouse","Ind","William Wentworth","Nat Gov",150,48.23,15025,21.04
"Wentworth",3,"Charles Mayo","LD","Eric Harrison","UAP31",542,31.77,24106,33.76
"Wentworth",3,"Charles Mayo","LD","Jessie Street","ALP",341,19.99,31453,44.05
"Wentworth",3,"Charles Mayo","LD","William Wentworth","Nat Gov",823,48.24,15848,22.19
"Wentworth",4,"William Wentworth","Nat Gov","Eric Harrison","UAP31",12765,80.55,36871,51.63
"Wentworth",4,"William Wentworth","Nat Gov","Jessie Street","ALP",3083,19.45,34536,48.37
"Bendigo",2,"William Banks","Ind ALP","John Crawford","Ind",828,64.09,2917,6.53
"Bendigo",2,"William Banks","Ind ALP","Bert de Grandi","ALP",224,17.34,19331,43.26
"Bendigo",2,"William Banks","Ind ALP","Morton Garner","Ind UAP31",107,8.28,2258,5.05
"Bendigo",2,"William Banks","Ind ALP","George Rankin","CP",133,10.29,20183,45.16
"Bendigo",3,"Morton Garner","Ind UAP31","John Crawford","Ind",675,29.89,3592,8.04
"Bendigo",3,"Morton Garner","Ind UAP31","Bert de Grandi","ALP",177,7.84,19508,43.65
"Bendigo",3,"Morton Garner","Ind UAP31","George Rankin","CP",1406,62.27,21589,48.31
"Bendigo",4,"John Crawford","Ind","Bert de Grandi","ALP",1795,49.97,21303,47.67
"Bendigo",4,"John Crawford","Ind","George Rankin","CP",1797,50.03,23386,52.33
"Bourke",2,"John March","Ind","Maurice Blackburn","Ind ALP",361,15.02,26855,40.92
"Bourke",2,"John March","Ind","Bill Bryson","ALP",266,11.06,24988,38.08
"Bourke",2,"John March","Ind","David Smith","UAP31",1777,73.92,13781,21
"Bourke",3,"David Smith","UAP31","Maurice Blackburn","Ind ALP",3607,26.17,30462,46.42
"Bourke",3,"David Smith","UAP31","Bill Bryson","ALP",10174,73.83,35162,53.58
"Corangamite",2,"Sydney Donaldson","Ind CP","Elsie Brushfield","Ind",540,32.87,2396,5.23
"Corangamite",2,"Sydney Donaldson","Ind CP","Allan McDonald","UAP31",889,54.11,22544,49.17
"Corangamite",2,"Sydney Donaldson","Ind CP","Harold Miller","ALP",214,13.02,20905,45.6
"Corangamite",3,"Elsie Brushfield","Ind","Allan McDonald","UAP31",1798,75.04,24342,53.1
"Corangamite",3,"Elsie Brushfield","Ind","Harold Miller","ALP",598,24.96,21503,46.9
"Deakin",2,"Arthur Coles","Ind","Alan Coffey","MCP",479,32.56,4664,7.87
"Deakin",2,"Arthur Coles","Ind","Robert Elliott","Ind",533,36.23,10851,18.32
"Deakin",2,"Arthur Coles","Ind","William Hutchinson","UAP31",239,16.25,19614,33.11
"Deakin",2,"Arthur Coles","Ind","Dick Radclyffe","Ind UAP31",105,7.14,1631,2.75
"Deakin",2,"Arthur Coles","Ind","Frank Williamson","ALP",115,7.82,22471,37.94
"Deakin",3,"Dick Radclyffe","Ind UAP31","Alan Coffey","MCP",181,11.1,4845,8.18
"Deakin",3,"Dick Radclyffe","Ind UAP31","Robert Elliott","Ind",293,17.96,11144,18.81
"Deakin",3,"Dick Radclyffe","Ind UAP31","William Hutchinson","UAP31",1038,63.64,20652,34.87
"Deakin",3,"Dick Radclyffe","Ind UAP31","Frank Williamson","ALP",119,7.3,22590,38.14
"Deakin",4,"Alan Coffey","MCP","Robert Elliott","Ind",3049,62.93,14193,23.96
"Deakin",4,"Alan Coffey","MCP","William Hutchinson","UAP31",1375,28.38,22027,37.19
"Deakin",4,"Alan Coffey","MCP","Frank Williamson","ALP",421,8.69,23011,38.85
"Deakin",5,"Robert Elliott","Ind","William Hutchinson","UAP31",11550,81.38,33577,56.69
"Deakin",5,"Robert Elliott","Ind","Frank Williamson","ALP",2643,18.62,25654,43.31
"Fawkner",2,"Ruth Ravenscroft","Ind","William Cremor","Ind",50,13.12,16008,22.32
"Fawkner",2,"Ruth Ravenscroft","Ind","Malcolm Good","CPA",34,8.92,3334,4.65
"Fawkner",2,"Ruth Ravenscroft","Ind","Harold Holt","UAP31",49,12.86,23980,33.44
"Fawkner",2,"Ruth Ravenscroft","Ind","Thomas Jude","ALP",45,11.81,23553,32.84
"Fawkner",2,"Ruth Ravenscroft","Ind","Charles Kennett","Ind",41,10.76,1237,1.72
"Fawkner",2,"Ruth Ravenscroft","Ind","Vernon Margetts","Ind",162,42.52,3599,5.02
"Fawkner",3,"Charles Kennett","Ind","William Cremor","Ind",324,26.19,16332,22.77
"Fawkner",3,"Charles Kennett","Ind","Malcolm Good","CPA",66,5.34,3400,4.74
"Fawkner",3,"Charles Kennett","Ind","Harold Holt","UAP31",253,20.45,24233,33.79
"Fawkner",3,"Charles Kennett","Ind","Thomas Jude","ALP",173,13.99,23726,33.09
"Fawkner",3,"Charles Kennett","Ind","Vernon Margetts","Ind",421,34.03,4020,5.61
"Fawkner",4,"Malcolm Good","CPA","William Cremor","Ind",510,15,16842,23.49
"Fawkner",4,"Malcolm Good","CPA","Harold Holt","UAP31",308,9.06,24541,34.22
"Fawkner",4,"Malcolm Good","CPA","Thomas Jude","ALP",2433,71.56,26159,36.48
"Fawkner",4,"Malcolm Good","CPA","Vernon Margetts","Ind",149,4.38,4169,5.81
"Fawkner",5,"Vernon Margetts","Ind","William Cremor","Ind",1418,34.01,18260,25.46
"Fawkner",5,"Vernon Margetts","Ind","Harold Holt","UAP31",983,23.58,25524,35.59
"Fawkner",5,"Vernon Margetts","Ind","Thomas Jude","ALP",1768,42.41,27927,38.94
"Fawkner",6,"William Cremor","Ind","Harold Holt","UAP31",16078,88.05,41602,58.01
"Fawkner",6,"William Cremor","Ind","Thomas Jude","ALP",2182,11.95,30109,41.99
"Flinders",2,"Rupert Clark","Ind","Mabel Brookes","AWP43",840,38.22,6145,10.09
"Flinders",2,"Rupert Clark","Ind","Frank Lee","ALP",622,28.3,24754,40.65
"Flinders",2,"Rupert Clark","Ind","Morton Moyes","CP",357,16.24,7224,11.86
"Flinders",2,"Rupert Clark","Ind","Rupert Ryan","UAP31",379,17.24,22774,37.4
"Flinders",3,"Mabel Brookes","AWP43","Frank Lee","ALP",2824,45.96,27578,45.29
"Flinders",3,"Mabel Brookes","AWP43","Morton Moyes","CP",1480,24.08,8704,14.29
"Flinders",3,"Mabel Brookes","AWP43","Rupert Ryan","UAP31",1841,29.96,24615,40.42
"Flinders",4,"Morton Moyes","CP","Frank Lee","ALP",1801,20.69,29379,48.24
"Flinders",4,"Morton Moyes","CP","Rupert Ryan","UAP31",6903,79.31,31518,51.76
"Gippsland",2,"Mervyn Morgan","OPA","Stephen Ashton","Ind Dem43",174,15.55,2908,5.86
"Gippsland",2,"Mervyn Morgan","OPA","Herbert Birch","SCP",189,16.89,5502,11.09
"Gippsland",2,"Mervyn Morgan","OPA","George Bowden","CP",440,39.32,18544,37.37
"Gippsland",2,"Mervyn Morgan","OPA","Wally Williames","ALP",316,28.24,22674,45.69
"Gippsland",3,"Stephen Ashton","Ind Dem43","Herbert Birch","SCP",1877,64.55,7379,14.87
"Gippsland",3,"Stephen Ashton","Ind Dem43","George Bowden","CP",751,25.83,19295,38.88
"Gippsland",3,"Stephen Ashton","Ind Dem43","Wally Williames","ALP",280,9.63,22954,46.25
"Gippsland",4,"Herbert Birch","SCP","George Bowden","CP",6690,90.66,25985,52.36
"Gippsland",4,"Herbert Birch","SCP","Wally Williames","ALP",689,9.34,23643,47.64
"Henty",2,"Carlyle Ferguson","Lib34","Arthur Coles","Ind",289,31.14,33174,44.92
"Henty",2,"Carlyle Ferguson","Lib34","Jo Gullett","UAP31",220,23.71,28343,38.38
"Henty",2,"Carlyle Ferguson","Lib34","Edmund Lind","SCP",177,19.07,4614,6.25
"Henty",2,"Carlyle Ferguson","Lib34","Bernard Rees","Ind ALP",120,12.93,4718,6.39
"Henty",2,"Carlyle Ferguson","Lib34","Ivy Weber","WFCM",122,13.15,3007,4.07
"Henty",3,"Ivy Weber","WFCM","Arthur Coles","Ind",810,26.94,33984,46.01
"Henty",3,"Ivy Weber","WFCM","Jo Gullett","UAP31",1222,40.64,29565,40.03
"Henty",3,"Ivy Weber","WFCM","Edmund Lind","SCP",625,20.78,5239,7.09
"Henty",3,"Ivy Weber","WFCM","Bernard Rees","Ind ALP",350,11.64,5068,6.86
"Henty",4,"Bernard Rees","Ind ALP","Arthur Coles","Ind",3802,75.02,37786,51.16
"Henty",4,"Bernard Rees","Ind ALP","Jo Gullett","UAP31",416,8.21,29981,40.59
"Henty",4,"Bernard Rees","Ind ALP","Edmund Lind","SCP",850,16.77,6089,8.24
"Kooyong",2,"Gwendolyn Noad","Ind","Ted Laurie","CPA",254,10.86,6656,8.51
"Kooyong",2,"Gwendolyn Noad","Ind","Robert Menzies","UAP31",484,20.7,38472,49.17
"Kooyong",2,"Gwendolyn Noad","Ind","Albert Nicholls","ALP",336,14.37,21248,27.16
"Kooyong",2,"Gwendolyn Noad","Ind","John Nimmo","MCP",1264,54.06,11865,15.16
"Kooyong",3,"Ted Laurie","CPA","Robert Menzies","UAP31",806,12.11,39278,50.2
"Kooyong",3,"Ted Laurie","CPA","Albert Nicholls","ALP",4861,73.03,26109,33.37
"Kooyong",3,"Ted Laurie","CPA","John Nimmo","MCP",989,14.86,12854,16.43
"Darling Downs",2,"Hugh Phair","OPA","Leslie Bailey","ALP",183,18.5,23436,43.59
"Darling Downs",2,"Hugh Phair","OPA","Arthur Fadden","CP",354,35.79,26477,49.25
"Darling Downs",2,"Hugh Phair","OPA","Raymond Mullaly","Ind",452,45.7,3850,7.16
"Darling Downs",3,"Raymond Mullaly","Ind","Leslie Bailey","ALP",2095,54.42,25531,47.49
"Darling Downs",3,"Raymond Mullaly","Ind","Arthur Fadden","CP",1755,45.58,28232,52.51
"Herbert",2,"Charles Cook","Ind","Archie Graham","CP",2630,79.7,16323,27.06
"Herbert",2,"Charles Cook","Ind","George Martens","ALP",400,12.12,23097,38.29
"Herbert",2,"Charles Cook","Ind","Fred Paterson","CPA",270,8.18,20899,34.65
"Herbert",3,"Archie Graham","CP","George Martens","ALP",14122,86.52,37219,61.7
"Herbert",3,"Archie Graham","CP","Fred Paterson","CPA",2201,13.48,23100,38.3
"Lilley",2,"James Julin","Ind","Hans Beiers","OPA",243,20.4,4798,7.1
"Lilley",2,"James Julin","Ind","James Hadley","ALP",282,23.68,31164,46.09
"Lilley",2,"James Julin","Ind","William Jolly","UAP31",666,55.92,31658,46.82
"Lilley",3,"Hans Beiers","OPA","James Hadley","ALP",2887,60.17,34051,50.36
"Lilley",3,"Hans Beiers","OPA","William Jolly","UAP31",1911,39.83,33569,49.64
"Wide Bay",2,"Clive Lambourne","Ind","Bernard Corser","CP",895,29.95,21557,40.13
"Wide Bay",2,"Clive Lambourne","Ind","James Heading","CP",1124,37.62,8802,16.39
"Wide Bay",2,"Clive Lambourne","Ind","Henry Madden","Ind",640,21.42,4390,8.17
"Wide Bay",2,"Clive Lambourne","Ind","George Watson","ALP",329,11.01,18967,35.31
"Wide Bay",3,"Henry Madden","Ind","Bernard Corser","CP",766,17.45,22323,41.56
"Wide Bay",3,"Henry Madden","Ind","James Heading","CP",1136,25.88,9938,18.5
"Wide Bay",3,"Henry Madden","Ind","George Watson","ALP",2488,56.67,21455,39.94
"Wide Bay",4,"James Heading","CP","Bernard Corser","CP",8019,80.69,30342,56.49
"Wide Bay",4,"James Heading","CP","George Watson","ALP",1919,19.31,23374,43.51
"Barker",2,"John Gartner","Ind","Archie Cameron","UAP31",513,41.98,25129,41.48
"Barker",2,"John Gartner","Ind","Frank Halleday","Ind",539,44.11,11047,18.23
"Barker",2,"John Gartner","Ind","Harry Krantz","ALP",170,13.91,24410,40.29
"Barker",3,"Frank Halleday","Ind","Archie Cameron","UAP31",6165,55.81,31294,51.65
"Barker",3,"Frank Halleday","Ind","Harry Krantz","ALP",4882,44.19,29292,48.35
"Boothby",2,"John Turner","CD","Alan Finger","CPA",365,15.66,7351,10.06
"Boothby",2,"John Turner","CD","Grenfell Price","UAP31",961,41.23,33830,46.29
"Boothby",2,"John Turner","CD","Thomas Sheehy","ALP",1005,43.11,31901,43.65
"Boothby",3,"Alan Finger","CPA","Grenfell Price","UAP31",2062,28.05,35892,49.11
"Boothby",3,"Alan Finger","CPA","Thomas Sheehy","ALP",5289,71.95,37190,50.89
"Perth",2,"Thomas Groves","Ind","Clarrie Boyd","CPA",13,7.69,3652,6.09
"Perth",2,"Thomas Groves","Ind","Tom Burke","ALP",19,11.24,25395,42.37
"Perth",2,"Thomas Groves","Ind","Dorothea Foster","Ind",22,13.02,517,0.86
"Perth",2,"Thomas Groves","Ind","Stephenson Fox","Ind",38,22.49,2649,4.42
"Perth",2,"Thomas Groves","Ind","William Herbert","Ind",33,19.53,452,0.75
"Perth",2,"Thomas Groves","Ind","Thomas Hughes","Ind",27,15.98,8139,13.58
"Perth",2,"Thomas Groves","Ind","Walter Nairn","UAP31",15,8.88,17625,29.41
"Perth",2,"Thomas Groves","Ind","Robert Nicholson","Ind",2,1.18,1503,2.51
"Perth",3,"William Herbert","Ind","Clarrie Boyd","CPA",39,8.63,3691,6.16
"Perth",3,"William Herbert","Ind","Tom Burke","ALP",32,7.08,25427,42.43
"Perth",3,"William Herbert","Ind","Dorothea Foster","Ind",23,5.09,540,0.9
"Perth",3,"William Herbert","Ind","Stephenson Fox","Ind",104,23.01,2753,4.59
"Perth",3,"William Herbert","Ind","Thomas Hughes","Ind",154,34.07,8293,13.84
"Perth",3,"William Herbert","Ind","Walter Nairn","UAP31",74,16.37,17699,29.53
"Perth",3,"William Herbert","Ind","Robert Nicholson","Ind",26,5.75,1529,2.55
"Perth",4,"Dorothea Foster","Ind","Clarrie Boyd","CPA",82,15.19,3773,6.3
"Perth",4,"Dorothea Foster","Ind","Tom Burke","ALP",178,32.96,25605,42.72
"Perth",4,"Dorothea Foster","Ind","Stephenson Fox","Ind",127,23.52,2880,4.81
"Perth",4,"Dorothea Foster","Ind","Thomas Hughes","Ind",68,12.59,8361,13.95
"Perth",4,"Dorothea Foster","Ind","Walter Nairn","UAP31",54,10,17753,29.62
"Perth",4,"Dorothea Foster","Ind","Robert Nicholson","Ind",31,5.74,1560,2.6
"Perth",5,"Robert Nicholson","Ind","Clarrie Boyd","CPA",93,5.96,3866,6.45
"Perth",5,"Robert Nicholson","Ind","Tom Burke","ALP",158,10.13,25763,42.99
"Perth",5,"Robert Nicholson","Ind","Stephenson Fox","Ind",341,21.86,3221,5.37
"Perth",5,"Robert Nicholson","Ind","Thomas Hughes","Ind",349,22.37,8710,14.53
"Perth",5,"Robert Nicholson","Ind","Walter Nairn","UAP31",619,39.68,18372,30.65
"Perth",6,"Stephenson Fox","Ind","Clarrie Boyd","CPA",223,6.92,4089,6.82
"Perth",6,"Stephenson Fox","Ind","Tom Burke","ALP",474,14.72,26237,43.78
"Perth",6,"Stephenson Fox","Ind","Thomas Hughes","Ind",1082,33.59,9792,16.34
"Perth",6,"Stephenson Fox","Ind","Walter Nairn","UAP31",1442,44.77,19814,33.06
"Perth",7,"Clarrie Boyd","CPA","Tom Burke","ALP",3558,87.01,29795,49.71
"Perth",7,"Clarrie Boyd","CPA","Thomas Hughes","Ind",323,7.9,10115,16.88
"Perth",7,"Clarrie Boyd","CPA","Walter Nairn","UAP31",208,5.09,20022,33.41
"Perth",8,"Thomas Hughes","Ind","Tom Burke","ALP",3786,37.43,33581,56.03
"Perth",8,"Thomas Hughes","Ind","Walter Nairn","UAP31",6329,62.57,26351,43.97
"Darwin",2,"Roy Harvey","CPA","Carrol Bramich","ALP",200,32.47,4032,14.77
"Darwin",2,"Roy Harvey","CPA","John Leary","UAP31",45,7.31,3149,11.54
"Darwin",2,"Roy Harvey","CPA","Dame Enid Lyons","UAP31",41,6.66,7390,27.08
"Darwin",2,"Roy Harvey","CPA","Edgar Nicholls","Ind ALP",105,17.05,1814,6.65
"Darwin",2,"Roy Harvey","CPA","Eric Reece","ALP",209,33.93,8008,29.34
"Darwin",2,"Roy Harvey","CPA","John Wright","UAP31",16,2.6,2901,10.63
"Darwin",3,"Edgar Nicholls","Ind ALP","Carrol Bramich","ALP",493,27.18,4525,16.58
"Darwin",3,"Edgar Nicholls","Ind ALP","John Leary","UAP31",51,2.81,3200,11.72
"Darwin",3,"Edgar Nicholls","Ind ALP","Dame Enid Lyons","UAP31",84,4.63,7474,27.38
"Darwin",3,"Edgar Nicholls","Ind ALP","Eric Reece","ALP",1144,63.07,9152,33.53
"Darwin",3,"Edgar Nicholls","Ind ALP","John Wright","UAP31",42,2.32,2943,10.78
"Darwin",4,"John Wright","UAP31","Carrol Bramich","ALP",131,4.45,4656,17.06
"Darwin",4,"John Wright","UAP31","John Leary","UAP31",1487,50.53,4687,17.17
"Darwin",4,"John Wright","UAP31","Dame Enid Lyons","UAP31",1131,38.43,8605,31.53
"Darwin",4,"John Wright","UAP31","Eric Reece","ALP",194,6.59,9346,34.24
"Darwin",5,"Carrol Bramich","ALP","John Leary","UAP31",1035,22.23,5722,20.96
"Darwin",5,"Carrol Bramich","ALP","Dame Enid Lyons","UAP31",289,6.21,8894,32.59
"Darwin",5,"Carrol Bramich","ALP","Eric Reece","ALP",3332,71.56,12678,46.45
"Darwin",6,"John Leary","UAP31","Dame Enid Lyons","UAP31",5161,90.2,14055,51.49
"Darwin",6,"John Leary","UAP31","Eric Reece","ALP",561,9.8,13239,48.51
"Denison",2,"George Walliss","CPA","Arthur Beck","UAP31",85,11,10888,39.02
"Denison",2,"George Walliss","CPA","John Gaha","ALP",482,62.35,13690,49.06
"Denison",2,"George Walliss","CPA","Gerald Mahoney","Ind ALP",206,26.65,3326,11.92
"Denison",3,"Gerald Mahoney","Ind ALP","Arthur Beck","UAP31",523,15.72,11411,40.89
"Denison",3,"Gerald Mahoney","Ind ALP","John Gaha","ALP",2803,84.28,16493,59.11
"Wilmot",2,"John McGeary","Ind","Allan Guy","UAP31",611,48.53,12463,51.7
"Wilmot",2,"John McGeary","Ind","Ern Pinkard","ALP",648,51.47,11642,48.3
"Northern Territory",2,"Harry Russell","OPA","Sydney Barker","Ind",2,5.56,101,4.17
"Northern Territory",2,"Harry Russell","OPA","Adair Blain","Ind",12,33.33,871,35.99
"Northern Territory",2,"Harry Russell","OPA","Hector Fuller","Ind",1,2.78,100,4.13
"Northern Territory",2,"Harry Russell","OPA","Alexander Grant","Ind",1,2.78,44,1.82
"Northern Territory",2,"Harry Russell","OPA","Bob Murray","Ind ALP",11,30.56,693,28.64
"Northern Territory",2,"Harry Russell","OPA","Jock Nelson","Ind ALP",9,25,611,25.25
"Northern Territory",3,"Alexander Grant","Ind","Sydney Barker","Ind",5,11.36,106,4.38
"Northern Territory",3,"Alexander Grant","Ind","Adair Blain","Ind",14,31.82,885,36.57
"Northern Territory",3,"Alexander Grant","Ind","Hector Fuller","Ind",11,25,111,4.59
"Northern Territory",3,"Alexander Grant","Ind","Bob Murray","Ind ALP",11,25,704,29.09
"Northern Territory",3,"Alexander Grant","Ind","Jock Nelson","Ind ALP",3,6.82,614,25.37
"Northern Territory",4,"Sydney Barker","Ind","Adair Blain","Ind",48,45.28,933,38.55
"Northern Territory",4,"Sydney Barker","Ind","Hector Fuller","Ind",22,20.75,133,5.5
"Northern Territory",4,"Sydney Barker","Ind","Bob Murray","Ind ALP",20,18.87,724,29.92
"Northern Territory",4,"Sydney Barker","Ind","Jock Nelson","Ind ALP",16,15.09,630,26.03
"Northern Territory",5,"Hector Fuller","Ind","Adair Blain","Ind",57,42.86,990,40.91
"Northern Territory",5,"Hector Fuller","Ind","Bob Murray","Ind ALP",35,26.32,759,31.36
"Northern Territory",5,"Hector Fuller","Ind","Jock Nelson","Ind ALP",41,30.83,671,27.73
"Northern Territory",6,"Jock Nelson","Ind ALP","Adair Blain","Ind",284,42.32,1274,52.64
"Northern Territory",6,"Jock Nelson","Ind ALP","Bob Murray","Ind ALP",387,57.68,1146,47.36
