"Seat","Count","From_candidate","From_party","To_candidate","To_party","Transferred_votes","Transferred_perc","New_votes","New_vote_perc"
"Banks",2,"David Holmes","SWP","Andrew Fairbairn","Lib46",133,23.25,24095,35.72
"Banks",2,"David Holmes","SWP","Montague Greene","AD",236,41.26,4144,6.14
"Banks",2,"David Holmes","SWP","John Mountford","ALP",203,35.49,39216,58.14
"Banks",3,"Montague Greene","AD","Andrew Fairbairn","Lib46",2134,51.5,26229,38.88
"Banks",3,"Montague Greene","AD","John Mountford","ALP",2010,48.5,41226,61.12
"Barton",2,"Edwin Bellchambers","Ind","Bruce Barton","Ind",68,40.96,3221,5.11
"Barton",2,"Edwin Bellchambers","Ind","Jim Bradfield","Lib46",39,23.49,26125,41.48
"Barton",2,"Edwin Bellchambers","Ind","Ronald George","AD",12,7.23,1824,2.9
"Barton",2,"Edwin Bellchambers","Ind","Jean Lindsay","Ind",12,7.23,296,0.47
"Barton",2,"Edwin Bellchambers","Ind","Gary Punch","ALP",32,19.28,31340,49.76
"Barton",2,"Edwin Bellchambers","Ind","Peter Wright","Prog",3,1.81,175,0.28
"Barton",3,"Peter Wright","Prog","Bruce Barton","Ind",29,16.57,3250,5.16
"Barton",3,"Peter Wright","Prog","Jim Bradfield","Lib46",46,26.29,26171,41.55
"Barton",3,"Peter Wright","Prog","Ronald George","AD",13,7.43,1837,2.92
"Barton",3,"Peter Wright","Prog","Jean Lindsay","Ind",25,14.29,321,0.51
"Barton",3,"Peter Wright","Prog","Gary Punch","ALP",62,35.43,31402,49.86
"Barton",4,"Jean Lindsay","Ind","Bruce Barton","Ind",58,18.07,3308,5.25
"Barton",4,"Jean Lindsay","Ind","Jim Bradfield","Lib46",71,22.12,26242,41.67
"Barton",4,"Jean Lindsay","Ind","Ronald George","AD",79,24.61,1916,3.04
"Barton",4,"Jean Lindsay","Ind","Gary Punch","ALP",113,35.2,31515,50.04
"Barton",5,"Ronald George","AD","Bruce Barton","Ind",150,7.83,3458,5.49
"Barton",5,"Ronald George","AD","Jim Bradfield","Lib46",735,38.36,26977,42.83
"Barton",5,"Ronald George","AD","Gary Punch","ALP",1031,53.81,32546,51.68
"Barton",6,"Bruce Barton","Ind","Jim Bradfield","Lib46",3159,91.35,30136,47.85
"Barton",6,"Bruce Barton","Ind","Gary Punch","ALP",299,8.65,32845,52.15
"Bennelong",2,"Steve Gabell","Ind","Milo Dunphy","NSWC",431,43.1,8926,13.32
"Bennelong",2,"Steve Gabell","Ind","John Howard","Lib46",247,24.7,33968,50.69
"Bennelong",2,"Steve Gabell","Ind","Donald Vickers","ALP",322,32.2,24121,35.99
"Bennelong",3,"Milo Dunphy","NSWC","John Howard","Lib46",3362,37.67,37330,55.7
"Bennelong",3,"Milo Dunphy","NSWC","Donald Vickers","ALP",5564,62.33,29685,44.3
"Berowra",2,"Pamela Tuckwell","AD","Harry Edwards","Lib46",2533,42.11,43209,63.89
"Berowra",2,"Pamela Tuckwell","AD","Maurice Marshan","ALP",3482,57.89,24425,36.11
"Blaxland",2,"Siong Hoe Goh","SWP","David Brown","Lib46",179,46.13,21783,32.95
"Blaxland",2,"Siong Hoe Goh","SWP","Phillip Grattan","AD",115,29.64,2619,3.96
"Blaxland",2,"Siong Hoe Goh","SWP","Paul Keating","ALP",94,24.23,41703,63.09
"Blaxland",3,"Phillip Grattan","AD","David Brown","Lib46",1340,51.16,23123,34.98
"Blaxland",3,"Phillip Grattan","AD","Paul Keating","ALP",1279,48.84,42982,65.02
"Bradfield",2,"Anthony Dunne","AD","David Connolly","Lib46",1801,38.53,51367,74.69
"Bradfield",2,"Anthony Dunne","AD","Peter Donovan","ALP",2873,61.47,17408,25.31
"Calare",2,"George Simpson","Prog","Sandy Mackenzie","NPA",155,27.39,31242,45.08
"Calare",2,"George Simpson","Prog","Ann Ritter","AD",141,24.91,2703,3.9
"Calare",2,"George Simpson","Prog","David Simmons","ALP",270,47.7,35359,51.02
"Calare",3,"Ann Ritter","AD","Sandy Mackenzie","NPA",1301,48.13,32543,46.96
"Calare",3,"Ann Ritter","AD","David Simmons","ALP",1402,51.87,36761,53.04
"Chifley",2,"Jane Smith/New","Ind","Christine Broi","SWP",119,10.68,4676,6.44
"Chifley",2,"Jane Smith/New","Ind","Jonathan Cooper","Ind",71,6.37,3815,5.26
"Chifley",2,"Jane Smith/New","Ind","Russ Gorman","ALP",137,12.3,44556,61.38
"Chifley",2,"Jane Smith/New","Ind","Frances Jones","AD",172,15.44,2359,3.25
"Chifley",2,"Jane Smith/New","Ind","Edna Mitchell","Lib46",615,55.21,17180,23.67
"Chifley",3,"Frances Jones","AD","Christine Broi","SWP",234,9.92,4910,6.76
"Chifley",3,"Frances Jones","AD","Jonathan Cooper","Ind",281,11.91,4096,5.64
"Chifley",3,"Frances Jones","AD","Russ Gorman","ALP",875,37.09,45431,62.59
"Chifley",3,"Frances Jones","AD","Edna Mitchell","Lib46",969,41.08,18149,25
"Chifley",4,"Jonathan Cooper","Ind","Christine Broi","SWP",1447,35.33,6357,8.76
"Chifley",4,"Jonathan Cooper","Ind","Russ Gorman","ALP",1386,33.84,46817,64.5
"Chifley",4,"Jonathan Cooper","Ind","Edna Mitchell","Lib46",1263,30.83,19412,26.74
"Chifley",5,"Christine Broi","SWP","Russ Gorman","ALP",5708,89.79,52525,72.36
"Chifley",5,"Christine Broi","SWP","Edna Mitchell","Lib46",649,10.21,20061,27.64
"Cook",2,"Henry Soper","Prog","Michael Addison","ALP",464,38.25,35267,49.9
"Cook",2,"Henry Soper","Prog","Don Dobie","Lib46",749,61.75,35415,50.1
"Cowper",2,"Peter Brown","AD","Joseph Moran","ALP",4008,57.57,37994,47.91
"Cowper",2,"Peter Brown","AD","Ian Robinson","NPA",2954,42.43,41305,52.09
"Cunningham",2,"Rudolf Pasara","SLL","Diana Covell","SWP",28,4.06,2830,3.85
"Cunningham",2,"Rudolf Pasara","SLL","Gary Fisher","Lib46",28,4.06,17902,24.37
"Cunningham",2,"Rudolf Pasara","SLL","George Jones","AD",59,8.56,5045,6.87
"Cunningham",2,"Rudolf Pasara","SLL","Romaine Rutnam","CPA",63,9.14,767,1.04
"Cunningham",2,"Rudolf Pasara","SLL","Stewart West","ALP",511,74.17,46930,63.87
"Cunningham",3,"Romaine Rutnam","CPA","Diana Covell","SWP",82,10.69,2912,3.96
"Cunningham",3,"Romaine Rutnam","CPA","Gary Fisher","Lib46",25,3.26,17927,24.4
"Cunningham",3,"Romaine Rutnam","CPA","George Jones","AD",94,12.26,5139,6.99
"Cunningham",3,"Romaine Rutnam","CPA","Stewart West","ALP",566,73.79,47496,64.64
"Cunningham",4,"Diana Covell","SWP","Gary Fisher","Lib46",2312,79.4,20239,27.55
"Cunningham",4,"Diana Covell","SWP","George Jones","AD",299,10.27,5438,7.4
"Cunningham",4,"Diana Covell","SWP","Stewart West","ALP",301,10.34,47797,65.05
"Cunningham",5,"George Jones","AD","Gary Fisher","Lib46",2836,52.15,23075,31.41
"Cunningham",5,"George Jones","AD","Stewart West","ALP",2602,47.85,50399,68.59
"Dundas",2,"John Tumminello","AD","Margaret Blaxell","ALP",1922,51.78,31649,47.27
"Dundas",2,"John Tumminello","AD","Philip Ruddock","Lib46",1790,48.22,35299,52.73
"Eden-Monaro",2,"Ronald Sarina","True Ind","Miriam Naughton","Ind",67,25.77,2400,3.24
"Eden-Monaro",2,"Ronald Sarina","True Ind","Murray Sainsbury","Lib46",65,25,33206,44.81
"Eden-Monaro",2,"Ronald Sarina","True Ind","Jim Snow","ALP",90,34.62,36491,49.24
"Eden-Monaro",2,"Ronald Sarina","True Ind","Russell Witt","AD",38,14.62,2015,2.72
"Eden-Monaro",3,"Russell Witt","AD","Miriam Naughton","Ind",288,14.29,2688,3.63
"Eden-Monaro",3,"Russell Witt","AD","Murray Sainsbury","Lib46",786,39.01,33992,45.87
"Eden-Monaro",3,"Russell Witt","AD","Jim Snow","ALP",941,46.7,37432,50.51
"Eden-Monaro",4,"Miriam Naughton","Ind","Murray Sainsbury","Lib46",1898,70.61,35890,48.43
"Eden-Monaro",4,"Miriam Naughton","Ind","Jim Snow","ALP",790,29.39,38222,51.57
"Farrer",2,"Maureen Nathan","Prog","Noel Diffey","ALP",157,21.22,27325,39.13
"Farrer",2,"Maureen Nathan","Prog","Wal Fife","Lib46",236,31.89,40296,57.7
"Farrer",2,"Maureen Nathan","Prog","Scott Milne","AD",347,46.89,2219,3.18
"Farrer",3,"Scott Milne","AD","Noel Diffey","ALP",1168,52.64,28493,40.8
"Farrer",3,"Scott Milne","AD","Wal Fife","Lib46",1051,47.36,41347,59.2
"Grayndler",2,"Michael Karadjis","SWP","David Gibson","SPA72",68,15.74,3502,5.95
"Grayndler",2,"Michael Karadjis","SWP","Edward James","Lib46",43,9.95,17551,29.8
"Grayndler",2,"Michael Karadjis","SWP","Albert Jarman","AD",134,31.02,1965,3.34
"Grayndler",2,"Michael Karadjis","SWP","Leo McLeay","ALP",161,37.27,34840,59.16
"Grayndler",2,"Michael Karadjis","SWP","Joseph Owens","CPA",26,6.02,1034,1.76
"Grayndler",3,"Joseph Owens","CPA","David Gibson","SPA72",139,13.44,3641,6.18
"Grayndler",3,"Joseph Owens","CPA","Edward James","Lib46",68,6.58,17619,29.92
"Grayndler",3,"Joseph Owens","CPA","Albert Jarman","AD",75,7.25,2040,3.46
"Grayndler",3,"Joseph Owens","CPA","Leo McLeay","ALP",752,72.73,35592,60.44
"Grayndler",4,"Albert Jarman","AD","David Gibson","SPA72",248,12.16,3889,6.6
"Grayndler",4,"Albert Jarman","AD","Edward James","Lib46",830,40.69,18449,31.33
"Grayndler",4,"Albert Jarman","AD","Leo McLeay","ALP",962,47.16,36554,62.07
"Grayndler",5,"David Gibson","SPA72","Edward James","Lib46",3235,83.18,21684,36.82
"Grayndler",5,"David Gibson","SPA72","Leo McLeay","ALP",654,16.82,37208,63.18
"Gwydir",2,"Gloria Collison","AD","Robert Hamilton","ALP",2485,66.96,28070,41.2
"Gwydir",2,"Gloria Collison","AD","Ralph Hunt","NPA",1226,33.04,40065,58.8
"Hughes",2,"Stephen Painter","SWP","Ronald Hellyer","AD",177,26.34,7076,9.35
"Hughes",2,"Stephen Painter","SWP","Les Johnson","ALP",247,36.76,46914,61.97
"Hughes",2,"Stephen Painter","SWP","Peter Somerville","Lib46",248,36.9,21715,28.68
"Hughes",3,"Ronald Hellyer","AD","Les Johnson","ALP",4540,64.16,51454,67.97
"Hughes",3,"Ronald Hellyer","AD","Peter Somerville","Lib46",2536,35.84,24251,32.03
"Hume",2,"Gregory Butler","AD","Stephen Lusher","NPA",2077,60.75,38294,57.3
"Hume",2,"Gregory Butler","AD","Marie McCormick","ALP",1342,39.25,28537,42.7
"Hunter",2,"Edwina Wilson","AD","Bob Brown","ALP",2535,42.66,56748,71.24
"Hunter",2,"Edwina Wilson","AD","James White","Lib46",3407,57.34,22915,28.76
"Kingsford-Smith",2,"Geoffrey Channells","SWP","Lionel Bowen","ALP",373,42.92,45541,71.03
"Kingsford-Smith",2,"Geoffrey Channells","SWP","Anthony Larkings","AD",348,40.05,2335,3.64
"Kingsford-Smith",2,"Geoffrey Channells","SWP","Collin O'Neil","Lib46",148,17.03,16238,25.33
"Kingsford-Smith",3,"Anthony Larkings","AD","Lionel Bowen","ALP",1228,52.59,46769,72.95
"Kingsford-Smith",3,"Anthony Larkings","AD","Collin O'Neil","Lib46",1107,47.41,17345,27.05
"Lowe",2,"Helen Jarvis","SWP","Michael Maher","ALP",1245,79.2,34864,53.76
"Lowe",2,"Helen Jarvis","SWP","Ralph Rogers","AD",209,13.3,2239,3.45
"Lowe",2,"Helen Jarvis","SWP","Philip Taylor","Lib46",118,7.51,27751,42.79
"Lowe",3,"Ralph Rogers","AD","Michael Maher","ALP",1195,53.37,36059,55.6
"Lowe",3,"Ralph Rogers","AD","Philip Taylor","Lib46",1044,46.63,28795,44.4
"Lyne",2,"John Veenstra","Prog","John Bryant","Ind",52,18.31,2852,3.58
"Lyne",2,"John Veenstra","Prog","Alfred Cannings","Ind",13,4.58,527,0.66
"Lyne",2,"John Veenstra","Prog","Bruce Cowan","NPA",55,19.37,40195,50.52
"Lyne",2,"John Veenstra","Prog","Stephen Jeffries","AD",49,17.25,4002,5.03
"Lyne",2,"John Veenstra","Prog","Francis Murray","ALP",115,40.49,31992,40.21
"Lyne",3,"Alfred Cannings","Ind","John Bryant","Ind",226,42.88,3078,3.87
"Lyne",3,"Alfred Cannings","Ind","Bruce Cowan","NPA",184,34.91,40379,50.75
"Lyne",3,"Alfred Cannings","Ind","Stephen Jeffries","AD",71,13.47,4073,5.12
"Lyne",3,"Alfred Cannings","Ind","Francis Murray","ALP",46,8.73,32038,40.26
"Lyne",4,"John Bryant","Ind","Bruce Cowan","NPA",2391,77.68,42770,53.75
"Lyne",4,"John Bryant","Ind","Stephen Jeffries","AD",427,13.87,4500,5.66
"Lyne",4,"John Bryant","Ind","Francis Murray","ALP",260,8.45,32298,40.59
"Lyne",5,"Stephen Jeffries","AD","Bruce Cowan","NPA",2280,50.67,45050,56.62
"Lyne",5,"Stephen Jeffries","AD","Francis Murray","ALP",2220,49.33,34518,43.38
"Macarthur",2,"Martin Essenberg","Ind","Michael Baume","Lib46",194,38.04,36919,45.77
"Macarthur",2,"Martin Essenberg","Ind","Frederic Goodfellow","AD",237,46.47,3752,4.65
"Macarthur",2,"Martin Essenberg","Ind","Colin Hollis","ALP",79,15.49,39983,49.57
"Macarthur",3,"Frederic Goodfellow","AD","Michael Baume","Lib46",1694,45.15,38613,47.87
"Macarthur",3,"Frederic Goodfellow","AD","Colin Hollis","ALP",2058,54.85,42041,52.13
"Mackellar",2,"Maurice Foley","Ind","Jim Carlton","Lib46",374,46,36961,56.22
"Mackellar",2,"Maurice Foley","Ind","Keith Jackson","ALP",276,33.95,24568,37.37
"Mackellar",2,"Maurice Foley","Ind","Robert Williams","AD",163,20.05,4218,6.42
"Mackellar",3,"Robert Williams","AD","Jim Carlton","Lib46",1795,42.56,38756,58.95
"Mackellar",3,"Robert Williams","AD","Keith Jackson","ALP",2423,57.44,26991,41.05
"Macquarie",2,"Richard Jackson-Hope","AD","Ross Free","ALP",3436,52.27,53708,61.16
"Macquarie",2,"Richard Jackson-Hope","AD","Stephen Screech","Lib46",3137,47.73,34103,38.84
"Mitchell",2,"Rona Samuels","AD","Alan Cadman","Lib46",1766,39.69,50563,60.52
"Mitchell",2,"Rona Samuels","AD","Arthur Llewellyn","ALP",2684,60.31,32982,39.48
"Newcastle",2,"Geoffrey Payne","SWP","Frank Blefari","Ind",69,12.04,2424,3.71
"Newcastle",2,"Geoffrey Payne","SWP","Darrell Dawson","CPA",39,6.81,1771,2.71
"Newcastle",2,"Geoffrey Payne","SWP","Stan Hayward","Lib46",34,5.93,17876,27.33
"Newcastle",2,"Geoffrey Payne","SWP","Wayne Jarman","AD",43,7.5,2994,4.58
"Newcastle",2,"Geoffrey Payne","SWP","Brian McDermott","Ind",113,19.72,1072,1.64
"Newcastle",2,"Geoffrey Payne","SWP","Allan Morris","ALP",275,47.99,39278,60.04
"Newcastle",3,"Brian McDermott","Ind","Frank Blefari","Ind",124,11.57,2548,3.9
"Newcastle",3,"Brian McDermott","Ind","Darrell Dawson","CPA",66,6.16,1837,2.81
"Newcastle",3,"Brian McDermott","Ind","Stan Hayward","Lib46",186,17.35,18062,27.61
"Newcastle",3,"Brian McDermott","Ind","Wayne Jarman","AD",297,27.71,3291,5.03
"Newcastle",3,"Brian McDermott","Ind","Allan Morris","ALP",399,37.22,39677,60.65
"Newcastle",4,"Darrell Dawson","CPA","Frank Blefari","Ind",258,14.04,2806,4.29
"Newcastle",4,"Darrell Dawson","CPA","Stan Hayward","Lib46",224,12.19,18286,27.95
"Newcastle",4,"Darrell Dawson","CPA","Wayne Jarman","AD",103,5.61,3394,5.19
"Newcastle",4,"Darrell Dawson","CPA","Allan Morris","ALP",1252,68.15,40929,62.57
"Newcastle",5,"Frank Blefari","Ind","Stan Hayward","Lib46",2398,85.46,20684,31.62
"Newcastle",5,"Frank Blefari","Ind","Wayne Jarman","AD",229,8.16,3623,5.54
"Newcastle",5,"Frank Blefari","Ind","Allan Morris","ALP",179,6.38,41108,62.84
"Newcastle",6,"Wayne Jarman","AD","Stan Hayward","Lib46",1951,53.85,22635,34.6
"Newcastle",6,"Wayne Jarman","AD","Allan Morris","ALP",1672,46.15,42780,65.4
"New England",2,"Ian Dutton","AD","Lawrence Daly","ALP",1873,49.11,31685,47.32
"New England",2,"Ian Dutton","AD","Ian Sinclair","NPA",1941,50.89,35276,52.68
"North Sydney",2,"Rodney Dominish","AD","Kirk McKenzie","ALP",3488,69.43,24584,39.87
"North Sydney",2,"Rodney Dominish","AD","John Spender","Lib46",1536,30.57,37080,60.13
"Parramatta",2,"Mark Carey","SWP","John Brown","ALP",730,48.06,42681,63.29
"Parramatta",2,"Mark Carey","SWP","James Harker-Mortlock","Lib46",572,37.66,21180,31.41
"Parramatta",2,"Mark Carey","SWP","Patricia Lamey","AD",217,14.29,3578,5.31
"Parramatta",3,"Patricia Lamey","AD","John Brown","ALP",1813,50.67,44494,65.98
"Parramatta",3,"Patricia Lamey","AD","James Harker-Mortlock","Lib46",1765,49.33,22945,34.02
"Paterson",2,"Darrel Woodhouse","AD","Frank O'Keefe","NPA",1259,41.31,38287,55.9
"Paterson",2,"Darrel Woodhouse","AD","Michael Williams","ALP",1789,58.69,30201,44.1
"Phillip",2,"Julien Droulers","Grn","Jack Birney","Lib46",25,17.12,27928,46.4
"Phillip",2,"Julien Droulers","Grn","Timothy Daly","Prog",41,28.08,289,0.48
"Phillip",2,"Julien Droulers","Grn","Lawrence Hogan","EAPP",27,18.49,319,0.53
"Phillip",2,"Julien Droulers","Grn","Jeannette McHugh","ALP",36,24.66,29945,49.75
"Phillip",2,"Julien Droulers","Grn","Karin Sowada","AD",17,11.64,1715,2.85
"Phillip",3,"Timothy Daly","Prog","Jack Birney","Lib46",143,49.48,28071,46.63
"Phillip",3,"Timothy Daly","Prog","Lawrence Hogan","EAPP",90,31.14,409,0.68
"Phillip",3,"Timothy Daly","Prog","Jeannette McHugh","ALP",43,14.88,29988,49.82
"Phillip",3,"Timothy Daly","Prog","Karin Sowada","AD",13,4.5,1728,2.87
"Phillip",4,"Lawrence Hogan","EAPP","Jack Birney","Lib46",124,30.32,28195,46.84
"Phillip",4,"Lawrence Hogan","EAPP","Jeannette McHugh","ALP",180,44.01,30168,50.12
"Phillip",4,"Lawrence Hogan","EAPP","Karin Sowada","AD",105,25.67,1833,3.05
"Phillip",5,"Karin Sowada","AD","Jack Birney","Lib46",705,38.46,28900,48.01
"Phillip",5,"Karin Sowada","AD","Jeannette McHugh","ALP",1128,61.54,31296,51.99
"Prospect",2,"Eric Viitala","Ind","Alan Byers","Lib46",174,24.37,25489,34.38
"Prospect",2,"Eric Viitala","Ind","Dick Klugman","ALP",150,21.01,46943,63.31
"Prospect",2,"Eric Viitala","Ind","Richard Nichols","SWP",390,54.62,1710,2.31
"Prospect",3,"Richard Nichols","SWP","Alan Byers","Lib46",708,41.4,26197,35.33
"Prospect",3,"Richard Nichols","SWP","Dick Klugman","ALP",1002,58.6,47945,64.67
"Reid",2,"Michael Gluyas","Ind","Stephen Bastian","AD",51,19.69,4821,7.86
"Reid",2,"Michael Gluyas","Ind","Lynda Boland","SWP",98,37.84,821,1.34
"Reid",2,"Michael Gluyas","Ind","Neville Gray","Ind",69,26.64,715,1.17
"Reid",2,"Michael Gluyas","Ind","Yvonne Maio","Lib46",25,9.65,17114,27.91
"Reid",2,"Michael Gluyas","Ind","Tom Uren","ALP",16,6.18,37855,61.73
"Reid",3,"Neville Gray","Ind","Stephen Bastian","AD",144,20.14,4965,8.1
"Reid",3,"Neville Gray","Ind","Lynda Boland","SWP",221,30.91,1042,1.7
"Reid",3,"Neville Gray","Ind","Yvonne Maio","Lib46",256,35.8,17370,28.32
"Reid",3,"Neville Gray","Ind","Tom Uren","ALP",94,13.15,37949,61.88
"Reid",4,"Lynda Boland","SWP","Stephen Bastian","AD",610,58.54,5575,9.09
"Reid",4,"Lynda Boland","SWP","Yvonne Maio","Lib46",265,25.43,17635,28.76
"Reid",4,"Lynda Boland","SWP","Tom Uren","ALP",167,16.03,38116,62.15
"Reid",5,"Stephen Bastian","AD","Yvonne Maio","Lib46",4051,72.66,21686,35.36
"Reid",5,"Stephen Bastian","AD","Tom Uren","ALP",1524,27.34,39640,64.64
"Richmond",2,"Kenneth Nicholson","AD","Doug Anthony","NPA",2677,45.33,45361,56.31
"Richmond",2,"Kenneth Nicholson","AD","Terence McGee","ALP",3229,54.67,35196,43.69
"Riverina",2,"Lesley Holschier","AD","Ronald Adams","ALP",651,43.55,33238,49.57
"Riverina",2,"Lesley Holschier","AD","Noel Hicks","NPA",844,56.45,33820,50.43
"Robertson",2,"Trevor Willsher","AD","Bev Austin","Lib46",2792,46.69,34423,41.14
"Robertson",2,"Trevor Willsher","AD","Barry Cohen","ALP",3188,53.31,49246,58.86
"Shortland",2,"Robert Buhler","SLL","Peter Abrahamson","SWP",243,18.98,2827,3.6
"Shortland",2,"Robert Buhler","SLL","Lyn Godfrey","AD",163,12.73,4840,6.16
"Shortland",2,"Robert Buhler","SLL","Peter Morris","ALP",819,63.98,50094,63.74
"Shortland",2,"Robert Buhler","SLL","Peter Wilson","Lib46",55,4.3,20836,26.51
"Shortland",3,"Peter Abrahamson","SWP","Lyn Godfrey","AD",2489,88.04,7329,9.32
"Shortland",3,"Peter Abrahamson","SWP","Peter Morris","ALP",199,7.04,50293,63.99
"Shortland",3,"Peter Abrahamson","SWP","Peter Wilson","Lib46",139,4.92,20975,26.69
"Shortland",4,"Lyn Godfrey","AD","Peter Morris","ALP",5086,69.4,55379,70.46
"Shortland",4,"Lyn Godfrey","AD","Peter Wilson","Lib46",2243,30.6,23218,29.54
"St George",2,"Dorothy Tumney","SWP","Brian Compton","Ind",117,24.53,1923,2.96
"St George",2,"Dorothy Tumney","SWP","George James","Lib46",56,11.74,23989,36.91
"St George",2,"Dorothy Tumney","SWP","Ronald Kirkwood","AD",74,15.51,1284,1.98
"St George",2,"Dorothy Tumney","SWP","Bill Morrison","ALP",230,48.22,37800,58.16
"St George",3,"Ronald Kirkwood","AD","Brian Compton","Ind",254,19.78,2177,3.35
"St George",3,"Ronald Kirkwood","AD","George James","Lib46",461,35.9,24450,37.62
"St George",3,"Ronald Kirkwood","AD","Bill Morrison","ALP",569,44.31,38369,59.03
"St George",4,"Brian Compton","Ind","George James","Lib46",1749,80.34,26199,40.31
"St George",4,"Brian Compton","Ind","Bill Morrison","ALP",428,19.66,38797,59.69
"Sydney",2,"James Percy","SWP","Peter Baldwin","ALP",264,34.83,40624,67.67
"Sydney",2,"James Percy","SWP","Aileen Beaver","CPA",101,13.32,2167,3.61
"Sydney",2,"James Percy","SWP","Ron Cibas","Lib46",71,9.37,12630,21.04
"Sydney",2,"James Percy","SWP","Jennifer Macleod","AD",322,42.48,4608,7.68
"Sydney",3,"Aileen Beaver","CPA","Peter Baldwin","ALP",1741,80.34,42365,70.57
"Sydney",3,"Aileen Beaver","CPA","Ron Cibas","Lib46",174,8.03,12804,21.33
"Sydney",3,"Aileen Beaver","CPA","Jennifer Macleod","AD",252,11.63,4860,8.1
"Sydney",4,"Jennifer Macleod","AD","Peter Baldwin","ALP",2790,57.41,45155,75.22
"Sydney",4,"Jennifer Macleod","AD","Ron Cibas","Lib46",2070,42.59,14874,24.78
"Warringah",2,"Stephen Markey","Prog","John Coombs","ALP",109,21.41,23616,37.5
"Warringah",2,"Stephen Markey","Prog","Annique Duc","AD",161,31.63,2564,4.07
"Warringah",2,"Stephen Markey","Prog","Michael MacKellar","Lib46",239,46.95,36788,58.42
"Warringah",3,"Annique Duc","AD","John Coombs","ALP",1481,57.76,25097,39.86
"Warringah",3,"Annique Duc","AD","Michael MacKellar","Lib46",1083,42.24,37871,60.14
"Wentworth",2,"Neil Roberts","Ind","Peter Coleman","Lib46",10,8.7,31769,54.69
"Wentworth",2,"Neil Roberts","Ind","Brian Hillman","AD",12,10.43,2486,4.28
"Wentworth",2,"Neil Roberts","Ind","Robert McCarthy","Ind",13,11.3,264,0.45
"Wentworth",2,"Neil Roberts","Ind","Max Pearce","ALP",32,27.83,20333,35
"Wentworth",2,"Neil Roberts","Ind","George Warnecke","Ind",33,28.7,434,0.75
"Wentworth",2,"Neil Roberts","Ind","Katherine Wentworth","Ind",15,13.04,2802,4.82
"Wentworth",3,"Robert McCarthy","Ind","Peter Coleman","Lib46",61,23.11,31830,54.8
"Wentworth",3,"Robert McCarthy","Ind","Brian Hillman","AD",85,32.2,2571,4.43
"Wentworth",3,"Robert McCarthy","Ind","Max Pearce","ALP",80,30.3,20413,35.14
"Wentworth",3,"Robert McCarthy","Ind","George Warnecke","Ind",16,6.06,450,0.77
"Wentworth",3,"Robert McCarthy","Ind","Katherine Wentworth","Ind",22,8.33,2824,4.86
"Wentworth",4,"George Warnecke","Ind","Peter Coleman","Lib46",91,20.22,31921,54.95
"Wentworth",4,"George Warnecke","Ind","Brian Hillman","AD",50,11.11,2621,4.51
"Wentworth",4,"George Warnecke","Ind","Max Pearce","ALP",111,24.67,20524,35.33
"Wentworth",4,"George Warnecke","Ind","Katherine Wentworth","Ind",198,44,3022,5.2
"Wentworth",5,"Brian Hillman","AD","Peter Coleman","Lib46",1091,41.63,33012,56.83
"Wentworth",5,"Brian Hillman","AD","Max Pearce","ALP",1225,46.74,21749,37.44
"Wentworth",5,"Brian Hillman","AD","Katherine Wentworth","Ind",305,11.64,3327,5.73
"Wentworth",6,"Katherine Wentworth","Ind","Peter Coleman","Lib46",1663,49.98,34675,59.69
"Wentworth",6,"Katherine Wentworth","Ind","Max Pearce","ALP",1664,50.02,23413,40.31
"Werriwa",2,"Gail Cumming","SWP","David Brandon","Ind",198,19.32,4912,5.9
"Werriwa",2,"Gail Cumming","SWP","Dorothea Brocksop","SLL",368,35.9,1719,2.06
"Werriwa",2,"Gail Cumming","SWP","John Kerin","ALP",282,27.51,52866,63.5
"Werriwa",2,"Gail Cumming","SWP","Marie Rutledge","Lib46",177,17.27,23763,28.54
"Werriwa",3,"Dorothea Brocksop","SLL","David Brandon","Ind",613,35.66,5525,6.64
"Werriwa",3,"Dorothea Brocksop","SLL","John Kerin","ALP",899,52.3,53765,64.57
"Werriwa",3,"Dorothea Brocksop","SLL","Marie Rutledge","Lib46",207,12.04,23970,28.79
"Werriwa",4,"David Brandon","Ind","John Kerin","ALP",4744,85.86,58509,70.27
"Werriwa",4,"David Brandon","Ind","Marie Rutledge","Lib46",781,14.14,24751,29.73
"Balaclava",2,"Timothy Warner","CNP","Zelma Furey","AD",111,18.5,5115,8.1
"Balaclava",2,"Timothy Warner","CNP","Chris Kennedy","ALP",109,18.17,25976,41.16
"Balaclava",2,"Timothy Warner","CNP","Ian Macphee","Lib46",380,63.33,32022,50.74
"Balaclava",3,"Zelma Furey","AD","Chris Kennedy","ALP",3370,65.88,29346,46.5
"Balaclava",3,"Zelma Furey","AD","Ian Macphee","Lib46",1745,34.12,33767,53.5
"Ballarat",2,"Albert Ireland","Ind","John Blower","Ind",14,5.09,1162,1.7
"Ballarat",2,"Albert Ireland","Ind","Graham Gough","AD",82,29.82,2205,3.23
"Ballarat",2,"Albert Ireland","Ind","John Mildren","ALP",102,37.09,34718,50.88
"Ballarat",2,"Albert Ireland","Ind","John Ronan","Lib46",77,28,30155,44.19
"Ballarat",3,"John Blower","Ind","Graham Gough","AD",785,67.56,2990,4.38
"Ballarat",3,"John Blower","Ind","John Mildren","ALP",271,23.32,34989,51.27
"Ballarat",3,"John Blower","Ind","John Ronan","Lib46",106,9.12,30261,44.34
"Ballarat",4,"Graham Gough","AD","John Mildren","ALP",1858,62.14,36847,54
"Ballarat",4,"Graham Gough","AD","John Ronan","Lib46",1132,37.86,31393,46
"Batman",2,"John Percy","SWP","Brian Howe","ALP",166,43.68,42564,63.95
"Batman",2,"John Percy","SWP","Philip L'Huillier","DLP",44,11.58,1800,2.7
"Batman",2,"John Percy","SWP","Gwendoline Naug","AD",80,21.05,2916,4.38
"Batman",2,"John Percy","SWP","Maxwell Playford","Lib46",90,23.68,19283,28.97
"Batman",3,"Philip L'Huillier","DLP","Brian Howe","ALP",334,18.56,42898,64.45
"Batman",3,"Philip L'Huillier","DLP","Gwendoline Naug","AD",172,9.56,3088,4.64
"Batman",3,"Philip L'Huillier","DLP","Maxwell Playford","Lib46",1294,71.89,20577,30.91
"Batman",4,"Gwendoline Naug","AD","Brian Howe","ALP",1837,59.49,44735,67.21
"Batman",4,"Gwendoline Naug","AD","Maxwell Playford","Lib46",1251,40.51,21828,32.79
"Bendigo",2,"Robert Denahy","DLP","John Bourchier","Lib46",1454,78.21,31806,45.31
"Bendigo",2,"Robert Denahy","DLP","John Brumby","ALP",208,11.19,35116,50.02
"Bendigo",2,"Robert Denahy","DLP","Neil Jewell","AD",197,10.6,3275,4.67
"Bendigo",3,"Neil Jewell","AD","John Bourchier","Lib46",1360,41.53,33166,47.25
"Bendigo",3,"Neil Jewell","AD","John Brumby","ALP",1915,58.47,37031,52.75
"Bruce",2,"Michael Johnson","AD","Heather O'Connor","ALP",3792,63.68,37442,49.27
"Bruce",2,"Michael Johnson","AD","Sir Billy Snedden","Lib46",2163,36.32,38544,50.73
"Burke",2,"Evelyn Robson","SWP","Bernie Finn","Lib46",180,22.84,24474,32.26
"Burke",2,"Evelyn Robson","SWP","George Hunter","AD",350,44.42,4961,6.54
"Burke",2,"Evelyn Robson","SWP","Andrew Theophanous","ALP",258,32.74,46429,61.2
"Burke",3,"George Hunter","AD","Bernie Finn","Lib46",2466,49.71,26940,35.51
"Burke",3,"George Hunter","AD","Andrew Theophanous","ALP",2495,50.29,48924,64.49
"Casey",2,"John Garratt","DLP","Peter Falconer","Lib46",629,70.91,33964,44.92
"Casey",2,"John Garratt","DLP","Martin Hetherich","ACP83",133,14.99,1064,1.41
"Casey",2,"John Garratt","DLP","Michael Nardella","AD",68,7.67,5714,7.56
"Casey",2,"John Garratt","DLP","Peter Steedman","ALP",57,6.43,34867,46.11
"Casey",3,"Martin Hetherich","ACP83","Peter Falconer","Lib46",599,56.3,34563,45.71
"Casey",3,"Martin Hetherich","ACP83","Michael Nardella","AD",229,21.52,5943,7.86
"Casey",3,"Martin Hetherich","ACP83","Peter Steedman","ALP",236,22.18,35103,46.43
"Casey",4,"Michael Nardella","AD","Peter Falconer","Lib46",2734,46,37297,49.33
"Casey",4,"Michael Nardella","AD","Peter Steedman","ALP",3209,54,38312,50.67
"Chisholm",2,"Kevin Cooper","DLP","Graham Harris","Lib46",1887,85.93,30939,44.87
"Chisholm",2,"Kevin Cooper","DLP","Helen Mayer","ALP",175,7.97,33428,48.49
"Chisholm",2,"Kevin Cooper","DLP","Alan Swindon","AD",134,6.1,4578,6.64
"Chisholm",3,"Alan Swindon","AD","Graham Harris","Lib46",1987,43.4,32926,47.76
"Chisholm",3,"Alan Swindon","AD","Helen Mayer","ALP",2591,56.6,36019,52.24
"Corio",2,"Guenter Sahr","AD","Kent Henderson","Lib46",1463,42.38,26538,37.09
"Corio",2,"Guenter Sahr","AD","Gordon Scholes","ALP",1989,57.62,45005,62.91
"Deakin",2,"Wilfrid Thiele","Ind","Peter Ferwerda","DLP",51,15.32,3000,3.75
"Deakin",2,"Wilfrid Thiele","Ind","Alan Jarman","Lib46",46,13.81,33271,41.56
"Deakin",2,"Wilfrid Thiele","Ind","Jeffrey McAlpine","AD",62,18.62,5386,6.73
"Deakin",2,"Wilfrid Thiele","Ind","John Saunderson","ALP",174,52.25,38399,47.97
"Deakin",3,"Peter Ferwerda","DLP","Alan Jarman","Lib46",2639,87.97,35910,44.86
"Deakin",3,"Peter Ferwerda","DLP","Jeffrey McAlpine","AD",208,6.93,5594,6.99
"Deakin",3,"Peter Ferwerda","DLP","John Saunderson","ALP",153,5.1,38552,48.16
"Deakin",4,"Jeffrey McAlpine","AD","Alan Jarman","Lib46",2419,43.24,38329,47.88
"Deakin",4,"Jeffrey McAlpine","AD","John Saunderson","ALP",3175,56.76,41727,52.12
"Diamond Valley",2,"Anne-Marie Petrucco","DLP","Neil Brown","Lib46",844,68.67,36850,46.57
"Diamond Valley",2,"Anne-Marie Petrucco","DLP","Lynden Kenyon","AD",191,15.54,5353,6.77
"Diamond Valley",2,"Anne-Marie Petrucco","DLP","Peter Staples","ALP",194,15.79,36920,46.66
"Diamond Valley",3,"Lynden Kenyon","AD","Neil Brown","Lib46",2366,44.2,39216,49.56
"Diamond Valley",3,"Lynden Kenyon","AD","Peter Staples","ALP",2987,55.8,39907,50.44
"Flinders",2,"Kenneth Payne","DLP","Bob Chynoweth","ALP",210,10.62,38344,47.44
"Flinders",2,"Kenneth Payne","DLP","Harold Fraser","AD",234,11.84,5095,6.3
"Flinders",2,"Kenneth Payne","DLP","Peter Reith","Lib46",1533,77.54,37380,46.25
"Flinders",3,"Harold Fraser","AD","Bob Chynoweth","ALP",2862,56.17,41206,50.99
"Flinders",3,"Harold Fraser","AD","Peter Reith","Lib46",2233,43.83,39613,49.01
"Gellibrand",2,"Augustus Titter","ANP83","James Doughney","SWP",63,20.72,2905,4.31
"Gellibrand",2,"Augustus Titter","ANP83","Peter Goudge","Lib46",58,19.08,14178,21.04
"Gellibrand",2,"Augustus Titter","ANP83","Barry McLeod","AD",90,29.61,2785,4.13
"Gellibrand",2,"Augustus Titter","ANP83","Ralph Willis","ALP",93,30.59,47505,70.51
"Gellibrand",3,"Barry McLeod","AD","James Doughney","SWP",183,6.57,3088,4.58
"Gellibrand",3,"Barry McLeod","AD","Peter Goudge","Lib46",1230,44.17,15408,22.87
"Gellibrand",3,"Barry McLeod","AD","Ralph Willis","ALP",1372,49.26,48877,72.55
"Gellibrand",4,"James Doughney","SWP","Peter Goudge","Lib46",2795,90.51,18203,27.02
"Gellibrand",4,"James Doughney","SWP","Ralph Willis","ALP",293,9.49,49170,72.98
"Gippsland",2,"Bruce Ingle","Ind","Pearce Buckley","Ind",104,15.95,2163,3.19
"Gippsland",2,"Bruce Ingle","Ind","Philip Davis","Lib46",100,15.34,16227,23.93
"Gippsland",2,"Bruce Ingle","Ind","Pierre Forcier","AD",112,17.18,3042,4.49
"Gippsland",2,"Bruce Ingle","Ind","Peter McGauran","NPA",215,32.98,21575,31.81
"Gippsland",2,"Bruce Ingle","Ind","Anthony Peterson","ALP",72,11.04,24101,35.54
"Gippsland",2,"Bruce Ingle","Ind","Stewart Taig","DLP",49,7.52,708,1.04
"Gippsland",3,"Stewart Taig","DLP","Pearce Buckley","Ind",57,8.05,2220,3.27
"Gippsland",3,"Stewart Taig","DLP","Philip Davis","Lib46",55,7.77,16282,24.01
"Gippsland",3,"Stewart Taig","DLP","Pierre Forcier","AD",39,5.51,3081,4.54
"Gippsland",3,"Stewart Taig","DLP","Peter McGauran","NPA",459,64.83,22034,32.49
"Gippsland",3,"Stewart Taig","DLP","Anthony Peterson","ALP",98,13.84,24199,35.68
"Gippsland",4,"Pearce Buckley","Ind","Philip Davis","Lib46",1248,56.22,17530,25.85
"Gippsland",4,"Pearce Buckley","Ind","Pierre Forcier","AD",230,10.36,3311,4.88
"Gippsland",4,"Pearce Buckley","Ind","Peter McGauran","NPA",368,16.58,22402,33.03
"Gippsland",4,"Pearce Buckley","Ind","Anthony Peterson","ALP",374,16.85,24573,36.23
"Gippsland",5,"Pierre Forcier","AD","Philip Davis","Lib46",1227,37.06,18757,27.66
"Gippsland",5,"Pierre Forcier","AD","Peter McGauran","NPA",576,17.4,22978,33.88
"Gippsland",5,"Pierre Forcier","AD","Anthony Peterson","ALP",1508,45.55,26081,38.46
"Gippsland",6,"Philip Davis","Lib46","Peter McGauran","NPA",17487,93.23,40465,59.67
"Gippsland",6,"Philip Davis","Lib46","Anthony Peterson","ALP",1270,6.77,27351,40.33
"Henty",2,"Paul Carroll","DLP","Craig Baxter","Lib46",1201,83.29,26910,40.62
"Henty",2,"Paul Carroll","DLP","Joan Child","ALP",154,10.68,36413,54.96
"Henty",2,"Paul Carroll","DLP","Harry Eichler","AD",87,6.03,2932,4.43
"Henty",3,"Harry Eichler","AD","Craig Baxter","Lib46",1340,45.7,28250,42.64
"Henty",3,"Harry Eichler","AD","Joan Child","ALP",1592,54.3,38005,57.36
"Higgins",2,"Maureen Holmes","IBCP","Jennifer Bundy","ALP",230,46,24414,38.29
"Higgins",2,"Maureen Holmes","IBCP","Roger Shipton","Lib46",183,36.6,35372,55.48
"Higgins",2,"Maureen Holmes","IBCP","Antony Siddons","AD",87,17.4,3967,6.22
"Higgins",3,"Antony Siddons","AD","Jennifer Bundy","ALP",2064,52.03,26478,41.53
"Higgins",3,"Antony Siddons","AD","Roger Shipton","Lib46",1903,47.97,37275,58.47
"Holt",2,"Jean Yule","AD","Michael Duffy","ALP",2803,49.71,51451,61.89
"Holt",2,"Jean Yule","AD","Joseph Moldrich","Lib46",2836,50.29,31681,38.11
"Hotham",2,"Erwin Frenkel","AD","Peter Bolitho","Lib46",2319,49.52,30975,40.53
"Hotham",2,"Erwin Frenkel","AD","Lewis Kent","ALP",2364,50.48,45447,59.47
"Indi",2,"Geoffrey le Couteur","AD","Ewen Cameron","Lib46",578,24.48,28513,42.2
"Indi",2,"Geoffrey le Couteur","AD","Carole Marple","ALP",1098,46.51,25472,37.7
"Indi",2,"Geoffrey le Couteur","AD","Kevin Sanderson","NPA",685,29.01,13577,20.1
"Indi",3,"Kevin Sanderson","NPA","Ewen Cameron","Lib46",12462,91.79,40975,60.65
"Indi",3,"Kevin Sanderson","NPA","Carole Marple","ALP",1115,8.21,26587,39.35
"Isaacs",2,"Terence Gough","AD","David Charles","ALP",2429,51.8,41059,58.42
"Isaacs",2,"Terence Gough","AD","Ann Dunkley","Lib46",2260,48.2,29224,41.58
"Kooyong",2,"David Greagg","IBCP","Keith Bruckner","AD",205,47.24,4840,7.51
"Kooyong",2,"David Greagg","IBCP","Avis Meddings","ALP",130,29.95,23211,36.02
"Kooyong",2,"David Greagg","IBCP","Andrew Peacock","Lib46",99,22.81,36396,56.47
"Kooyong",3,"Keith Bruckner","AD","Avis Meddings","ALP",3064,63.31,26275,40.77
"Kooyong",3,"Keith Bruckner","AD","Andrew Peacock","Lib46",1776,36.69,38172,59.23
"Lalor",2,"Helen Said","SWP","John Fahey","Lib46",142,19.75,21584,26.37
"Lalor",2,"Helen Said","SWP","Barry Jones","ALP",241,33.52,55881,68.28
"Lalor",2,"Helen Said","SWP","Ivan Pollock","AD",336,46.73,4376,5.35
"Lalor",3,"Ivan Pollock","AD","John Fahey","Lib46",1932,44.15,23516,28.73
"Lalor",3,"Ivan Pollock","AD","Barry Jones","ALP",2444,55.85,58325,71.27
"La Trobe",2,"Cornelis Hellema","ACP83","Milton Blake","AD",421,20.19,8431,11
"La Trobe",2,"Cornelis Hellema","ACP83","Peter Milton","ALP",721,34.58,41214,53.78
"La Trobe",2,"Cornelis Hellema","ACP83","Peter Nugent","Lib46",943,45.23,26988,35.22
"La Trobe",3,"Milton Blake","AD","Peter Milton","ALP",2857,33.89,44071,57.51
"La Trobe",3,"Milton Blake","AD","Peter Nugent","Lib46",5574,66.11,32562,42.49
"Mallee",2,"Colin Kavanagh","AD","Peter Fisher","NPA",584,27.42,40647,62.99
"Mallee",2,"Colin Kavanagh","AD","Graeme Jarry","ALP",835,39.2,17028,26.39
"Mallee",2,"Colin Kavanagh","AD","Ross Owen","Lib46",711,33.38,6850,10.62
"Mallee",3,"Ross Owen","Lib46","Peter Fisher","NPA",6254,91.3,46901,72.69
"Mallee",3,"Ross Owen","Lib46","Graeme Jarry","ALP",596,8.7,17624,27.31
"Maribyrnong",2,"Richard Wright","AP","Peter Beharell","SWP",79,9.36,2499,3.38
"Maribyrnong",2,"Richard Wright","AP","Alan Griffiths","ALP",476,56.4,42400,57.27
"Maribyrnong",2,"Richard Wright","AP","Geoffrey Ireland","Lib46",116,13.74,24516,33.11
"Maribyrnong",2,"Richard Wright","AP","Henrik Jersic","AD",173,20.5,4625,6.25
"Maribyrnong",3,"Peter Beharell","SWP","Alan Griffiths","ALP",2144,85.79,44544,60.16
"Maribyrnong",3,"Peter Beharell","SWP","Geoffrey Ireland","Lib46",202,8.08,24718,33.38
"Maribyrnong",3,"Peter Beharell","SWP","Henrik Jersic","AD",153,6.12,4778,6.45
"Maribyrnong",4,"Henrik Jersic","AD","Alan Griffiths","ALP",2804,58.69,47348,63.95
"Maribyrnong",4,"Henrik Jersic","AD","Geoffrey Ireland","Lib46",1974,41.31,26692,36.05
"McMillan",2,"John Sellens","DLP","Gloria Auchterlonie","AD",61,5,4123,5.85
"McMillan",2,"John Sellens","DLP","Barry Cunningham","ALP",94,7.71,34193,48.48
"McMillan",2,"John Sellens","DLP","Stewart Robertson","NPA",126,10.34,3443,4.88
"McMillan",2,"John Sellens","DLP","Greg Ross","Lib46",938,76.95,28769,40.79
"McMillan",3,"Stewart Robertson","NPA","Gloria Auchterlonie","AD",140,4.07,4263,6.04
"McMillan",3,"Stewart Robertson","NPA","Barry Cunningham","ALP",232,6.74,34425,48.81
"McMillan",3,"Stewart Robertson","NPA","Greg Ross","Lib46",3071,89.2,31840,45.15
"McMillan",4,"Gloria Auchterlonie","AD","Barry Cunningham","ALP",3008,70.56,37433,53.08
"McMillan",4,"Gloria Auchterlonie","AD","Greg Ross","Lib46",1255,29.44,33095,46.92
"Melbourne",2,"James Ferrari","IBCP","Chris Carter","AD",184,27.14,6455,10.62
"Melbourne",2,"James Ferrari","IBCP","Robert Fallshaw","Lib46",232,34.22,14602,24.03
"Melbourne",2,"James Ferrari","IBCP","Gerry Hand","ALP",191,28.17,38885,63.99
"Melbourne",2,"James Ferrari","IBCP","James McIlroy","SWP",71,10.47,821,1.35
"Melbourne",3,"James McIlroy","SWP","Chris Carter","AD",165,20.1,6620,10.89
"Melbourne",3,"James McIlroy","SWP","Robert Fallshaw","Lib46",142,17.3,14744,24.26
"Melbourne",3,"James McIlroy","SWP","Gerry Hand","ALP",514,62.61,39399,64.84
"Melbourne",4,"Chris Carter","AD","Robert Fallshaw","Lib46",4261,64.37,19005,31.28
"Melbourne",4,"Chris Carter","AD","Gerry Hand","ALP",2359,35.63,41758,68.72
"Melbourne Ports",2,"Brett Trenery","SWP","Ronald Flood","Lib46",96,16.13,20584,33.7
"Melbourne Ports",2,"Brett Trenery","SWP","Clyde Holding","ALP",241,40.5,36685,60.06
"Melbourne Ports",2,"Brett Trenery","SWP","John Sutcliffe","AD",258,43.36,3814,6.24
"Melbourne Ports",3,"John Sutcliffe","AD","Ronald Flood","Lib46",1639,42.97,22223,36.38
"Melbourne Ports",3,"John Sutcliffe","AD","Clyde Holding","ALP",2175,57.03,38860,63.62
"Murray",2,"Diane Teasdale","Ind","Anne Adams","Lib46",95,11.38,11822,17.3
"Murray",2,"Diane Teasdale","Ind","Mark Anderson","ALP",112,13.41,16796,24.58
"Murray",2,"Diane Teasdale","Ind","Bruce Lloyd","NPA",257,30.78,36690,53.7
"Murray",2,"Diane Teasdale","Ind","John Weir","AD",371,44.43,3011,4.41
"Murray",3,"John Weir","AD","Anne Adams","Lib46",538,17.87,12360,18.09
"Murray",3,"John Weir","AD","Mark Anderson","ALP",1619,53.77,18415,26.95
"Murray",3,"John Weir","AD","Bruce Lloyd","NPA",854,28.36,37544,54.95
"Murray",4,"Anne Adams","Lib46","Mark Anderson","ALP",1622,13.12,20037,29.33
"Murray",4,"Anne Adams","Lib46","Bruce Lloyd","NPA",10738,86.88,48282,70.67
"Scullin",2,"Joan Barker","SWP","Harry Jenkins","ALP",2291,79.38,53603,69.39
"Scullin",2,"Joan Barker","SWP","Kenneth Peak","AD",329,11.4,3857,4.99
"Scullin",2,"Joan Barker","SWP","Katheryne Savage","Lib46",266,9.22,19785,25.61
"Scullin",3,"Kenneth Peak","AD","Harry Jenkins","ALP",2175,56.39,55778,72.21
"Scullin",3,"Kenneth Peak","AD","Katheryne Savage","Lib46",1682,43.61,21467,27.79
"Wannon",2,"Harold Jeffrey","AD","Malcolm Fraser","Lib46",1117,32.7,38909,59.34
"Wannon",2,"Harold Jeffrey","AD","Nancy Genardini","ALP",2299,67.3,26658,40.66
"Wills",2,"Cecil G. Murgatroyd","IBCP","John Hallam","AD",28,16.09,4253,6.31
"Wills",2,"Cecil G. Murgatroyd","IBCP","Bob Hawke","ALP",32,18.39,45603,67.68
"Wills",2,"Cecil G. Murgatroyd","IBCP","Mark Hoysted","Lib46",29,16.67,14802,21.97
"Wills",2,"Cecil G. Murgatroyd","IBCP","Martin Mantell","SLL",34,19.54,1321,1.96
"Wills",2,"Cecil G. Murgatroyd","IBCP","Solomon Salby","SWP",33,18.97,239,0.35
"Wills",2,"Cecil G. Murgatroyd","IBCP","Michael Verberne","DLP",18,10.34,1163,1.73
"Wills",3,"Solomon Salby","SWP","John Hallam","AD",20,8.37,4273,6.34
"Wills",3,"Solomon Salby","SWP","Bob Hawke","ALP",95,39.75,45698,67.82
"Wills",3,"Solomon Salby","SWP","Mark Hoysted","Lib46",8,3.35,14810,21.98
"Wills",3,"Solomon Salby","SWP","Martin Mantell","SLL",54,22.59,1375,2.04
"Wills",3,"Solomon Salby","SWP","Michael Verberne","DLP",62,25.94,1225,1.82
"Wills",4,"Michael Verberne","DLP","John Hallam","AD",81,6.61,4354,6.46
"Wills",4,"Michael Verberne","DLP","Bob Hawke","ALP",57,4.65,45755,67.9
"Wills",4,"Michael Verberne","DLP","Mark Hoysted","Lib46",828,67.59,15638,23.21
"Wills",4,"Michael Verberne","DLP","Martin Mantell","SLL",259,21.14,1634,2.43
"Wills",5,"Martin Mantell","SLL","John Hallam","AD",126,7.71,4480,6.65
"Wills",5,"Martin Mantell","SLL","Bob Hawke","ALP",1143,69.95,46898,69.6
"Wills",5,"Martin Mantell","SLL","Mark Hoysted","Lib46",365,22.34,16003,23.75
"Wills",6,"John Hallam","AD","Bob Hawke","ALP",3242,72.37,50140,74.41
"Wills",6,"John Hallam","AD","Mark Hoysted","Lib46",1238,27.63,17241,25.59
"Bowman",2,"Ronald Heindorff","AD","Craig Brown","NPA",382,12.57,4961,6.54
"Bowman",2,"Ronald Heindorff","AD","David Jull","Lib46",1182,38.88,31704,41.82
"Bowman",2,"Ronald Heindorff","AD","Len Keogh","ALP",1476,48.55,39142,51.63
"Bowman",3,"Craig Brown","NPA","David Jull","Lib46",4628,93.29,36332,47.93
"Bowman",3,"Craig Brown","NPA","Len Keogh","ALP",333,6.71,39475,52.07
"Brisbane",2,"Susanne Bolton","SWP","Manfred Cross","ALP",1149,73.42,32745,52.28
"Brisbane",2,"Susanne Bolton","SWP","Bradley Garrett","NPA",207,13.23,5654,9.03
"Brisbane",2,"Susanne Bolton","SWP","Richard Magnus","Lib46",103,6.58,20669,33
"Brisbane",2,"Susanne Bolton","SWP","Lance Winter","AD",106,6.77,3568,5.7
"Brisbane",3,"Lance Winter","AD","Manfred Cross","ALP",1810,50.73,34555,55.17
"Brisbane",3,"Lance Winter","AD","Bradley Garrett","NPA",362,10.15,6016,9.6
"Brisbane",3,"Lance Winter","AD","Richard Magnus","Lib46",1396,39.13,22065,35.23
"Brisbane",4,"Bradley Garrett","NPA","Manfred Cross","ALP",555,9.23,35110,56.05
"Brisbane",4,"Bradley Garrett","NPA","Richard Magnus","Lib46",5461,90.77,27526,43.95
"Capricornia",2,"David Ryan","SPA72","Alan Agnew","Lib46",23,10.18,11488,17.06
"Capricornia",2,"David Ryan","SPA72","Doug Everingham","ALP",83,36.73,36745,54.57
"Capricornia",2,"David Ryan","SPA72","Gregory Read","AD",29,12.83,1910,2.84
"Capricornia",2,"David Ryan","SPA72","Helen Reeves","NPA",27,11.95,5647,8.39
"Capricornia",2,"David Ryan","SPA72","Robert Simpson","NPA",64,28.32,11544,17.14
"Capricornia",3,"Gregory Read","AD","Alan Agnew","Lib46",241,12.62,11729,17.42
"Capricornia",3,"Gregory Read","AD","Doug Everingham","ALP",915,47.91,37660,55.93
"Capricornia",3,"Gregory Read","AD","Helen Reeves","NPA",536,28.06,6183,9.18
"Capricornia",3,"Gregory Read","AD","Robert Simpson","NPA",218,11.41,11762,17.47
"Capricornia",4,"Helen Reeves","NPA","Alan Agnew","Lib46",521,8.43,12250,18.19
"Capricornia",4,"Helen Reeves","NPA","Doug Everingham","ALP",306,4.95,37966,56.38
"Capricornia",4,"Helen Reeves","NPA","Robert Simpson","NPA",5356,86.62,17118,25.42
"Capricornia",5,"Alan Agnew","Lib46","Doug Everingham","ALP",2100,17.14,40066,59.5
"Capricornia",5,"Alan Agnew","Lib46","Robert Simpson","NPA",10150,82.86,27268,40.5
"Darling Downs",2,"David Groves","AD","Ronald Cullin","ALP",2053,51.84,24577,35.56
"Darling Downs",2,"David Groves","AD","Tom McVeigh","NPA",1907,48.16,44534,64.44
"Dawson",2,"Kelly Crombie","Prog","Ray Braithwaite","NPA",198,47.14,35884,50.41
"Dawson",2,"Kelly Crombie","Prog","Eric Geissmann","Ind",106,25.24,529,0.74
"Dawson",2,"Kelly Crombie","Prog","Barbara Hill","ALP",81,19.29,34310,48.2
"Dawson",2,"Kelly Crombie","Prog","Raymond Jensen","Ind",35,8.33,461,0.65
"Dawson",3,"Raymond Jensen","Ind","Ray Braithwaite","NPA",138,29.93,36022,50.6
"Dawson",3,"Raymond Jensen","Ind","Eric Geissmann","Ind",143,31.02,672,0.94
"Dawson",3,"Raymond Jensen","Ind","Barbara Hill","ALP",180,39.05,34490,48.45
"Dawson",4,"Eric Geissmann","Ind","Ray Braithwaite","NPA",327,48.66,36349,51.06
"Dawson",4,"Eric Geissmann","Ind","Barbara Hill","ALP",345,51.34,34835,48.94
"Fadden",2,"Dallas Graham","Prog","David Beddall","ALP",32,11.59,44444,48.34
"Fadden",2,"Dallas Graham","Prog","Donald Cameron","Lib46",67,24.28,35759,38.89
"Fadden",2,"Dallas Graham","Prog","Howard Edmunds","NPA",36,13.04,7287,7.93
"Fadden",2,"Dallas Graham","Prog","Raymond Ferguson","SPA72",33,11.96,538,0.59
"Fadden",2,"Dallas Graham","Prog","Murray Hallam","AD",108,39.13,3914,4.26
"Fadden",3,"Raymond Ferguson","SPA72","David Beddall","ALP",216,40.15,44660,48.57
"Fadden",3,"Raymond Ferguson","SPA72","Donald Cameron","Lib46",90,16.73,35849,38.99
"Fadden",3,"Raymond Ferguson","SPA72","Howard Edmunds","NPA",121,22.49,7408,8.06
"Fadden",3,"Raymond Ferguson","SPA72","Murray Hallam","AD",111,20.63,4025,4.38
"Fadden",4,"Murray Hallam","AD","David Beddall","ALP",2103,52.25,46763,50.86
"Fadden",4,"Murray Hallam","AD","Donald Cameron","Lib46",1333,33.12,37182,40.44
"Fadden",4,"Murray Hallam","AD","Howard Edmunds","NPA",589,14.63,7997,8.7
"Fadden",5,"Howard Edmunds","NPA","David Beddall","ALP",430,5.38,47193,51.33
"Fadden",5,"Howard Edmunds","NPA","Donald Cameron","Lib46",7567,94.62,44749,48.67
"Fisher",2,"Garry Somerville","AD","Evan Adermann","NPA",2206,32.61,39054,42.34
"Fisher",2,"Garry Somerville","AD","Dennis Caswell","Lib46",1177,17.4,14591,15.82
"Fisher",2,"Garry Somerville","AD","Sol Theo","ALP",3381,49.99,38601,41.85
"Fisher",3,"Dennis Caswell","Lib46","Evan Adermann","NPA",13637,93.46,52691,57.12
"Fisher",3,"Dennis Caswell","Lib46","Sol Theo","ALP",954,6.54,39555,42.88
"Griffith",2,"Julie Walkington","SWP","Carole Ames","AD",185,29.84,3962,7.04
"Griffith",2,"Julie Walkington","SWP","Michael Fulton","SLL",74,11.94,824,1.46
"Griffith",2,"Julie Walkington","SWP","Ben Humphreys","ALP",198,31.94,32795,58.26
"Griffith",2,"Julie Walkington","SWP","Graham Young","Lib46",163,26.29,18708,33.24
"Griffith",3,"Michael Fulton","SLL","Carole Ames","AD",330,40.05,4292,7.62
"Griffith",3,"Michael Fulton","SLL","Ben Humphreys","ALP",384,46.6,33179,58.94
"Griffith",3,"Michael Fulton","SLL","Graham Young","Lib46",110,13.35,18818,33.43
"Griffith",4,"Carole Ames","AD","Ben Humphreys","ALP",3098,72.18,36277,64.45
"Griffith",4,"Carole Ames","AD","Graham Young","Lib46",1194,27.82,20012,35.55
"Herbert",2,"John Lamb","AD","John Aubrey","NPA",311,19.47,9873,14.02
"Herbert",2,"John Lamb","AD","Gordon Dean","Lib46",519,32.5,24394,34.65
"Herbert",2,"John Lamb","AD","Ted Lindsay","ALP",767,48.03,36135,51.33
"Herbert",3,"John Aubrey","NPA","Gordon Dean","Lib46",9232,93.51,33626,47.76
"Herbert",3,"John Aubrey","NPA","Ted Lindsay","ALP",641,6.49,36776,52.24
"Kennedy",2,"George Hannaford","AD","Bob Katter","NPA",1763,63.95,34634,59.68
"Kennedy",2,"George Hannaford","AD","Brigid Walsh","ALP",994,36.05,23401,40.32
"Lilley",2,"Anthony Catip","Ind","Jim Anderson","Lib46",197,52.53,24446,39.59
"Lilley",2,"Anthony Catip","Ind","Elaine Darling","ALP",90,24,35440,57.39
"Lilley",2,"Anthony Catip","Ind","Gael Paul","AD",88,23.47,1867,3.02
"Lilley",3,"Gael Paul","AD","Jim Anderson","Lib46",1732,92.77,26178,42.39
"Lilley",3,"Gael Paul","AD","Elaine Darling","ALP",135,7.23,35575,57.61
"Maranoa",2,"Austin Brannigan","AD","Ian Cameron","NPA",2985,69.42,42576,67.64
"Maranoa",2,"Austin Brannigan","AD","Warren Keats","ALP",1315,30.58,20372,32.36
"McPherson",2,"Peter Courtney","NHP","Darryl McArthur","ALP",1345,79.73,30610,35.33
"McPherson",2,"Peter Courtney","NHP","Kenneth Peterson","AD",174,10.31,4428,5.11
"McPherson",2,"Peter Courtney","NHP","Trevor Watt","NPA",78,4.62,20406,23.55
"McPherson",2,"Peter Courtney","NHP","Peter White","Lib46",90,5.33,31208,36.02
"McPherson",3,"Kenneth Peterson","AD","Darryl McArthur","ALP",2230,50.36,32840,37.9
"McPherson",3,"Kenneth Peterson","AD","Trevor Watt","NPA",1447,32.68,21853,25.22
"McPherson",3,"Kenneth Peterson","AD","Peter White","Lib46",751,16.96,31959,36.88
"McPherson",4,"Trevor Watt","NPA","Darryl McArthur","ALP",1530,7,34370,39.66
"McPherson",4,"Trevor Watt","NPA","Peter White","Lib46",20323,93,52282,60.34
"Moreton",2,"Helen Jones","SWP","Leonard Fitzgerald","AD",326,45.79,4556,7.18
"Moreton",2,"Helen Jones","SWP","Sir James Killen","Lib46",193,27.11,29831,47.03
"Moreton",2,"Helen Jones","SWP","Barbara Robson","ALP",193,27.11,29047,45.79
"Moreton",3,"Leonard Fitzgerald","AD","Sir James Killen","Lib46",2897,63.59,32728,51.59
"Moreton",3,"Leonard Fitzgerald","AD","Barbara Robson","ALP",1659,36.41,30706,48.41
"Oxley",2,"Juanita Keig","SWP","Bill Hayden","ALP",253,37.87,50090,67.19
"Oxley",2,"Juanita Keig","SWP","Wayne Martin","AD",314,47.01,4013,5.38
"Oxley",2,"Juanita Keig","SWP","Les Woodforth","Lib46",101,15.12,20447,27.43
"Oxley",3,"Wayne Martin","AD","Bill Hayden","ALP",1572,39.17,51662,69.3
"Oxley",3,"Wayne Martin","AD","Les Woodforth","Lib46",2441,60.83,22888,30.7
"Petrie",2,"Phillip Grimison","Prog","Christopher Caldwell","Ind",174,42.34,1627,2.3
"Petrie",2,"Phillip Grimison","Prog","John Hodges","Lib46",157,38.2,31384,44.28
"Petrie",2,"Phillip Grimison","Prog","Ray Hollis","AD",48,11.68,4554,6.42
"Petrie",2,"Phillip Grimison","Prog","Deane Wells","ALP",32,7.79,33315,47
"Petrie",3,"Christopher Caldwell","Ind","John Hodges","Lib46",1287,79.1,32671,46.09
"Petrie",3,"Christopher Caldwell","Ind","Ray Hollis","AD",212,13.03,4766,6.72
"Petrie",3,"Christopher Caldwell","Ind","Deane Wells","ALP",128,7.87,33443,47.18
"Petrie",4,"Ray Hollis","AD","John Hodges","Lib46",2409,50.55,35080,49.49
"Petrie",4,"Ray Hollis","AD","Deane Wells","ALP",2357,49.45,35800,50.51
"Ryan",2,"Patrick Cusack","Ind","Anthony Crooks","Ind",260,26.97,1395,1.96
"Ryan",2,"Patrick Cusack","Ind","John Elfick","AD",249,25.83,6224,8.73
"Ryan",2,"Patrick Cusack","Ind","Michael Foley","ALP",192,19.92,25578,35.86
"Ryan",2,"Patrick Cusack","Ind","John Moore","Lib46",263,27.28,38136,53.46
"Ryan",3,"Anthony Crooks","Ind","John Elfick","AD",1075,77.06,7299,10.23
"Ryan",3,"Anthony Crooks","Ind","Michael Foley","ALP",117,8.39,25695,36.02
"Ryan",3,"Anthony Crooks","Ind","John Moore","Lib46",203,14.55,38339,53.75
"Ryan",4,"John Elfick","AD","Michael Foley","ALP",4574,62.67,30269,42.43
"Ryan",4,"John Elfick","AD","John Moore","Lib46",2725,37.33,41064,57.57
"Wide Bay",2,"Raymond Bird","Prog","James Finemore","ALP",1055,58.19,33417,46.09
"Wide Bay",2,"Raymond Bird","Prog","Clarrie Millar","NPA",565,31.16,36037,49.71
"Wide Bay",2,"Raymond Bird","Prog","Mervyn Worth","AD",193,10.65,3043,4.2
"Wide Bay",3,"Mervyn Worth","AD","James Finemore","ALP",1478,48.57,34895,48.13
"Wide Bay",3,"Mervyn Worth","AD","Clarrie Millar","NPA",1565,51.43,37602,51.87
"Adelaide",2,"Paul Petit","SWP","John Buik","Ind",68,17.66,1962,2.8
"Adelaide",2,"Paul Petit","SWP","Eileen Farmer","AD",24,6.23,4628,6.6
"Adelaide",2,"Paul Petit","SWP","Chris Hurford","ALP",150,38.96,39284,55.98
"Adelaide",2,"Paul Petit","SWP","Barry James","Lib46",143,37.14,24299,34.63
"Adelaide",3,"John Buik","Ind","Eileen Farmer","AD",1741,88.74,6369,9.08
"Adelaide",3,"John Buik","Ind","Chris Hurford","ALP",146,7.44,39430,56.19
"Adelaide",3,"John Buik","Ind","Barry James","Lib46",75,3.82,24374,34.73
"Adelaide",4,"Eileen Farmer","AD","Chris Hurford","ALP",2179,34.21,41609,59.29
"Adelaide",4,"Eileen Farmer","AD","Barry James","Lib46",4190,65.79,28564,40.71
"Barker",2,"Anthony Beck","NPA","Meg Lees","AD",1937,53.07,5911,8
"Barker",2,"Anthony Beck","NPA","James Porter","Lib46",1452,39.78,43785,59.28
"Barker",2,"Anthony Beck","NPA","Valerie Young","ALP",261,7.15,24167,32.72
"Barker",3,"Meg Lees","AD","James Porter","Lib46",3845,65.05,47630,64.48
"Barker",3,"Meg Lees","AD","Valerie Young","ALP",2066,34.95,26233,35.52
"Bonython",2,"John Longhurst","AD","Neal Blewett","ALP",3549,50.66,51646,64.97
"Bonython",2,"John Longhurst","AD","Neville Joyce","Lib46",3457,49.34,27848,35.03
"Boothby",2,"John Coulter","AD","Steele Hall","Lib46",4270,50.69,46946,60.62
"Boothby",2,"John Coulter","AD","Bruce Whyatt","ALP",4154,49.31,30497,39.38
"Grey",2,"Kerry Hawkes","LibtP","Jack Babbage","AD",96,13.11,4077,5.9
"Grey",2,"Kerry Hawkes","LibtP","Joy Baluch","Lib46",65,8.88,24179,34.98
"Grey",2,"Kerry Hawkes","LibtP","James Cronin","Ind",89,12.16,1645,2.38
"Grey",2,"Kerry Hawkes","LibtP","Anthony Haskett","NPA",170,23.22,3624,5.24
"Grey",2,"Kerry Hawkes","LibtP","Lloyd O'Neil","ALP",312,42.62,35588,51.49
"Grey",3,"James Cronin","Ind","Jack Babbage","AD",246,14.95,4323,6.25
"Grey",3,"James Cronin","Ind","Joy Baluch","Lib46",692,42.07,24871,35.99
"Grey",3,"James Cronin","Ind","Anthony Haskett","NPA",495,30.09,4119,5.96
"Grey",3,"James Cronin","Ind","Lloyd O'Neil","ALP",212,12.89,35800,51.8
"Grey",4,"Anthony Haskett","NPA","Jack Babbage","AD",500,12.14,4823,6.98
"Grey",4,"Anthony Haskett","NPA","Joy Baluch","Lib46",2974,72.2,27845,40.29
"Grey",4,"Anthony Haskett","NPA","Lloyd O'Neil","ALP",645,15.66,36445,52.73
"Grey",5,"Jack Babbage","AD","Joy Baluch","Lib46",3224,66.85,31069,44.95
"Grey",5,"Jack Babbage","AD","Lloyd O'Neil","ALP",1599,33.15,38044,55.05
"Hawker",2,"John Garcia","SWP","Bruce Harry","Lib46",1251,79.78,28462,40.63
"Hawker",2,"John Garcia","SWP","Ralph Jacobi","ALP",204,13.01,36687,52.37
"Hawker",2,"John Garcia","SWP","Graham Pamount","AD",113,7.21,4905,7
"Hawker",3,"Graham Pamount","AD","Bruce Harry","Lib46",2298,46.85,30760,43.91
"Hawker",3,"Graham Pamount","AD","Ralph Jacobi","ALP",2607,53.15,39294,56.09
"Hindmarsh",2,"Lotus Cavagnino","SWP","Barry Lewis","Lib46",1725,80.65,28005,38.1
"Hindmarsh",2,"Lotus Cavagnino","SWP","Jim Mitchell","AD",185,8.65,5777,7.86
"Hindmarsh",2,"Lotus Cavagnino","SWP","John Scott","ALP",229,10.71,39725,54.04
"Hindmarsh",3,"Jim Mitchell","AD","Barry Lewis","Lib46",2994,51.83,30999,42.17
"Hindmarsh",3,"Jim Mitchell","AD","John Scott","ALP",2783,48.17,42508,57.83
"Kingston",2,"Robert Ralph","AD","Gordon Bilney","ALP",2549,50.6,42568,53.13
"Kingston",2,"Robert Ralph","AD","Grant Chapman","Lib46",2489,49.4,37546,46.87
"Port Adelaide",2,"Donald Sutherland","CPA","Robert Fisher","SWP",160,18.02,3253,4.52
"Port Adelaide",2,"Donald Sutherland","CPA","Benjamin Michael","AD",81,9.12,2565,3.57
"Port Adelaide",2,"Donald Sutherland","CPA","Robin Rickards","Lib46",205,23.09,16772,23.33
"Port Adelaide",2,"Donald Sutherland","CPA","Mick Young","ALP",442,49.77,49307,68.58
"Port Adelaide",3,"Benjamin Michael","AD","Robert Fisher","SWP",443,17.27,3696,5.14
"Port Adelaide",3,"Benjamin Michael","AD","Robin Rickards","Lib46",1102,42.96,17874,24.86
"Port Adelaide",3,"Benjamin Michael","AD","Mick Young","ALP",1020,39.77,50327,70
"Port Adelaide",4,"Robert Fisher","SWP","Robin Rickards","Lib46",3244,87.77,21118,29.37
"Port Adelaide",4,"Robert Fisher","SWP","Mick Young","ALP",452,12.23,50779,70.63
"Sturt",2,"Alison Dolling","AD","Sergio Ubaldi","ALP",4041,59.74,36391,48.03
"Sturt",2,"Alison Dolling","AD","Ian Wilson","Lib46",2723,40.26,39379,51.97
"Wakefield",2,"Roger Cavanagh","NPA","Neil Andrew","Lib46",1068,64.41,44448,60.98
"Wakefield",2,"Roger Cavanagh","NPA","Donald Chisholm","AD",438,26.42,4289,5.88
"Wakefield",2,"Roger Cavanagh","NPA","Suzanne Owens","ALP",152,9.17,24154,33.14
"Wakefield",3,"Donald Chisholm","AD","Neil Andrew","Lib46",2140,49.9,46588,63.91
"Wakefield",3,"Donald Chisholm","AD","Suzanne Owens","ALP",2149,50.1,26303,36.09
"Canning",2,"Jean Ritter","AD","Mel Bungey","Lib46",1292,40.83,31702,42.66
"Canning",2,"Jean Ritter","AD","Wendy Fatin","ALP",1872,59.17,42612,57.34
"Curtin",2,"Marjorie McKercher","AD","Clive Kittson","ALP",2284,56.45,26621,45.28
"Curtin",2,"Marjorie McKercher","AD","Allan Rocher","Lib46",1762,43.55,32166,54.72
"Forrest",2,"Alfred Bussell","Ind","David Churches","ALP",1012,68.15,30655,46.72
"Forrest",2,"Alfred Bussell","Ind","Peter Drummond","Lib46",263,17.71,32339,49.28
"Forrest",2,"Alfred Bussell","Ind","Donald Stewart","AD",210,14.14,2626,4
"Forrest",3,"Donald Stewart","AD","David Churches","ALP",1230,46.84,31885,48.59
"Forrest",3,"Donald Stewart","AD","Peter Drummond","Lib46",1396,53.16,33735,51.41
"Fremantle",2,"Margo Condoleon","SWP","Maxwell Adams","Lib46",160,44.44,22185,32.43
"Fremantle",2,"Margo Condoleon","SWP","John Dawkins","ALP",97,26.94,43423,63.47
"Fremantle",2,"Margo Condoleon","SWP","Colin Hull","AD",62,17.22,1795,2.62
"Fremantle",2,"Margo Condoleon","SWP","Timothy Peach","SLL",41,11.39,1011,1.48
"Fremantle",3,"Timothy Peach","SLL","Maxwell Adams","Lib46",102,10.09,22287,32.58
"Fremantle",3,"Timothy Peach","SLL","John Dawkins","ALP",680,67.26,44103,64.46
"Fremantle",3,"Timothy Peach","SLL","Colin Hull","AD",229,22.65,2024,2.96
"Fremantle",4,"Colin Hull","AD","Maxwell Adams","Lib46",918,45.36,23205,33.92
"Fremantle",4,"Colin Hull","AD","John Dawkins","ALP",1106,54.64,45209,66.08
"Kalgoorlie",2,"Joseph Boschetti","Ind","Graeme Campbell","ALP",936,52.64,35779,58.13
"Kalgoorlie",2,"Joseph Boschetti","Ind","Douglas Krepp","Lib46",469,26.38,23538,38.24
"Kalgoorlie",2,"Joseph Boschetti","Ind","Blair Nancarrow","AD",373,20.98,2229,3.62
"Kalgoorlie",3,"Blair Nancarrow","AD","Graeme Campbell","ALP",1023,45.9,36802,59.8
"Kalgoorlie",3,"Blair Nancarrow","AD","Douglas Krepp","Lib46",1206,54.1,24744,40.2
"Moore",2,"Alan Needham","AD","Allen Blanchard","ALP",2019,49,44576,56.69
"Moore",2,"Alan Needham","AD","John Hyde","Lib46",2101,51,34053,43.31
"O'Connor",2,"Denis Kidby","AD","Kim Chance","ALP",617,29.31,19973,32.98
"O'Connor",2,"Denis Kidby","AD","James Ferguson","NPW",519,24.66,4205,6.94
"O'Connor",2,"Denis Kidby","AD","Brian Pearce","NPA",428,20.33,6427,10.61
"O'Connor",2,"Denis Kidby","AD","Wilson Tuckey","Lib46",541,25.7,29955,49.46
"O'Connor",3,"James Ferguson","NPW","Kim Chance","ALP",829,19.71,20802,34.35
"O'Connor",3,"James Ferguson","NPW","Brian Pearce","NPA",2600,61.83,9027,14.91
"O'Connor",3,"James Ferguson","NPW","Wilson Tuckey","Lib46",776,18.45,30731,50.74
"O'Connor",4,"Brian Pearce","NPA","Kim Chance","ALP",1823,20.19,22625,37.36
"O'Connor",4,"Brian Pearce","NPA","Wilson Tuckey","Lib46",7204,79.81,37935,62.64
"Perth",2,"Geoffrey Syme","AD","Ric Charlesworth","ALP",948,53.56,35056,56.19
"Perth",2,"Geoffrey Syme","AD","Ross McLean","Lib46",822,46.44,27332,43.81
"Stirling",2,"Maria Phillips","AD","Ron Edwards","ALP",1557,57.77,37385,56.9
"Stirling",2,"Maria Phillips","AD","Ian Viner","Lib46",1138,42.23,28319,43.1
"Swan",2,"Linda Mere","SWP","Kim Beazley","ALP",278,44.77,39186,63.19
"Swan",2,"Linda Mere","SWP","Jeffrey Roberts","Lib46",213,34.3,20038,32.31
"Swan",2,"Linda Mere","SWP","Kevin Trent","AD",130,20.93,2792,4.5
"Swan",3,"Kevin Trent","AD","Kim Beazley","ALP",1403,50.25,40589,65.45
"Swan",3,"Kevin Trent","AD","Jeffrey Roberts","Lib46",1389,49.75,21427,34.55
"Tangney",2,"Bronwen Beachey","SWP","George Gear","ALP",910,73.62,35809,50.68
"Tangney",2,"Bronwen Beachey","SWP","Ronald Murray","AD",195,15.78,2901,4.11
"Tangney",2,"Bronwen Beachey","SWP","Peter Shack","Lib46",131,10.6,31942,45.21
"Tangney",3,"Ronald Murray","AD","George Gear","ALP",1590,54.81,37399,52.93
"Tangney",3,"Ronald Murray","AD","Peter Shack","Lib46",1311,45.19,33253,47.07
"Bass",2,"Richard Hutchison","Ind","Nick Goldie","AD",724,38.43,4015,7.55
"Bass",2,"Richard Hutchison","Ind","John McDonald","ALP",682,36.2,20272,38.1
"Bass",2,"Richard Hutchison","Ind","Kevin Newman","Lib46",478,25.37,28926,54.36
"Bass",3,"Nick Goldie","AD","John McDonald","ALP",3296,82.09,23568,44.29
"Bass",3,"Nick Goldie","AD","Kevin Newman","Lib46",719,17.91,29645,55.71
"Braddon",2,"Greg Sargent","AD","Lance Fee","ALP",1090,62.97,19106,37.54
"Braddon",2,"Greg Sargent","AD","Ray Groom","Lib46",641,37.03,31784,62.46
"Denison",2,"Leica Wagner","SWP","Michael Hodgman","Lib46",54,13.3,28522,54.54
"Denison",2,"Leica Wagner","SWP","Kathy Smith","ALP",217,53.45,21897,41.87
"Denison",2,"Leica Wagner","SWP","Harvey Wallace-Williams","AD",135,33.25,1878,3.59
"Denison",3,"Harvey Wallace-Williams","AD","Michael Hodgman","Lib46",482,25.67,29004,55.46
"Denison",3,"Harvey Wallace-Williams","AD","Kathy Smith","ALP",1396,74.33,23293,44.54
"Franklin",2,"David Mazengarb","SWP","Fran Bladel","ALP",88,31.65,24666,44.83
"Franklin",2,"David Mazengarb","SWP","Bruce Goodluck","Lib46",53,19.06,28867,52.46
"Franklin",2,"David Mazengarb","SWP","John Thompson","AD",137,49.28,1494,2.72
"Franklin",3,"John Thompson","AD","Fran Bladel","ALP",891,59.64,25557,46.44
"Franklin",3,"John Thompson","AD","Bruce Goodluck","Lib46",603,40.36,29470,53.56
"Wilmot",2,"Bill Chugg","Ind","Max Burr","Lib46",345,49.15,28865,54.11
"Wilmot",2,"Bill Chugg","Ind","Liz Holloway","AD",225,32.05,1561,2.93
"Wilmot",2,"Bill Chugg","Ind","David Llewellyn","ALP",132,18.8,22915,42.96
"Wilmot",3,"Liz Holloway","AD","Max Burr","Lib46",612,39.21,29477,55.26
"Wilmot",3,"Liz Holloway","AD","David Llewellyn","ALP",949,60.79,23864,44.74
"Northern Territory",2,"Strider","Ind","Bill Cain","Ind",25,9.92,1157,2.59
"Northern Territory",2,"Strider","Ind","Pamela Gardiner","Ind",23,9.13,418,0.94
"Northern Territory",2,"Strider","Ind","Joy King","AD",51,20.24,1622,3.64
"Northern Territory",2,"Strider","Ind","John Reeves","ALP",94,37.3,20858,46.77
"Northern Territory",2,"Strider","Ind","Grant Tambling","CLP",59,23.41,20538,46.06
"Northern Territory",3,"Pamela Gardiner","Ind","Bill Cain","Ind",158,37.8,1315,2.95
"Northern Territory",3,"Pamela Gardiner","Ind","Joy King","AD",125,29.9,1747,3.92
"Northern Territory",3,"Pamela Gardiner","Ind","John Reeves","ALP",79,18.9,20937,46.95
"Northern Territory",3,"Pamela Gardiner","Ind","Grant Tambling","CLP",56,13.4,20594,46.18
"Northern Territory",4,"Bill Cain","Ind","Joy King","AD",1003,76.27,2750,6.17
"Northern Territory",4,"Bill Cain","Ind","John Reeves","ALP",181,13.76,21118,47.36
"Northern Territory",4,"Bill Cain","Ind","Grant Tambling","CLP",131,9.96,20725,46.48
"Northern Territory",5,"Joy King","AD","John Reeves","ALP",2014,73.24,23132,51.87
"Northern Territory",5,"Joy King","AD","Grant Tambling","CLP",736,26.76,21461,48.13
"Canberra",2,"Joanne Hansen","DSPA","Gerard Brennan","Lib46",1309,59.74,23674,36.43
"Canberra",2,"Joanne Hansen","DSPA","Ros Kelly","ALP",882,40.26,41316,63.57
"Fraser",2,"Kevin Wise","Ind","Ken Fry","ALP",378,26.64,42133,66.2
"Fraser",2,"Kevin Wise","Ind","Liz Grant","Lib46",1041,73.36,19889,31.25
"Fraser",2,"Kevin Wise","Ind","Rohan Greenland","DSPA",0,0,1619,2.54
"Fraser",3,"Rohan Greenland","DSPA","Ken Fry","ALP",795,49.1,42928,67.45
"Fraser",3,"Rohan Greenland","DSPA","Liz Grant","Lib46",824,50.9,20713,32.55
