"Seat","Candidate","Party","Votes","Vote_perc"
"Barton","Thomas Ley","Nat",25070,43.69
"Barton","James Tully","ALP",32316,56.31
"Calare","Sir Neville Howse","Nat",22673,60.73
"Calare","James O'Donnell","ALP",14664,39.27
"Cook","Humphrey Earl","Nat",9197,24.51
"Cook","Edward Riley","ALP",28326,75.49
"Cowper","Earle Page","CP",27556,76.77
"Cowper","Tom Swiney","ALP",8336,23.23
"Dalley","Albert Gardiner","Ind ALP",5888,15.53
"Dalley","Hedley Rogers","Nat",7704,20.32
"Dalley","Ted Theodore","ALP",24328,64.16
"Darling","Arthur Blakeley","ALP",24056,70.92
"Darling","Frederick Drury","Nat",9862,29.08
"East Sydney","Julian Simpson","Nat",13994,41.59
"East Sydney","John West","ALP",19651,58.41
"Eden-Monaro","John Cusack","ALP",15590,42.42
"Eden-Monaro","John Perkins","Nat",21158,57.58
"Gwydir","Aubrey Abbott","CP",18959,52.34
"Gwydir","Lou Cunningham","ALP",17266,47.66
"Hume","William Fleming","CP",10797,27.3
"Hume","Jack Garry","Nat",7906,19.99
"Hume","Parker Moloney","ALP",20852,52.72
"Hunter","Jim Brown","Ind ALP",8073,17.72
"Hunter","Ernest Carr","Nat",9145,20.08
"Hunter","Rowley James","ALP",28331,62.2
"Lang","Sir Elliot Johnson","Nat",19082,46.54
"Lang","William Long","ALP",21918,53.46
"Macquarie","Ben Chifley","ALP",20155,54.87
"Macquarie","Arthur Manning","Nat",16577,45.13
"Martin","Percy Hannett","ALP",23631,43.12
"Martin","Graham Pratten","Nat",31166,56.88
"Newcastle","Walter Skelton","PLP22",20212,42.85
"Newcastle","David Watkins","ALP",26952,57.15
"North Sydney","Ben Howe","ALP",16736,33.83
"North Sydney","Billy Hughes","Nat",32734,66.17
"Parkes","Charles Marr","Nat",28798,57.43
"Parkes","George Sherringham","ALP",21343,42.57
"Parramatta","Eric Bowden","Nat",30867,60.1
"Parramatta","Albert Rowe","ALP",20492,39.9
"Reid","Percy Coleman","ALP",40495,66.11
"Reid","George Tomlinson","Nat",20761,33.89
"Riverina","Joseph Casserly","ALP",16538,42.5
"Riverina","William Killen","CP",22377,57.5
"South Sydney","George Baker","Nat",21874,45.77
"South Sydney","Edward Riley","ALP",25915,54.23
"Wentworth","Walter Marks","Nat",29639,61.52
"Wentworth","Bob O'Halloran","ALP",18539,38.48
"Werriwa","Bert Lazzarini","ALP",24842,61.72
"Werriwa","Herbert Ogilvie","Nat",15407,38.28
"West Sydney","Jack Beasley","ALP",25286,81.74
"West Sydney","Alfred Benjamin","Nat",5649,18.26
"Balaclava","Edward Price","Ind Nat",18651,36.84
"Balaclava","William Watt","Nat",31977,63.16
"Ballaarat","Matthew Baird","Nat",17616,47.43
"Ballaarat","Charles McGrath","ALP",19528,52.57
"Batman","Frank Brennan","ALP",37947,63.82
"Batman","Angus McDonald","Nat",21512,36.18
"Bendigo","Geoffry Hurry","Nat",14074,37.62
"Bendigo","Cyril James","CP",7489,20.02
"Bendigo","James McDonald","ALP",15849,42.36
"Bourke","Frank Anstey","ALP",36835,68.68
"Bourke","Leonard Smith","Nat",16797,31.32
"Corangamite","Richard Crouch","ALP",18211,47.04
"Corangamite","William Gibson","CP",20501,52.96
"Corio","John Lister","Nat",27497,58.51
"Corio","Peter Randles","ALP",19500,41.49
"Echuca","Frederick Churches","CPP28",15486,39.96
"Echuca","William Hill","CP",23265,60.04
"Fawkner","George Maxwell","Nat",25388,61.74
"Fawkner","Nicholas Roberts","ALP",15731,38.26
"Flinders","Stanley Bruce","Nat",34823,59.38
"Flinders","Jack Holloway","ALP",22372,38.15
"Flinders","Clarence Robertson","Ind",1447,2.47
"Gippsland","Thomas Paterson","CP",24100,57.73
"Gippsland","George Wise","Ind Lib22",17643,42.27
"Henty","Henry Gullett","Nat",45489,66.57
"Henty","Edward Stewart","ALP",22839,33.43
"Kooyong","Joseph Hannan","ALP",20124,33.48
"Kooyong","John Latham","Nat",39988,66.52
"Maribyrnong","Arthur Fenton","Nat",20765,40.1
"Maribyrnong","James Fenton","ALP",31022,59.9
"Melbourne","William Maloney","ALP",27532,74.43
"Melbourne","Norman O'Brien","Nat",9457,25.57
"Wannon","John McNeill","ALP",18807,47.23
"Wannon","Arthur Rodgers","Nat",21016,52.77
"Wimmera","John Harris","CP",18716,41.64
"Wimmera","Percy Stewart","CPP28",26227,58.36
"Yarra","Cecil Keeley","Nat",9618,25.24
"Yarra","James Scullin","ALP",28495,74.76
"Brisbane","Frank Burke","ALP",16500,43.35
"Brisbane","Donald Cameron","Nat",21563,56.65
"Capricornia","Frank Forde","ALP",23376,52.54
"Capricornia","Robert Staines","CP",21114,47.46
"Herbert","George Martens","ALP",25462,50.15
"Herbert","Lewis Nott","Nat",25308,49.85
"Kennedy","Grosvenor Francis","Nat",14336,52.37
"Kennedy","Jim Riordan","ALP",13041,47.63
"Maranoa","James Hunter","CP",16837,58.34
"Maranoa","Jack Reid","ALP",12024,41.66
"Oxley","Francis Baker","ALP",22579,46.27
"Oxley","James Bayley","Nat",26223,53.73
"Adelaide","George McLeay","Nat",16114,44.12
"Adelaide","Edwin Yates","ALP",20410,55.88
"Angas","Walter Parsons","Nat",25372,59.42
"Angas","Michael Woods","ALP",17325,40.58
"Barker","Malcolm Cameron","Nat",21883,52.63
"Barker","Ronald Hunt","CP",19699,47.37
"Boothby","Jack Duncan-Hughes","Nat",20582,49.9
"Boothby","John Price","ALP",20666,50.1
"Grey","William Blight","Nat",14174,44.19
"Grey","Andrew Lacey","ALP",17904,55.81
"Hindmarsh","Henry Dunks","Nat",8748,18.59
"Hindmarsh","Ross Graham","Ind",5081,10.79
"Hindmarsh","Norman Makin","ALP",33241,70.62
"Wakefield","Maurice Collins","CP",18813,59.6
"Wakefield","Richard Foster","Nat",12755,40.4
"Forrest","Cornelius Buckley","ALP",14049,39.56
"Forrest","John Prowse","CP",21463,60.44
"Fremantle","John Curtin","ALP",19433,49.16
"Fremantle","Frank Gibson","Nat",11402,28.84
"Fremantle","Keith Watson","Ind",8697,22
"Perth","John McCoo","Ind",1499,4.21
"Perth","Edward Mann","Nat",22002,61.83
"Perth","Arthur Watts","ALP",12082,33.95
"Bass","David Jackson","Nat",5991,29.63
"Bass","William Judd","Nat",5606,27.73
"Bass","Thomas Wilson","ALP",8621,42.64
"Darwin","George Bell","Nat",14880,71.91
"Darwin","James Campbell","Ind",5813,28.09
"Denison","Charles Culley","ALP",7824,39.26
"Denison","Sir John Gellibrand","Nat",9486,47.6
"Denison","Thomas Jude","ALP",2618,13.14
"Franklin","Francis Foster","Nat",2195,10.71
"Franklin","William McWilliams","Ind",9121,44.52
"Franklin","Alfred Seabrook","Nat",9173,44.77
"Wilmot","Llewellyn Atkinson","Nat",7791,43.32
"Wilmot","George Flowers","Ind",6534,36.33
"Wilmot","Hector McFie","Nat",3658,20.34
"Northern Territory","Arthur Love","Ind ALP",173,13.06
"Northern Territory","Harold Nelson","ALP",902,68.08
"Northern Territory","Douglas Watts","Ind",250,18.87
