"Seat","Candidate","Party","Votes","Vote_perc"
"Barrier","John Dunstan","Ind Prot",1367,18.02
"Barrier","Josiah Thomas","ALP",6217,81.98
"Bland","John Longmuir","FT",3854,44.64
"Bland","Chris Watson","ALP",4779,55.36
"Cowper","Francis Clarke","Prot",4384,37.03
"Cowper","Henry Lee","FT",7456,62.97
"Dalley","Selina Anderson","Ind Prot",3036,17.74
"Dalley","William Burns","Ind Prot",1263,7.38
"Dalley","William Wilks","FT",12814,74.88
"Darling","Denis Acton","FT",2263,41.82
"Darling","William Spence","ALP",3148,58.18
"East Sydney","Robert Peel","Prot",799,6.05
"East Sydney","George Reid","FT",8103,61.34
"East Sydney","Thomas Thrower","ALP",4308,32.61
"Gwydir","Robert Barton","Ind Prot",1302,15.84
"Gwydir","James Macarthur-Onslow","FT",2522,30.68
"Gwydir","William Webster","ALP",4395,53.47
"Hume","Sir William Lyne","Prot",7113,59.96
"Hume","Francis McLean","FT",4749,40.04
"Hunter","Frank Liddell","FT",7697,59.29
"Hunter","Arthur Rae","ALP",1044,8.04
"Hunter","James Waller","Ind Prot",4241,32.67
"Lang","William Cullam","Ind FT",5552,26.74
"Lang","Elliot Johnson","FT",10527,50.7
"Lang","Tom Keegan","ALP",3042,14.65
"Lang","Thomas Roseby","Prot",1642,7.91
"Macquarie","William Sandford","Prot",5450,45.95
"Macquarie","Sydney Smith","FT",6410,54.05
"Newcastle","Richard Bowles","FT",5899,37.48
"Newcastle","David Watkins","ALP",9839,62.52
"New England","Edmund Lonsdale","FT",6921,51.87
"New England","William Sawers","Prot",6423,48.13
"Parkes","Edward Beeby","Ind FT",216,1.02
"Parkes","Charles Dyer","ALP",3876,18.36
"Parkes","Varney Parkes","Ind FT",1318,6.24
"Parkes","Hampton Slatyer","Ind FT",90,0.43
"Parkes","Bruce Smith","FT",15610,73.95
"Parramatta","Joseph Cook","FT",10097,80.12
"Parramatta","John Strachan","Ind Prot",2506,19.88
"Richmond","Reginald Atkinson","FT",2296,27.36
"Richmond","Thomas Ewing","Prot",6096,72.64
"Riverina","Robert Blackwood","FT",4341,50.03
"Riverina","John Chanter","Prot",4336,49.97
"Robertson","William Wall","Ind Prot",3212,36.48
"Robertson","Henry Willis","FT",5592,63.52
"South Sydney","George Edwards","FT",9662,55.99
"South Sydney","Edward Riley","ALP",7596,44.01
"Wentworth","John Dalley","Prot",5459,28.21
"Wentworth","Willie Kelly","FT",13894,71.79
"Werriwa","Arthur Barrett","ALP",2976,31.26
"Werriwa","Alfred Conroy","FT",6545,68.74
"West Sydney","Billy Hughes","ALP",7272,69.92
"West Sydney","Edward Warren","FT",3129,30.08
"Bendigo","Cyril James","FT",2650,18.44
"Bendigo","Sir John Quick","Prot",6020,41.88
"Bendigo","David Smith","ALP",5704,39.68
"Bourke","James Hume Cook","Prot",8657,52.18
"Bourke","Martin Hannah","ALP",7933,47.82
"Corangamite","Desmond Dunne","Ind Prot",4036,30.84
"Corangamite","Gratton Wilson","FT",4600,35.15
"Corangamite","John Woods","Ind Prot",1484,11.34
"Corangamite","Agar Wynne","Prot",2968,22.68
"Corio","Richard Crouch","Prot",6951,45.48
"Corio","Donald Macdonald","FT",5623,36.79
"Corio","John Reed","ALP",2709,17.73
"Echuca","James McColl","Prot",5511,63.35
"Echuca","Henry Williams","FT",3188,36.65
"Flinders","James Gibb","FT",5194,36.26
"Flinders","Arthur Nichols","Prot",3917,27.35
"Flinders","Louis Smith","Ind Prot",2242,15.65
"Flinders","Arthur Wilson","ALP",2971,20.74
"Grampians","Albert Andrews","Ind ALP",722,6.83
"Grampians","Patrick McGrath","ALP",2735,25.86
"Grampians","Archibald Ritchie","Prot",3285,31.06
"Grampians","Thomas Skene","FT",3836,36.26
"Kooyong","Robert Barbour","Prot",10768,47.2
"Kooyong","William Knox","FT",12045,52.8
"Laanecoorie","David Bevan","FT",2358,25.39
"Laanecoorie","Carty Salmon","Prot",6930,74.61
"Melbourne","Sir Malcolm McEacharn","Prot",7756,50.25
"Melbourne","William Maloney","ALP",7679,49.75
"Melbourne Ports","Harry Foran","Ind ALP",443,2.55
"Melbourne Ports","James Mathews","ALP",7290,41.95
"Melbourne Ports","Samuel Mauger","Prot",9646,55.5
"Mernda","Robert Harper","Prot",5178,53.05
"Mernda","Frederick Hickford","FT",2807,28.76
"Mernda","Edward Hodges","Ind Prot",1776,18.19
"Moira","Thomas Kennedy","Prot",5385,53.98
"Moira","Albert Palmer","FT",4590,46.02
"Northern Melbourne","Henry Higgins","Prot",11595,70.31
"Northern Melbourne","Samuel Painter","Ind Prot",4897,29.69
"Southern Melbourne","Ernest Joske","Ind Prot",1066,5.61
"Southern Melbourne","Charles Monteith","Ind Prot",8282,43.58
"Southern Melbourne","James Ronald","ALP",9057,47.66
"Southern Melbourne","John Sloss","Ind Prot",600,3.16
"Wannon","Patrick Hogan","Prot",2318,18.92
"Wannon","Arthur Robinson","FT",5323,43.45
"Wannon","Thomas White","ALP",4611,37.63
"Wimmera","John Gray","Ind Prot",2011,24.03
"Wimmera","Max Hirsch","FT",3094,36.97
"Wimmera","Pharez Phillips","Prot",3263,38.99
"Yarra","Frank Tudor","ALP",13930,68.2
"Yarra","William Wilson","Prot",6496,31.8
"Brisbane","Millice Culpin","ALP",8019,46.79
"Brisbane","Thomas Macdonald-Paterson","Ind Prot",1799,10.5
"Brisbane","William Morse","NLU",7321,42.72
"Capricornia","George Curtis","NLU",3725,30.47
"Capricornia","Thomas Ryan","Ind Prot",2435,19.92
"Capricornia","David Thomson","ALP",6065,49.61
"Herbert","Fred Bamford","ALP",8965,57.79
"Herbert","William White","NLU",6549,42.21
"Kennedy","Frederick Johnson","NLU",3493,30.31
"Kennedy","Charles McDonald","ALP",8031,69.69
"Maranoa","Daniel Leahy","NLU",2390,24.99
"Maranoa","Jim Page","ALP",7173,75.01
"Moreton","George Harrison","NLU",5508,44.24
"Moreton","James Wilkinson","Ind ALP",6941,55.76
"Oxley","Richard Edwards","NLU",8846,52.32
"Oxley","William Reinhold","ALP",8062,47.68
"Wide Bay","Andrew Fisher","ALP",10622,61.21
"Wide Bay","George Stupart","NLU",6730,38.79
"Boothby","Lee Batchelor","ALP",5775,54.6
"Boothby","Vaiben Solomon","FT",4802,45.4
"Hindmarsh","James Hutchison","ALP",6003,66.68
"Hindmarsh","James Shaw","Prot",3000,33.32
"Fremantle","William Carpenter","ALP",3439,61.27
"Fremantle","Elias Solomon","FT",2174,38.73
"Kalgoorlie","Charles Frazer","ALP",5820,66.64
"Kalgoorlie","John Kirwan","FT",2913,33.36
"Perth","James Fowler","ALP",4248,72.75
"Perth","Harry Venn","FT",1591,27.25
"Bass","William Hartnoll","FT",3124,43.29
"Bass","David Storrer","Prot",4092,56.71
"Darwin","James Brickhill","Prot",4354,48.98
"Darwin","James Gaffney","Ind",53,0.6
"Darwin","King O'Malley","ALP",4483,50.43
"Denison","Norman Cameron","FT",3630,43.45
"Denison","Sir Philip Fysh","Prot",3661,43.82
"Denison","Andrew Kirk","ALP",1064,12.73
"Franklin","William Clifford","RT",785,14.67
"Franklin","Wentworth Hardy","Ind",320,5.98
"Franklin","Russell Macnaghten","FT",1485,27.75
"Franklin","William McWilliams","RT",1986,37.11
"Franklin","Henry Tinning","RT",775,14.48
"Wilmot","Sir Edward Braddon","FT",3313,54.89
"Wilmot","John Cheek","Prot",2723,45.11
