"Seat","Candidate","Party","Votes","Vote_perc"
"Barrier","Michael Considine","ALP",9710,49.93
"Barrier","Brian Doe","Nat",1004,5.16
"Barrier","William Montgomery","Ind Nat",8734,44.91
"Calare","Thomas Lavelle","ALP",12320,48.23
"Calare","Henry Pigott","Nat",13222,51.77
"Cook","James Catts","ALP",18101,64.45
"Cook","Richard Sleath","Nat",9985,35.55
"Dalley","Albert Lane","Nat",13352,46.03
"Dalley","William Mahony","ALP",15658,53.97
"Darling","Arthur Blakeley","ALP",11523,53.34
"Darling","William Spence","Nat",10081,46.66
"Eden-Monaro","John Bailey","ALP",9623,42.77
"Eden-Monaro","Austin Chapman","Nat",12879,57.23
"Gwydir","Cecil Last","ALP",10239,43.54
"Gwydir","William Webster","Nat",13275,56.46
"Hume","Robert Cruickshank","ALP",12732,48.14
"Hume","Franc Falkiner","Nat",13714,51.86
"Hunter","Matthew Charlton","ALP",13327,53.39
"Hunter","William Ferguson","Nat",11633,46.61
"Illawarra","George Burns","ALP",16243,45.7
"Illawarra","Hector Lamond","Nat",19301,54.3
"Lang","Percy Evans","ALP",14081,39.58
"Lang","Elliot Johnson","Nat",21495,60.42
"Macquarie","Ernest Carr","Nat",13557,49.98
"Macquarie","Samuel Nicholls","ALP",13566,50.02
"Nepean","Tom Arthur","ALP",14600,39.46
"Nepean","Richard Orchard","Nat",22402,60.54
"Newcastle","Arthur Griffith","Nat",12784,42.02
"Newcastle","David Watkins","ALP",17643,57.98
"Parkes","Mark Gosling","ALP",13982,34.6
"Parkes","Bruce Smith","Nat",26432,65.4
"Parramatta","Alfred Conroy","Ind",9551,26.22
"Parramatta","Joseph Cook","Nat",26869,73.78
"Richmond","Walter Massy-Greene","Nat",17732,75.22
"Richmond","John Steele","ALP",5843,24.78
"Riverina","John Chanter","Nat",14140,59.25
"Riverina","Arthur Williams","ALP",9726,40.75
"Robertson","William Fleming","Nat",12827,56.17
"Robertson","Eva Seery","ALP",10008,43.83
"South Sydney","Alick Kay","Nat",9898,36.72
"South Sydney","Edward Riley","ALP",17056,63.28
"Wentworth","Henrietta Greville","ALP",10437,31.54
"Wentworth","Willie Kelly","Nat",22653,68.46
"Werriwa","Jack Christopher","ALP",13071,47.23
"Werriwa","John Lynch","Nat",14607,52.77
"West Sydney","Gideon Gillespie","Nat",7389,33.51
"West Sydney","Con Wallace","ALP",14664,66.49
"Balaclava","Alfred Foster","ALP",11690,33.4
"Balaclava","William Watt","Nat",23308,66.6
"Batman","Frank Brennan","ALP",18868,60.93
"Batman","Frederick O'Neill","Nat",12098,39.07
"Bendigo","Alfred Hampson","ALP",12091,42.63
"Bendigo","Billy Hughes","Nat",16272,57.37
"Bourke","Frank Anstey","ALP",22814,54.52
"Bourke","Arthur May","Nat",19033,45.48
"Corangamite","Christopher Bennett","ALP",12067,39.57
"Corangamite","Chester Manifold","Nat",18432,60.43
"Corio","John Lister","Nat",18902,57.27
"Corio","Alfred Ozanne","ALP",14102,42.73
"Echuca","Albert Palmer","Nat",17585,60.73
"Echuca","Thomas Power","ALP",11371,39.27
"Fawkner","Joseph Hannan","ALP",15976,48.29
"Fawkner","Frank Henty","Ind",203,0.61
"Fawkner","George Maxwell","Nat",16907,51.1
"Flinders","Sir William Irvine","Nat",19398,61.15
"Flinders","David Russell","ALP",12322,38.85
"Gippsland","Thomas Holloway","ALP",8215,27.32
"Gippsland","George Wise","Nat",21851,72.68
"Grampians","John McDougall","ALP",11390,43.02
"Grampians","Carty Salmon","Nat",15089,56.98
"Henty","James Boyd","Nat",30119,70.63
"Henty","William Smith","ALP",12526,29.37
"Indi","John Leckie","Nat",16216,56.2
"Indi","Parker Moloney","ALP",12639,43.8
"Maribyrnong","James Fenton","ALP",20156,52.16
"Maribyrnong","Edmund Jowett","Nat",18483,47.84
"Melbourne","William Maloney","ALP",16871,60.25
"Melbourne","Reginald Tracey","Nat",11130,39.75
"Melbourne Ports","William Fozard","Nat",11557,33.75
"Melbourne Ports","James Mathews","ALP",22689,66.25
"Wannon","Egerton Holden","ALP",12888,45.24
"Wannon","Arthur Rodgers","Nat",15597,54.76
"Yarra","Charles Copeland","Nat",8993,28.68
"Yarra","Frank Tudor","ALP",22358,71.32
"Brisbane","William Finlayson","ALP",19571,50.02
"Brisbane","Alfred Plane","Nat",19556,49.98
"Capricornia","Robert Duncan","Nat",14153,47.66
"Capricornia","William Higgs","ALP",15544,52.34
"Darling Downs","Littleton Groom","Nat",17815,56.11
"Darling Downs","John Wilson","ALP",13937,43.89
"Herbert","Fred Bamford","Nat",18583,51.31
"Herbert","Eugene McKenna","ALP",17634,48.69
"Kennedy","Charles McDonald","ALP",15346,62.84
"Kennedy","Hubert Sizer","Nat",9076,37.16
"Lilley","Harald Jensen","ALP",14751,37.25
"Lilley","George Mackay","Nat",24844,62.75
"Maranoa","Jim Page","ALP",13850,54.83
"Maranoa","Herbert Yeates","Nat",11409,45.17
"Moreton","Robert Butler","ALP",16234,49.91
"Moreton","Hugh Sinclair","Nat",16292,50.09
"Oxley","James Bayley","Nat",21603,52.78
"Oxley","James Sharpe","ALP",19331,47.22
"Wide Bay","Edward Corser","Nat",15991,52.88
"Wide Bay","Frederick Martyn","ALP",14250,47.12
"Angas","Paddy Glynn","Nat",10031,50.84
"Angas","Sid O'Flaherty","ALP",9700,49.16
"Barker","John Livingston","Nat",16869,63.92
"Barker","Stanley Whitford","ALP",9522,36.08
"Boothby","John Gunn","ALP",11700,35.46
"Boothby","William Story","Nat",21293,64.54
"Grey","Thomas Lyons","ALP",9909,42.34
"Grey","Alexander Poynton","Nat",13495,57.66
"Hindmarsh","William Archibald","Nat",19174,55.82
"Hindmarsh","James Cavanagh","ALP",15177,44.18
"Wakefield","Richard Foster","Nat",13706,56.24
"Wakefield","Norman Makin","ALP",10663,43.76
"Dampier","Michael Costello","ALP",6144,28.64
"Dampier","Henry Gregory","Nat",15310,71.36
"Fremantle","Reginald Burchell","Nat",21773,68.85
"Fremantle","Jack Simons","ALP",9849,31.15
"Kalgoorlie","Edward Heitmann","Nat",11659,51.26
"Kalgoorlie","Hugh Mahon","ALP",11087,48.74
"Perth","James Fowler","Nat",18715,69.48
"Perth","Alexander Panton","ALP",8221,30.52
"Bass","Jens Jensen","Nat",9669,59.93
"Bass","James Mooney","ALP",6466,40.07
"Darwin","Charles Howroyd","Nat",9073,58.79
"Darwin","King O'Malley","ALP",6361,41.21
"Denison","William Laird Smith","Nat",10964,56.31
"Denison","Benjamin Watkins","ALP",8507,43.69
"Wilmot","Llewellyn Atkinson","Nat",7874,61.46
"Wilmot","Norman Cameron","Ind",590,4.61
"Wilmot","Christopher Sheedy","ALP",4240,33.09
"Wilmot","Louis Page","Ind",108,0.84
