"Seat","Candidate","Party","Votes","Vote_perc"
"Banks","Deborah Kirkman","Ind",2522,3.42
"Banks","Paul Davaris","CTA",1726,2.34
"Banks","Daryl Melham","ALP",40460,54.8
"Banks","Peter Farleigh","AD",2642,3.58
"Banks","Clive Taylor","Lib46",25634,34.72
"Banks","John Hay","Ind",846,1.15
"Barton","Phil White","Lib46",28066,37.87
"Barton","Gary Punch","ALP",41442,55.92
"Barton","Norm McGarry","Ind",545,0.74
"Barton","Troy Anderson","AD",1862,2.51
"Barton","Cathy Mudie","CTA",1118,1.51
"Barton","Paul Balding","Ind",365,0.49
"Barton","Ross Green","Ind",425,0.57
"Barton","Dafna O'Neill","NLP93",285,0.38
"Bennelong","John Howard","Lib46",37096,50.12
"Bennelong","Geoff Dalgleish","Ind",570,0.77
"Bennelong","John Dawson","Ind",1222,1.65
"Bennelong","Michael Roylance","NLP93",393,0.53
"Bennelong","Suzanne Reddy","AD",3910,5.28
"Bennelong","Monique Rotik","ALP",30826,41.65
"Berowra","Mick Gallagher","Ind",10828,14.5
"Berowra","Philip Ruddock","Lib46",41230,55.22
"Berowra","Timothy Carr","NLP93",1116,1.49
"Berowra","Sue Deane","ALP",21492,28.78
"Blaxland","Paul Keating","ALP",48446,69.4
"Blaxland","Linda Tenenbaum","Ind",413,0.59
"Blaxland","Peter Hennessy","AD",1388,1.99
"Blaxland","Trevor Carrick","CTA",804,1.15
"Blaxland","Jon Hillman","Ind",678,0.97
"Blaxland","Wilfred Kelvin","Ind",179,0.26
"Blaxland","Les Osmond","Lib46",16927,24.25
"Blaxland","Bob Reid","Ind",388,0.56
"Blaxland","Marcus Aussie-Stone","Ind",204,0.29
"Blaxland","Peter O'Neill","NLP93",378,0.54
"Bradfield","Simon Jeans","ALP",16610,22.36
"Bradfield","Mark Courtney-Holland","NLP93",1180,1.59
"Bradfield","Bob Springett","AD",4665,6.28
"Bradfield","David Connolly","Lib46",51822,69.77
"Calare","Brian Davis","Ind",2097,2.9
"Calare","Ron Penny","NPA",18787,26.01
"Calare","John Staal","Lib46",13376,18.52
"Calare","David Simmons","ALP",36830,51
"Calare","Robert Cianfranco","Ind",1130,1.56
"Charlton","Bob Brown","ALP",44680,60.9
"Charlton","John Baldwin","Ind",2216,3.02
"Charlton","Laurence Brewster","Lib46",19681,26.83
"Charlton","Ryan Wilson","Ind",780,1.06
"Charlton","Zdenek Kviz","NLP93",239,0.33
"Charlton","Mick Sandford","CTA",1273,1.74
"Charlton","Charley Sievers","Ind",516,0.7
"Charlton","Lyn Godfrey","AD",3976,5.42
"Chifley","F Ivor","Ind",2014,2.91
"Chifley","Jennifer Mackenzie","Lib46",14335,20.71
"Chifley","Roger Price","ALP",47123,68.06
"Chifley","Tom Kumar","Ind",622,0.9
"Chifley","Joe Bryant","EFF",4656,6.73
"Chifley","Yabu Bilyana","Ind",484,0.7
"Cook","Alex Elphinston","Ind",2300,3.12
"Cook","Noreen Solomon","ALP",29806,40.46
"Cook","Julie Atkinson","NLP93",530,0.72
"Cook","Tom Thompson","CAP",479,0.65
"Cook","Terri Richardson","AD",2212,3
"Cook","Don Dobie","Lib46",36524,49.58
"Cook","Warren Kinny","CTA",1813,2.46
"Cowper","Jillian Cranny","Grn",3191,4.68
"Cowper","Darrell Wallbridge","CAP",1714,2.51
"Cowper","Roy Forrester","NLP93",968,1.42
"Cowper","Nigel Gleeson","CEC",439,0.64
"Cowper","Garry Nehl","NPA",32772,48.05
"Cowper","Paul Sekfy","ALP",26670,39.1
"Cowper","Trevor Pike","AD",2448,3.59
"Cunningham","Daniela Reverberi","AD",2890,4.13
"Cunningham","Ralph Lynch","Lib46",18453,26.36
"Cunningham","Stephen Martin","ALP",41011,58.59
"Cunningham","Michael West","Ind",740,1.06
"Cunningham","Carole Medcalf","Grn",3300,4.71
"Cunningham","Meg Sampson","Ind",1932,2.76
"Cunningham","Robert O'Neill","CTA",1155,1.65
"Cunningham","Fred Misdom","NLP93",510,0.73
"Dobell","Bob Baldwin","Lib46",27654,40.14
"Dobell","Bob Hudson","Ind",2131,3.09
"Dobell","Brian Day","AD",2311,3.35
"Dobell","Michael Lee","ALP",36795,53.41
"Eden-Monaro","Tom Barry","NPA",5040,7.38
"Eden-Monaro","Jim Snow","ALP",32229,47.2
"Eden-Monaro","Norm Sanders","Ind",3934,5.76
"Eden-Monaro","Greg Doyle","Ind",694,1.02
"Eden-Monaro","Rob de Fegeley","Lib46",25929,37.98
"Eden-Monaro","Peter Fraser","NLP93",453,0.66
"Farrer","Tim Fischer","NPA",45447,65.44
"Farrer","Bill Higgins","ALP",20648,29.73
"Farrer","Ian McKenzie","AD",3354,4.83
"Fowler","Mark Stevens","Ind",5014,7.22
"Fowler","Greg Josling","Ind",1295,1.86
"Fowler","Nicholas Hyde","NLP93",832,1.2
"Fowler","Gloria Arora","Lib46",14525,20.91
"Fowler","Ted Grace","ALP",47794,68.81
"Gilmore","Bill Eddy","Lib46",27932,41.76
"Gilmore","May Leatch","Grn",3160,4.72
"Gilmore","Jeff Stanborough","Ind",925,1.38
"Gilmore","Greg Butler","AD",2312,3.46
"Gilmore","Ruth Devenney","Ind",475,0.71
"Gilmore","Rosemary Keighley","NLP93",151,0.23
"Gilmore","Max Atkins","NPA",3380,5.05
"Gilmore","Peter Knott","ALP",28559,42.69
"Grayndler","Kevin Robinson","Lib46",16761,23.17
"Grayndler","Peter Johnston","NLP93",485,0.67
"Grayndler","Paul Fitzgerald","Grn",4363,6.03
"Grayndler","Clay Wilson","CTA",625,0.86
"Grayndler","Lee Pepper","Ind",535,0.74
"Grayndler","Jack Shanahan","Ind",1394,1.93
"Grayndler","Peter Markham","AD",2012,2.78
"Grayndler","Jeannette McHugh","ALP",45605,63.06
"Grayndler","Marnie Kennedy","Ind",545,0.75
"Greenway","Ray Morris","Lib46",22470,32.15
"Greenway","John Jerrow","CTA",2091,2.99
"Greenway","Bill Clancy","AD",3215,4.6
"Greenway","Russ Gorman","ALP",41115,58.83
"Greenway","Ray Alsop","NLP93",1002,1.43
"Gwydir","John Anderson","NPA",40950,57.13
"Gwydir","Ted Stubbins","ALP",26916,37.55
"Gwydir","Jim Perrett","CAP",3809,5.31
"Hughes","June Young","AD",2798,3.95
"Hughes","Noel Short","Lib46",27075,38.23
"Hughes","Joanne Buckley","Ind",1054,1.49
"Hughes","Robert Tickner","ALP",36714,51.84
"Hughes","Carol Maher","NLP93",277,0.39
"Hughes","Colin Scott","CTA",1689,2.38
"Hughes","Sue Gunning","Ind",1211,1.71
"Hume","Dave Cox","Ind",2028,2.85
"Hume","Ian Buchanan","AD",1824,2.56
"Hume","Phil Archer","ALP",29773,41.79
"Hume","Stephen Ward","Lib46",13681,19.2
"Hume","John Sharp","NPA",23942,33.6
"Hunter","Robert Walker","NLP93",2004,2.82
"Hunter","Chris Barnes","Lib46",13637,19.19
"Hunter","Eric Fitzgibbon","ALP",43068,60.6
"Hunter","Bruce Crossing","NPA",12366,17.4
"Kingsford-Smith","Patricia Marsland","Lib46",22229,31.77
"Kingsford-Smith","Laurie Brereton","ALP",41383,59.15
"Kingsford-Smith","Warwick Dove","Ind",566,0.81
"Kingsford-Smith","Andrew Larcos","AD",2509,3.59
"Kingsford-Smith","Murray Matson","Grn",2872,4.11
"Kingsford-Smith","Philip Pearson","NLP93",403,0.58
"Lindsay","Brian Grigg","CTA",3350,4.84
"Lindsay","Carolynn Bellantonio","Lib46",25326,36.61
"Lindsay","Ross Free","ALP",40509,58.55
"Lowe","Anthony Panzarino","Ind",1395,1.92
"Lowe","Peter Woods","Ind",1751,2.41
"Lowe","Peter Peterson","CTA",490,0.68
"Lowe","Erik Lowry","Ind",91,0.13
"Lowe","Richard Eager","NLP93",155,0.21
"Lowe","Erika Jones","AFI",717,0.99
"Lowe","Mary Easson","ALP",34463,47.51
"Lowe","Jeff Meikle","AD",1092,1.51
"Lowe","Kate Cummings","Ind",410,0.57
"Lowe","Bob Woods","Lib46",30151,41.56
"Lowe","Bruce Threlfo","Grn",1827,2.52
"Lyne","Dennis Driver","ALP",28424,40.63
"Lyne","Mark Vaile","NPA",18670,26.69
"Lyne","Marje Rowsell","EFF",2247,3.21
"Lyne","John Barrett","Lib46",18668,26.68
"Lyne","John Stokes","AD",1949,2.79
"Macarthur","Ron Forrester","Lib46",30647,44.56
"Macarthur","Peter Gadsby","Ind",2478,3.6
"Macarthur","Herb Bethune","Ind",3660,5.32
"Macarthur","Chris Haviland","ALP",31990,46.51
"Mackellar","Charles Wild","ALP",24126,33.23
"Mackellar","Jim Carlton","Lib46",41100,56.61
"Mackellar","Brian Johnson","AD",5139,7.08
"Mackellar","Valdamar Kurylenko","NLP93",981,1.35
"Mackellar","Lesley Maher","CTA",1253,1.73
"Macquarie","Jon Rickard","AD",4621,6.65
"Macquarie","Alasdair Webster","Lib46",30809,44.36
"Macquarie","Petar Ivanovski","Grn",2633,3.79
"Macquarie","Roger Fay","NLP93",347,0.5
"Macquarie","Garth Hutchinson","Ind",1531,2.2
"Macquarie","Maggie Deahm","ALP",29504,42.49
"Mitchell","Roger Posgate","AD",3664,5.43
"Mitchell","Charles Anderson","CAP",1005,1.49
"Mitchell","Alan Cadman","Lib46",43819,64.89
"Mitchell","Julie Kanaghines","ALP",19036,28.19
"Newcastle","James Whelan","Grn",5349,7.35
"Newcastle","Greg Baines","AD",2109,2.9
"Newcastle","Allan Morris","ALP",41268,56.67
"Newcastle","Glenn Turner","Lib46",20030,27.51
"Newcastle","Jim Kendall","CTA",762,1.05
"Newcastle","Ivan Welsh","Ind",2658,3.65
"Newcastle","Lewina Jackson","Ind",354,0.49
"Newcastle","Frank Blefari","Ind",292,0.4
"New England","Chris Watt","ALP",24268,34.21
"New England","Glen Hausfield","Ind",1570,2.21
"New England","Ian Sinclair","NPA",37386,52.7
"New England","Warren Woodgate","Ind",7717,10.88
"North Sydney","Stuart Carraill","Ind",877,1.17
"North Sydney","Richard Elstone","ALP",12759,16.99
"North Sydney","Bruce McNeilly","Lib46",34490,45.94
"North Sydney","Ted Mack","Ind",26535,35.34
"North Sydney","Ian Stokes","NLP93",422,0.56
"Page","Rhondda O'Neill","Ind",2446,3.32
"Page","Malcolm Marshall","Lib46",12732,17.31
"Page","Deborah Inglis","AD",985,1.34
"Page","Elle Fikke","Grn",1766,2.4
"Page","Mike Emerson","NPA",21206,28.83
"Page","Antoinette Perry","NLP93",134,0.18
"Page","Ros Irwin","Ind",2890,3.93
"Page","Harry Woods","ALP",30772,41.83
"Page","Lindsay Olen","CAP",377,0.51
"Page","Graeme Lean","Ind",259,0.35
"Parkes","Noel Plumb","AD",2333,3.11
"Parkes","Terrence Seton","Ind",2183,2.91
"Parkes","David McLennan","NLP93",722,0.96
"Parkes","Barry Brebner","ALP",34160,45.52
"Parkes","Michael Cobb","NPA",35649,47.5
"Parramatta","Sam Papadopoulos","Ind",1887,2.6
"Parramatta","Rodney Forshaw","NLP93",431,0.59
"Parramatta","John Shields","CTA",1044,1.44
"Parramatta","Max Rawnsley","Lib46",30681,42.21
"Parramatta","Bill Rosier","AD",2399,3.3
"Parramatta","John Wilson","CAP",458,0.63
"Parramatta","Paul Elliott","ALP",35793,49.24
"Paterson","Alan McDonald","NLP93",810,1.17
"Paterson","Bernadette Smith","Grn",1981,2.85
"Paterson","Rodger Riach","AD",1396,2.01
"Paterson","Bob Roberts","Lib46",24510,35.27
"Paterson","Ron Franks","CAP",421,0.61
"Paterson","Bernie Neville","Ind",1295,1.86
"Paterson","Bruce MacKenzie","Ind",1348,1.94
"Paterson","Bob Horne","ALP",33012,47.5
"Paterson","Gary Watson","NPA",4719,6.79
"Prospect","Dick Pike","AD",3044,4.52
"Prospect","Reg Paling","NLP93",397,0.59
"Prospect","Paul Newton","Lib46",17593,26.11
"Prospect","Alan Byers","Ind",757,1.12
"Prospect","Sue Bull","Ind",763,1.13
"Prospect","Janice Crosio","ALP",44039,65.37
"Prospect","Norman Byleveld","Ind",777,1.15
"Reid","Eyup Guner","Lib46",19711,27.9
"Reid","Jennifer Long","Grn",1524,2.16
"Reid","Carmel Emtage","Ind",1942,2.75
"Reid","Paul Locke","Ind",1098,1.55
"Reid","Laurie Ferguson","ALP",45714,64.71
"Reid","Stephen Doric","NLP93",660,0.93
"Richmond","Neville Newell","ALP",30418,44.21
"Richmond","Larry Anthony","NPA",17700,25.73
"Richmond","Hugh Ermacora","Ind",812,1.18
"Richmond","Eddy Kemp","AD",1536,2.23
"Richmond","Fred Crooks","CAP",261,0.38
"Richmond","Christopher McIlwrath","Ind",230,0.33
"Richmond","Moira Grayndler","NLP93",155,0.23
"Richmond","Josephine Faith","Grn",3167,4.6
"Richmond","Bruce Francis","Lib46",14521,21.11
"Riverina","Margaret ter Haar","NLP93",847,1.16
"Riverina","Noel Hicks","NPA",28177,38.47
"Riverina","Pat Brassil","ALP",24606,33.59
"Riverina","Bill Heffernan","Lib46",17386,23.74
"Riverina","Paul Meredith","Ind",2233,3.05
"Robertson","Frank Walker","ALP",34275,50.15
"Robertson","Glenice Griffiths","AD",3311,4.84
"Robertson","Mike Gallacher","Lib46",28226,41.3
"Robertson","Bryan Ellis","Grn",2218,3.25
"Robertson","Beth Eager","NLP93",310,0.45
"Shortland","Laurie Coghlan","Lib46",20082,28.87
"Shortland","Terry Cook","Ind",737,1.06
"Shortland","Geoff Payne","Ind",329,0.47
"Shortland","Brett Randall","NLP93",413,0.59
"Shortland","Ivan Morrow","CTA",1113,1.6
"Shortland","Peter Morris","ALP",43012,61.84
"Shortland","Michael Reckenberg","AD",3864,5.56
"Sydney","Margaret Gleeson","Ind",1914,2.69
"Sydney","James Fisher","Lib46",18493,25.98
"Sydney","Bob Dawson","AD",2805,3.94
"Sydney","Mark Berriman","Grn",5513,7.75
"Sydney","Donald O'Halloran","Ind",183,0.26
"Sydney","Peter Baldwin","ALP",41621,58.48
"Sydney","Bronia Hatfield","NLP93",639,0.9
"Throsby","Dragan Grijak","Ind",1124,1.66
"Throsby","Richard Barnes","NLP93",267,0.4
"Throsby","Brian Hughes","CTA",1458,2.16
"Throsby","Karla Sperling","Grn",2838,4.2
"Throsby","Rex Connor","RCL",7083,10.48
"Throsby","Margaret Perrott","Ind",657,0.97
"Throsby","David Hughes","AFI",1015,1.5
"Throsby","Colin Hollis","ALP",39476,58.44
"Throsby","Peter Josevski","Lib46",11394,16.87
"Throsby","Tom Hadley","AD",2242,3.32
"Warringah","Steve Cannane","ALP",24690,33.8
"Warringah","Catherine Knowles","NLP93",1502,2.06
"Warringah","Hugh Walker","Ind",2762,3.78
"Warringah","Simon Disney","AD",3112,4.26
"Warringah","Michael MacKellar","Lib46",40983,56.1
"Watson","Col Harding","EFF",2499,3.57
"Watson","Bernard O'Bree","Lib46",21330,30.46
"Watson","Leo McLeay","ALP",41701,59.56
"Watson","Brian Meyer","Ind",721,1.03
"Watson","George Tsirkas","Ind",952,1.36
"Watson","Amelia Newman","AD",2457,3.51
"Watson","M. Chaplin","NLP93",355,0.51
"Wentworth","John Hewson","Lib46",38850,52.67
"Wentworth","Armon Hicks","AD",2055,2.79
"Wentworth","Ben Oquist","Grn",4350,5.9
"Wentworth","Paul Pearce","ALP",27156,36.81
"Wentworth","Susan Durovic","Ind",598,0.81
"Wentworth","Zanny Begg","Ind",253,0.34
"Wentworth","Patricia Boland","NLP93",503,0.68
"Werriwa","Julie Chamberlain","NLP93",2129,3.13
"Werriwa","Rick Lewis","Lib46",20722,30.5
"Werriwa","John Kerin","ALP",41725,61.4
"Werriwa","Peter Fraser","AD",3376,4.97
"Aston","Christine Chapman","CTA",1483,1.98
"Aston","Sue Craven","ALP",32904,44.04
"Aston","Andrew Parry","NLP93",617,0.83
"Aston","Peter Nugent","Lib46",36747,49.19
"Aston","Damian Wise","AD",2960,3.96
"Ballarat","Veronica Caven","NLP93",740,1.05
"Ballarat","Jodie Rickard","CTA",2618,3.71
"Ballarat","Rob de Caen","AD",1516,2.15
"Ballarat","Michael Ronaldson","Lib46",33478,47.47
"Ballarat","Geoffrey Hardy","Ind",1703,2.41
"Ballarat","Peter Devereux","ALP",30470,43.2
"Batman","Mabel Thrupp","Lib46",17503,24.61
"Batman","Geoff Carr","AD",2541,3.57
"Batman","Brian Howe","ALP",47974,67.45
"Batman","Gordana Simatkovich","Ind",490,0.69
"Batman","Nigel D'Souza","Ind",1908,2.68
"Batman","Joan Dickins","NLP93",708,1
"Bendigo","Joe Helper","ALP",33785,46.1
"Bendigo","Don Semmens","AD",2198,3
"Bendigo","Sharon Hill","NLP93",393,0.54
"Bendigo","Pamela Taylor","CTA",1717,2.34
"Bendigo","Bruce Reid","Lib46",33527,45.75
"Bendigo","Doug Harrison","Ind",330,0.45
"Bendigo","Julie Oberin","Ind",1335,1.82
"Bruce","Leslie Chandra","AD",3899,5.48
"Bruce","Beverley Williams","ALP",28986,40.74
"Bruce","Julian Beale","Lib46",37607,52.85
"Bruce","Nicolas Di Tempora","NLP93",665,0.93
"Burke","Ian Burrowes","CTA",1491,2.06
"Burke","Neil O'Keefe","ALP",40067,55.39
"Burke","Michael Dickens","NLP93",552,0.76
"Burke","Iain Ralph","AD",3180,4.4
"Burke","Stephen Mitchell","Lib46",27047,37.39
"Calwell","Dianne Livett","Lib46",21752,28.79
"Calwell","Veronica Rodenburg","Ind",1373,1.82
"Calwell","Rod Spencer","AFI",1013,1.34
"Calwell","Andrew Theophanous","ALP",48749,64.53
"Calwell","Sandy Price","NLP93",522,0.69
"Calwell","David Mackay","AD",2140,2.83
"Casey","Sam Ginsberg","AD",4574,6.21
"Casey","Robert Kendi","NLP93",1104,1.5
"Casey","Bob Halverson","Lib46",38716,52.55
"Casey","Julie Warren","ALP",29277,39.74
"Chisholm","Doug Johnston","AD",4620,6.41
"Chisholm","Gordon McCaskie","ALP",29998,41.63
"Chisholm","Richard Aldous","NLP93",1247,1.73
"Chisholm","Michael Wooldridge","Lib46",36198,50.23
"Corangamite","John Warnock","Ind",1231,1.72
"Corangamite","Bernard Eades","ALP",26199,36.69
"Corangamite","Stewart McArthur","Lib46",38133,53.4
"Corangamite","Greta Pearce","AD",2208,3.09
"Corangamite","Terry Winter","CTA",866,1.21
"Corangamite","Isaac Golden","NLP93",567,0.79
"Corangamite","Norm Powell","Ind",2203,3.09
"Corinella","Gary Nelson","NLP93",1494,1.91
"Corinella","Taylor Holst","AD",2224,2.84
"Corinella","Russell Broadbent","Lib46",33139,42.32
"Corinella","Predrag Pjanic","Ind",782,1
"Corinella","Alan Griffin","ALP",39194,50.05
"Corinella","Trudie Oldis","Ind",1482,1.89
"Corio","Mike Martorana","AD",3559,4.93
"Corio","John Tol","Lib46",28063,38.88
"Corio","Gavan O'Connor","ALP",38133,52.84
"Corio","Ian Winter","CTA",889,1.23
"Corio","Carol Smith","NLP93",450,0.62
"Corio","Aidan Bell","Ind",1076,1.49
"Deakin","William Backhouse","Ind",987,1.37
"Deakin","Robert Nieuwenhuis","NLP93",1060,1.47
"Deakin","Greg Adkins","ALP",31073,43.16
"Deakin","Ken Aldred","Lib46",34123,47.4
"Deakin","Alan Barron","CTA",1227,1.7
"Deakin","Peter Magart","AD",3519,4.89
"Dunkley","Bev Nelson","NLP93",2056,2.99
"Dunkley","Frank Ford","Lib46",31621,45.94
"Dunkley","Barrie Rowland-Hornblow","AD",2696,3.92
"Dunkley","Bob Chynoweth","ALP",32461,47.16
"Flinders","Jan Charlwood","NLP93",1636,2.36
"Flinders","Denise Hassert","ALP",27832,40.12
"Flinders","Malcolm Brown","AD",3167,4.57
"Flinders","Peter Reith","Lib46",36735,52.96
"Gellibrand","Nada Benson","Ind",2236,3.22
"Gellibrand","Ralph Willis","ALP",47968,69.11
"Gellibrand","Peter Sanko","CTA",570,0.82
"Gellibrand","Leon Staropoli","NLP93",585,0.84
"Gellibrand","Alan Parker","AD",2275,3.28
"Gellibrand","Chris Macgregor","Lib46",15779,22.73
"Gippsland","Judith Stone","ALP",21209,29.33
"Gippsland","Paul Van Baer","NLP93",445,0.62
"Gippsland","Bruce Phillips","Ind",1720,2.38
"Gippsland","Ben Buckley","Ind",3049,4.22
"Gippsland","Peter McGauran","NPA",43773,60.54
"Gippsland","Donal Storey","AD",2105,2.91
"Goldstein","Brian Gale","NLP93",1503,2.06
"Goldstein","Geoff Herbert","AD",3479,4.77
"Goldstein","Martin Pakula","ALP",28436,39.02
"Goldstein","James Ritchie","Ind",983,1.35
"Goldstein","David Kemp","Lib46",38474,52.79
"Higgins","Lesley Mendelson","NLP93",1740,2.4
"Higgins","Joe Cerritelli","ALP",25077,34.66
"Higgins","Peter Costello","Lib46",41501,57.36
"Higgins","Clive Jackson","AD",4040,5.58
"Holt","Barbara Lewis","Lib46",25016,36.78
"Holt","Paul Blackburn","NLP93",679,1
"Holt","Stephen Nedeljkovic","Ind",1347,1.98
"Holt","Michael Burns","AD",2457,3.61
"Holt","Michael Duffy","ALP",38518,56.63
"Hotham","Robert Hicks","Lib46",25308,35.3
"Hotham","Sue Phillips","Ind",876,1.22
"Hotham","Petar Pjesivac","Ind",765,1.07
"Hotham","Gabrielle De Wan","NLP93",482,0.67
"Hotham","Simon Crean","ALP",42514,59.3
"Hotham","Giancarlo Squillacciotti","AD",1743,2.43
"Indi","Jenny Luck","ALP",24475,34.36
"Indi","Jeannette Martin","NLP93",1317,1.85
"Indi","Lou Lieberman","Lib46",28951,40.65
"Indi","Philip Pullar","NPA",16483,23.14
"Isaacs","Judee Horin","NLP93",1458,2.06
"Isaacs","Kaylyn Raynor","AD",3546,5.01
"Isaacs","John McSwiney","ALP",30007,42.38
"Isaacs","Rod Atkinson","Lib46",35792,50.55
"Jagajaga","Chris Vassis","Ind",843,1.25
"Jagajaga","Richard Fitzherbert","Ind",260,0.38
"Jagajaga","Peter Staples","ALP",33881,50.14
"Jagajaga","Doreen O'Kane","CTA",436,0.65
"Jagajaga","Angela Walker","AFI",842,1.25
"Jagajaga","Eric Kirkwood","Ind",344,0.51
"Jagajaga","Alistair Urquhart","Lib46",27441,40.61
"Jagajaga","Bob West","AD",2137,3.16
"Jagajaga","Gary Foley","Ind",592,0.88
"Jagajaga","Sue Griffith","NLP93",795,1.18
"Kooyong","Andrew Peacock","Lib46",42363,61.13
"Kooyong","David Greagg","Ind",987,1.42
"Kooyong","David Zemdegs","AD",3780,5.45
"Kooyong","Wayne Clarke","ALP",20961,30.25
"Kooyong","Christine Harris","NLP93",1210,1.75
"Lalor","Anne Canterbury","Lib46",22400,30.39
"Lalor","Floyd Evans","NLP93",682,0.93
"Lalor","Barry Jones","ALP",47390,64.29
"Lalor","Anthony Golding","CTA",1126,1.53
"Lalor","Carla Stacey","AD",2113,2.87
"La Trobe","Bob Charles","Lib46",35306,48.17
"La Trobe","Peter Herbert","EFF",552,0.75
"La Trobe","Wolfgang Voigt","CTA",866,1.18
"La Trobe","Rebecca Wigney","Grn",3317,4.53
"La Trobe","Juliana Kendi","NLP93",436,0.59
"La Trobe","Raymond Jungwirth","AD",3106,4.24
"La Trobe","Geoff Pain","ALP",29715,40.54
"McEwen","Geoff Mosley","AD",3022,3.99
"McEwen","Peter Cleeland","ALP",34320,45.34
"McEwen","Harry Grey","Ind",2148,2.84
"McEwen","Julie Nihill","NLP93",655,0.87
"McEwen","Fran Bailey","Lib46",35549,46.96
"McMillan","David White","AD",2515,3.35
"McMillan","Barry Cunningham","ALP",34295,45.66
"McMillan","Glen Mann","Ind",540,0.72
"McMillan","Helen Hoppner","Ind",4385,5.84
"McMillan","Cathy Boschin","NLP93",428,0.57
"McMillan","John Riggall","Lib46",32939,43.86
"Mallee","John Zigouras","ALP",19510,26.52
"Mallee","Adrian Kidd","Lib46",23894,32.48
"Mallee","Christopher Stear","AD",1840,2.5
"Mallee","John Forrest","NPA",27708,37.66
"Mallee","Andrew Lawson Kerr","NLP93",617,0.84
"Maribyrnong","Maureen Hopper","Lib46",21146,29.19
"Maribyrnong","George Marinkovic","Ind",1126,1.55
"Maribyrnong","John Bell","NLP93",614,0.85
"Maribyrnong","Alan Griffiths","ALP",47161,65.09
"Maribyrnong","Frances McKay","AD",2407,3.32
"Melbourne","Lindsay Tanner","ALP",47958,65.73
"Melbourne","Di Quin","Ind",1955,2.68
"Melbourne","James Ferrari","Ind",394,0.54
"Melbourne","Larry Clarke","NLP93",765,1.05
"Melbourne","Elvie Sievers","Ind",1348,1.85
"Melbourne","Stevan Ivanov","Ind",281,0.39
"Melbourne","Dias Cooper","AD",2756,3.78
"Melbourne","Riza Kozanoglu","Lib46",17507,23.99
"Melbourne Ports","Andrew Colbert","Ind",2291,3.21
"Melbourne Ports","Clyde Holding","ALP",34751,48.65
"Melbourne Ports","Christine Craik","Ind",1276,1.79
"Melbourne Ports","Caroline Hockley","NLP93",678,0.95
"Melbourne Ports","Helen Friedmann","Lib46",29817,41.74
"Melbourne Ports","Beverley Broadbent","AD",2614,3.66
"Menzies","Kevin Andrews","Lib46",40200,57.37
"Menzies","Peter De Angelis","ALP",26154,37.32
"Menzies","John Dobinson","AD",2955,4.22
"Menzies","Denis Quinlan","NLP93",762,1.09
"Murray","John Sheen","ALP",19555,26.59
"Murray","Sonia Hyland","NLP93",781,1.06
"Murray","Allan Thomson","AD",2027,2.76
"Murray","Dennis Lacey","Ind",1678,2.28
"Murray","Bruce Lloyd","NPA",49506,67.31
"Scullin","Don Veitch","CEC",1027,1.37
"Scullin","Jordan Grujovski","Ind",874,1.17
"Scullin","Harry Jenkins","ALP",46672,62.33
"Scullin","Barbara Smith","Lib46",20988,28.03
"Scullin","John Georgievski","AD",2259,3.02
"Scullin","John Siddons","Ind",2648,3.54
"Scullin","Neil Phillips","NLP93",412,0.55
"Wannon","Richard Morrow","ALP",26846,36.47
"Wannon","John Philpot","Ind",1963,2.67
"Wannon","Les Hemingway","Ind",1234,1.68
"Wannon","Yasmin Horsham","NLP93",462,0.63
"Wannon","Donald Anderson","AD",1534,2.08
"Wannon","David Hawker","Lib46",40819,55.46
"Wannon","David Wilson","Ind",746,1.01
"Wills","Robert Stone","AD",1474,2.09
"Wills","Katheryne Savage","Ind",652,0.93
"Wills","Cecil G. Murgatroyd","Ind",219,0.31
"Wills","Ken Mantell","Ind",271,0.38
"Wills","Bill Kardamitsis","ALP",29499,41.88
"Wills","John Price","NLP93",212,0.3
"Wills","Phil Cleary","Ind",20721,29.42
"Wills","Jack Minas","Lib46",17386,24.68
"Bowman","Frank Bickle","Grn",2674,3.78
"Bowman","Con Sciacca","ALP",35927,50.84
"Bowman","Debra Wardle","Lib46",24700,34.95
"Bowman","Murray Henman","AD",2714,3.84
"Bowman","Nigel Marsh","NPA",3009,4.26
"Bowman","Richard May","Ind",574,0.81
"Bowman","Mark McLaren","Ind",301,0.43
"Bowman","Kevin Hendstock","CAP",551,0.78
"Bowman","Bill Wheeler","Ind",214,0.3
"Brisbane","Kerri Kellett","AD",4166,5.6
"Brisbane","Neil Ennis","Lib46",26717,35.93
"Brisbane","Mariusz Chojnacki","Ind",239,0.32
"Brisbane","Susan Price","Ind",951,1.28
"Brisbane","Valerie Thurlow","NLP93",274,0.37
"Brisbane","Tom Veivers","Ind",1949,2.62
"Brisbane","Lou Gugenberger","Grn",2484,3.34
"Brisbane","Robert Doring","CAP",452,0.61
"Brisbane","Arch Bevis","ALP",34917,46.96
"Brisbane","Justin Choveaux","NPA",1663,2.24
"Brisbane","M. P. Gibson","Ind",545,0.73
"Capricornia","Margaret Goody","NPA",16243,21.57
"Capricornia","Cameron Smyth","Ind",322,0.43
"Capricornia","Keith Wright","Ind",4472,5.94
"Capricornia","Chris Alroe","Lib46",12807,17.01
"Capricornia","Jim Rundle","Ind",5308,7.05
"Capricornia","Bob Muir","Grn",1259,1.67
"Capricornia","Marjorie Henzell","ALP",30766,40.86
"Capricornia","Bevan Tull","AIP",240,0.32
"Capricornia","Fay Lawrence","AD",1673,2.22
"Capricornia","David Bridgeman","Ind",363,0.48
"Capricornia","Mavis Hinton","CAP",1835,2.44
"Dawson","Ray Braithwaite","NPA",29209,38.71
"Dawson","Ian Fox","Grn",1795,2.38
"Dawson","Bob McCulloch","CAP",6838,9.06
"Dawson","Michelle MacNevin","Ind",597,0.79
"Dawson","Frank Gilbert","ALP",28954,38.38
"Dawson","John Mansell","Lib46",5545,7.35
"Dawson","Steve Quadrio","AD",1884,2.5
"Dawson","Neil Heiniger","Ind",625,0.83
"Dickson","Desiree Mahoney","Grn",3746,5.53
"Dickson","Leonard Matthews","Ind",174,0.26
"Dickson","Glen Spicer","AD",1508,2.23
"Dickson","Trevor St Baker","NPA",6921,10.21
"Dickson","Alan Bawden","Ind",333,0.49
"Dickson","Mal Beard","CAP",1883,2.78
"Dickson","Bruce Flegg","Lib46",22738,33.56
"Dickson","Michael Lavarch","ALP",29515,43.56
"Dickson","Michael Darby","Ind",939,1.39
"Fadden","Harry Darville","Grn",3020,4.47
"Fadden","Iona Abrahamson","NPA",3200,4.74
"Fadden","Joe Ross","CAP",1010,1.5
"Fadden","Peter Eldon","ALP",25973,38.45
"Fadden","Otto Kuhne","NLP93",177,0.26
"Fadden","Leonie Sanders","AD",3381,5
"Fadden","David Jull","Lib46",30581,45.27
"Fadden","Shaun Matheson","AIP",212,0.31
"Fairfax","Keith Valentine","NLP93",924,1.29
"Fairfax","Peter Parnell","Grn",2858,4
"Fairfax","Kerry Orton","ALP",22022,30.84
"Fairfax","Alex Somlyay","Lib46",28686,40.18
"Fairfax","Gordon Simpson","NPA",10382,14.54
"Fairfax","John Henderson","Ind",1567,2.19
"Fairfax","Santo Ferraro","CAP",1646,2.31
"Fairfax","Elizabeth Oss-Emer","AD",3313,4.64
"Fisher","Ian Burgett","ALP",25638,35.78
"Fisher","Chris Savage","Ind",4758,6.64
"Fisher","Sam Watson","AIP",266,0.37
"Fisher","Peter Slipper","Lib46",24195,33.76
"Fisher","Winston Johnston","NPA",10497,14.65
"Fisher","Chris Gwin","Grn",1824,2.55
"Fisher","Jeff Johnson","CAP",2315,3.23
"Fisher","Digby Jakeman","AD",2170,3.03
"Forde","Jim Planincic","Lib46",23590,33.7
"Forde","Barry Stark","Grn",2070,2.96
"Forde","Alan Dickson","AD",4085,5.84
"Forde","Marion Corbley","CAP",1494,2.13
"Forde","Peter Flaws","NPA",2527,3.61
"Forde","Mary Crawford","ALP",36227,51.76
"Griffith","Maxine Weston","NLP93",810,1.08
"Griffith","David Stone","NPA",2631,3.51
"Griffith","Gavin Kernot","AD",3525,4.7
"Griffith","Stephen Dickson","Ind",938,1.25
"Griffith","Coral Wynter","Ind",948,1.26
"Griffith","Mick Privitera","Lib46",25663,34.23
"Griffith","Ben Humphreys","ALP",37090,49.47
"Griffith","Barry Wilson","Grn",3368,4.49
"Groom","Wally McCarthy","AIP",905,1.2
"Groom","Garry Berghofer","CAP",7672,10.18
"Groom","Bill Taylor","Lib46",25915,34.38
"Groom","Ray Webber","ALP",20198,26.8
"Groom","Joe Hanna","NPA",16131,21.4
"Groom","Carey Harrison","Grn",1712,2.27
"Groom","Alan May","AD",2839,3.77
"Herbert","Col Parker","AD",2848,3.68
"Herbert","Dave Kimble","Grn",1771,2.29
"Herbert","Ted Lindsay","ALP",31349,40.56
"Herbert","Robyn Quick","NPA",5374,6.95
"Herbert","Warren Harvey","CAP",640,0.83
"Herbert","Bill Setter","Ind",515,0.67
"Herbert","John Robinson","Ind",10002,12.94
"Herbert","Cilla Pryor","AIP",495,0.64
"Herbert","Peter Hazard","Lib46",24300,31.44
"Hinkler","Brian Courtice","ALP",33162,42.8
"Hinkler","Bill May","CAP",3628,4.68
"Hinkler","Maurice Hetherington","CEC",2732,3.53
"Hinkler","Terry Clark","AD",3044,3.93
"Hinkler","John Abbott","Lib46",9767,12.61
"Hinkler","Colin Johnson","AIP",253,0.33
"Hinkler","Paul Neville","NPA",23447,30.26
"Hinkler","Lorrelle Campbell","Grn",1451,1.87
"Kennedy","Bill Petrie","CAP",3162,4.29
"Kennedy","Norman Johnson","AIP",401,0.54
"Kennedy","Donald Logan","Ind",323,0.44
"Kennedy","Bob Katter","NPA",27805,37.76
"Kennedy","Dave Cashmore","Lib46",7882,10.7
"Kennedy","Kevin Paine","AD",1906,2.59
"Kennedy","Saeed de Ridder","Grn",1241,1.69
"Kennedy","Rob Hulls","ALP",30920,41.99
"Leichhardt","Dorothy McKenzie","NLP93",817,1.18
"Leichhardt","Stephen Piper","Ind",380,0.55
"Leichhardt","Henrietta Fourmile","Grn",2446,3.52
"Leichhardt","Giselle Thomas","AD",3613,5.2
"Leichhardt","Peter Dodd","ALP",29129,41.96
"Leichhardt","Gavin Roberts","CAP",998,1.44
"Leichhardt","Ben Wilson","NPA",9722,14
"Leichhardt","Bill Cummings","Lib46",21930,31.59
"Leichhardt","Jim Cavill","Ind",386,0.56
"Lilley","Wayne Swan","ALP",36960,49.94
"Lilley","Bill Leveritt","Lib46",26715,36.09
"Lilley","Doug Foggo","NPA",2738,3.7
"Lilley","Graham McDonald","CAP",844,1.14
"Lilley","Andrew Coates","Ind",492,0.66
"Lilley","Caroline Smith","AD",3044,4.11
"Lilley","Michelle Rielly","Grn",2333,3.15
"Lilley","Frank Andrews","Ind",339,0.46
"Lilley","Cyril Dennison","Ind",549,0.74
"McPherson","Mark Whillans","ALP",24718,35.79
"McPherson","Bruce Whiteside","CAP",1381,2
"McPherson","John Bradford","Lib46",34497,49.95
"McPherson","Allan de Brenni","NPA",3082,4.46
"McPherson","Jason Neville","AD",2574,3.73
"McPherson","Christine Lovison","Grn",2813,4.07
"Maranoa","Brian Hooper","Ind",2248,2.89
"Maranoa","Rose Turnbull","AIP",626,0.81
"Maranoa","Danny Dutton","AD",2039,2.63
"Maranoa","Anne Jones","ALP",19475,25.07
"Maranoa","Bruce Scott","NPA",41502,53.43
"Maranoa","Sarah Moles","Grn",1217,1.57
"Maranoa","Andrew Chambers","CAP",3703,4.77
"Maranoa","Gerard Clarke","Lib46",6859,8.83
"Moncrieff","Bob Brown","ALP",22489,32.38
"Moncrieff","Kathy Sullivan","Lib46",36551,52.63
"Moncrieff","Warren Pike","NPA",3780,5.44
"Moncrieff","Steven Stringer","CAP",1195,1.72
"Moncrieff","Jason Neville","AD",2672,3.85
"Moncrieff","Sally Mackinnon","Grn",2767,3.98
"Moreton","Martin Ebsworth","AIP",671,0.9
"Moreton","Rod Jeanneret","CAP",613,0.82
"Moreton","Ian Holland","AD",3407,4.58
"Moreton","Shane Dean","Ind",233,0.31
"Moreton","Margaret Steen","Lib46",30474,41
"Moreton","John Kearns","NPA",2074,2.79
"Moreton","Jim O'Dempsey","Ind",370,0.5
"Moreton","Garrie Gibson","ALP",33065,44.49
"Moreton","Ira Smith","Ind",370,0.5
"Moreton","D. C. Beattie-Burnett","Grn",3050,4.1
"Oxley","Suzanne Gibbon","Grn",3096,4.27
"Oxley","Les Wynne","Ind",1703,2.35
"Oxley","Geoff Abnett","CAP",2550,3.52
"Oxley","Les Scott","ALP",38216,52.7
"Oxley","Mary Fernando-Pulle","AD",3881,5.35
"Oxley","George Blain","Lib46",18520,25.54
"Oxley","Marie McCullagh","NPA",4121,5.68
"Oxley","Sue White","Ind",423,0.58
"Petrie","Jeff Gehrmann","Ind",3182,4.33
"Petrie","Brendan Power","NPA",2126,2.89
"Petrie","Allan Mutch","CAP",1025,1.39
"Petrie","Gary Johns","ALP",32436,44.14
"Petrie","Zillah Jackson","AD",3167,4.31
"Petrie","Angela Jones","Grn",1854,2.52
"Petrie","Alan Sherlock","Lib46",29487,40.12
"Petrie","Gina Neville","NLP93",215,0.29
"Rankin","Ian Reid","Ind",1722,2.42
"Rankin","Sallyanne Atkinson","Lib46",25635,36.03
"Rankin","Richard Nielsen","Grn",1775,2.49
"Rankin","Debbie Bell","Ind",419,0.59
"Rankin","David Beddall","ALP",32157,45.19
"Rankin","Lester Reaves","CAP",1290,1.81
"Rankin","Marian Schwarz","NPA",5051,7.1
"Rankin","Susan Werba","AD",3106,4.37
"Ryan","Sid Young","AD",5019,6.45
"Ryan","Fleur Yuile","ALP",23698,30.43
"Ryan","Alan Skyring","Ind",431,0.55
"Ryan","John Moore","Lib46",40953,52.59
"Ryan","Mark Brady","NLP93",330,0.42
"Ryan","Terry Madden","Ind",417,0.54
"Ryan","Les Smith","CAP",561,0.72
"Ryan","Jim Gillan","NPA",2662,3.42
"Ryan","Willy Bach","Grn",3795,4.87
"Wide Bay","Ray Smith","Ind",1770,2.35
"Wide Bay","Judy Caplick","ALP",24861,32.94
"Wide Bay","Marie Woodley","AD",2700,3.58
"Wide Bay","Andrew Baker","CAP",4279,5.67
"Wide Bay","Warren Truss","NPA",33255,44.07
"Wide Bay","Trevor Hartshorne","Lib46",6519,8.64
"Wide Bay","Lily Podger","Grn",2083,2.76
"Brand","Andrea Evans","Grn",3707,4.93
"Brand","Paul Cant","CTA",1179,1.57
"Brand","Adrian Fawcett","Lib46",31174,41.45
"Brand","Jacqui Robinson","NLP93",259,0.34
"Brand","Ray Tilbury","AD",1865,2.48
"Brand","Norm Dicks","Ind",613,0.82
"Brand","Wendy Fatin","ALP",36413,48.42
"Canning","Ricky Johnston","Lib46",28972,44.02
"Canning","Rosslyn Tilbury","AD",1688,2.56
"Canning","George Gear","ALP",29187,44.35
"Canning","Daniel Bessell","Grn",2663,4.05
"Canning","Gerard Goiran","CTA",1683,2.56
"Canning","Shirley de la Hunty","Ind",1372,2.08
"Canning","Patti Roberts","NLP93",253,0.38
"Cowan","Otto Dik","Grn",3197,4.56
"Cowan","Carolyn Jakobsen","ALP",30982,44.16
"Cowan","Richard Evans","Lib46",33472,47.71
"Cowan","Suzan Miles","NLP93",398,0.57
"Cowan","Stewart Godden","AD",2113,3.01
"Curtin","Diana Davies","NLP93",1142,1.65
"Curtin","Willem Bouwer","AD",2368,3.42
"Curtin","David Gilchrist","ALP",17340,25.04
"Curtin","Jon Doust","Ind",410,0.59
"Curtin","Allan Rocher","Lib46",41417,59.8
"Curtin","Elisabeth Jones","Grn",6582,9.5
"Forrest","Jill Reading","Grn",5869,8.21
"Forrest","David Churches","AD",3581,5.01
"Forrest","Geoff Prosser","Lib46",40099,56.07
"Forrest","Peter Procter","ALP",21964,30.71
"Fremantle","John Papaphotis","Lib46",27071,38.74
"Fremantle","John Dawkins","ALP",35084,50.2
"Fremantle","Tom Haynes","NLP93",755,1.08
"Fremantle","Mary Salter","Grn",4725,6.76
"Fremantle","Patrick Mullins","AD",2247,3.22
"Kalgoorlie","James O'Kenny","Ind",2001,3.09
"Kalgoorlie","Robin Chapple","Grn",2702,4.17
"Kalgoorlie","Shyama Peebles","AD",1713,2.65
"Kalgoorlie","Don Green","Lib46",22406,34.61
"Kalgoorlie","Graeme Campbell","ALP",35187,54.36
"Kalgoorlie","Byron Rigby","NLP93",723,1.12
"Moore","Paul Filing","Lib46",39326,54.81
"Moore","Alex Novakovic","NLP93",405,0.56
"Moore","Christine Power","ALP",25089,34.97
"Moore","Stephen Magyar","Grn",4063,5.66
"Moore","Libby Brown","AD",2866,3.99
"O'Connor","John Mason","ALP",15144,21.64
"O'Connor","Wilson Tuckey","Lib46",47777,68.26
"O'Connor","Pat Howe","AD",2358,3.37
"O'Connor","Anne Lambert","Grn",2287,3.27
"O'Connor","John Dunne","Ind",1459,2.08
"O'Connor","Jim Lee","Ind",963,1.38
"Pearce","Stephen Hall","Grn",5458,8.06
"Pearce","Peter Lambert","AD",3077,4.54
"Pearce","Patrick Jebb","ALP",22065,32.58
"Pearce","Judi Moylan","Lib46",34777,51.35
"Pearce","Mark Forecast","NPA",2345,3.46
"Perth","Chris Bignell","CTA",1499,2.2
"Perth","Michelle Hovane","Ind",587,0.86
"Perth","Michael Goff","Ind",857,1.26
"Perth","Stephen Smith","ALP",31585,46.37
"Perth","Patsy Molloy","Grn",3836,5.63
"Perth","Irene Knight","AD",1581,2.32
"Perth","Peter Blurton","Ind",1460,2.14
"Perth","Jennifer Benjamin","NLP93",268,0.39
"Perth","Barney Cresswell","Lib46",26440,38.82
"Stirling","Richard Jeffreys","AD",2152,3.14
"Stirling","Cathryn D'Cruz","NLP93",329,0.48
"Stirling","Dean Economou","Ind",640,0.93
"Stirling","Kate Boland","Grn",3350,4.88
"Stirling","Eoin Cameron","Lib46",32337,47.13
"Stirling","Ron Edwards","ALP",29804,43.44
"Swan","Andrew Caminschi","Ind",807,1.19
"Swan","Luke Garswood","Ind",576,0.85
"Swan","Bryan Hilbert","Lib46",30565,45.22
"Swan","Andrew Thomson","Grn",3492,5.17
"Swan","Don Millar","AD",1733,2.56
"Swan","Anne Leishman","NLP93",260,0.38
"Swan","Kim Beazley","ALP",29750,44.01
"Swan","Isobel Weir","Ind",415,0.61
"Tangney","Mark Sundancer","Grn",3976,5.83
"Tangney","Jason Jordan","ALP",21549,31.58
"Tangney","Don Bryant","AD",2449,3.59
"Tangney","Ken Barrett","NLP93",303,0.44
"Tangney","John Trenning","CTA",1048,1.54
"Tangney","Daryl Williams","Lib46",38910,57.02
"Adelaide","Jack King","Ind",1624,2.12
"Adelaide","David Bidstrup","Ind",295,0.39
"Adelaide","Adam Hanieh","Ind",558,0.73
"Adelaide","Peter Fenwick","NLP93",1514,1.98
"Adelaide","Matthew Mitchell","AD",6451,8.43
"Adelaide","Trish Worth","Lib46",34296,44.82
"Adelaide","Chris Matuhina","Ind",318,0.42
"Adelaide","Bob Catley","ALP",31459,41.11
"Barker","Chris Wells","NLP93",1784,2.31
"Barker","Deidre Kent","CTA",1548,2
"Barker","Regine Andersen","AD",4742,6.13
"Barker","Francis Boylan","Ind",1399,1.81
"Barker","Stephen Wikblom","Ind",1221,1.58
"Barker","Harry Early","ALP",19939,25.79
"Barker","Ian McLachlan","Lib46",46667,60.37
"Bonython","Neal Blewett","ALP",38820,55.6
"Bonython","Eamon McAleer","NLP93",667,0.96
"Bonython","Ian Brookfield","Lib46",20032,28.69
"Bonython","Dennis Hood","CTA",1099,1.57
"Bonython","Tony Rocca","Ind",1994,2.86
"Bonython","Bruce Hannaford","Ind",615,0.88
"Bonython","Colin Maas","AD",6596,9.45
"Boothby","David Thackrah","AD",7560,9.59
"Boothby","Cathy Orr","ALP",26556,33.67
"Boothby","Reg Macey","Ind",1399,1.77
"Boothby","Steele Hall","Lib46",41708,52.88
"Boothby","Bevan Morris","NLP93",1650,2.09
"Grey","George Crowe","Ind",6248,7.97
"Grey","Colin Vincent","NLP93",445,0.57
"Grey","Jeff Munchenberg","Ind",354,0.45
"Grey","Matthew Rogers","AD",2318,2.96
"Grey","Barry Piltz","ALP",29963,38.23
"Grey","John Fisher","Ind",307,0.39
"Grey","Peter Solomon","Ind",220,0.28
"Grey","Rod Nettle","NPA",2878,3.67
"Grey","Anne Wilson","CTA",813,1.04
"Grey","Roger Oates","CAP",124,0.16
"Grey","Barry Wakelin","Lib46",34703,44.28
"Hindmarsh","Athena Yiossis","NLP93",1602,2
"Hindmarsh","Martin Stretton","GP",577,0.72
"Hindmarsh","Ron Dean","Ind",477,0.6
"Hindmarsh","John Rau","ALP",32814,41.05
"Hindmarsh","Mark Lobban","AD",3855,4.82
"Hindmarsh","Christine Gallus","Lib46",38117,47.68
"Hindmarsh","Cliff Boyd","Ind",579,0.72
"Hindmarsh","Bob Lamb","Grn",1496,1.87
"Hindmarsh","Melanie Sjoberg","Ind",418,0.52
"Kingston","John Watson","CTA",1917,2.51
"Kingston","Egils Burtmanis","Ind",427,0.56
"Kingston","Martin Gordon","Lib46",32073,42.04
"Kingston","Robert Graham","Ind",194,0.25
"Kingston","Robert Brown","NLP93",976,1.28
"Kingston","Alexa Jamieson","Ind",908,1.19
"Kingston","Anji Gesserit","AD",5885,7.71
"Kingston","Gordon Bilney","ALP",33906,44.45
"Makin","Peter Duncan","ALP",36748,46.79
"Makin","Eva Dobson","Ind",986,1.26
"Makin","Stan Batten","Ind",294,0.37
"Makin","Dorothy Durland","CTA",986,1.26
"Makin","Alf Taylor","Ind",745,0.95
"Makin","Alan Irving","Lib46",32353,41.19
"Makin","Angela Smith","AD",5585,7.11
"Makin","Susan Brown","NLP93",844,1.07
"Mayo","Elena Lomsargis","Ind",1322,1.67
"Mayo","Michael Camilleri","Ind",523,0.66
"Mayo","Patrick Scott","ALP",21601,27.33
"Mayo","Pamela Chipperfield","NLP93",1209,1.53
"Mayo","Philippe Bayet","CTA",988,1.25
"Mayo","Merilyn Pedrick","AD",10731,13.58
"Mayo","Alexander Downer","Lib46",42657,53.98
"Port Adelaide","Colin Shearing","Ind",2473,3.21
"Port Adelaide","Rod Sawford","ALP",41248,53.47
"Port Adelaide","Andrew Hobbs","NLP93",830,1.08
"Port Adelaide","Alan McCarthy","Lib46",25457,33
"Port Adelaide","Emily Gilbey-Riley","GP",1182,1.53
"Port Adelaide","Don Knott","AD",5235,6.79
"Port Adelaide","Bert Joy","Ind",719,0.93
"Sturt","Mike Pratt","Ind",10756,14.56
"Sturt","Geoff Freer","Ind",689,0.93
"Sturt","Vladimir Lorenzon","NLP93",1167,1.58
"Sturt","Marco de Chellis","ALP",25293,34.23
"Sturt","Christopher Pyne","Lib46",29121,39.41
"Sturt","Tom Curnow","CTA",783,1.06
"Sturt","Elizabeth Williams","AD",6085,8.23
"Wakefield","Roy Milne","AD",6938,8.9
"Wakefield","Don Allen","Ind",3189,4.09
"Wakefield","Ingrid Hergstrom","NLP93",904,1.16
"Wakefield","Shirley Faulkner","Ind",2066,2.65
"Wakefield","Neil Andrew","Lib46",44503,57.08
"Wakefield","Mike Stevens","ALP",20360,26.12
"Bass","David Hunnerup","Grn",3907,6.33
"Bass","Silvia Smith","ALP",27014,43.8
"Bass","Warwick Smith","Lib46",29187,47.32
"Bass","Brian Austen","AD",1572,2.55
"Braddon","Jim Reilly","AD",1676,2.77
"Braddon","Chris Miles","Lib46",29863,49.38
"Braddon","Royce Lohrey","Ind",1151,1.9
"Braddon","Mike Gard","ALP",25365,41.94
"Braddon","John Coombes","Grn",2426,4.01
"Denison","Euan Vance","CTA",871,1.36
"Denison","Teresa Dowding","Ind",393,0.61
"Denison","Duncan Kerr","ALP",32793,51.27
"Denison","Kevin Anderson","AD",759,1.19
"Denison","Phil Ryan","Lib46",20056,31.35
"Denison","Bob Brown","Grn",9093,14.22
"Franklin","James Richard","AD",2281,3.84
"Franklin","Louise Crossley","Grn",4878,8.21
"Franklin","Graeme Gilbert","Lib46",23030,38.75
"Franklin","Harry Quick","ALP",29238,49.2
"Lyons","Michael Morris","Grn",4015,6.52
"Lyons","Dick Adams","ALP",29211,47.43
"Lyons","Rene Hidding","Lib46",26996,43.83
"Lyons","Leonie Godridge","AD",1365,2.22
"Canberra","Ros Kelly","ALP",46895,52.26
"Canberra","Sally Kelly","NLP93",775,0.86
"Canberra","Peter Myers","AD",4796,5.34
"Canberra","Mike Trevethan","ASG",1663,1.85
"Canberra","Greg Adamson","Grn",3109,3.46
"Canberra","Bill Stefaniak","Lib46",32504,36.22
"Fraser","David Eastman","Ind",2070,2.29
"Fraser","Greg Kramer","AD",5559,6.16
"Fraser","Kev Wise","Ind",657,0.73
"Fraser","Martin Dunn","Lib46",29031,32.18
"Fraser","Peter Joseph","Ind",463,0.51
"Fraser","Andrew Gordon","NLP93",654,0.72
"Fraser","Emile Brunoro","Ind",672,0.74
"Fraser","John Langmore","ALP",49098,54.42
"Fraser","Sue Bolton","Ind",2023,2.24
"Northern Territory","Warren Snowdon","ALP",43578,55.31
"Northern Territory","Arthur Palmer","CLP",35207,44.69
