"Seat","Candidate","Party","Votes","Vote_perc"
"Barton","Stanley Allen","SC",5562,9.68
"Barton","John Donovan","ALP",23539,40.98
"Barton","Albert Lane","UAP31",28342,49.34
"Calare","William Folster","ALP",24114,47.76
"Calare","Harold Thorby","CP",26378,52.24
"Cook","Cyril Glassop","Ind ALP",16125,29.68
"Cook","Tom Sheehan","ALP",38201,70.32
"Cowper","Abraham Brindley","ALP",18646,36.82
"Cowper","Earle Page","CP",32000,63.18
"Dalley","Arthur Brough","UAP31",23961,42.33
"Dalley","Sol Rosevear","ALP",32646,57.67
"Darling","Joe Clark","ALP",32515,66.23
"Darling","Alexander Huie","Ind",16581,33.77
"East Sydney","Arthur Butterell","UAP31",20429,40.16
"East Sydney","Thomas Grant","Ind",1603,3.15
"East Sydney","Louis Phillips","Ind",348,0.68
"East Sydney","Eddie Ward","ALP",28484,56
"Eden-Monaro","Claude Allen","ALP",21299,42.45
"Eden-Monaro","John Perkins","UAP31",28872,57.55
"Gwydir","Ernest Batchelor","CP",24679,47.63
"Gwydir","William Scully","ALP",27140,52.37
"Hume","Thomas Collins","CP",27784,54.15
"Hume","Essell Hoad","ALP",23526,45.85
"Lang","Matthew Calman","UAP31",25547,45.33
"Lang","Ernest Carr","SC",2435,4.32
"Lang","Dan Mulcahy","ALP",28379,50.35
"Macquarie","John Lawson","UAP31",26392,52.09
"Macquarie","Tony Luchetti","ALP",24272,47.91
"Martin","George Carruthers","SC",4009,7.27
"Martin","William McCall","UAP31",30971,56.14
"Martin","Stan Taylor","ALP",20186,36.59
"New England","Leigh Cuthbertson","ALP",19196,39.02
"New England","Victor Thompson","CP",29994,60.98
"Newcastle","David Watkins","ALP",44085,79.32
"Newcastle","Hilton Sykes","Ind",11494,20.68
"North Sydney","Henry Clayden","ALP",16254,27.92
"North Sydney","Billy Hughes","UAP31",38386,65.95
"North Sydney","Percival Minahan","SC",3568,6.13
"Parkes","Karl Guhl","ALP",20217,36.31
"Parkes","Sir Charles Marr","UAP31",35468,63.69
"Parramatta","Dick George","Ind",2118,3.79
"Parramatta","Harold Meggitt","Ind",1100,1.97
"Parramatta","Albert Rowe","ALP",14747,26.36
"Parramatta","Sir Frederick Stewart","UAP31",37972,67.88
"Reid","Joe Gander","ALP",33738,60.27
"Reid","Reuben Jenner","UAP31",22239,39.73
"Richmond","Larry Anthony","CP",12524,24.06
"Richmond","Jim Fredericks","ALP",15253,29.3
"Richmond","Robert Gibson","CP",8433,16.2
"Richmond","Roland Green","CP",15842,30.43
"Riverina","Robert Ballantyne","Ind",5165,10.31
"Riverina","Horace Nock","CP",24756,49.41
"Riverina","William Quirk","ALP",20182,40.28
"Robertson","Gordon Cross","ALP",22923,44.22
"Robertson","Sydney Gardner","UAP31",24691,47.63
"Robertson","John Metcalfe","Ind",4220,8.14
"Warringah","Joseph Hamlet","Ind UAP31",8200,13.53
"Warringah","Sir Archdale Parkhill","UAP31",26568,43.85
"Warringah","Walter Salter","ALP",8494,14.02
"Warringah","Percy Spender","Ind UAP31",17322,28.59
"Watson","William Dignam","ALP",26788,46.21
"Watson","John Jennings","UAP31",31187,53.79
"Wentworth","Thomas Conway","ALP",19499,32.55
"Wentworth","Eric Harrison","UAP31",40398,67.45
"Werriwa","Bert Lazzarini","ALP",31188,55.32
"Werriwa","Henry Storey","UAP31",25190,44.68
"Balaclava","John Atkinson","Ind",12613,20.03
"Balaclava","Phillip Nash","ALP",13746,21.83
"Balaclava","Thomas White","UAP31",36602,58.13
"Ballaarat","Reg Pollard","ALP",24784,50.61
"Ballaarat","Stanley Walker","UAP31",24186,49.39
"Batman","Frank Brennan","ALP",36439,63.43
"Batman","Albert Peters","UAP31",21013,36.57
"Bendigo","Ernest Duus","ALP",18834,39.51
"Bendigo","Walter Pearce","UAP31",13748,28.84
"Bendigo","George Rankin","CP",15081,31.64
"Bourke","Maurice Blackburn","ALP",38793,68.11
"Bourke","Richard Griffiths","UAP31",18162,31.89
"Corangamite","Arthur Haywood","ALP",22096,46.14
"Corangamite","Geoffrey Street","UAP31",25788,53.86
"Corio","Leo Carmody","ALP",22170,43.46
"Corio","Richard Casey","UAP31",28845,56.54
"Deakin","William Hutchinson","UAP31",30442,59.74
"Deakin","Paul Jones","ALP",20512,40.26
"Fawkner","William Bottomley","Ind",9941,16.47
"Fawkner","William Doran","ALP",17124,28.38
"Fawkner","Harold Holt","UAP31",33277,55.15
"Flinders","Alexander Amess","SC",6884,13.47
"Flinders","James Fairbairn","UAP31",27085,53.01
"Flinders","Ralph Gibson","CPA",4630,9.06
"Flinders","Reginald Skeat","CP",12497,24.46
"Gippsland","James McKenna","ALP",18483,38.87
"Gippsland","Thomas Paterson","CP",29069,61.13
"Henty","Sir Henry Gullett","UAP31",31574,53.03
"Henty","Rupert Hornabrook","Ind",8647,14.52
"Henty","Sydney Walker","ALP",19324,32.45
"Indi","William Hartshorne","ALP",19478,38.85
"Indi","John McEwen","CP",30660,61.15
"Kooyong","Thomas Brennan","ALP",15247,24.68
"Kooyong","Leslie Hollins","Ind",14841,24.02
"Kooyong","Robert Menzies","UAP31",31690,51.3
"Maribyrnong","Arthur Drakeford","ALP",37111,62.25
"Maribyrnong","Malcolm Fenton","UAP31",20799,34.89
"Maribyrnong","Edward Turner","Ind",1703,2.86
"Wannon","Don McLeod","ALP",19520,39.3
"Wannon","Thomas Scholfield","UAP31",18526,37.3
"Wannon","Robert Rankin","CP",11618,23.39
"Wimmera","Hugh McClelland","Ind CP",22396,48.09
"Wimmera","Alexander Wilson","CP",24179,51.91
"Yarra","Douglas Knight","UAP31",20999,35.97
"Yarra","James Scullin","ALP",37381,64.03
"Brisbane","Graham Hart","UAP31",24808,44.31
"Brisbane","George Lawson","ALP",28818,51.47
"Brisbane","Ambrose Sawtell","SC",2362,4.22
"Capricornia","Frank Forde","ALP",27221,50.41
"Capricornia","John Harding","SC",6235,11.55
"Capricornia","Edwin Hiskens","CP",20543,38.04
"Darling Downs","Leslie Bailey","ALP",17264,34.1
"Darling Downs","Arthur Fadden","CP",30747,60.73
"Darling Downs","Arthur Rushton","SC",2617,5.17
"Griffith","Francis Baker","ALP",27864,48.27
"Griffith","Dugald Clark","UAP31",23756,41.15
"Griffith","William Moore","SC",6108,10.58
"Herbert","Henry Beck","SC",3622,6.12
"Herbert","George Martens","ALP",25766,43.55
"Herbert","Fred Paterson","CPA",12523,21.17
"Herbert","James Wilkie","CP",17252,29.16
"Kennedy","Alex Kippen","CP",14812,31.22
"Kennedy","Herbert Price","SC",2269,4.78
"Kennedy","Bill Riordan","ALP",30356,63.99
"Lilley","Harry Cash","SC",3040,5.41
"Lilley","William Jolly","UAP31",31814,56.57
"Lilley","Edmund Taylor","ALP",21386,38.03
"Maranoa","Randolph Bedford","ALP",21272,41.41
"Maranoa","James Hunter","CP",24846,48.36
"Maranoa","Henry Madden","SC",5257,10.23
"Moreton","Josiah Francis","UAP31",32813,55.29
"Moreton","Henry Hogg","SC",4508,7.6
"Moreton","John McCoy","ALP",22021,37.11
"Wide Bay","Bernard Corser","CP",19437,37.79
"Wide Bay","Geoffrey Nichols","SC",20356,39.57
"Wide Bay","George Watson","ALP",11644,22.64
"Adelaide","Kenneth Bardolph","ALP",16989,28.94
"Adelaide","Herbert George","ALP",5451,9.29
"Adelaide","Fred Stacey","UAP31",26575,45.27
"Adelaide","Edwin Yates","ALP",9683,16.5
"Barker","Archie Cameron","CP",35559,63.57
"Barker","Charles Lloyd","Ind",20375,36.43
"Boothby","William Hardy","Ind",9136,15.12
"Boothby","Kevin McEntee","ALP",12077,19.98
"Boothby","Leonard Pilton","ALP",7859,13
"Boothby","John Price","UAP31",31362,51.89
"Grey","Oliver Badman","CP",24153,52.03
"Grey","James Marner","ALP",17528,37.76
"Grey","Alfred Parker","Ind",4736,10.2
"Hindmarsh","Harry Hatwell","UAP31",17918,29.31
"Hindmarsh","Norman Makin","ALP",43215,70.69
"Wakefield","Raymond Davis","ALP",18508,36.56
"Wakefield","Charles Hawker","UAP31",32113,63.44
"Forrest","Ernest Hoar","ALP",19153,45.55
"Forrest","John Prowse","CP",22894,54.45
"Fremantle","John Curtin","ALP",29548,55.24
"Fremantle","Eric Isaachsen","UAP31",21857,40.86
"Fremantle","Henry Wright","Ind",2081,3.89
"Kalgoorlie","Albert Green","ALP",25771,73.62
"Kalgoorlie","Stephen Kellow","UAP31",9235,26.38
"Perth","Tom Burke","ALP",18091,34.13
"Perth","Viv James","Ind",3085,5.82
"Perth","Walter Nairn","UAP31",21800,41.12
"Perth","Jack Simons","UAP31",10035,18.93
"Swan","Henry Gregory","CP",26299,58.12
"Swan","John Steele","ALP",18951,41.88
"Bass","Claude Barnard","ALP",12583,50.4
"Bass","Allan Guy","UAP31",9760,39.1
"Bass","John Watson","Ind",2621,10.5
"Darwin","George Bell","UAP31",13557,52.49
"Darwin","Edwin Brown","ALP",12270,47.51
"Denison","Maxwell Hickman","Ind ALP",2159,8.8
"Denison","Sir John McPhee","UAP31",10123,41.26
"Denison","Gerald Mahoney","ALP",11652,47.49
"Denison","Athol Smith","SC",600,2.45
"Franklin","Charles Frost","ALP",15348,57.96
"Franklin","Hugh Warner","UAP31",11133,42.04
"Wilmot","Joseph Lyons","UAP31",12365,53.16
"Wilmot","Lancelot Spurr","ALP",6384,27.45
"Wilmot","Maurice Weston","ALP",4511,19.39
"Northern Territory","Adair Blain","Ind",963,38.2
"Northern Territory","Ronald Hughes-Jones","Ind",333,13.21
"Northern Territory","Harold Nelson","Ind",305,12.1
"Northern Territory","Robert Toupein","ALP",920,36.49
