"Seat","Candidate","Party","Votes","Vote_perc"
"Banks","Andrew Fairbairn","Lib46",23962,35.52
"Banks","Montague Greene","AD",3908,5.79
"Banks","David Holmes","SWP",572,0.85
"Banks","John Mountford","ALP",39013,57.84
"Barton","Bruce Barton","Ind",3153,5.01
"Barton","Edwin Bellchambers","Ind",166,0.26
"Barton","Jim Bradfield","Lib46",26086,41.42
"Barton","Ronald George","AD",1812,2.88
"Barton","Jean Lindsay","Ind",284,0.45
"Barton","Gary Punch","ALP",31308,49.71
"Barton","Peter Wright","Prog",172,0.27
"Bennelong","Milo Dunphy","NSWC",8495,12.68
"Bennelong","Steve Gabell","Ind",1000,1.49
"Bennelong","John Howard","Lib46",33721,50.32
"Bennelong","Donald Vickers","ALP",23799,35.51
"Berowra","Harry Edwards","Lib46",40676,60.14
"Berowra","Maurice Marshan","ALP",20943,30.97
"Berowra","Pamela Tuckwell","AD",6015,8.89
"Blaxland","David Brown","Lib46",21604,32.68
"Blaxland","Siong Hoe Goh","SWP",388,0.59
"Blaxland","Phillip Grattan","AD",2504,3.79
"Blaxland","Paul Keating","ALP",41609,62.94
"Bradfield","David Connolly","Lib46",49566,72.07
"Bradfield","Peter Donovan","ALP",14535,21.13
"Bradfield","Anthony Dunne","AD",4674,6.8
"Calare","Sandy Mackenzie","NPA",31087,44.86
"Calare","Ann Ritter","AD",2562,3.7
"Calare","David Simmons","ALP",35089,50.63
"Calare","George Simpson","Prog",566,0.82
"Chifley","Christine Broi","SWP",4557,6.28
"Chifley","Jonathan Cooper","Ind",3744,5.16
"Chifley","Russ Gorman","ALP",44419,61.19
"Chifley","Frances Jones","AD",2187,3.01
"Chifley","Edna Mitchell","Lib46",16565,22.82
"Chifley","Jane Smith/New","Ind",1114,1.53
"Cook","Michael Addison","ALP",34803,49.24
"Cook","Don Dobie","Lib46",34666,49.05
"Cook","Henry Soper","Prog",1213,1.72
"Cowper","Peter Brown","AD",6962,8.78
"Cowper","Joseph Moran","ALP",33986,42.86
"Cowper","Ian Robinson","NPA",38351,48.36
"Cunningham","Diana Covell","SWP",2802,3.81
"Cunningham","Gary Fisher","Lib46",17874,24.33
"Cunningham","George Jones","AD",4986,6.79
"Cunningham","Rudolf Pasara","SLL",689,0.94
"Cunningham","Romaine Rutnam","CPA",704,0.96
"Cunningham","Stewart West","ALP",46419,63.18
"Dundas","Margaret Blaxell","ALP",29727,44.4
"Dundas","Philip Ruddock","Lib46",33509,50.05
"Dundas","John Tumminello","AD",3712,5.54
"Eden-Monaro","Miriam Naughton","Ind",2333,3.15
"Eden-Monaro","Murray Sainsbury","Lib46",33141,44.72
"Eden-Monaro","Ronald Sarina","True Ind",260,0.35
"Eden-Monaro","Jim Snow","ALP",36401,49.12
"Eden-Monaro","Russell Witt","AD",1977,2.67
"Farrer","Noel Diffey","ALP",27168,38.9
"Farrer","Wal Fife","Lib46",40060,57.36
"Farrer","Scott Milne","AD",1872,2.68
"Farrer","Maureen Nathan","Prog",740,1.06
"Grayndler","David Gibson","SPA72",3434,5.83
"Grayndler","Edward James","Lib46",17508,29.73
"Grayndler","Albert Jarman","AD",1831,3.11
"Grayndler","Michael Karadjis","SWP",432,0.73
"Grayndler","Leo McLeay","ALP",34679,58.89
"Grayndler","Joseph Owens","CPA",1008,1.71
"Gwydir","Gloria Collison","AD",3711,5.45
"Gwydir","Robert Hamilton","ALP",25585,37.55
"Gwydir","Ralph Hunt","NPA",38839,57
"Hughes","Ronald Hellyer","AD",6899,9.11
"Hughes","Les Johnson","ALP",46667,61.64
"Hughes","Stephen Painter","SWP",672,0.89
"Hughes","Peter Somerville","Lib46",21467,28.36
"Hume","Gregory Butler","AD",3419,5.12
"Hume","Stephen Lusher","NPA",36217,54.19
"Hume","Marie McCormick","ALP",27195,40.69
"Hunter","Bob Brown","ALP",54213,68.05
"Hunter","James White","Lib46",19508,24.49
"Hunter","Edwina Wilson","AD",5942,7.46
"Kingsford-Smith","Lionel Bowen","ALP",45168,70.45
"Kingsford-Smith","Geoffrey Channells","SWP",869,1.36
"Kingsford-Smith","Anthony Larkings","AD",1987,3.1
"Kingsford-Smith","Collin O'Neil","Lib46",16090,25.1
"Lowe","Helen Jarvis","SWP",1572,2.42
"Lowe","Michael Maher","ALP",33619,51.84
"Lowe","Ralph Rogers","AD",2030,3.13
"Lowe","Philip Taylor","Lib46",27633,42.61
"Lyne","John Bryant","Ind",2800,3.52
"Lyne","Alfred Cannings","Ind",514,0.65
"Lyne","Bruce Cowan","NPA",40140,50.45
"Lyne","Stephen Jeffries","AD",3953,4.97
"Lyne","Francis Murray","ALP",31877,40.06
"Lyne","John Veenstra","Prog",284,0.36
"Macarthur","Michael Baume","Lib46",36725,45.53
"Macarthur","Martin Essenberg","Ind",510,0.63
"Macarthur","Frederic Goodfellow","AD",3515,4.36
"Macarthur","Colin Hollis","ALP",39904,49.48
"Mackellar","Jim Carlton","Lib46",36587,55.65
"Mackellar","Maurice Foley","Ind",813,1.24
"Mackellar","Keith Jackson","ALP",24292,36.95
"Mackellar","Robert Williams","AD",4055,6.17
"Macquarie","Ross Free","ALP",50272,57.25
"Macquarie","Richard Jackson-Hope","AD",6573,7.49
"Macquarie","Stephen Screech","Lib46",30966,35.26
"Mitchell","Alan Cadman","Lib46",48797,58.41
"Mitchell","Arthur Llewellyn","ALP",30298,36.27
"Mitchell","Rona Samuels","AD",4450,5.33
"Newcastle","Frank Blefari","Ind",2355,3.6
"Newcastle","Darrell Dawson","CPA",1732,2.65
"Newcastle","Stan Hayward","Lib46",17842,27.28
"Newcastle","Wayne Jarman","AD",2951,4.51
"Newcastle","Brian McDermott","Ind",959,1.47
"Newcastle","Allan Morris","ALP",39003,59.62
"Newcastle","Geoffrey Payne","SWP",573,0.88
"New England","Lawrence Daly","ALP",29812,44.52
"New England","Ian Dutton","AD",3814,5.7
"New England","Ian Sinclair","NPA",33335,49.78
"North Sydney","Rodney Dominish","AD",5024,8.15
"North Sydney","Kirk McKenzie","ALP",21096,34.21
"North Sydney","John Spender","Lib46",35544,57.64
"Parramatta","John Brown","ALP",41951,62.21
"Parramatta","Mark Carey","SWP",1519,2.25
"Parramatta","James Harker-Mortlock","Lib46",20608,30.56
"Parramatta","Patricia Lamey","AD",3361,4.98
"Paterson","Frank O'Keefe","NPA",37028,54.06
"Paterson","Michael Williams","ALP",28412,41.48
"Paterson","Darrel Woodhouse","AD",3048,4.45
"Phillip","Jack Birney","Lib46",27903,46.35
"Phillip","Timothy Daly","Prog",248,0.41
"Phillip","Julien Droulers","Grn",146,0.24
"Phillip","Lawrence Hogan","EAPP",292,0.49
"Phillip","Jeannette McHugh","ALP",29909,49.69
"Phillip","Karin Sowada","AD",1698,2.82
"Prospect","Alan Byers","Lib46",25315,34.14
"Prospect","Dick Klugman","ALP",46793,63.11
"Prospect","Richard Nichols","SWP",1320,1.78
"Prospect","Eric Viitala","Ind",714,0.96
"Reid","Stephen Bastian","AD",4770,7.78
"Reid","Lynda Boland","SWP",723,1.18
"Reid","Michael Gluyas","Ind",259,0.42
"Reid","Neville Gray","Ind",646,1.05
"Reid","Yvonne Maio","Lib46",17089,27.87
"Reid","Tom Uren","ALP",37839,61.7
"Richmond","Doug Anthony","NPA",42684,52.99
"Richmond","Terence McGee","ALP",31967,39.68
"Richmond","Kenneth Nicholson","AD",5906,7.33
"Riverina","Ronald Adams","ALP",32587,48.6
"Riverina","Noel Hicks","NPA",32976,49.18
"Riverina","Lesley Holschier","AD",1495,2.23
"Robertson","Bev Austin","Lib46",31631,37.8
"Robertson","Barry Cohen","ALP",46058,55.05
"Robertson","Trevor Willsher","AD",5980,7.15
"Shortland","Peter Abrahamson","SWP",2584,3.29
"Shortland","Robert Buhler","SLL",1280,1.63
"Shortland","Lyn Godfrey","AD",4677,5.95
"Shortland","Peter Morris","ALP",49275,62.69
"Shortland","Peter Wilson","Lib46",20781,26.44
"St George","Brian Compton","Ind",1806,2.78
"St George","George James","Lib46",23933,36.82
"St George","Ronald Kirkwood","AD",1210,1.86
"St George","Bill Morrison","ALP",37570,57.8
"St George","Dorothy Tumney","SWP",477,0.73
"Sydney","Peter Baldwin","ALP",40360,67.23
"Sydney","Aileen Beaver","CPA",2066,3.44
"Sydney","Ron Cibas","Lib46",12559,20.92
"Sydney","Jennifer Macleod","AD",4286,7.14
"Sydney","James Percy","SWP",758,1.26
"Warringah","John Coombs","ALP",23507,37.33
"Warringah","Annique Duc","AD",2403,3.82
"Warringah","Michael MacKellar","Lib46",36549,58.04
"Warringah","Stephen Markey","Prog",509,0.81
"Wentworth","Peter Coleman","Lib46",31759,54.67
"Wentworth","Brian Hillman","AD",2474,4.26
"Wentworth","Robert McCarthy","Ind",251,0.43
"Wentworth","Max Pearce","ALP",20301,34.95
"Wentworth","Neil Roberts","Ind",115,0.2
"Wentworth","George Warnecke","Ind",401,0.69
"Wentworth","Katherine Wentworth","Ind",2787,4.8
"Werriwa","David Brandon","Ind",4714,5.66
"Werriwa","Dorothea Brocksop","SLL",1351,1.62
"Werriwa","Gail Cumming","SWP",1025,1.23
"Werriwa","John Kerin","ALP",52584,63.16
"Werriwa","Marie Rutledge","Lib46",23586,28.33
"Balaclava","Zelma Furey","AD",5004,7.93
"Balaclava","Chris Kennedy","ALP",25867,40.99
"Balaclava","Ian Macphee","Lib46",31642,50.14
"Balaclava","Timothy Warner","CNP",600,0.95
"Ballarat","John Blower","Ind",1148,1.68
"Ballarat","Graham Gough","AD",2123,3.11
"Ballarat","Albert Ireland","Ind",275,0.4
"Ballarat","John Mildren","ALP",34616,50.73
"Ballarat","John Ronan","Lib46",30078,44.08
"Batman","Brian Howe","ALP",42398,63.7
"Batman","Philip L'Huillier","DLP",1756,2.64
"Batman","Gwendoline Naug","AD",2836,4.26
"Batman","John Percy","SWP",380,0.57
"Batman","Maxwell Playford","Lib46",19193,28.83
"Bendigo","John Bourchier","Lib46",30352,43.24
"Bendigo","John Brumby","ALP",34908,49.73
"Bendigo","Robert Denahy","DLP",1859,2.65
"Bendigo","Neil Jewell","AD",3078,4.38
"Bruce","Michael Johnson","AD",5955,7.84
"Bruce","Heather O'Connor","ALP",33650,44.28
"Bruce","Sir Billy Snedden","Lib46",36381,47.88
"Burke","Bernie Finn","Lib46",24294,32.02
"Burke","George Hunter","AD",4611,6.08
"Burke","Evelyn Robson","SWP",788,1.04
"Burke","Andrew Theophanous","ALP",46171,60.86
"Casey","Peter Falconer","Lib46",33335,44.09
"Casey","John Garratt","DLP",887,1.17
"Casey","Martin Hetherich","ACP83",931,1.23
"Casey","Michael Nardella","AD",5646,7.47
"Casey","Peter Steedman","ALP",34810,46.04
"Chisholm","Kevin Cooper","DLP",2196,3.19
"Chisholm","Graham Harris","Lib46",29052,42.14
"Chisholm","Helen Mayer","ALP",33253,48.23
"Chisholm","Alan Swindon","AD",4444,6.45
"Corangamite","Gavan O'Connor","ALP",29231,41.8
"Corangamite","Tony Street","Lib46",40694,58.2
"Corio","Kent Henderson","Lib46",25075,35.05
"Corio","Guenter Sahr","AD",3452,4.83
"Corio","Gordon Scholes","ALP",43016,60.13
"Deakin","Peter Ferwerda","DLP",2949,3.68
"Deakin","Alan Jarman","Lib46",33225,41.5
"Deakin","Jeffrey McAlpine","AD",5324,6.65
"Deakin","John Saunderson","ALP",38225,47.75
"Deakin","Wilfrid Thiele","Ind",333,0.42
"Diamond Valley","Neil Brown","Lib46",36006,45.51
"Diamond Valley","Lynden Kenyon","AD",5162,6.52
"Diamond Valley","Anne-Marie Petrucco","DLP",1229,1.55
"Diamond Valley","Peter Staples","ALP",36726,46.42
"Flinders","Bob Chynoweth","ALP",38134,47.18
"Flinders","Harold Fraser","AD",4861,6.01
"Flinders","Kenneth Payne","DLP",1977,2.45
"Flinders","Peter Reith","Lib46",35847,44.35
"Gellibrand","James Doughney","SWP",2842,4.22
"Gellibrand","Peter Goudge","Lib46",14120,20.96
"Gellibrand","Barry McLeod","AD",2695,4
"Gellibrand","Augustus Titter","ANP83",304,0.45
"Gellibrand","Ralph Willis","ALP",47412,70.37
"Gippsland","Pearce Buckley","Ind",2059,3.04
"Gippsland","Philip Davis","Lib46",16127,23.78
"Gippsland","Pierre Forcier","AD",2930,4.32
"Gippsland","Bruce Ingle","Ind",652,0.96
"Gippsland","Peter McGauran","NPA",21360,31.5
"Gippsland","Anthony Peterson","ALP",24029,35.43
"Gippsland","Stewart Taig","DLP",659,0.97
"Henty","Craig Baxter","Lib46",25709,38.8
"Henty","Paul Carroll","DLP",1442,2.18
"Henty","Joan Child","ALP",36259,54.73
"Henty","Harry Eichler","AD",2845,4.29
"Higgins","Jennifer Bundy","ALP",24184,37.93
"Higgins","Maureen Holmes","IBCP",500,0.78
"Higgins","Roger Shipton","Lib46",35189,55.2
"Higgins","Antony Siddons","AD",3880,6.09
"Holt","Michael Duffy","ALP",48648,58.52
"Holt","Joseph Moldrich","Lib46",28845,34.7
"Holt","Jean Yule","AD",5639,6.78
"Hotham","Peter Bolitho","Lib46",28656,37.5
"Hotham","Erwin Frenkel","AD",4683,6.13
"Hotham","Lewis Kent","ALP",43083,56.38
"Indi","Ewen Cameron","Lib46",27935,41.35
"Indi","Geoffrey le Couteur","AD",2361,3.49
"Indi","Carole Marple","ALP",24374,36.08
"Indi","Kevin Sanderson","NPA",12892,19.08
"Isaacs","David Charles","ALP",38630,54.96
"Isaacs","Ann Dunkley","Lib46",26964,38.36
"Isaacs","Terence Gough","AD",4689,6.67
"Kooyong","Keith Bruckner","AD",4635,7.19
"Kooyong","David Greagg","IBCP",434,0.67
"Kooyong","Avis Meddings","ALP",23081,35.81
"Kooyong","Andrew Peacock","Lib46",36297,56.32
"Lalor","John Fahey","Lib46",21442,26.2
"Lalor","Barry Jones","ALP",55640,67.99
"Lalor","Ivan Pollock","AD",4040,4.94
"Lalor","Helen Said","SWP",719,0.88
"La Trobe","Milton Blake","AD",8010,10.45
"La Trobe","Cornelis Hellema","ACP83",2085,2.72
"La Trobe","Peter Milton","ALP",40493,52.84
"La Trobe","Peter Nugent","Lib46",26045,33.99
"Mallee","Peter Fisher","NPA",40063,62.09
"Mallee","Graeme Jarry","ALP",16193,25.1
"Mallee","Colin Kavanagh","AD",2130,3.3
"Mallee","Ross Owen","Lib46",6139,9.51
"Maribyrnong","Peter Beharell","SWP",2420,3.27
"Maribyrnong","Alan Griffiths","ALP",41924,56.62
"Maribyrnong","Geoffrey Ireland","Lib46",24400,32.96
"Maribyrnong","Henrik Jersic","AD",4452,6.01
"Maribyrnong","Richard Wright","AP",844,1.14
"McMillan","Gloria Auchterlonie","AD",4062,5.76
"McMillan","Barry Cunningham","ALP",34099,48.35
"McMillan","Stewart Robertson","NPA",3317,4.7
"McMillan","Greg Ross","Lib46",27831,39.46
"McMillan","John Sellens","DLP",1219,1.73
"Melbourne","Chris Carter","AD",6271,10.32
"Melbourne","Robert Fallshaw","Lib46",14370,23.65
"Melbourne","James Ferrari","IBCP",678,1.12
"Melbourne","Gerry Hand","ALP",38694,63.68
"Melbourne","James McIlroy","SWP",750,1.23
"Melbourne Ports","Ronald Flood","Lib46",20488,33.54
"Melbourne Ports","Clyde Holding","ALP",36444,59.66
"Melbourne Ports","John Sutcliffe","AD",3556,5.82
"Melbourne Ports","Brett Trenery","SWP",595,0.97
"Murray","Anne Adams","Lib46",11727,17.17
"Murray","Mark Anderson","ALP",16684,24.42
"Murray","Bruce Lloyd","NPA",36433,53.33
"Murray","Diane Teasdale","Ind",835,1.22
"Murray","John Weir","AD",2640,3.86
"Scullin","Joan Barker","SWP",2886,3.74
"Scullin","Harry Jenkins","ALP",51312,66.43
"Scullin","Kenneth Peak","AD",3528,4.57
"Scullin","Katheryne Savage","Lib46",19519,25.27
"Wannon","Malcolm Fraser","Lib46",37792,57.64
"Wannon","Nancy Genardini","ALP",24359,37.15
"Wannon","Harold Jeffrey","AD",3416,5.21
"Wills","John Hallam","AD",4225,6.27
"Wills","Bob Hawke","ALP",45571,67.63
"Wills","Mark Hoysted","Lib46",14773,21.92
"Wills","Martin Mantell","SLL",1287,1.91
"Wills","Cecil G. Murgatroyd","IBCP",174,0.26
"Wills","Solomon Salby","SWP",206,0.31
"Wills","Michael Verberne","DLP",1145,1.7
"Bowman","Craig Brown","NPA",4579,6.04
"Bowman","Ronald Heindorff","AD",3040,4.01
"Bowman","David Jull","Lib46",30522,40.26
"Bowman","Len Keogh","ALP",37666,49.69
"Brisbane","Susanne Bolton","SWP",1565,2.5
"Brisbane","Manfred Cross","ALP",31596,50.44
"Brisbane","Bradley Garrett","NPA",5447,8.7
"Brisbane","Richard Magnus","Lib46",20566,32.83
"Brisbane","Lance Winter","AD",3462,5.53
"Capricornia","Alan Agnew","Lib46",11465,17.03
"Capricornia","Doug Everingham","ALP",36662,54.45
"Capricornia","Gregory Read","AD",1881,2.79
"Capricornia","Helen Reeves","NPA",5620,8.35
"Capricornia","David Ryan","SPA72",226,0.34
"Capricornia","Robert Simpson","NPA",11480,17.05
"Darling Downs","Ronald Cullin","ALP",22524,32.59
"Darling Downs","David Groves","AD",3960,5.73
"Darling Downs","Tom McVeigh","NPA",42627,61.68
"Dawson","Ray Braithwaite","NPA",35686,50.13
"Dawson","Kelly Crombie","Prog",420,0.59
"Dawson","Eric Geissmann","Ind",423,0.59
"Dawson","Barbara Hill","ALP",34229,48.09
"Dawson","Raymond Jensen","Ind",426,0.6
"Fadden","David Beddall","ALP",44412,48.3
"Fadden","Donald Cameron","Lib46",35692,38.82
"Fadden","Howard Edmunds","NPA",7251,7.89
"Fadden","Raymond Ferguson","SPA72",505,0.55
"Fadden","Dallas Graham","Prog",276,0.3
"Fadden","Murray Hallam","AD",3806,4.14
"Fisher","Evan Adermann","NPA",36848,39.95
"Fisher","Dennis Caswell","Lib46",13414,14.54
"Fisher","Garry Somerville","AD",6764,7.33
"Fisher","Sol Theo","ALP",35220,38.18
"Griffith","Carole Ames","AD",3777,6.71
"Griffith","Michael Fulton","SLL",750,1.33
"Griffith","Ben Humphreys","ALP",32597,57.91
"Griffith","Julie Walkington","SWP",620,1.1
"Griffith","Graham Young","Lib46",18545,32.95
"Herbert","John Aubrey","NPA",9562,13.58
"Herbert","Gordon Dean","Lib46",23875,33.91
"Herbert","John Lamb","AD",1597,2.27
"Herbert","Ted Lindsay","ALP",35368,50.24
"Kennedy","George Hannaford","AD",2757,4.75
"Kennedy","Bob Katter","NPA",32871,56.64
"Kennedy","Brigid Walsh","ALP",22407,38.61
"Leichhardt","John Gayler","ALP",35071,52.07
"Leichhardt","David Thomson","NPA",32285,47.93
"Lilley","Jim Anderson","Lib46",24249,39.27
"Lilley","Anthony Catip","Ind",375,0.61
"Lilley","Elaine Darling","ALP",35350,57.24
"Lilley","Gael Paul","AD",1779,2.88
"Maranoa","Austin Brannigan","AD",4300,6.83
"Maranoa","Ian Cameron","NPA",39591,62.89
"Maranoa","Warren Keats","ALP",19057,30.27
"McPherson","Peter Courtney","NHP",1687,1.95
"McPherson","Darryl McArthur","ALP",29265,33.77
"McPherson","Kenneth Peterson","AD",4254,4.91
"McPherson","Trevor Watt","NPA",20328,23.46
"McPherson","Peter White","Lib46",31118,35.91
"Moreton","Leonard Fitzgerald","AD",4230,6.67
"Moreton","Helen Jones","SWP",712,1.12
"Moreton","Sir James Killen","Lib46",29638,46.72
"Moreton","Barbara Robson","ALP",28854,45.49
"Oxley","Bill Hayden","ALP",49837,66.85
"Oxley","Juanita Keig","SWP",668,0.9
"Oxley","Wayne Martin","AD",3699,4.96
"Oxley","Les Woodforth","Lib46",20346,27.29
"Petrie","Christopher Caldwell","Ind",1453,2.05
"Petrie","Phillip Grimison","Prog",411,0.58
"Petrie","John Hodges","Lib46",31227,44.06
"Petrie","Ray Hollis","AD",4506,6.36
"Petrie","Deane Wells","ALP",33283,46.96
"Ryan","Anthony Crooks","Ind",1135,1.59
"Ryan","Patrick Cusack","Ind",964,1.35
"Ryan","John Elfick","AD",5975,8.38
"Ryan","Michael Foley","ALP",25386,35.59
"Ryan","John Moore","Lib46",37873,53.09
"Wide Bay","Raymond Bird","Prog",1813,2.5
"Wide Bay","James Finemore","ALP",32362,44.64
"Wide Bay","Clarrie Millar","NPA",35472,48.93
"Wide Bay","Mervyn Worth","AD",2850,3.93
"Adelaide","John Buik","Ind",1894,2.7
"Adelaide","Eileen Farmer","AD",4604,6.56
"Adelaide","Chris Hurford","ALP",39134,55.77
"Adelaide","Barry James","Lib46",24156,34.42
"Adelaide","Paul Petit","SWP",385,0.55
"Barker","Anthony Beck","NPA",3650,4.94
"Barker","Meg Lees","AD",3974,5.38
"Barker","James Porter","Lib46",42333,57.31
"Barker","Valerie Young","ALP",23906,32.37
"Bonython","Neal Blewett","ALP",48097,60.5
"Bonython","Neville Joyce","Lib46",24391,30.68
"Bonython","John Longhurst","AD",7006,8.81
"Boothby","John Coulter","AD",8424,10.88
"Boothby","Steele Hall","Lib46",42676,55.11
"Boothby","Bruce Whyatt","ALP",26343,34.02
"Grey","Jack Babbage","AD",3981,5.76
"Grey","Joy Baluch","Lib46",24114,34.89
"Grey","James Cronin","Ind",1556,2.25
"Grey","Anthony Haskett","NPA",3454,5
"Grey","Kerry Hawkes","LibtP",732,1.06
"Grey","Lloyd O'Neil","ALP",35276,51.04
"Hawker","John Garcia","SWP",1568,2.24
"Hawker","Bruce Harry","Lib46",27211,38.84
"Hawker","Ralph Jacobi","ALP",36483,52.08
"Hawker","Graham Pamount","AD",4792,6.84
"Hindmarsh","Lotus Cavagnino","SWP",2139,2.91
"Hindmarsh","Barry Lewis","Lib46",26280,35.75
"Hindmarsh","Jim Mitchell","AD",5592,7.61
"Hindmarsh","John Scott","ALP",39496,53.73
"Kingston","Gordon Bilney","ALP",40019,49.95
"Kingston","Grant Chapman","Lib46",35057,43.76
"Kingston","Robert Ralph","AD",5038,6.29
"Port Adelaide","Robert Fisher","SWP",3093,4.3
"Port Adelaide","Benjamin Michael","AD",2484,3.45
"Port Adelaide","Robin Rickards","Lib46",16567,23.04
"Port Adelaide","Donald Sutherland","CPA",888,1.24
"Port Adelaide","Mick Young","ALP",48865,67.97
"Sturt","Alison Dolling","AD",6764,8.93
"Sturt","Sergio Ubaldi","ALP",32350,42.69
"Sturt","Ian Wilson","Lib46",36656,48.38
"Wakefield","Neil Andrew","Lib46",43380,59.51
"Wakefield","Roger Cavanagh","NPA",1658,2.27
"Wakefield","Donald Chisholm","AD",3851,5.28
"Wakefield","Suzanne Owens","ALP",24002,32.93
"Canning","Mel Bungey","Lib46",30410,40.92
"Canning","Wendy Fatin","ALP",40740,54.82
"Canning","Jean Ritter","AD",3164,4.26
"Curtin","Clive Kittson","ALP",24337,41.4
"Curtin","Marjorie McKercher","AD",4046,6.88
"Curtin","Allan Rocher","Lib46",30404,51.72
"Forrest","Alfred Bussell","Ind",1485,2.26
"Forrest","David Churches","ALP",29643,45.17
"Forrest","Peter Drummond","Lib46",32076,48.88
"Forrest","Donald Stewart","AD",2416,3.68
"Fremantle","Maxwell Adams","Lib46",22025,32.19
"Fremantle","Margo Condoleon","SWP",360,0.53
"Fremantle","John Dawkins","ALP",43326,63.33
"Fremantle","Colin Hull","AD",1733,2.53
"Fremantle","Timothy Peach","SLL",970,1.42
"Kalgoorlie","Joseph Boschetti","Ind",1778,2.89
"Kalgoorlie","Graeme Campbell","ALP",34843,56.61
"Kalgoorlie","Douglas Krepp","Lib46",23069,37.48
"Kalgoorlie","Blair Nancarrow","AD",1856,3.02
"Moore","Allen Blanchard","ALP",42557,54.12
"Moore","John Hyde","Lib46",31952,40.64
"Moore","Alan Needham","AD",4120,5.24
"O'Connor","Kim Chance","ALP",19356,31.96
"O'Connor","James Ferguson","NPW",3686,6.09
"O'Connor","Denis Kidby","AD",2105,3.48
"O'Connor","Brian Pearce","NPA",5999,9.91
"O'Connor","Wilson Tuckey","Lib46",29414,48.57
"Perth","Ric Charlesworth","ALP",34108,54.67
"Perth","Ross McLean","Lib46",26510,42.49
"Perth","Geoffrey Syme","AD",1770,2.84
"Stirling","Ron Edwards","ALP",35828,54.53
"Stirling","Maria Phillips","AD",2695,4.1
"Stirling","Ian Viner","Lib46",27181,41.37
"Swan","Kim Beazley","ALP",38908,62.74
"Swan","Linda Mere","SWP",621,1
"Swan","Jeffrey Roberts","Lib46",19825,31.97
"Swan","Kevin Trent","AD",2662,4.29
"Tangney","Bronwen Beachey","SWP",1236,1.75
"Tangney","George Gear","ALP",34899,49.4
"Tangney","Ronald Murray","AD",2706,3.83
"Tangney","Peter Shack","Lib46",31811,45.02
"Bass","Nick Goldie","AD",3291,6.18
"Bass","Richard Hutchison","Ind",1884,3.54
"Bass","John McDonald","ALP",19590,36.81
"Bass","Kevin Newman","Lib46",28448,53.46
"Braddon","Lance Fee","ALP",18016,35.4
"Braddon","Ray Groom","Lib46",31143,61.2
"Braddon","Greg Sargent","AD",1731,3.4
"Denison","Michael Hodgman","Lib46",28468,54.44
"Denison","Kathy Smith","ALP",21680,41.46
"Denison","Leica Wagner","SWP",406,0.78
"Denison","Harvey Wallace-Williams","AD",1743,3.33
"Franklin","Fran Bladel","ALP",24578,44.67
"Franklin","Bruce Goodluck","Lib46",28814,52.36
"Franklin","David Mazengarb","SWP",278,0.51
"Franklin","John Thompson","AD",1357,2.47
"Wilmot","Max Burr","Lib46",28520,53.47
"Wilmot","Bill Chugg","Ind",702,1.32
"Wilmot","Liz Holloway","AD",1336,2.5
"Wilmot","David Llewellyn","ALP",22783,42.71
"Northern Territory","Bill Cain","Ind",1132,2.54
"Northern Territory","Pamela Gardiner","Ind",395,0.89
"Northern Territory","Joy King","AD",1571,3.52
"Northern Territory","John Reeves","ALP",20764,46.56
"Northern Territory","Strider","Ind",252,0.57
"Northern Territory","Grant Tambling","CLP",20479,45.92
"Canberra","Gerard Brennan","Lib46",22365,34.41
"Canberra","Joanne Hansen","DSPA",2191,3.37
"Canberra","Ros Kelly","ALP",40434,62.22
"Fraser","Ken Fry","ALP",41755,65.61
"Fraser","Liz Grant","Lib46",18848,29.62
"Fraser","Rohan Greenland","DSPA",1619,2.54
"Fraser","Kevin Wise","Ind",1419,2.23
