"Seat","Candidate","Party","Votes","Vote_perc"
"Banks","Daryl Melham","ALP",31878,43.56
"Banks","David Sparkes","Lib46",28903,39.49
"Banks","John Kayes","RARI",970,1.33
"Banks","Gregg West","AFI",3797,5.19
"Banks","Alison Bailey","AD",5566,7.6
"Banks","Don Thompson","Ind",2076,2.84
"Barton","Chris McLean","CTA",2381,3.2
"Barton","Robert McClelland","ALP",35943,48.38
"Barton","Arthur Santorinios","Lib46",30582,41.17
"Barton","Safwan Nasser","Ind",1359,1.83
"Barton","Craig Chung","AD",4026,5.42
"Bennelong","Wendy Mahon","ALP",24248,32.16
"Bennelong","Jamie Parker","Grn",1861,2.47
"Bennelong","Paul Kemp","AFI",1968,2.61
"Bennelong","Julien Droulers","Ind",187,0.25
"Bennelong","James Bernard","Ind",111,0.15
"Bennelong","Robert Shaw","NAN",1305,1.73
"Bennelong","Suzanne Reddy","AD",4700,6.23
"Bennelong","John Dawson","Ind",208,0.28
"Bennelong","John Howard","Lib46",40589,53.83
"Bennelong","Tim Carr","NLP93",227,0.3
"Berowra","Philip Ruddock","Lib46",45310,58.6
"Berowra","Christopher Connolly","Grn",2453,3.17
"Berowra","Simon Disney","AD",5751,7.44
"Berowra","Nola McCarroll","ALP",16666,21.55
"Berowra","Steve van Wyk","AFI",1964,2.54
"Berowra","Mick Gallagher","Ind",5034,6.51
"Berowra","Bill Scally","NLP93",143,0.18
"Blaxland","Nick Korovin","Lib46",21916,31.05
"Blaxland","Eric Lawrence","Ind",526,0.75
"Blaxland","Nick Beams","Ind",244,0.35
"Blaxland","Michael Lavis","AFI",1944,2.75
"Blaxland","Marc Aussie-Stone","Ind",267,0.38
"Blaxland","Peter Sayegh","Ind",695,0.98
"Blaxland","Peter Smith","NLP93",176,0.25
"Blaxland","Melodie Rahme","CTA",936,1.33
"Blaxland","Jeffrey Meikle","AD",2442,3.46
"Blaxland","Paul Keating","ALP",41444,58.71
"Bradfield","Len Watkins","AFI",2571,3.45
"Bradfield","Alex Kemeny","ALP",11779,15.8
"Bradfield","Patrick Gallagher","Ind",918,1.23
"Bradfield","Margaret Ratcliffe","CTA",1307,1.75
"Bradfield","Ann Barry","AD",6908,9.27
"Bradfield","Brendan Nelson","Lib46",48260,64.75
"Bradfield","Mark Toomey","NLP93",216,0.29
"Bradfield","Richard Wright","Grn",2577,3.46
"Calare","Bruce McLean","CTA",1459,1.97
"Calare","Peter Andren","Ind",21708,29.37
"Calare","Peter Baker","AD",859,1.16
"Calare","Rob Allen","ALP",21407,28.96
"Calare","Trevor Toole","NPA",15371,20.79
"Calare","Richard Nolan","NLP93",172,0.23
"Calare","Sharon Mullin","Grn",1312,1.77
"Calare","Ray Fardell","Lib46",11631,15.73
"Charlton","Bob Brown","ALP",38665,50
"Charlton","Peter Craig","Lib46",25884,33.47
"Charlton","Lyn Godfrey","AD",6494,8.4
"Charlton","Ron Franks","AFI",2428,3.14
"Charlton","Bernadette Brugman","Grn",3863,5
"Chifley","Alec Fisher","AD",6682,9.05
"Chifley","Shirley Grigg","CTA",2033,2.75
"Chifley","Jenny Green","Lib46",19828,26.85
"Chifley","Louise Hargreaves","NLP93",653,0.88
"Chifley","Andrew Owen","Ind",1858,2.52
"Chifley","Roger Price","ALP",42804,57.95
"Cook","Terri Richardson","AD",6130,8.12
"Cook","Janey Woodger","RARI",2988,3.96
"Cook","James McDonald","Ind",1078,1.43
"Cook","Stephen Mutch","Lib46",41601,55.1
"Cook","Mark McGrath","ALP",23704,31.4
"Cowper","Jillian Cranny","Grn",4525,6.24
"Cowper","Allan Quartly","AD",3974,5.48
"Cowper","Garry Nehl","NPA",40825,56.3
"Cowper","Paul Sekfy","ALP",23195,31.98
"Cunningham","Margaret Perrott","Ind",1675,2.36
"Cunningham","Fred Misdom","NLP93",317,0.45
"Cunningham","Stephen Martin","ALP",37267,52.59
"Cunningham","Mark Chilton","AD",3535,4.99
"Cunningham","Will Douglas","Grn",4139,5.84
"Cunningham","Paul Wilcock","Ind",939,1.33
"Cunningham","Philip Williams","Lib46",21124,29.81
"Cunningham","Robert O'Neill","CTA",1863,2.63
"Dobell","Michael Lee","ALP",32221,43.86
"Dobell","True Martin","AD",5223,7.11
"Dobell","Jeremy Pritchard","AFI",2146,2.92
"Dobell","Aldo Katalinic","Ind",751,1.02
"Dobell","Graham Freemantle","CTA",1304,1.78
"Dobell","Doug Eaton","Lib46",31817,43.31
"Eden-Monaro","Irene Brown","AFI",1374,1.9
"Eden-Monaro","Peter Fraser","NLP93",200,0.28
"Eden-Monaro","Gary Nairn","Lib46",33151,45.95
"Eden-Monaro","Jim Snow","ALP",27347,37.9
"Eden-Monaro","Nora Endean","AD",2592,3.59
"Eden-Monaro","Robin Tennant-Wood","Grn",2548,3.53
"Eden-Monaro","David Howes","CTA",615,0.85
"Eden-Monaro","Robyn Loydell","Ind",4320,5.99
"Farrer","Peter Whitfield","Ind",1337,1.88
"Farrer","John Everingham","CTA",1047,1.47
"Farrer","John Clancy","AD",3043,4.27
"Farrer","Lynda Summers","ALP",17563,24.67
"Farrer","Tim Fischer","NPA",47231,66.34
"Farrer","Luke Downing","Ind",979,1.38
"Fowler","Stephen Cenatiempo","Lib46",19630,26.4
"Fowler","Ted Grace","ALP",45408,61.06
"Fowler","Ken Malone","AFI",3117,4.19
"Fowler","Lucia van Oostveen","NLP93",738,0.99
"Fowler","Mark Stevens","AD",5476,7.36
"Gilmore","Joanne McGrath","AD",3449,4.8
"Gilmore","Charles Chappell","CTA",1117,1.56
"Gilmore","Rosemary Keighley","NLP93",220,0.31
"Gilmore","Joanna Gash","Lib46",36261,50.51
"Gilmore","Peter Knott","ALP",27503,38.31
"Gilmore","David Rothschild","Grn",2039,2.84
"Gilmore","Tom Dell","Ind",1195,1.66
"Grayndler","Morris Mansour","Lib46",17584,23.59
"Grayndler","Jenny Ryde","Grn",3419,4.59
"Grayndler","Anthony Albanese","ALP",37623,50.48
"Grayndler","Ron Poulsen","Ind",208,0.28
"Grayndler","Alex Sharah","CTA",766,1.03
"Grayndler","David Mendelssohn","AD",3715,4.98
"Grayndler","Kate Butler","Ind",751,1.01
"Grayndler","Kevin Butler","NAN",10142,13.61
"Grayndler","Tom Haynes","NLP93",321,0.43
"Greenway","J. S. Ryder","NLP93",1602,2.17
"Greenway","Bill Clancy","AD",6128,8.29
"Greenway","Frank Mossfield","ALP",32297,43.69
"Greenway","Bob Bawden","CTA",2408,3.26
"Greenway","Vicki Burakowski","Lib46",28122,38.04
"Greenway","John Bates","AFI",3369,4.56
"Gwydir","Jim Perrett","Ind",2914,4.19
"Gwydir","Anne Graham","AD",3634,5.22
"Gwydir","John Anderson","NPA",43385,62.32
"Gwydir","John Curley","ALP",19680,28.27
"Hughes","Danna Vale","Lib46",38211,48.98
"Hughes","Martha Halliday","Ind",1498,1.92
"Hughes","Steve Allen","Grn",2517,3.23
"Hughes","Christopher Derrick","CTA",1571,2.01
"Hughes","Robert Tickner","ALP",29690,38.05
"Hughes","Robert Koppelhuber","AD",4534,5.81
"Hume","Dave Cox","AD",4001,5.58
"Hume","Kevin Watchirs","Grn",1876,2.61
"Hume","John Sharp","NPA",40921,57.04
"Hume","Tony Hewson","ALP",24943,34.77
"Hunter","Michael Johnsen","NPA",26767,37.04
"Hunter","Joel Fitzgibbon","ALP",36674,50.74
"Hunter","Rod Bennison","AD",3672,5.08
"Hunter","Jenny Vaughan","Grn",3000,4.15
"Hunter","Bernard Burke","Ind",2160,2.99
"Kingsford-Smith","Christopher Brieger","AD",5523,7.68
"Kingsford-Smith","Suzi Haynes","NLP93",484,0.67
"Kingsford-Smith","Laurie Brereton","ALP",37098,51.58
"Kingsford-Smith","Ted Marshall","Ind",278,0.39
"Kingsford-Smith","Yabu Bilyana","Ind",254,0.35
"Kingsford-Smith","Jeremy Oxley","Grn",3103,4.31
"Kingsford-Smith","John Xenos","Lib46",25190,35.02
"Lindsay","Lesley Edwards","Grn",3299,4.41
"Lindsay","John Wilson","AD",4929,6.59
"Lindsay","Jackie Kelly","Lib46",31811,42.52
"Lindsay","Terry Cooksley","AFI",2041,2.73
"Lindsay","Brian Grigg","CTA",1614,2.16
"Lindsay","Ross Free","ALP",30168,40.32
"Lindsay","Stephen Davidson","Ind",956,1.28
"Lowe","Peter Woods","Ind",2279,3.13
"Lowe","Noel Plumb","AD",3143,4.32
"Lowe","Michelle Calvert","NAN",2137,2.94
"Lowe","Mary Easson","ALP",28447,39.1
"Lowe","Max Lane","Ind",167,0.23
"Lowe","Bob Hughes","NLP93",204,0.28
"Lowe","Paul Zammit","Lib46",33966,46.68
"Lowe","Katie Wood","CTA",782,1.07
"Lowe","Doug Hine","Grn",1367,1.88
"Lowe","Dave Allen","Ind",271,0.37
"Lyne","John Weate","ALP",21717,29.01
"Lyne","Marje Rowsell","AFI",3237,4.32
"Lyne","Rodger Riach","AD",3379,4.51
"Lyne","Mark Vaile","NPA",44056,58.85
"Lyne","Susie Russell","Grn",2478,3.31
"Macarthur","John Fahey","Lib46",40963,53.38
"Macarthur","Peter Fraser","AD",3714,4.84
"Macarthur","Herb Bethune","Ind",2563,3.34
"Macarthur","Janet Watkins","AFI",2090,2.72
"Macarthur","Stephen Agius","Ind",275,0.36
"Macarthur","Colleen Street","Ind",435,0.57
"Macarthur","Vicki Kearney","Grn",2132,2.78
"Macarthur","Noel Lowry","ALP",24570,32.02
"Mackellar","Vicki Dimond","AD",8188,10.95
"Mackellar","Rick Bristow","CTA",1369,1.83
"Mackellar","John Bridge","AFI",2909,3.89
"Mackellar","Ross McLoughlin","ALP",14590,19.51
"Mackellar","Bronwyn Bishop","Lib46",40886,54.66
"Mackellar","Rodney Smith","RARI",631,0.84
"Mackellar","Stephen Doric","NLP93",144,0.19
"Mackellar","Chris Cairns","Grn",3236,4.33
"Mackellar","Anne Ellis","Ind",2848,3.81
"Macquarie","Kerry Bartlett","Lib46",35199,48.09
"Macquarie","Carol Gaul","Grn",2782,3.8
"Macquarie","Maggie Deahm","ALP",24614,33.63
"Macquarie","John McCall","Ind",906,1.24
"Macquarie","Heather Kraus","CTA",1753,2.4
"Macquarie","Jon Rickard","AD",6127,8.37
"Macquarie","Warwick Tyler","AFI",1806,2.47
"Mitchell","Tony Pettitt","AFI",2688,3.73
"Mitchell","Erica Lewis","ALP",13790,19.16
"Mitchell","John Hutchinson","RARI",699,0.97
"Mitchell","Penny Price","NLP93",338,0.47
"Mitchell","Colleen Krason","AD",5930,8.24
"Mitchell","Alan Cadman","Lib46",48541,67.43
"Newcastle","Cathy Burgess","Grn",6288,8.72
"Newcastle","Ivan Welsh","Lib46",21938,30.43
"Newcastle","Barry Boettcher","AD",7126,9.89
"Newcastle","Kamala Emanuel","Ind",591,0.82
"Newcastle","Allan Morris","ALP",36146,50.14
"New England","Allan Caswell","AD",6221,8.85
"New England","Frances Letters","NLP93",743,1.06
"New England","Terry Larsen","Ind",3333,4.74
"New England","Ian Sinclair","NPA",42539,60.5
"New England","Herman Beyersdorf","ALP",17477,24.86
"North Sydney","Joe Hockey","Lib46",45634,57.29
"North Sydney","Linda Wade","AD",7947,9.98
"North Sydney","Richard Tanner","Ind",2908,3.65
"North Sydney","George Carter","Grn",3039,3.81
"North Sydney","Julie Owens","ALP",20132,25.27
"Page","Harry Woods","ALP",28972,38.04
"Page","James Page","AD",2514,3.3
"Page","Al Oshlack","Grn",535,0.7
"Page","Trevor Arthur","CTA",1119,1.47
"Page","Anne Hunter","Lib46",12132,15.93
"Page","Sue Higginson","Grn",2971,3.9
"Page","Ian Causley","NPA",27927,36.66
"Parkes","David McLennan","NLP93",964,1.29
"Parkes","Edna Cook","Ind",1758,2.35
"Parkes","Ken Graham","AD",1965,2.63
"Parkes","Vivian Desmond","AFI",1528,2.05
"Parkes","Dianne Decker","AWP96",1708,2.29
"Parkes","Barry Brebner","ALP",28530,38.18
"Parkes","Michael Cobb","NPA",38264,51.21
"Parramatta","John Cogger","NLP93",775,1.08
"Parramatta","Eduardo Avila","AD",3912,5.43
"Parramatta","Heidi Scott","Ind",1103,1.53
"Parramatta","Paul Elliott","ALP",28390,39.43
"Parramatta","Dee Jonsson","CTA",1066,1.48
"Parramatta","Peter Krumins","AFI",2005,2.78
"Parramatta","Joseph Chidiac","Ind",440,0.61
"Parramatta","Ross Cameron","Lib46",34310,47.65
"Paterson","Trevor Carrick","CTA",1829,2.45
"Paterson","Jan Davis","Grn",2647,3.54
"Paterson","Bob Symington","AD",3727,4.99
"Paterson","Bob Horne","ALP",32378,43.35
"Paterson","Bob Baldwin","Lib46",34113,45.67
"Prospect","Manny Poularas","AD",6951,10.02
"Prospect","Janice Crosio","ALP",39318,56.68
"Prospect","Linda Cogger","NLP93",922,1.33
"Prospect","Ron Cameron","Lib46",22182,31.97
"Reid","Lynne McDowell","Lib46",24720,34.53
"Reid","Alfie Giuliano","AD",4977,6.95
"Reid","Catherine Doric","NLP93",975,1.36
"Reid","Laurie Ferguson","ALP",40910,57.15
"Richmond","Annette Coyle","Grn",4043,5.25
"Richmond","Larry Anthony","NPA",27262,35.43
"Richmond","Keith Johnson","Lib46",14180,18.43
"Richmond","Mindy Thorpe","AD",4171,5.42
"Richmond","Neville Newell","ALP",26653,34.64
"Richmond","Robert Corowa","Grn",638,0.83
"Riverina","Alistair Jones","Ind",2837,3.82
"Riverina","John Collins","AD",2977,4.01
"Riverina","Noel Hicks","NPA",48994,65.97
"Riverina","Rob Colligan","ALP",19454,26.2
"Robertson","Frank Walker","ALP",28412,39.3
"Robertson","Valiant Leung","Ind",422,0.58
"Robertson","Bryan Ellis","Grn",1887,2.61
"Robertson","Roy Whaite","AFI",2472,3.42
"Robertson","Jim Lloyd","Lib46",33825,46.79
"Robertson","Andrew Penfold","AD",5271,7.29
"Shortland","Richard Hill","Ind",1898,2.64
"Shortland","Kaye Westbury","AD",4977,6.92
"Shortland","Terry Cook","Ind",547,0.76
"Shortland","Ian McKenzie","Grn",3102,4.31
"Shortland","David Parker","Lib46",24812,34.49
"Shortland","Peter Morris","ALP",36603,50.88
"Sydney","Paul Nederlof","AD",6471,8.75
"Sydney","Karen Fletcher","Ind",584,0.79
"Sydney","Peter Bushby","Ind",537,0.73
"Sydney","Peter Fussell","Lib46",20430,27.62
"Sydney","Janne Peterson","CTA",483,0.65
"Sydney","Peter Baldwin","ALP",35788,48.38
"Sydney","Michael Lippmann","NLP93",242,0.33
"Sydney","Sue Stock","Grn",4285,5.79
"Sydney","Wendy Bacon","NAN",5042,6.82
"Sydney","Donald O'Halloran","Ind",112,0.15
"Throsby","Elizabeth Fisher","AD",5990,8.48
"Throsby","Albert Galea","Lib46",15326,21.7
"Throsby","Les Robinson","Grn",3629,5.14
"Throsby","Brian Hughes","CTA",2716,3.85
"Throsby","Colin Hollis","ALP",42963,60.83
"Warringah","Julie Heraghty","ALP",19488,26.64
"Warringah","Karen Picken","Grn",3551,4.85
"Warringah","Tony Abbott","Lib46",42217,57.72
"Warringah","Wallace Logue","AD",4919,6.72
"Warringah","Ian Weatherlake","AFI",2701,3.69
"Warringah","Beth Eager","NLP93",271,0.37
"Watson","Todd Rahme","CTA",2570,3.6
"Watson","Leo McLeay","ALP",39329,55.11
"Watson","Amelia Newman","AD",5625,7.88
"Watson","Bruce Larter","Lib46",23840,33.41
"Wentworth","Di Happ","AD",6506,8.67
"Wentworth","Paul Pearce","ALP",23856,31.8
"Wentworth","David Synnott","Ind",358,0.48
"Wentworth","John Hooper","Ind",122,0.16
"Wentworth","Paddy Engelen","NLP93",225,0.3
"Wentworth","Rodney Marks","Ind",468,0.62
"Wentworth","Andrew Thomson","Lib46",39014,52.01
"Wentworth","Fiona McCrossin","Grn",4468,5.96
"Werriwa","James Whitehall","CTA",2722,3.86
"Werriwa","Greg Josling","Ind",571,0.81
"Werriwa","Andrew Thorn","Lib46",23790,33.71
"Werriwa","Vince Townsend","AFI",3973,5.63
"Werriwa","Emanuela Lang","AD",4541,6.44
"Werriwa","Mark Latham","ALP",33800,47.9
"Werriwa","Edwin Woodger","RARI",1169,1.66
"Aston","Damian Wise","AD",6739,8.91
"Aston","Michael Hailey","ALP",29266,38.69
"Aston","James McCarron","NLP93",611,0.81
"Aston","Peter Nugent","Lib46",39027,51.59
"Ballarat","Jenny Beacham","ALP",31864,41.89
"Ballarat","John Neenan","AFI",801,1.05
"Ballarat","David Cocking","CTA",1781,2.34
"Ballarat","Alan Gray","Ind",947,1.25
"Ballarat","Trish Finlay","AD",3208,4.22
"Ballarat","Alan McDonald","NLP93",186,0.24
"Ballarat","Michael Ronaldson","Lib46",37275,49.01
"Batman","Paul D'Angelo","NLP93",2165,2.8
"Batman","Frank Ryan","Grn",2791,3.61
"Batman","Wayne Youlten","Lib46",16574,21.43
"Batman","Julie Peterse","AD",4655,6.02
"Batman","George Koumantatakis","Ind",1083,1.4
"Batman","Arthur Preketes","Ind",601,0.78
"Batman","Martin Ferguson","ALP",45491,58.82
"Batman","Irene Bolger","Ind",3976,5.14
"Bendigo","Joe Helper","ALP",33206,42.82
"Bendigo","Bruce Reid","Lib46",34703,44.75
"Bendigo","Doug Ralph","Grn",2534,3.27
"Bendigo","John Bulbrook","AFI",1019,1.31
"Bendigo","Susan Griffith","NLP93",233,0.3
"Bendigo","Don Semmens","AD",4371,5.64
"Bendigo","Pamela Taylor","CTA",1483,1.91
"Bruce","Julian Beale","Lib46",35954,45.63
"Bruce","Alan Griffin","ALP",36104,45.82
"Bruce","Armen Bahlaw","Grn",1586,2.01
"Bruce","Daryl Burkett","AD",4805,6.1
"Bruce","Michael Soos","NLP93",343,0.44
"Burke","Neil O'Keefe","ALP",35949,50.95
"Burke","Anthony Moore","Lib46",27122,38.44
"Burke","Victor Kaye","AD",6782,9.61
"Burke","Michael Dickins","NLP93",705,1
"Calwell","Bill Willis","Lib46",20679,28.83
"Calwell","Sue Phillips","Ind",1554,2.17
"Calwell","Robert Livesay","AD",4975,6.94
"Calwell","Andrew Theophanous","ALP",43986,61.33
"Calwell","Richard Barnes","NLP93",522,0.73
"Casey","Des Burns","ALP",25722,35.8
"Casey","Robert Kendi","NLP93",350,0.49
"Casey","Bob Halverson","Lib46",35943,50.03
"Casey","Glen Maddock","AD",7140,9.94
"Casey","Basil Smith","PPA",332,0.46
"Casey","Chanel Keane","Grn",2360,3.28
"Chisholm","Michael Wooldridge","Lib46",37110,47.13
"Chisholm","Mark Ilott","Ind",350,0.44
"Chisholm","Matthew Townsend","AD",5725,7.27
"Chisholm","Graeme Browne","NLP93",368,0.47
"Chisholm","Tony Robinson","ALP",31807,40.39
"Chisholm","Peter Judge","AFI",1291,1.64
"Chisholm","Adrian Whitehead","Grn",2097,2.66
"Corangamite","Bernie Eades","ALP",26179,35.86
"Corangamite","Pamela Johnson","AD",8382,11.48
"Corangamite","Stewart McArthur","Lib46",38445,52.66
"Corio","Robert Nieuwenhuis","NLP93",1443,1.89
"Corio","Gavan O'Connor","ALP",38656,50.76
"Corio","Gerald Desmarais","AD",5919,7.77
"Corio","Srechko Kontelj","Lib46",30142,39.58
"Deakin","Maggie Lawrence","NLP93",730,0.95
"Deakin","David White","Ind",429,0.56
"Deakin","Paul Coelli","AFI",1226,1.6
"Deakin","Kerrin Buckney","ALP",29639,38.65
"Deakin","Murray Graham","CTA",1495,1.95
"Deakin","Phil Barresi","Lib46",34292,44.72
"Deakin","Gilbert Boffa","Ind",194,0.25
"Deakin","Kathy Lothian","Grn",1870,2.44
"Deakin","John Siddons","AD",6801,8.87
"Dunkley","Bob Chynoweth","ALP",30084,40.1
"Dunkley","Bruce Billson","Lib46",36330,48.42
"Dunkley","Bev Nelson","NLP93",399,0.53
"Dunkley","Reba Jacobs","AD",5257,7.01
"Dunkley","Travis Peak","AFI",1144,1.52
"Dunkley","Paul Higgins","Grn",1817,2.42
"Flinders","Ian Ward","Grn",2989,4.06
"Flinders","Colin Beeforth","AD",5485,7.46
"Flinders","Ralph Roberts","Ind",798,1.08
"Flinders","Peter Reith","Lib46",39503,53.7
"Flinders","Ian Watkinson","ALP",24438,33.22
"Flinders","Jan Charlwood","NLP93",355,0.48
"Gellibrand","Peter Sanko","CTA",1630,2.22
"Gellibrand","Khiet Nguyen","AD",3889,5.3
"Gellibrand","Janet Rice","Grn",2440,3.33
"Gellibrand","Marco Andreacchio","NLP93",306,0.42
"Gellibrand","Luke Spencer","AFI",1166,1.59
"Gellibrand","John Best","Lib46",15978,21.79
"Gellibrand","Ralph Willis","ALP",46533,63.45
"Gellibrand","John Kelly","Ind",1392,1.9
"Gippsland","Judith Stone","ALP",19604,25.98
"Gippsland","John Browstein","AD",5584,7.4
"Gippsland","Peter McGauran","NPA",46180,61.21
"Gippsland","Ben Buckley","Ind",3582,4.75
"Gippsland","Jamie Pollock","NLP93",495,0.66
"Goldstein","Justin Kennedy","Grn",3027,3.79
"Goldstein","David Kemp","Lib46",44139,55.27
"Goldstein","Robert Johnson","NLP93",425,0.53
"Goldstein","Kip Calvert","ALP",25623,32.08
"Goldstein","Diane Barry","AD",6650,8.33
"Higgins","Nicolle Kuna","AD",7002,9.13
"Higgins","Ilias Grivas","ALP",23392,30.52
"Higgins","Lorna Scurfield","NLP93",490,0.64
"Higgins","Mark Nicholls","Grn",2995,3.91
"Higgins","Peter Costello","Lib46",42778,55.8
"Holt","George Mitsou","Ind",1683,2.45
"Holt","Gareth Evans","ALP",37948,55.19
"Holt","Liz Mantell","Ind",511,0.74
"Holt","Heath Allison","NLP93",406,0.59
"Holt","Jim Aubrey","AD",5009,7.28
"Holt","Tony Williams","Lib46",22036,32.05
"Holt","Paul Madigan","AFI",1171,1.7
"Hotham","Simon Crean","ALP",44182,55.04
"Hotham","John Casley","AFI",1176,1.46
"Hotham","Brad Starkie","AD",4271,5.32
"Hotham","John Cordon","NLP93",303,0.38
"Hotham","Emma Rush","Grn",1511,1.88
"Hotham","Brad Maunsell","Lib46",28834,35.92
"Indi","Bruce Lusher","NLP93",1190,1.58
"Indi","Lou Lieberman","Lib46",47097,62.59
"Indi","Kevin Smith","AD",5867,7.8
"Indi","Zuvele Leschen","ALP",21091,28.03
"Isaacs","Kaylyn Raynor","AD",6734,9.57
"Isaacs","Greg Wilton","ALP",30997,44.05
"Isaacs","Jan Allison","NLP93",597,0.85
"Isaacs","Rod Atkinson","Lib46",29595,42.06
"Isaacs","Angela Walker","AFI",2448,3.48
"Jagajaga","Timothy Newhouse","AD",5496,6.94
"Jagajaga","Susan Coleman","Grn",2609,3.29
"Jagajaga","Jenny Macklin","ALP",34977,44.16
"Jagajaga","Paul Tobias","AFI",994,1.26
"Jagajaga","Chris Vassis","Ind",214,0.27
"Jagajaga","Byron Rigby","NLP93",249,0.31
"Jagajaga","Michelle Penson","Lib46",33823,42.71
"Jagajaga","Andrew Mackenzie","Ind",839,1.06
"Kooyong","Petro Georgiou","Lib46",44022,57
"Kooyong","Pierre Harcourt","AD",6392,8.28
"Kooyong","Raymond Schlager","NLP93",330,0.43
"Kooyong","Rod Spencer","AFI",1543,2
"Kooyong","Jane Beer","Grn",3870,5.01
"Kooyong","Christina Sindt","ALP",21070,27.28
"Lalor","Juliana Kendi","NLP93",1585,2.27
"Lalor","Leigh Hebbard","AD",5423,7.76
"Lalor","Barry Jones","ALP",43217,61.85
"Lalor","Chris Macgregor","Lib46",19653,28.12
"La Trobe","John Benton","Grn",3264,4.71
"La Trobe","Andrew Stenberg","NLP93",350,0.51
"La Trobe","John Hastie","AD",6549,9.45
"La Trobe","Frank Dean","Ind",542,0.78
"La Trobe","Carolyn Hirsh","ALP",26905,38.83
"La Trobe","Bob Charles","Lib46",30806,44.46
"La Trobe","Wolf Voigt","CTA",874,1.26
"McEwen","Chris James","Grn",2843,3.9
"McEwen","Martin Magee","NLP93",285,0.39
"McEwen","Rick Lloyd","AFI",2235,3.06
"McEwen","Peter Cleeland","ALP",28516,39.1
"McEwen","David Zemdegs","AD",4571,6.27
"McEwen","Jock Kyme","Ind",835,1.15
"McEwen","Fran Bailey","Lib46",33637,46.13
"McMillan","Russell Broadbent","Lib46",30546,40.11
"McMillan","Luke van der Muelen","Grn",2031,2.67
"McMillan","Dave Smith","Ind",878,1.15
"McMillan","Barry Cunningham","ALP",31115,40.86
"McMillan","Chris King","Ind",526,0.69
"McMillan","Colin Thornby","AD",3859,5.07
"McMillan","Michael Pollock","NLP93",170,0.22
"McMillan","Norman Baker","CTA",818,1.07
"McMillan","Helen Hoppner","NPA",6206,8.15
"Mallee","John Forrest","NPA",52671,69.45
"Mallee","Andrew Lawson Kerr","NLP93",890,1.17
"Mallee","Col Palmer","ALP",17832,23.51
"Mallee","Colin Davies","AD",4447,5.86
"Maribyrnong","Bob Sercombe","ALP",45755,62.7
"Maribyrnong","Georgi Stickels","Lib46",19938,27.32
"Maribyrnong","Peter Rechner","AD",3644,4.99
"Maribyrnong","Peter Jackson","NLP93",485,0.66
"Maribyrnong","Brendan Griffin","Ind",1105,1.51
"Maribyrnong","Helen van den Berg","Ind",2046,2.8
"Melbourne","Richard Grummet","AD",6478,8.66
"Melbourne","Di Quin","Ind",1395,1.86
"Melbourne","Michael Flynn","Lib46",18024,24.09
"Melbourne","James Ferrari","Ind",421,0.56
"Melbourne","Lindsay Tanner","ALP",43189,57.73
"Melbourne","Larry Clarke","NLP93",330,0.44
"Melbourne","Sarah Nicholson","Grn",4970,6.64
"Melbourne Ports","Margot Foster","Lib46",28863,39.73
"Melbourne Ports","Margaret Gillespie-Jones","AFI",700,0.96
"Melbourne Ports","Robert Brown","NLP93",357,0.49
"Melbourne Ports","Clyde Holding","ALP",33838,46.58
"Melbourne Ports","Misha Coleman","Grn",3746,5.16
"Melbourne Ports","John Davey","AD",5147,7.08
"Menzies","Susan Brown","NLP93",1328,1.78
"Menzies","Angela Carter","AD",6602,8.84
"Menzies","Kevin Andrews","Lib46",41479,55.52
"Menzies","Peter de Angelis","ALP",25307,33.87
"Murray","Dennis Lacey","AD",3924,5.05
"Murray","George Rose","NLP93",497,0.64
"Murray","Sharman Stone","Lib46",33565,43.22
"Murray","John Walker","NPA",23034,29.66
"Murray","Bernie Moran","ALP",16635,21.42
"Scullin","Neil Phillips","NLP93",1204,1.68
"Scullin","Evan Bekiaris","AD",6248,8.73
"Scullin","Gurm Sekhon","Grn",1460,2.04
"Scullin","Marc Morgan","Lib46",17373,24.27
"Scullin","Harry Jenkins","ALP",45295,63.28
"Wannon","David Hawker","Lib46",44695,57.5
"Wannon","Maggie Lindop","AD",7051,9.07
"Wannon","Richard Morrow","ALP",25978,33.42
"Wills","Robert Stone","AD",2811,3.6
"Wills","Martin Richardson","NLP93",316,0.4
"Wills","Kelvin Thomson","ALP",39014,49.98
"Wills","Sharon Keppel","Ind",1399,1.79
"Wills","Craig Isherwood","Ind",196,0.25
"Wills","Jack Minas","Lib46",16576,21.24
"Wills","Phil Cleary","Ind",17747,22.74
"Bowman","Andrea West","Lib46",33088,46.53
"Bowman","Jenny van Rooyen","AD",5954,8.37
"Bowman","Selina Reilly","AIP",331,0.47
"Bowman","Con Sciacca","ALP",29964,42.13
"Bowman","Tony Krajniw","Grn",1780,2.5
"Brisbane","Andrew Bartlett","AD",7024,9.04
"Brisbane","Mark Taylor","Grn",3180,4.09
"Brisbane","Rose Mather","AIP",263,0.34
"Brisbane","Mark Brady","NLP93",243,0.31
"Brisbane","Zanny Begg","Ind",508,0.65
"Brisbane","Jenny Dunn","AWP96",1354,1.74
"Brisbane","Arch Bevis","ALP",29684,38.21
"Brisbane","Bob Leach","Ind",739,0.95
"Brisbane","Jane Williamson","Lib46",34686,44.65
"Capricornia","Bob Muir","Grn",1980,2.54
"Capricornia","Paul Marek","NPA",21823,27.94
"Capricornia","Fay Lawrence","AD",4071,5.21
"Capricornia","Bevan Tull","AIP",371,0.48
"Capricornia","Marjorie Henzell","ALP",31531,40.37
"Capricornia","Mike Wilkinson","Lib46",18321,23.46
"Dawson","Greg Williamson","Lib46",18937,23.87
"Dawson","Kevin Paine","AD",3095,3.9
"Dawson","Tony Duckett","Ind",542,0.68
"Dawson","Len Watson","AIP",245,0.31
"Dawson","De-Anne Kelly","NPA",28359,35.74
"Dawson","Frank Gilbert","ALP",28168,35.5
"Dickson","Geoffrey Atkinson","AIP",470,0.61
"Dickson","John Saunders","NPA",4615,5.98
"Dickson","Geoff Wilson","NLP93",190,0.25
"Dickson","Rona Joyner","Ind",1154,1.5
"Dickson","Michael Lavarch","ALP",30800,39.92
"Dickson","Kim Pantano","Grn",2240,2.9
"Dickson","Tony Smith","Lib46",32418,42.02
"Dickson","Theoron Toon","Ind",462,0.6
"Dickson","Tom Spencer","AD",4653,6.03
"Dickson","Peter Consandine","RPA",156,0.2
"Fadden","Dulcie Bronsch","AIP",642,0.91
"Fadden","William Gabriel","Grn",1729,2.45
"Fadden","Ray Merlehan","ALP",18349,25.98
"Fadden","David Jull","Lib46",42977,60.84
"Fadden","Hetty Johnston","AD",6937,9.82
"Fairfax","John Fitzgerald","Grn",3868,5.34
"Fairfax","Elizabeth Oss-Emer","AD",5808,8.02
"Fairfax","Peter Marconi","ALP",17355,23.97
"Fairfax","Colin Hicks","AIP",384,0.53
"Fairfax","Alex Somlyay","Lib46",44994,62.14
"Fisher","Lorraine Barnes","Ind",830,1.21
"Fisher","Peter Slipper","Lib46",30902,45.07
"Fisher","Margaret Lazarenko","AFI",523,0.76
"Fisher","Gordon Earnshaw","Ind",257,0.37
"Fisher","Alan Kerlin","AD",3625,5.29
"Fisher","Louise Peach","AWP96",826,1.2
"Fisher","John Bjelke-Petersen","NPA",14115,20.59
"Fisher","Alex Bond","AIP",117,0.17
"Fisher","Chris Gwin","Grn",1686,2.46
"Fisher","John Henderson","ALP",15685,22.88
"Forde","Marshall Bell","AIP",612,0.89
"Forde","Kay Elson","Lib46",28172,40.82
"Forde","Xanthe Adams","AD",5507,7.98
"Forde","Mary Crawford","ALP",23201,33.62
"Forde","Aaron Wise","Grn",1683,2.44
"Forde","Garth Carey","NPA",9833,14.25
"Griffith","Kevin Rudd","ALP",31407,41.34
"Griffith","Graeme McDougall","Lib46",33262,43.78
"Griffith","Barry Wilson","Grn",1951,2.57
"Griffith","Iain Renton","AD",4714,6.21
"Griffith","David Stone","NPA",2818,3.71
"Griffith","Gary Holland","Ind",401,0.53
"Griffith","Jeni Eastwood","AWP96",947,1.25
"Griffith","Coral Wynter","Ind",296,0.39
"Griffith","John Leslie","AIP",172,0.23
"Groom","Ray Buckley","OAP",1578,2.04
"Groom","Mark Carew","AD",4459,5.78
"Groom","Sarah Moles","Grn",1789,2.32
"Groom","Peter Ousby","Ind",1657,2.15
"Groom","W. J. McCarthy","AIP",595,0.77
"Groom","Neville Green","ALP",17085,22.13
"Groom","Bill Taylor","Lib46",50046,64.82
"Herbert","Peter Lindsay","Lib46",29405,38.75
"Herbert","Josephine Sailor","AWP96",1338,1.76
"Herbert","Colin Edwards","AD",4473,5.89
"Herbert","Ted Lindsay","ALP",27812,36.65
"Herbert","Ken Kipping","NPA",11468,15.11
"Herbert","David Smallwood","Ind",730,0.96
"Herbert","Alex Caldwell","Ind",660,0.87
"Hinkler","Taha Dabbagh","AD",4019,5.12
"Hinkler","Adrian Soeterboek","Ind",1820,2.32
"Hinkler","Colin Johnson","AIP",758,0.97
"Hinkler","Paul Neville","NPA",43497,55.47
"Hinkler","Brian Courtice","ALP",28326,36.12
"Kennedy","Col Parker","AD",4973,6.61
"Kennedy","Clarence Walden","AIP",1124,1.49
"Kennedy","Jo Valentine","Grn",1807,2.4
"Kennedy","Fay Donovan","ALP",22257,29.58
"Kennedy","Bob Katter","NPA",45074,59.91
"Leichhardt","Peter Dodd","ALP",28392,38.05
"Leichhardt","Margaret Leviston","NLP93",352,0.47
"Leichhardt","Steve Dimitriou","Ind",871,1.17
"Leichhardt","Pat Daly","Grn",2081,2.79
"Leichhardt","Jeanette Singleton","AIP",387,0.52
"Leichhardt","Bob Burgess","NPA",15236,20.42
"Leichhardt","Leonie Watson","AD",3578,4.8
"Leichhardt","Warren Entsch","Lib46",23721,31.79
"Lilley","Noel Clothier","Grn",2221,2.84
"Lilley","Elizabeth Grace","Lib46",36053,46.11
"Lilley","Michael Hipwood","AD",5145,6.58
"Lilley","Gloria Beckett","AIP",210,0.27
"Lilley","Daryl Bertwistle","Ind",796,1.02
"Lilley","Wayne Swan","ALP",33765,43.18
"Longman","Jim Dimo","Grn",2145,3
"Longman","Pat Bonnice","ALP",21943,30.69
"Longman","Terence Madden","Ind",966,1.35
"Longman","Norman Hegarty","AIP",187,0.26
"Longman","Mal Brough","Lib46",27704,38.74
"Longman","Tom Bradley","NPA",12611,17.64
"Longman","Greg Hollis","AD",5276,7.38
"Longman","Geoffrey Abnett","OAP",673,0.94
"McPherson","Melinda Norman-Hicks","AD",4460,6.44
"McPherson","Anja Light","Grn",3109,4.49
"McPherson","Margaret Andrews","ALP",18122,26.17
"McPherson","Kevin Goodwin","Ind",634,0.92
"McPherson","John Bradford","Lib46",42640,61.57
"McPherson","David Dillon","AIP",284,0.41
"Maranoa","Franklin Beatty","AIP",1855,2.43
"Maranoa","Alan May","AD",4630,6.06
"Maranoa","Bruce Scott","NPA",53867,70.49
"Maranoa","Bob Murray","ALP",16066,21.02
"Moncrieff","Inge Light","Grn",3311,4.98
"Moncrieff","Noel Payne","AD",3286,4.94
"Moncrieff","Andrew Prenzler","Ind",526,0.79
"Moncrieff","Ian Pilgrim","AIP",303,0.46
"Moncrieff","Matthew Mackechnie","CTA",494,0.74
"Moncrieff","Mike Smith","ALP",15150,22.78
"Moncrieff","Sandy Price","NLP93",327,0.49
"Moncrieff","Kathy Sullivan","Lib46",43098,64.81
"Moreton","Annette Wilson","Grn",2572,3.29
"Moreton","Wendy Dent","Ind",581,0.74
"Moreton","Norman Johnston","AIP",195,0.25
"Moreton","Garrie Gibson","ALP",28886,36.92
"Moreton","Kirsten Kirk","AD",5076,6.49
"Moreton","Cameron Armstrong","Ind",547,0.7
"Moreton","Jacqueline Dhanji-Ayyar","NLP93",153,0.2
"Moreton","Gary Hardgrave","Lib46",39268,50.18
"Moreton","Shane Dean","Ind",234,0.3
"Moreton","Keith Bremner","AFI",735,0.94
"Oxley","Carl Wyles","Ind",765,1.09
"Oxley","Les Scott","ALP",27497,39.36
"Oxley","Pauline Hanson","Lib46",33960,48.61
"Oxley","David Pullen","AD",4248,6.08
"Oxley","Victor Robb","Ind",1094,1.57
"Oxley","John McKeon","Grn",1870,2.68
"Oxley","Bill Chapman","AIP",433,0.62
"Petrie","Nat Karmichael","Ind",1148,1.53
"Petrie","Dell Jones","Grn",1995,2.66
"Petrie","Teresa Gambaro","Lib46",38415,51.23
"Petrie","Leonard Matthews","Ind",382,0.51
"Petrie","Keryn Jackson","AIP",236,0.31
"Petrie","Kerry Hay","Ind",275,0.37
"Petrie","Gary Johns","ALP",27280,36.38
"Petrie","John Phillips","Ind",337,0.45
"Petrie","Zillah Jackson","AD",4918,6.56
"Rankin","Rosemary Bell","AIP",976,1.38
"Rankin","Richard Nielsen","Grn",1977,2.79
"Rankin","Alan Dickson","AD",6050,8.54
"Rankin","Xuan Thu Nguyen","Ind",899,1.27
"Rankin","Amanda Scott","Lib46",29046,41.02
"Rankin","David Beddall","ALP",31869,45
"Ryan","Alan Skyring","Ind",857,1.1
"Ryan","Cheryl Cannon","AIP",293,0.38
"Ryan","Willy Bach","Grn",2405,3.09
"Ryan","Valerie Thurlow","NLP93",267,0.34
"Ryan","John Moore","Lib46",46508,59.85
"Ryan","Howard Nielsen","ALP",19526,25.13
"Ryan","Diane Watson","AD",7850,10.1
"Wide Bay","Charlie Watson","AIP",1064,1.45
"Wide Bay","Wayne Skilton","OAP",908,1.24
"Wide Bay","John Francis","Ind",2891,3.94
"Wide Bay","Warren Truss","NPA",43670,59.55
"Wide Bay","Alan Holmes","ALP",19390,26.44
"Wide Bay","Pamela South","AD",5415,7.38
"Brand","Kim Beazley","ALP",37165,43.86
"Brand","Alan Gent","Ind",2016,2.38
"Brand","Brian McCarthy","Ind",373,0.44
"Brand","Bob Goodale","Grn",3577,4.22
"Brand","Mal McKercher","AD",2969,3.5
"Brand","Leone Anderson","Ind",452,0.53
"Brand","Clive Galletly","Ind",301,0.36
"Brand","Phil Rebe","AFI",943,1.11
"Brand","Malcolm Walton","NPA",877,1.04
"Brand","Penny Hearne","Lib46",36060,42.56
"Canning","Chris Twomey","Grn",3686,5.26
"Canning","George Gear","ALP",28984,41.35
"Canning","Patti Roberts","NLP93",307,0.44
"Canning","Anthony Bloomer","AD",4332,6.18
"Canning","Ricky Johnston","Lib46",30949,44.15
"Canning","Michael Devereux","Ind",1839,2.62
"Cowan","Carolyn Jakobsen","ALP",31416,41.58
"Cowan","Richard Evans","Lib46",35083,46.44
"Cowan","Otto Dik","Grn",3315,4.39
"Cowan","Sue Coyne","AD",5734,7.59
"Curtin","Ken Court","Lib46",27012,39.15
"Curtin","George Kailis","NLP93",816,1.18
"Curtin","Giz Watson","Grn",4319,6.26
"Curtin","Michael Barrett","AD",2947,4.27
"Curtin","Steven Roebuck","ALP",13658,19.79
"Curtin","Allan Rocher","Ind",20251,29.35
"Forrest","Basil Schur","Grn",5537,7.33
"Forrest","Alexander Marsden","Ind",1181,1.56
"Forrest","Ronald Hellyer","AD",3864,5.11
"Forrest","Geoff Prosser","Lib46",43067,56.99
"Forrest","Ann Mills","ALP",21920,29.01
"Fremantle","Carmen Lawrence","ALP",33763,46.93
"Fremantle","Joe Guentner","AD",4188,5.82
"Fremantle","Mick Tiller","Lib46",29067,40.4
"Fremantle","Alison de Garis","Grn",4930,6.85
"Kalgoorlie","Deborah Botica","Grn",2324,3.73
"Kalgoorlie","Cedric Wyatt","Lib46",15144,24.3
"Kalgoorlie","Graeme Campbell","Ind",21895,35.13
"Kalgoorlie","Ian Taylor","ALP",21648,34.73
"Kalgoorlie","David Thackrah","AD",1318,2.11
"Moore","Alistair Jones","ALP",23766,28.43
"Moore","Vicki Hancock","Ind",1171,1.4
"Moore","Paul Stevenage","Lib46",22815,27.29
"Moore","Sarah Gilfillan","AD",3777,4.52
"Moore","Bill Franssen","Grn",3537,4.23
"Moore","Paul Filing","Ind",28536,34.13
"O'Connor","John Hemsley","Grn",2500,3.63
"O'Connor","Mick Cole","ALP",12240,17.76
"O'Connor","Stephan Gyorgy","Ind",795,1.15
"O'Connor","Kevin Altham","NPA",12456,18.07
"O'Connor","Neil Munro","AD",2338,3.39
"O'Connor","Wilson Tuckey","Lib46",38607,56
"Pearce","Judi Moylan","Lib46",38070,54.18
"Pearce","Robert Barnacle","Grn",4857,6.91
"Pearce","Julie Ward","AD",7031,10.01
"Pearce","Paul Andrews","ALP",20313,28.91
"Perth","Stephen Smith","ALP",32018,47.56
"Perth","Gary Nelson","NLP93",339,0.5
"Perth","Anthony Benbow","Ind",418,0.62
"Perth","Raymond Conder","Ind",914,1.36
"Perth","Dee Kelly","Lib46",25262,37.53
"Perth","Jim Kerr","AD",4175,6.2
"Perth","Elena Jeffreys","Grn",4189,6.22
"Stirling","Eoin Cameron","Lib46",33778,50.09
"Stirling","Kareen Carberry","ALP",25917,38.43
"Stirling","Kim Herbert","Grn",3790,5.62
"Stirling","Lawrence Wapnah","AD",3525,5.23
"Stirling","Cathryn D'Cruz","NLP93",429,0.64
"Swan","Don Randall","Lib46",27974,42.34
"Swan","John Tucak","Ind",573,0.87
"Swan","Jane Saunders","ALP",24349,36.86
"Swan","Norm Kelly","AD",3574,5.41
"Swan","Elspeth Clairs","NLP93",235,0.36
"Swan","Mingli Wanjurri-Nungala","Grn",3086,4.67
"Swan","Bryan Hilbert","Ind",6274,9.5
"Tangney","Ilse Trewin","AD",6090,8.94
"Tangney","Dermot Buckley","ALP",20426,29.99
"Tangney","Daryl Williams","Lib46",37759,55.45
"Tangney","Margaret Jenkins","Grn",3454,5.07
"Tangney","Ken Barrett","NLP93",372,0.55
"Adelaide","Dan Carey","Ind",1142,1.55
"Adelaide","Mark Andrews","AD",6052,8.21
"Adelaide","Gail Gago","ALP",27802,37.74
"Adelaide","David Bidstrup","Ind",194,0.26
"Adelaide","Jane Manifold","Ind",305,0.41
"Adelaide","Tim Graham","Grn",2028,2.75
"Adelaide","Peter Fenwick","NLP93",322,0.44
"Adelaide","Trish Worth","Lib46",35285,47.89
"Adelaide","Barbara Fraser","GP",542,0.74
"Barker","Rita Helling","Grn",2924,3.71
"Barker","Dennis Dorney","AD",7734,9.82
"Barker","Chris Wells","NLP93",712,0.9
"Barker","Ian McLachlan","Lib46",49204,62.51
"Barker","Leah York","ALP",18146,23.05
"Bonython","Chris Kennedy","AD",10185,14.46
"Bonython","Maya O'Leary","Grn",2141,3.04
"Bonython","Chris Bodinar","Lib46",21824,30.99
"Bonython","Martyn Evans","ALP",34926,49.59
"Bonython","Michael Brander","Ind",1357,1.93
"Boothby","Janet Martin","AD",10367,13.66
"Boothby","Andrew Southcott","Lib46",40487,53.35
"Boothby","Jeremy Gaynor","ALP",22350,29.45
"Boothby","Mark Parnell","Grn",2159,2.85
"Boothby","Bevan Morris","NLP93",521,0.69
"Grey","Martin Jackson","AD",5298,6.91
"Grey","Denis Crisp","ALP",27929,36.43
"Grey","Barry Wakelin","Lib46",41625,54.29
"Grey","Julia Tymukas","Grn",1813,2.36
"Hindmarsh","Andrew Phillips","Ind",992,1.29
"Hindmarsh","Melanie Sjoberg","Ind",754,0.98
"Hindmarsh","Christine Gallus","Lib46",40054,51.96
"Hindmarsh","Matt Fisher","Grn",1904,2.47
"Hindmarsh","Pat Macaskill","AD",5476,7.1
"Hindmarsh","Heather Lorenzon","NLP93",347,0.45
"Hindmarsh","David Abfalter","ALP",27560,35.75
"Kingston","Paula Newell","Ind",1004,1.27
"Kingston","Debbie Webb","AD",7890,9.95
"Kingston","Susan Jeanes","Lib46",34023,42.89
"Kingston","Patrick Muldowney","Ind",249,0.31
"Kingston","John Watson","Ind",443,0.56
"Kingston","Bob Campbell","Ind",381,0.48
"Kingston","Evonne Moore","AFI",1780,2.24
"Kingston","Gordon Bilney","ALP",31372,39.55
"Kingston","Sally Ann Hunter","NLP93",327,0.41
"Kingston","David Nurton","Grn",1852,2.33
"Makin","Andrew Scott","NLP93",731,0.91
"Makin","Trish Draper","Lib46",35762,44.55
"Makin","Barry Illert","Ind",267,0.33
"Makin","Tony Hill","AD",7404,9.22
"Makin","Henri Mueller","Grn",1914,2.38
"Makin","Peter Duncan","ALP",32709,40.75
"Makin","Tony Baker","Ind",726,0.9
"Makin","Mary Newcombe","Ind",757,0.94
"Mayo","Alexander Downer","Lib46",46920,57.02
"Mayo","Anthony Coombe","NLP93",488,0.59
"Mayo","Graham Craig","Ind",1089,1.32
"Mayo","Cathi Tucker-Lee","AD",10230,12.43
"Mayo","David Mussared","Grn",2848,3.46
"Mayo","Peter Louca","ALP",20714,25.17
"Port Adelaide","George Apap","Grn",3387,4.56
"Port Adelaide","Rick Hill","Lib46",27315,36.81
"Port Adelaide","Rod Sawford","ALP",35939,48.43
"Port Adelaide","Maddalena Rositano","AD",7096,9.56
"Port Adelaide","Enid Mohylenko","NLP93",475,0.64
"Sturt","Christopher Pyne","Lib46",38810,54.07
"Sturt","George Vanco","ALP",22906,31.91
"Sturt","Vladimir Lorenzon","NLP93",572,0.8
"Sturt","Craig Wilkins","Grn",2078,2.9
"Sturt","Keith Oehme","AD",7408,10.32
"Wakefield","Eugene Rooney","GP",2273,2.83
"Wakefield","Paul Petit","Grn",2098,2.61
"Wakefield","Neil Andrew","Lib46",48937,60.87
"Wakefield","Pam Kelly","AD",8759,10.9
"Wakefield","Mike Stevens","ALP",18325,22.79
"Bass","Warwick Smith","Lib46",31875,51.23
"Bass","Silvia Smith","ALP",25034,40.24
"Bass","Kristina Nicklason","Grn",3093,4.97
"Bass","Debbie Butler","AD",2214,3.56
"Braddon","Clare Thompson","Grn",3375,5.64
"Braddon","Sid Sidebottom","ALP",22928,38.31
"Braddon","Chris Miles","Lib46",31201,52.14
"Braddon","Chris Ivory","AD",2337,3.91
"Denison","Karen Weldrick","Grn",5229,8.28
"Denison","Duncan Kerr","ALP",33023,52.27
"Denison","Rachel Dudgeon","AD",2769,4.38
"Denison","Sarah Stephen","Ind",486,0.77
"Denison","Ingrid Wren","Lib46",21667,34.3
"Franklin","Les Glover","Lib46",25068,40.76
"Franklin","John Hale","Grn",4286,6.97
"Franklin","Harry Quick","ALP",28259,45.95
"Franklin","Kim Peart","Ind",788,1.28
"Franklin","Irene Fisher","AD",3094,5.03
"Lyons","Leigh de la Motte","NPA",1218,1.91
"Lyons","Dick Adams","ALP",28363,44.42
"Lyons","Debra Manskey","Grn",3706,5.8
"Lyons","Duncan Mills","AD",2282,3.57
"Lyons","Russell Anderson","Lib46",28276,44.29
"Canberra","Maryan Chaplin","NLP93",778,1.16
"Canberra","Bob McMullan","ALP",32405,48.28
"Canberra","Gordon McAllister","Grn",6047,9.01
"Canberra","Gwen Wilcox","Lib46",25594,38.13
"Canberra","Sue Bill","Ind",1508,2.25
"Canberra","Jerzy Gray-Grzeszkiewicz","Ind",789,1.18
"Fraser","Cheryl Hill","Lib46",23877,39.59
"Fraser","Miko Kirschbaum","Grn",5970,9.9
"Fraser","John Langmore","ALP",30459,50.51
"Namadgi","Shane Rattenbury","Grn",4579,7.22
"Namadgi","Annette Ellis","ALP",28583,45.06
"Namadgi","Derek Rosborough","Ind",1636,2.58
"Namadgi","Brendan Smyth","Lib46",28638,45.14
"Northern Territory","Bernie Brian","Ind",2710,3.19
"Northern Territory","Nick Dondas","CLP",38302,45.04
"Northern Territory","Warren Snowdon","ALP",36994,43.5
"Northern Territory","Pamela Gardiner","Ind",1713,2.01
"Northern Territory","Philip Nitschke","Grn",5324,6.26
