"Seat","Candidate","Party","Votes","Vote_perc"
"Banks","Montague Greene","AD",6600,9.6
"Banks","Donald McConnell","Lib46",25316,36.82
"Banks","John Mountford","ALP",36842,53.58
"Barton","Edwin Bellchambers","Ind",1749,2.69
"Barton","Jim Bradfield","Lib46",30152,46.41
"Barton","Beverley Eley","AD",2464,3.79
"Barton","Rodney Madgwick","ALP",30602,47.1
"Bennelong","James Darby","Prog",1856,2.77
"Bennelong","John Guthrie","ALP",24262,36.26
"Bennelong","John Howard","Lib46",36075,53.91
"Bennelong","Pamela Tuckwell","AD",4724,7.06
"Berowra","George Bennett","ALP",19235,29.52
"Berowra","James Boow","AD",5939,9.11
"Berowra","Harry Edwards","Lib46",39993,61.37
"Blaxland","James Doughney","SWP",3203,4.96
"Blaxland","Phillip Grattan","AD",2103,3.25
"Blaxland","Paul Keating","ALP",38493,59.56
"Blaxland","Craig Marley","SLL",802,1.24
"Blaxland","Salvatore Napoli","Lib46",20024,30.98
"Bradfield","David Connolly","Lib46",51354,75.09
"Bradfield","Keith McKeen","ALP",12018,17.57
"Bradfield","Ilse Robey","AD",5018,7.34
"Calare","Sandy Mackenzie","NCP75",34234,50.04
"Calare","Anne Ritter","AD",2539,3.71
"Calare","David Simmons","ALP",31645,46.25
"Chifley","John Armitage","ALP",46289,65.16
"Chifley","Terence Cook","SLL",1918,2.7
"Chifley","Philip Daly","Lib46",19199,27.03
"Chifley","Geoffrey Evans","CPA",1091,1.54
"Chifley","Keith Watson","AD",2539,3.57
"Cook","Don Dobie","Lib46",36347,52.06
"Cook","Alexander Kiss","AD",4391,6.29
"Cook","Henry Soper","Prog",654,0.94
"Cook","Ray Thorburn","ALP",28422,40.71
"Cowper","Valma Melville","ALP",29192,40.43
"Cowper","John Pierce","AD",3631,5.03
"Cowper","Ian Robinson","NCP75",39374,54.54
"Cunningham","Peter Cockcroft","CPA",2585,3.61
"Cunningham","Thomas Griffin","Lib46",21818,30.46
"Cunningham","Andrew Jamieson","SWP",1197,1.67
"Cunningham","Richard Moore","SLL",810,1.13
"Cunningham","Megan Sampson","AD",5185,7.24
"Cunningham","Stewart West","ALP",40042,55.9
"Dundas","Stephen Bastian","AD",4922,7.3
"Dundas","Archibald Brown","Prog",1243,1.84
"Dundas","Margery Hourihan","ALP",25407,37.69
"Dundas","Philip Ruddock","Lib46",35836,53.16
"Eden-Monaro","Norma Helmers","AD",3586,5.12
"Eden-Monaro","Murray Sainsbury","Lib46",34897,49.8
"Eden-Monaro","Jim Snow","ALP",31588,45.08
"Farrer","Rodney Dominish","AD",4613,6.79
"Farrer","Lloyd Elliott","ALP",22856,33.64
"Farrer","Wal Fife","Lib46",39670,58.38
"Farrer","Maureen Nathan","Prog",808,1.19
"Grayndler","George Dryden","Lib46",20538,34.73
"Grayndler","Albert Jarman","AD",1894,3.2
"Grayndler","Leo McLeay","ALP",34029,57.54
"Grayndler","Derek Mortimer","SLL",1273,2.15
"Grayndler","Justin Walsh","SPA72",1405,2.38
"Gwydir","Gloria Collison","AD",4004,6.03
"Gwydir","Robert Hamilton","ALP",23589,35.53
"Gwydir","Ralph Hunt","NCP75",38796,58.44
"Hughes","Chris Downy","Lib46",23951,33.75
"Hughes","Questa Gill","AD",5867,8.27
"Hughes","Les Johnson","ALP",40470,57.02
"Hughes","Marjorie Wisby","Prog",687,0.97
"Hume","Stephen Lusher","NCP75",37013,55.99
"Hume","Sue West","ALP",27614,41.77
"Hume","Gwendoline Wilson","AD",1478,2.24
"Hunter","Bob Brown","ALP",51061,67.91
"Hunter","Ashley Saunders","Lib46",19896,26.46
"Hunter","Edwina Wilson","AD",4227,5.62
"Kingsford-Smith","Lionel Bowen","ALP",44083,69.53
"Kingsford-Smith","Oliver Nekula","AD",2167,3.42
"Kingsford-Smith","Collin O'Neill","Lib46",17148,27.05
"Lowe","Jan Burnswoods","ALP",30379,46.43
"Lowe","Sir William McMahon","Lib46",31892,48.75
"Lowe","Bradley Mulligan","AD",1987,3.04
"Lowe","Anthony Reasha","Ind",1167,1.78
"Lyne","Leslie Brown","ALP",27714,37.68
"Lyne","Bruce Cowan","NCP75",23413,31.83
"Lyne","Milton Morris","Lib46",20636,28.06
"Lyne","Edwin Poppleton","AD",1792,2.44
"Macarthur","Michael Baume","Lib46",37786,51.23
"Macarthur","Jim Groves","ALP",32417,43.95
"Macarthur","Ronald Sarina","Ind",470,0.64
"Macarthur","Warren Steele","AD",3081,4.18
"Mackellar","Jim Carlton","Lib46",38922,60.2
"Mackellar","Kevin Mason","ALP",20513,31.73
"Mackellar","Robert Williams","AD",5222,8.08
"Macquarie","Raymond Butcher","Ind",1958,2.48
"Macquarie","Ross Free","ALP",36814,46.66
"Macquarie","Reg Gillard","Lib46",34699,43.98
"Macquarie","Richard Jackson-Hope","AD",4603,5.83
"Macquarie","Ian Perry","Ind",377,0.48
"Macquarie","Ronald Stanton","Ind",447,0.57
"Mitchell","Alan Cadman","Lib46",48860,63.2
"Mitchell","Rosemary Mason","AD",4744,6.14
"Mitchell","Patrick McArdle","ALP",23703,30.66
"Newcastle","Richard Bevan","Lib46",22823,34.52
"Newcastle","John Cleverly","AD",2132,3.22
"Newcastle","Darrell Dawson","CPA",1629,2.46
"Newcastle","Charles Jones","ALP",38321,57.97
"Newcastle","Geoffrey Payne","SWP",1204,1.82
"New England","Selby Dean","ALP",24808,37.94
"New England","Fiona Richardson","AD",6124,9.37
"New England","Ian Sinclair","NCP75",34454,52.69
"North Sydney","Maxine Broughton","ALP",19223,31.17
"North Sydney","Josephine Chisholm-Mallett","Ind",737,1.19
"North Sydney","Peter Corrie","Prog",1131,1.83
"North Sydney","John Spender","Lib46",37016,60.01
"North Sydney","Anita Stiller","AD",3573,5.79
"Parramatta","Warwick Barber","AD",6191,9.34
"Parramatta","John Brown","ALP",35810,54.01
"Parramatta","Jim Saleam","Ind",1248,1.88
"Parramatta","Lance Shaw","Lib46",23058,34.77
"Paterson","Denis Driver","AD",4265,6.45
"Paterson","Francis Murray","ALP",24946,37.72
"Paterson","Frank O'Keefe","NCP75",36416,55.06
"Paterson","William Reeve-Parker","Ind",516,0.78
"Phillip","Jack Birney","Lib46",29541,48.67
"Phillip","Russell Deiley","Ind",474,0.78
"Phillip","Jeannette McHugh","ALP",27904,45.97
"Phillip","Leslie Reiss","AD",2781,4.58
"Prospect","Alan Byers","Lib46",24967,36.64
"Prospect","Robert Goodere","AD",3751,5.51
"Prospect","Dick Klugman","ALP",39419,57.85
"Reid","Neville Gray","Ind",3664,5.84
"Reid","Yvonne Maio","Lib46",18885,30.09
"Reid","Paul Terrett","AD",1548,2.47
"Reid","Tom Uren","ALP",38675,61.61
"Richmond","Ashley Albanese","AD",5216,7.07
"Richmond","Doug Anthony","NCP75",42037,56.94
"Richmond","Terence McGee","ALP",26574,35.99
"Riverina","Noel Hicks","NCP75",21663,33.13
"Riverina","Frederick Martin","Ind",549,0.84
"Riverina","John Newman","AD",1414,2.16
"Riverina","Frederick Smith","ALP",30698,46.94
"Riverina","Brian Thornton","Lib46",11072,16.93
"Robertson","Paul Baker","Ind",2696,3.4
"Robertson","Barry Cohen","ALP",41569,52.43
"Robertson","Brian Gill","Lib46",30390,38.33
"Robertson","Trevor Willsher","AD",4629,5.84
"Shortland","Robert Buhler","SLL",3422,4.58
"Shortland","Lionel Lambkin","AD",5111,6.85
"Shortland","Peter Morris","ALP",45509,60.96
"Shortland","Eddie Namir","Lib46",20611,27.61
"St George","Beverley Davis","AD",2509,3.84
"St George","Bill Morrison","ALP",34855,53.37
"St George","Maurice Neil","Lib46",27946,42.79
"Sydney","Maxwell Adams","AD",4816,8.13
"Sydney","Juanita Keig","SWP",1477,2.49
"Sydney","Leslie McMahon","ALP",36720,62
"Sydney","Judy Mundey","CPA",2850,4.81
"Sydney","Cliff Reece","Lib46",13364,22.56
"Warringah","Arthur Bishop","AD",3944,6.27
"Warringah","Michael MacKellar","Lib46",39270,62.47
"Warringah","John McGrath","PCP",1297,2.06
"Warringah","Desmond Murphy","ALP",17864,28.42
"Warringah","David Rennie","Prog",490,0.78
"Wentworth","Robert Ellicott","Lib46",36426,60.45
"Wentworth","Joan Kersey","AD",3746,6.22
"Wentworth","Stephen McGoldrick","ALP",20086,33.33
"Werriwa","Edward Bell","Ind",4079,5.21
"Werriwa","John Kerin","ALP",45296,57.88
"Werriwa","Keith Olson","AD",5074,6.48
"Werriwa","Marie Rutledge","Lib46",23813,30.43
"Balaclava","Zelma Furey","AD",7743,12.21
"Balaclava","Christopher Kennedy","ALP",22933,36.17
"Balaclava","Ian Macphee","Lib46",32729,51.62
"Ballarat","John Cotter","DLP",2099,3.16
"Ballarat","Graham Gough","AD",3736,5.63
"Ballarat","John Mildren","ALP",29990,45.18
"Ballarat","Jim Short","Lib46",30551,46.03
"Batman","Allen Doyle","DLP",4945,7.4
"Batman","Brian Howe","ALP",37065,55.49
"Batman","Rosemary Kemp","Lib46",20785,31.12
"Batman","Jeffrey McAlpine","AD",4002,5.99
"Bendigo","John Bourchier","Lib46",31468,47.28
"Bendigo","Victor Dolby","ALP",29257,43.96
"Bendigo","George Hunter","AD",5828,8.76
"Bruce","Fraser Hercus","AD",7942,11.08
"Bruce","Wilhelm Kapphan","Ind",366,0.51
"Bruce","Elaine Mulholland","DLP",954,1.33
"Bruce","Sir Billy Snedden","Lib46",34982,48.79
"Bruce","Gayle Whyte","ALP",27457,38.29
"Burke","Greg Ross","Lib46",26803,38.18
"Burke","Eric Spencer","AD",5413,7.71
"Burke","Andrew Theophanous","ALP",37984,54.11
"Casey","Peter Falconer","Lib46",31107,45.44
"Casey","Martin Hetherich","UCP80",563,0.82
"Casey","Basil Smith","AD",7032,10.27
"Casey","Wilfrid Thiele","Ind",193,0.28
"Casey","Bertram Wainer","Ind",2720,3.97
"Casey","Peter Watson","ALP",26841,39.21
"Chisholm","Graham Harris","Lib46",32211,47.13
"Chisholm","Helen Mayer","ALP",28058,41.05
"Chisholm","Terence Pooley","AP",701,1.03
"Chisholm","Alan Swindon","AD",7377,10.79
"Corangamite","Bernie Finn","DLP",3043,4.55
"Corangamite","Neil Gedge","ALP",20959,31.31
"Corangamite","Kathleen May","AD",5031,7.52
"Corangamite","Tony Street","Lib46",37913,56.63
"Corio","James Jordan","DLP",2528,3.66
"Corio","Mieczyslaw Parks","Lib46",24051,34.79
"Corio","Gordon Scholes","ALP",39138,56.61
"Corio","Reginald Sweeten","AD",3418,4.94
"Deakin","Edwin Adamson","AD",9014,11.92
"Deakin","Peter Ferwerda","DLP",2291,3.03
"Deakin","Alan Jarman","Lib46",33011,43.67
"Deakin","John Madden","ALP",31277,41.38
"Diamond Valley","Neil Brown","Lib46",35082,48.59
"Diamond Valley","Geoffrey Loftus-Hills","AD",7936,10.99
"Diamond Valley","John Scomparin","ALP",29186,40.42
"Flinders","Phillip Lynch","Lib46",36587,50.26
"Flinders","Jean McLean","ALP",28565,39.24
"Flinders","William Towers","AD",7643,10.5
"Gellibrand","Shirley Bold","AD",5955,8.97
"Gellibrand","Lynne Bryer","SWP",2268,3.42
"Gellibrand","John Kelly","Lib46",14711,22.15
"Gellibrand","Ralph Willis","ALP",43474,65.47
"Gippsland","Pierre Forcier","AD",6861,10.47
"Gippsland","Bruce Ingle","Ind",1684,2.57
"Gippsland","Graeme McIntyre","ALP",19791,30.21
"Gippsland","Peter Nixon","NCP75",37180,56.75
"Henty","Ken Aldred","Lib46",27702,42.34
"Henty","Joan Child","ALP",32102,49.06
"Henty","Jonathan Melland","AD",3926,6
"Henty","John Mulholland","DLP",1698,2.6
"Higgins","Jennifer Bundy","ALP",22512,34.41
"Higgins","Maureen Holmes","IBCP",636,0.97
"Higgins","Wilhelm Kapphan","Ind",437,0.67
"Higgins","Roger Shipton","Lib46",37292,56.99
"Higgins","James Thornley","AD",4554,6.96
"Holt","Michael Duffy","ALP",39232,52.08
"Holt","Michael Rowe","DLP",1352,1.79
"Holt","Brian Stockton","AD",5810,7.71
"Holt","William Yates","Lib46",28940,38.42
"Hotham","Robyn Groves","AD",8138,11.22
"Hotham","Roger Johnston","Lib46",28054,38.68
"Hotham","Lewis Kent","ALP",35201,48.54
"Hotham","Edward Woods","DLP",1128,1.56
"Indi","Ewen Cameron","Lib46",26745,41.77
"Indi","Patrick Flanagan","Ind",581,0.91
"Indi","Ralph Fleming","AD",2695,4.21
"Indi","Allan Garrett","NCP75",12486,19.5
"Indi","Brian Lumsden","Ind",334,0.52
"Indi","Carole Marple","ALP",21190,33.09
"Isaacs","Michael Bakos","AD",9777,14.13
"Isaacs","Sydney Balhorn","Ind",1955,2.82
"Isaacs","William Burns","Lib46",26293,37.99
"Isaacs","David Charles","ALP",31192,45.06
"Kooyong","Wesley Blackmore","ALP",22356,33.87
"Kooyong","James Lysaght","AD",5630,8.53
"Kooyong","Andrew Peacock","Lib46",38013,57.6
"Lalor","Barry Jones","ALP",50509,68.35
"Lalor","Thomas Meskos","Lib46",18944,25.63
"Lalor","Ivan Pollock","AD",4446,6.02
"La Trobe","Marshall Baillieu","Lib46",28282,40.67
"La Trobe","Desmond Burke","DLP",867,1.25
"La Trobe","Cornelus Hellema","UCP80",1487,2.14
"La Trobe","Wilhelm Kapphan","Ind",262,0.38
"La Trobe","James Leicester","AD",7201,10.36
"La Trobe","Peter Milton","ALP",31439,45.21
"Mallee","Leslie Connolly","Ind",1592,2.55
"Mallee","Geoffrey Ferns","ALP",14967,23.93
"Mallee","Peter Fisher","NCP75",29502,47.16
"Mallee","Neville Goodwin","Lib46",13393,21.41
"Mallee","Colin Kavanagh","AD",2736,4.37
"Mallee","Ronald Nicholson","Ind",362,0.58
"Maribyrnong","Moss Cass","ALP",37991,54.62
"Maribyrnong","Geoffrey Ireland","Lib46",24439,35.13
"Maribyrnong","Henrik Jersic","AD",7129,10.25
"McMillan","Sandra Burke","AD",4748,7.25
"McMillan","Barry Cunningham","ALP",28100,42.92
"McMillan","Brian Handley","DLP",3295,5.03
"McMillan","Robert McCracken","Ind",378,0.58
"McMillan","Barry Simon","Lib46",28957,44.22
"Melbourne","Robert Fallshaw","Lib46",16573,28.09
"Melbourne","James Ferrari","IBCP",879,1.49
"Melbourne","Alan Hughes","AD",4199,7.12
"Melbourne","Ted Innes","ALP",35812,60.7
"Melbourne","Neville Ogden","CPA",1534,2.6
"Melbourne Ports","Colin Bell","Lib46",20252,33.95
"Melbourne Ports","Stephen Duthy","AD",4336,7.27
"Melbourne Ports","Clyde Holding","ALP",33992,56.98
"Melbourne Ports","Wilhelm Kapphan","Ind",270,0.45
"Melbourne Ports","Gordon Moffatt","Ind",806,1.35
"Murray","Joan Groves","ALP",15679,23.88
"Murray","William Hunter","Lib46",14616,22.26
"Murray","Douglas Linford","AD",3856,5.87
"Murray","Bruce Lloyd","NCP75",30338,46.2
"Murray","Diane Teasdale","Ind",1171,1.78
"Scullin","Harry Jenkins","ALP",46883,67.13
"Scullin","Brian Kidd","AD",4068,5.82
"Scullin","Geoffrey Lutz","Lib46",18892,27.05
"Wannon","Malcolm Fraser","Lib46",37680,58.4
"Wannon","Bernhard Kruger","AD",2625,4.07
"Wannon","Keith Wilson","ALP",22670,35.14
"Wannon","Joseph Young","Ind",1546,2.4
"Wills","Vincenzo d'Aquino","Lib46",17337,26.36
"Wills","Kenneth Goss","AD",2407,3.66
"Wills","Bob Hawke","ALP",42815,65.11
"Wills","Michael Head","SLL",490,0.75
"Wills","Philip Herington","CPA",368,0.56
"Wills","Martin Newell","Ind",410,0.62
"Wills","Solomon Salby","SWP",677,1.03
"Wills","Thomas Stewart","DLP",1256,1.91
"Bowman","David Jull","Lib46",33695,48.79
"Bowman","Len Keogh","ALP",31722,45.93
"Bowman","Thomas Martin","AD",3648,5.28
"Brisbane","Manfred Cross","ALP",29621,48.11
"Brisbane","Peter Johnson","Lib46",27497,44.66
"Brisbane","William Kenney","Ind",788,1.28
"Brisbane","Anthony Walters","AD",3664,5.95
"Capricornia","Colin Carige","NCP75",21292,33.18
"Capricornia","Doug Everingham","ALP",32688,50.95
"Capricornia","William Park","Lib46",7780,12.13
"Capricornia","Paul Rackemann","Prog",225,0.35
"Capricornia","Lloyd Webber","AD",2177,3.39
"Darling Downs","Maria Hayboer","AD",3551,5.48
"Darling Downs","Janet Hunt","ALP",19379,29.9
"Darling Downs","Tom McVeigh","NCP75",41011,63.28
"Darling Downs","David Proud","Prog",870,1.34
"Dawson","Ray Braithwaite","NCP75",33205,50.06
"Dawson","Brian Caldwell","AD",2299,3.47
"Dawson","Kelly Crombie","Prog",330,0.5
"Dawson","Barbara Hill","ALP",29960,45.17
"Dawson","Robert Oakes","Ind",539,0.81
"Fadden","Janice Barber","AD",5812,7.51
"Fadden","David Beddall","ALP",33736,43.61
"Fadden","Donald Cameron","Lib46",37170,48.04
"Fadden","Dallas Graham","Prog",648,0.84
"Fisher","Evan Adermann","NCP75",41167,53.28
"Fisher","Gavin Black","AD",6250,8.09
"Fisher","Rodney Jeanneret","Prog",848,1.1
"Fisher","Gail Perry","Ind",2134,2.76
"Fisher","Fay Price","ALP",26865,34.77
"Griffith","Mark Carey","SWP",2293,3.97
"Griffith","Ben Humphreys","ALP",32249,55.83
"Griffith","Gillian Newman","AD",2474,4.28
"Griffith","Noel Willersdorf","NCP75",4732,8.19
"Griffith","Dennis Young","Lib46",16019,27.73
"Herbert","Gordon Dean","Lib46",31538,47.93
"Herbert","John Lamb","AD",3690,5.61
"Herbert","Ted Lindsay","ALP",30575,46.46
"Kennedy","James Fryar","Prog",2103,3.75
"Kennedy","Susan Hadlow","ALP",20194,36.03
"Kennedy","Bob Katter","NCP75",33744,60.21
"Leichhardt","Anthony Mijo","ALP",28500,46.27
"Leichhardt","Ian Paul","AD",2985,4.85
"Leichhardt","David Thomson","NCP75",30105,48.88
"Lilley","Kevin Cairns","Lib46",28964,47.24
"Lilley","Elaine Darling","ALP",29434,48
"Lilley","Joan Hadley","AD",2920,4.76
"Maranoa","Kenneth Abbey","ALP",18047,29.51
"Maranoa","Austin Brannigan","AD",2412,3.94
"Maranoa","Ian Cameron","NCP75",35035,57.29
"Maranoa","Reginald Kerslake","Lib46",5655,9.25
"McPherson","William Aabraham-Steer","Ind",1339,1.79
"McPherson","Ian Crick","AD",3761,5.02
"McPherson","Walter Ehrich","ALP",23061,30.76
"McPherson","Eric Robinson","Lib46",32459,43.3
"McPherson","Louis Rowan","Ind",14350,19.14
"Moreton","Graham Bell","Ind",1064,1.73
"Moreton","Patrick Dixon","Prog",407,0.66
"Moreton","James Killen","Lib46",31157,50.66
"Moreton","Barbara Robson","ALP",25997,42.27
"Moreton","Betty Whitworth","AD",2877,4.68
"Oxley","Miriam Cope","Ind",1311,1.86
"Oxley","Bill Hayden","ALP",45094,64.07
"Oxley","Ronda Herrmann","Lib46",20461,29.07
"Oxley","Wayne Martin","AD",2896,4.11
"Oxley","Robert Voysey","SLL",620,0.88
"Petrie","Phillip Grimson","Prog",1768,2.57
"Petrie","John Hodges","Lib46",32979,47.98
"Petrie","Pauline Moylan","AD",4668,6.79
"Petrie","Deane Wells","ALP",29319,42.66
"Ryan","Peter Beattie","ALP",22697,33.99
"Ryan","John Moore","Lib46",36780,55.08
"Ryan","Geoffrey Rees","AD",6004,8.99
"Ryan","Philip Sturgess","Prog",1297,1.94
"Wide Bay","Raymond Bird","Prog",1675,2.53
"Wide Bay","James Finemore","ALP",26708,40.36
"Wide Bay","Clarrie Millar","NCP75",33377,50.44
"Wide Bay","Geoffrey Schuh","AD",4414,6.67
"Adelaide","Peter Adamson","AD",8109,11.7
"Adelaide","Peter Camm","Lib46",25057,36.16
"Adelaide","Chris Hurford","ALP",36124,52.13
"Barker","Anthony Beck","NCP75",3774,5.36
"Barker","Ivor Childs","AD",3924,5.57
"Barker","Norman Napper","ALP",20323,28.87
"Barker","James Porter","Lib46",40445,57.46
"Barker","Kim Ross","NCP75",1920,2.73
"Bonython","Neal Blewett","ALP",40825,54.44
"Bonython","Donald Keitel","PCP",656,0.87
"Bonython","John Longhurst","AD",8288,11.05
"Bonython","Mark Mau","Lib46",24507,32.68
"Bonython","John Villain","SLL",716,0.95
"Boothby","Martin Holt","AD",9664,13.06
"Boothby","John McLeay","Lib46",41542,56.16
"Boothby","James Russell","PCP",762,1.03
"Boothby","Bruce Whyatt","ALP",22001,29.74
"Grey","Brian Fitzgerald","Lib46",27263,40.35
"Grey","Mary Good","AD",3084,4.56
"Grey","Anthony Haskett","NCP75",3342,4.95
"Grey","Laurie Wallis","ALP",33871,50.13
"Hawker","Mark Hanckel","Lib46",29187,42.32
"Hawker","Ralph Jacobi","ALP",34066,49.39
"Hawker","Kenneth Johnson","AD",5720,8.29
"Hindmarsh","George Basisovs","Lib46",27379,38.53
"Hindmarsh","Therese Doyle","SWP",1531,2.15
"Hindmarsh","Peter Gagliardi","AD",6535,9.2
"Hindmarsh","Alf Gard","Ind",1500,2.11
"Hindmarsh","John Scott","ALP",34106,48
"Kingston","Grant Chapman","Lib46",35069,46.32
"Kingston","Richard Gun","ALP",33822,44.68
"Kingston","Judith Jenkins","AD",6813,9
"Port Adelaide","Shirley de Garis","Lib46",19580,28.2
"Port Adelaide","Elliott Johnston","CPA",1261,1.82
"Port Adelaide","Robert Manhire","AD",4846,6.98
"Port Adelaide","Mick Young","ALP",43746,63
"Sturt","David d'Angelo","AD",5903,8.12
"Sturt","Andrew Dunstan","ALP",29457,40.5
"Sturt","Ian Wilson","Lib46",37018,50.9
"Sturt","Colin Wuttke","PCP",354,0.49
"Wakefield","Rowland Beech","AD",5971,8.52
"Wakefield","Geoffrey Giles","Lib46",41934,59.81
"Wakefield","Alan Reid","ALP",20308,28.96
"Wakefield","Duncan Rose","NCP75",1901,2.71
"Canning","Mel Bungey","Lib46",31821,47.35
"Canning","Theresa Cunningham","AD",6285,9.35
"Canning","James Hansen","ALP",28206,41.97
"Canning","Pamela Wells","Ind",896,1.33
"Curtin","Victor Garland","Lib46",35373,58.92
"Curtin","Richard Grounds","ALP",19680,32.78
"Curtin","Gary Payne","AD",4985,8.3
"Forrest","Alfred Bussell","AD",4206,6.96
"Forrest","Peter Drummond","Lib46",31005,51.31
"Forrest","Walter MacMillan","ALP",21749,35.99
"Forrest","Francis Timms","NCP75",3468,5.74
"Fremantle","John Dawkins","ALP",36272,58.13
"Fremantle","Graham Hull","AD",3791,6.08
"Fremantle","Angelo Lopez","SWP",915,1.47
"Fremantle","Donald McLeod","Lib46",21425,34.33
"Kalgoorlie","Trevor Butler","AD",4723,8.27
"Kalgoorlie","Graeme Campbell","ALP",25845,45.24
"Kalgoorlie","Mick Cotter","Lib46",26562,46.49
"Moore","Allen Blanchard","ALP",28267,42.86
"Moore","John Hyde","Lib46",31021,47.04
"Moore","Donald McComish","AD",5152,7.81
"Moore","Gladwin Wood","NCP75",1506,2.28
"O'Connor","Eric Charlton","NPW",8915,14.96
"O'Connor","Robert Duncannon","ALP",13814,23.18
"O'Connor","Anthony Hassell","NCP75",10863,18.23
"O'Connor","Wilson Tuckey","Lib46",23998,40.28
"O'Connor","Guy Wroth","AD",1994,3.35
"Perth","William Delaney","ALP",27599,45.69
"Perth","Robert Foster","AD",3122,5.17
"Perth","Ross McLean","Lib46",29131,48.23
"Perth","June Steen-Olsen","PCP",551,0.91
"Stirling","Roger Broinowski","Ind",1301,2.1
"Stirling","Jean Jenkins","AD",4242,6.84
"Stirling","Richard Pitts","ALP",26135,42.16
"Stirling","Ian Viner","Lib46",30307,48.89
"Swan","Kim Beazley","ALP",32476,53.31
"Swan","John Martyr","Lib46",24401,40.06
"Swan","Stephen Painter","SWP",750,1.23
"Swan","Jean Ritter","AD",3288,5.4
"Tangney","Robert McCormack","AD",6288,9.66
"Tangney","Peter Shack","Lib46",32592,50.07
"Tangney","Maureen Wong","ALP",26216,40.27
"Bass","Kevin Newman","Lib46",27586,52.95
"Bass","Olga Scully","Ind",1310,2.51
"Bass","Patti Warn","ALP",23199,44.53
"Braddon","Lance Fee","ALP",22275,44.93
"Braddon","Ray Groom","Lib46",27307,55.07
"Denison","Peter Creet","AD",1998,3.9
"Denison","Michael Hodgman","Lib46",25751,50.21
"Denison","Ken Wriedt","ALP",23538,45.89
"Franklin","Fran Bladel","ALP",23809,45.41
"Franklin","Bruce Goodluck","Lib46",26893,51.29
"Franklin","John Thomson","AD",1734,3.31
"Wilmot","Max Burr","Lib46",25607,50.09
"Wilmot","David Llewellyn","ALP",25515,49.91
"Northern Territory","Pamela Gardiner","Ind",1129,2.62
"Northern Territory","Graham Gillian","AMP",486,1.13
"Northern Territory","John McElroy","CDP_NT",272,0.63
"Northern Territory","Max Stewart","AD",2509,5.81
"Northern Territory","Grant Tambling","CLP",18805,43.56
"Northern Territory","John Waters","ALP",17426,40.36
"Northern Territory","Malcolm Womersley","Ind",130,0.3
"Northern Territory","Galarrwuy Yunupingu","Ind",2415,5.59
"Canberra","John Haslem","Lib46",25957,42.05
"Canberra","Ros Kelly","ALP",32352,52.41
"Canberra","Leo Nesic","AD",2845,4.61
"Canberra","Kevin Wise","Ind",574,0.93
"Fraser","Dimmen de Graaff","AD",4156,6.52
"Fraser","Ken Fry","ALP",36564,57.33
"Fraser","Kevin Wise","Ind",636,1
"Fraser","Michael Yabsley","Lib46",22059,34.58
"Fraser","Basil Yakimov","Ind",367,0.58
