"Seat","Candidate","Party","Votes","Vote_perc"
"Canberra","Giulia Jones","Lib46",41732,37.21
"Canberra","Sue Ellerman","Grn",20816,18.56
"Canberra","Gai Brodtmann","ALP",49608,44.23
"Fraser","James Milligan","Lib46",36148,32.41
"Fraser","Quintin Hedges-Phillips","SPA10",2175,1.95
"Fraser","Andrew Leigh","ALP",51092,45.81
"Fraser","Indra Esguerra","Grn",22126,19.84
"Banks","Paul Spight","Grn",8062,9.61
"Banks","Michael Parsons","ON",1595,1.9
"Banks","Daryl Melham","ALP",36034,42.96
"Banks","Ron Delezio","Lib46",38178,45.52
"Barton","Robert McClelland","ALP",38149,48.48
"Barton","Simone Francis","Grn",8536,10.85
"Barton","John La Mela","Lib46",31998,40.67
"Bennelong","Victor Waterson","ON",725,0.85
"Bennelong","Julie Worsley","CDP",1824,2.13
"Bennelong","Sue Raye","ASXP",1105,1.29
"Bennelong","Mary Mockler","CA10",478,0.56
"Bennelong","Stephen Chavura","FFP",570,0.67
"Bennelong","Bill Pounder","TCS",275,0.32
"Bennelong","Lindsay Peters","Grn",6808,7.95
"Bennelong","Maxine McKew","ALP",31803,37.12
"Bennelong","Martin Levine","BAP",170,0.2
"Bennelong","John Alexander","Lib46",41582,48.53
"Bennelong","Terje Petersen","LDP",344,0.4
"Berowra","Steve Evans","CDP",2350,2.74
"Berowra","Philip Ruddock","Lib46",51416,59.98
"Berowra","Toni Wright-Turner","Grn",9762,11.39
"Berowra","Michael Stove","ALP",18901,22.05
"Berowra","Christian Ellis","FFP",840,0.98
"Berowra","Mick Gallagher","Ind",2455,2.86
"Blaxland","Richard Phillips","SEP",2058,2.79
"Blaxland","Malikeh Michels","Grn",4625,6.26
"Blaxland","David Ball","Ind",1153,1.56
"Blaxland","Abdul Charaf","Ind",2131,2.89
"Blaxland","Jason Clare","ALP",37641,50.98
"Blaxland","Mark Majewski","Lib46",24583,33.3
"Blaxland","Ronald Poulsen","Ind",288,0.39
"Blaxland","Bob Vinnicombe","ON",1351,1.83
"Bradfield","Susie Gemmell","Grn",14231,16.34
"Bradfield","Sarah Gallard","ALP",16742,19.22
"Bradfield","Paul Fletcher","Lib46",56143,64.45
"Calare","Jessyka Norsworthy","CDP",1957,2.19
"Calare","Paul Blanch","Ind",4137,4.64
"Calare","Kevin Duffy","ALP",25926,29.05
"Calare","Karen Romano","Ind",3276,3.67
"Calare","Jeremy Buckingham","Grn",5354,6
"Calare","John Cobb","NPA",46775,52.41
"Calare","Macgregor Ross","Ind",1817,2.04
"Charlton","Greg Combet","ALP",44159,53.15
"Charlton","Ann Lawler","CEC",881,1.06
"Charlton","John McDonald","Lib46",25514,30.71
"Charlton","Ian McKenzie","Grn",7339,8.83
"Charlton","Patrick Barry","Ind",2846,3.43
"Charlton","Mitchell Pickstone","CDP",2341,2.82
"Chifley","Debbie Robertson","Grn",6776,8.43
"Chifley","Terry Cooksley","AFP",943,1.17
"Chifley","Ed Husic","ALP",41456,51.58
"Chifley","Keith Darley","AD",1174,1.46
"Chifley","Dave Vincent","CDP",4068,5.06
"Chifley","Louise Kedwell","ON",1585,1.97
"Chifley","Venus Priest","Lib46",24369,30.32
"Cook","Graeme Strang","Ind",1568,1.75
"Cook","Peter Scaysbrook","ALP",25806,28.81
"Cook","Scott Morrison","Lib46",51852,57.88
"Cook","Merelyn Foy","FFP",719,0.8
"Cook","Naomi Waizer","Grn",6924,7.73
"Cook","Beth Smith","CDP",1722,1.92
"Cook","Richard Putral","ON",997,1.11
"Cowper","Paul Sefky","ALP",23696,27.82
"Cowper","Dominic King","Grn",7745,9.09
"Cowper","John Arkan","Ind",8446,9.92
"Cowper","Deborah Lions","CDP",2039,2.39
"Cowper","Luke Hartsuyker","NPA",43242,50.77
"Cunningham","Philip Clifford","Lib46",29241,32.85
"Cunningham","Sharon Bird","ALP",43769,49.17
"Cunningham","John Flanagan","NCP01",1240,1.39
"Cunningham","George Takacs","Grn",13461,15.12
"Cunningham","Jess Moore","SAl",1303,1.46
"Dobell","Rhonda Avasalu","CDP",2005,2.42
"Dobell","John McNamara","Lib46",33287,40.24
"Dobell","Craig Thomson","ALP",38268,46.27
"Dobell","Gavin Brett","FFP",2033,2.46
"Dobell","Scott Rickard","Grn",7121,8.61
"Eden-Monaro","Olga Quilty","LDP",1152,1.35
"Eden-Monaro","Mike Kelly","ALP",37225,43.61
"Eden-Monaro","David Gazard","Lib46",35714,41.84
"Eden-Monaro","Frank Fragiacomo","Ind",559,0.65
"Eden-Monaro","Ray Buckley","Ind",1019,1.19
"Eden-Monaro","Tom Gradwell","FFP",761,0.89
"Eden-Monaro","Ursula Bennett","CDP",637,0.75
"Eden-Monaro","Catherine Moore","Grn",8296,9.72
"Farrer","Mathew Crothers","SPA10",1099,1.32
"Farrer","Peter Carruthers","Grn",4880,5.88
"Farrer","Jason Clancy","Ind",724,0.87
"Farrer","Sussan Ley","Lib46",42646,51.41
"Farrer","Christian Emmery","ALP",20981,25.29
"Farrer","Louise Burge","Ind",9350,11.27
"Farrer","Stephen Bingle","AD",603,0.73
"Farrer","James Male","CDP",2664,3.21
"Fowler","Mike Head","SEP",2700,3.51
"Fowler","Thomas Dang","Lib46",28402,36.94
"Fowler","Chris Hayes","ALP",40636,52.86
"Fowler","Signe Westerberg","Grn",5144,6.69
"Gilmore","Bohdan Brumerskyj","CDP",2310,2.67
"Gilmore","Ben van der Wijngaart","Grn",8279,9.57
"Gilmore","Elizabeth Cunningham","FFP",781,0.9
"Gilmore","Neil Reilly","ALP",30430,35.18
"Gilmore","Joanna Gash","Lib46",44050,50.93
"Gilmore","Annette Williams","SPA10",275,0.32
"Gilmore","Don Keys","LDP",374,0.43
"Grayndler","James Cogan","SEP",1041,1.25
"Grayndler","Pip Hinman","SAl",1022,1.23
"Grayndler","Alexander Dore","Lib46",20178,24.24
"Grayndler","Anthony Albanese","ALP",38369,46.09
"Grayndler","Sam Byrne","Grn",21555,25.9
"Grayndler","Perry Garofani","AD",1074,1.29
"Greenway","Michelle Rowland","ALP",33567,42.32
"Greenway","Jaymes Diaz","Lib46",32788,41.34
"Greenway","Michael Santos","Ind",770,0.97
"Greenway","Tony Pettitt","AFP",780,0.98
"Greenway","Allan Green","CDP",2922,3.68
"Greenway","John Baiada","BAP",815,1.03
"Greenway","Ronaldo Villaver","AD",529,0.67
"Greenway","Joaquim de Lima","LDP",542,0.68
"Greenway","Amarjit Tanda","Ind",530,0.67
"Greenway","Paul Taylor","Grn",4769,6.01
"Greenway","Iris Muller","FFP",1296,1.63
"Hughes","Peter Bussa","ON",1599,1.85
"Hughes","Craig Kelly","Lib46",42424,49.15
"Hughes","Susan Roberts","Grn",5430,6.29
"Hughes","Stan Hurley","FFP",1183,1.37
"Hughes","Scott Nailon","CDP",2112,2.45
"Hughes","Don Nguyen","LDP",948,1.1
"Hughes","Brent Thomas","ALP",32611,37.78
"Hume","Charles Liptak","FFP",2075,2.36
"Hume","Greg Butler","AD",1280,1.45
"Hume","Robin Saville","ALP",28044,31.86
"Hume","Lisa Milat","LDP",1197,1.36
"Hume","Kevin Watchirs","Grn",6737,7.65
"Hume","Karen Buttigieg","CDP",1546,1.76
"Hume","Alby Schultz","Lib46",47137,53.56
"Hunter","Chris Parker","Grn",7251,8.92
"Hunter","Jennifer Leayr","ON",2721,3.35
"Hunter","Joel Fitzgibbon","ALP",44159,54.31
"Hunter","Wayne Riley","CDP",1938,2.38
"Hunter","Michael Johnsen","NPA",25245,31.05
"Kingsford Smith","Michael Feneley","Lib46",33836,41.25
"Kingsford Smith","Peter Garrett","ALP",35957,43.83
"Kingsford Smith","Zac Hambides","SEP",576,0.7
"Kingsford Smith","Josh Carmont","AD",1047,1.28
"Kingsford Smith","Lindsay Shurey","Grn",9885,12.05
"Kingsford Smith","John Cunningham","ON",728,0.89
"Lindsay","David Bradbury","ALP",37076,44.55
"Lindsay","Geoff Brown","Ind",1583,1.9
"Lindsay","Andrew Green","CDP",2502,3.01
"Lindsay","Mick Saunders","AFP",976,1.17
"Lindsay","John Phillips","FFP",1032,1.24
"Lindsay","Suzie Wright","Grn",3944,4.74
"Lindsay","Fiona Scott","Lib46",36114,43.39
"Lyne","Rob Oakeshott","Ind",40061,47.15
"Lyne","Frederik Lips","ALP",11459,13.49
"Lyne","David Gillespie","NPA",29216,34.39
"Lyne","Barry Wright","Ind",586,0.69
"Lyne","Ian Oxenford","Grn",3645,4.29
"Macarthur","Kate McCulloch","ON",2338,2.99
"Macarthur","Nick Bleasdale","ALP",30151,38.55
"Macarthur","Domenico Cammaveri","BAP",512,0.65
"Macarthur","Russell Matheson","Lib46",37069,47.4
"Macarthur","Nolene Norsworthy","CDP",1377,1.76
"Macarthur","Jessica Di Blasio","Grn",4347,5.56
"Macarthur","Clinton Mead","AD",652,0.83
"Macarthur","Grant Herbert","FFP",1757,2.25
"Mackellar","Jonathan King","Grn",14609,16.77
"Mackellar","Linda Beattie","ALP",18381,21.1
"Mackellar","Bronwyn Bishop","Lib46",54110,62.12
"Macquarie","Peter Whelan","LDP",2087,2.39
"Macquarie","Amy Bell","Ind",1778,2.03
"Macquarie","Carmel McCallum","Grn",12317,14.09
"Macquarie","Terry Tremethick","CA10",591,0.68
"Macquarie","Susan Templeman","ALP",28284,32.36
"Macquarie","John Bates","AFP",676,0.77
"Macquarie","Luke Portelli","CDP",1883,2.15
"Macquarie","Jason Cornelius","FFP",922,1.05
"Macquarie","Louise Markus","Lib46",38867,44.47
"McMahon","Astrid O'Neill","Grn",6428,8.05
"McMahon","Jamal Elishe","Lib46",28950,36.25
"McMahon","Manny Poularas","CDP",3549,4.44
"McMahon","Chris Bowen","ALP",40933,51.26
"Mitchell","Brendon Prentice","CDP",2855,3.41
"Mitchell","Nigel Gould","ALP",22046,26.33
"Mitchell","Alex Hawke","Lib46",52465,62.66
"Mitchell","Colin Dawson","Grn",6363,7.6
"New England","Greg Smith","ALP",7414,8.13
"New England","Pat Schultz","Grn",3252,3.57
"New England","Brian Dettmann","ON",794,0.87
"New England","Tim Coates","NPA",22991,25.22
"New England","Richard Witten","CEC",306,0.34
"New England","Tony Windsor","Ind",56415,61.88
"Newcastle","Brad Luke","Lib46",25680,31.33
"Newcastle","Michael Osborne","Grn",12677,15.47
"Newcastle","Dean Winter","AD",1419,1.73
"Newcastle","Noel Holt","SEP",627,0.76
"Newcastle","Milton Caine","CDP",1479,1.8
"Newcastle","Sharon Grierson","ALP",39253,47.89
"Newcastle","Zane Alcorn","SAl",829,1.01
"North Sydney","Joe Hockey","Lib46",51179,59.71
"North Sydney","Leta Webb","ALP",18961,22.12
"North Sydney","Daniel Pearce","AD",1275,1.49
"North Sydney","Andrew Robjohns","Grn",13314,15.53
"North Sydney","Daniel Le","FFP",980,1.14
"Page","Jeff Johnson","Grn",7325,8.58
"Page","Janelle Saffin","ALP",39043,45.73
"Page","Kevin Hogan","NPA",36263,42.47
"Page","Merle Summerville","Ind",896,1.05
"Page","Julia Melland","AD",598,0.7
"Page","Doug Behn","Ind",1259,1.47
"Parkes","Matt Parmeter","Grn",5028,5.6
"Parkes","John Clements","Ind",9146,10.19
"Parkes","Andrew Brooks","ALP",19081,21.26
"Parkes","Mark Coulton","NPA",53154,59.23
"Parkes","Mick Colless","Ind",3326,3.71
"Parramatta","Chris Gordon","SEP",1203,1.54
"Parramatta","Kalpesh Patel","Ind",1436,1.83
"Parramatta","Julie Owens","ALP",34818,44.46
"Parramatta","Phil Bradley","Grn",6237,7.96
"Parramatta","Alex Sharah","CDP",2404,3.07
"Parramatta","Duncan Roden","SAl",330,0.42
"Parramatta","Charles Camenzuli","Lib46",31889,40.72
"Paterson","Kevin Leayr","ON",1044,1.27
"Paterson","Anna Balfour","CDP",870,1.06
"Paterson","Veronica Lambert","FFP",674,0.82
"Paterson","Jan Davis","Grn",4936,5.99
"Paterson","Bob Baldwin","Lib46",42262,51.3
"Paterson","Jim Arneman","ALP",31522,38.26
"Paterson","Paul Hennelly","Ind",379,0.46
"Paterson","Josef Wiedenhorn","Ind",699,0.85
"Reid","Bill Shailer","CDP",2445,3.07
"Reid","John Murphy","ALP",33051,41.51
"Reid","Adam Butler","Grn",8903,11.18
"Reid","Peter Cooper","Lib46",34328,43.11
"Reid","Carolyn Kennett","SEP",901,1.13
"Richmond","Joan van Lieshout","Lib46",15424,19.08
"Richmond","Justine Elliot","ALP",31679,39.19
"Richmond","Matthew Hartley","Ind",805,1
"Richmond","David Robinson","AD",502,0.62
"Richmond","Nic Faulkner","Ind",536,0.66
"Richmond","Alan Hunter","NPA",17146,21.21
"Richmond","Julie Boyd","Ind",940,1.16
"Richmond","Joe Ebono","Grn",13056,16.15
"Richmond","Stephen Hegedus","Ind",747,0.92
"Riverina","Tim Quilty","LDP",1703,1.94
"Riverina","Rhonda Lever","FFP",1081,1.23
"Riverina","Matthew Hogg","Ind",5148,5.85
"Riverina","Michael McCormack","NPA",39389,44.77
"Riverina","Craig Hesketh","ON",1411,1.6
"Riverina","Robyn Hakelis","ALP",19559,22.23
"Riverina","Andrew Negline","Lib46",14536,16.52
"Riverina","Sylvia Mulholland","CDP",1201,1.36
"Riverina","David Fletcher","Grn",3961,4.5
"Robertson","Melissa Batten","Ind",1513,1.77
"Robertson","Graham Freemantle","CDP",1544,1.81
"Robertson","Peter Freewater","Grn",7671,8.99
"Robertson","Deborah O'Neill","ALP",33935,39.76
"Robertson","Darren Jameson","Lib46",37151,43.53
"Robertson","Jake Cassar","Ind",1077,1.26
"Robertson","Don Parkes","ON",568,0.67
"Robertson","Michelle Meares","Ind",552,0.65
"Robertson","Michael Jakob","FFP",749,0.88
"Robertson","Nicole Beiger","LDP",581,0.68
"Shortland","Phillipa Parsons","Grn",8646,10.33
"Shortland","Deborah Narayanan","Lib46",27758,33.16
"Shortland","Jill Hall","ALP",44987,53.74
"Shortland","Peter Williams","SPA10",596,0.71
"Shortland","Milton Alchin","ON",1726,2.06
"Sydney","Brett Paterson","AD",1256,1.58
"Sydney","Christopher Owen","SPA10",718,0.9
"Sydney","Tanya Plibersek","ALP",34362,43.29
"Sydney","Tony Hickey","Grn",18852,23.75
"Sydney","Gordon Weiss","Lib46",22307,28.1
"Sydney","Jane Ward","Ind",1226,1.54
"Sydney","Denis Doherty","CAl",656,0.83
"Throsby","Juliet Arkwright","Lib46",25330,30.31
"Throsby","Stephen Jones","ALP",42227,50.53
"Throsby","Peter Moran","Grn",9973,11.93
"Throsby","Alan Hay","NPA",4446,5.32
"Throsby","Wayne Hartman","NCP01",1595,1.91
"Warringah","Alexander Gutman","ASXP",2075,2.44
"Warringah","Matthew Drake-Brockman","Grn",13883,16.34
"Warringah","Hugh Zochling","ALP",18385,21.64
"Warringah","Tony Abbott","Lib46",50063,58.92
"Warringah","Kenneth Cooke","SPA10",566,0.67
"Watson","Tony Burke","ALP",38707,50.43
"Watson","Mark Sharma","Ind",2136,2.78
"Watson","Ken Nam","Lib46",28527,37.17
"Watson","Christine Donayre","Grn",7387,9.62
"Wentworth","Matthew Robertson","Grn",15114,17.44
"Wentworth","Pat Sheil","Ind",515,0.59
"Wentworth","Malcolm Duncan","Ind",484,0.56
"Wentworth","Stuart Neal","CA10",389,0.45
"Wentworth","John August","SPA10",275,0.32
"Wentworth","Malcolm Turnbull","Lib46",51634,59.57
"Wentworth","Steven Lewis","ALP",18265,21.07
"Werriwa","Lauren Moore","Grn",9567,12.7
"Werriwa","Essam Eskaros","Lib46",29165,38.72
"Werriwa","Laurie Ferguson","ALP",36582,48.57
"Lingiari","Peter Flynn","CEC",1663,3.87
"Lingiari","Leo Abbott","CLP",14708,34.26
"Lingiari","Barbara Shaw","Grn",5403,12.59
"Lingiari","Kenny Lechleitner","Ind",1910,4.45
"Lingiari","Deirdre Finter","Ind",2038,4.75
"Lingiari","Warren Snowdon","ALP",17205,40.08
"Solomon","John Kearney","ON",1505,2.95
"Solomon","Emma Young","Grn",6772,13.29
"Solomon","Damian Hale","ALP",18384,36.08
"Solomon","Natasha Griggs","CLP",23627,46.37
"Solomon","Trudy Campbell","CEC",668,1.31
"Blair","Neil Zabel","LNP",27525,37.5
"Blair","Joshua Olyslagers","FFP",3605,4.91
"Blair","Shayne Neumann","ALP",30890,42.08
"Blair","Brad King","Ind",3267,4.45
"Blair","Patricia Petersen","Grn",8122,11.06
"Bonner","Utz Wellner","DLP",931,1.13
"Bonner","Darryl Rosin","Grn",9188,11.18
"Bonner","Ross Vasta","LNP",38105,46.38
"Bonner","Kerry Rea","ALP",29639,36.07
"Bonner","Greg Sowden","Ind",1984,2.41
"Bonner","Carolyn Ferrando","FFP",2318,2.82
"Bowman","Andrew Laming","LNP",45585,55.63
"Bowman","David Keogh","Grn",8174,9.97
"Bowman","Jenny Peters","ALP",24719,30.17
"Bowman","Dave Chidgey","ON",865,1.06
"Bowman","Karina Windolf","FFP",1834,2.24
"Bowman","John Kent","DLP",768,0.94
"Brisbane","Andrew Bartlett","Grn",17244,21.28
"Brisbane","Ewan Saunders","SAl",717,0.88
"Brisbane","Arch Bevis","ALP",24623,30.38
"Brisbane","Mark White","FFP",1274,1.57
"Brisbane","Teresa Gambaro","LNP",37191,45.89
"Capricornia","Paul Bambrick","Grn",4435,5.52
"Capricornia","Steve Jeffery","SPA10",414,0.52
"Capricornia","Bevan Mowen","Ind",1402,1.74
"Capricornia","Sandra Corneloup","FFP",2802,3.49
"Capricornia","Kirsten Livermore","ALP",36793,45.77
"Capricornia","Michelle Landry","LNP",32489,40.42
"Capricornia","Shane Guley","Ind",2045,2.54
"Dawson","Bill Ingrey","CEC",1287,1.55
"Dawson","George Christensen","LNP",37940,45.74
"Dawson","Damian Herrington","FFP",4100,4.94
"Dawson","Jonathon Dykyj","Grn",6406,7.72
"Dawson","Mike Brunker","ALP",33216,40.04
"Dickson","Peter Dutton","LNP",39880,48.96
"Dickson","Alan Revie","FFP",2340,2.87
"Dickson","David Colbert","Grn",8888,10.91
"Dickson","Bob Hunter","LDP",521,0.64
"Dickson","Fiona McNamara","ALP",27264,33.47
"Dickson","Rebecca Jenkinson","Ind",2558,3.14
"Fadden","Rana Watson","ALP",20110,27.33
"Fadden","Ian Rossiter","ON",1181,1.6
"Fadden","Graeme Maizey","Grn",6863,9.33
"Fadden","Stuart Robert","LNP",42925,58.33
"Fadden","Barrie Nicholson","FFP",2513,3.41
"Fairfax","Dan McIntyre","ALP",21589,27.31
"Fairfax","Narelle McCarthy","Grn",14228,18
"Fairfax","Ron Hunt","FFP",4147,5.24
"Fairfax","Alex Somlyay","LNP",39102,49.45
"Fisher","Chris Cummins","ALP",22332,30.32
"Fisher","Robyn Robertson","FFP",5421,7.36
"Fisher","Garry Claridge","Grn",11664,15.84
"Fisher","Peter Slipper","LNP",34235,46.48
"Flynn","Di Hancock-Mills","FFP",3586,4.49
"Flynn","Ken O'Dowd","LNP",37584,47.04
"Flynn","John McMahon","DLP",640,0.8
"Flynn","Chris Trevor","ALP",31894,39.92
"Flynn","Duncan Scott","Ind",3025,3.79
"Flynn","Anne Goddard","Grn",3163,3.96
"Forde","Petrina Maizey","Grn",8583,12.22
"Forde","Bert van Manen","LNP",30967,44.08
"Forde","Brett Raguse","ALP",26268,37.39
"Forde","Melissa Raassina","FFP",4440,6.32
"Griffith","Gregory Romans","LDP",1866,2.32
"Griffith","Hamish Chitts","Ind",601,0.75
"Griffith","Jesse Webb","FFP",1163,1.45
"Griffith","Rebecca Docherty","LNP",28784,35.8
"Griffith","Emma-Kate Rose","Grn",12378,15.39
"Griffith","Jan Pukallus","CEC",175,0.22
"Griffith","Kevin Rudd","ALP",35445,44.08
"Groom","Rose Kirkwood","FFP",4696,5.56
"Groom","Frida Forsberg","Grn",6165,7.3
"Groom","Chris Meibusch","ALP",19153,22.67
"Groom","Rod Jeanneret","Ind",2730,3.23
"Groom","Ian Macfarlane","LNP",51757,61.25
"Herbert","Tony Mooney","ALP",31729,40.15
"Herbert","Ewen Jones","LNP",36086,45.67
"Herbert","Michael Punshon","FFP",4208,5.33
"Herbert","Michael Rubenach","Grn",6995,8.85
"Hinkler","Jenny Fitzgibbon","Grn",4611,5.71
"Hinkler","Belinda McNeven","ALP",26246,32.5
"Hinkler","Trevor Versace","FFP",2562,3.17
"Hinkler","Cy d'Oliveira","Ind",1264,1.57
"Hinkler","Paul Neville","LNP",44382,54.95
"Hinkler","Adrian Wone","Ind",1698,2.1
"Kennedy","Andrew Turnour","ALP",16513,20.21
"Kennedy","Jess Jones","Grn",3669,4.49
"Kennedy","Fred Dykstra","FFP",1633,2
"Kennedy","Bob Katter","Ind",38170,46.71
"Kennedy","Ed Morrison","LNP",21737,26.6
"Leichhardt","Jen Sackley","Ind",2556,3.2
"Leichhardt","Yodie Batzke","Ind",1700,2.13
"Leichhardt","Warren Entsch","LNP",37828,47.4
"Leichhardt","Shannon McSweeney","FFP",1461,1.83
"Leichhardt","Neville St John Wood","Grn",7232,9.06
"Leichhardt","Jim Turnour","ALP",27662,34.66
"Leichhardt","Steve Lane","Ind",1373,1.72
"Lilley","Andrew Herschell","FFP",2696,3.1
"Lilley","Douglas Crowhurst","Ind",2111,2.43
"Lilley","Wayne Swan","ALP",35724,41.09
"Lilley","Andrew Jeremijenko","Grn",10579,12.17
"Lilley","Rod McGarvie","LNP",35835,41.22
"Longman","Jon Sullivan","ALP",28396,37.64
"Longman","Andrew Jackson","DLP",518,0.69
"Longman","Michael van Boeckel","Ind",856,1.13
"Longman","Rod Blair","Grn",6878,9.12
"Longman","Claire McErlane","FFP",3206,4.25
"Longman","Bob Fox","Ind",872,1.16
"Longman","Wyatt Roy","LNP",33011,43.75
"Longman","Joshua van Veen","LDP",671,0.89
"Longman","John Reece","Ind",1042,1.38
"Maranoa","Bruce Scott","LNP",57100,65.52
"Maranoa","Grant Newson","Grn",4490,5.15
"Maranoa","Greg McKay","FFP",3560,4.09
"Maranoa","Geoff Keating","ALP",17398,19.96
"Maranoa","Charles Nason","Ind",4597,5.28
"McPherson","Matthew Reeves","FFP",3777,4.84
"McPherson","Dan Byron","ALP",22526,28.86
"McPherson","Karen Andrews","LNP",42069,53.9
"McPherson","Ben O'Callaghan","Grn",9676,12.4
"Moncrieff","Robert Hough","ALP",17776,23.48
"Moncrieff","Sally Spain","Grn",8756,11.56
"Moncrieff","Steven Ciobo","LNP",46832,61.85
"Moncrieff","James Tayler","FFP",2351,3.11
"Moreton","Steve Christian","FFP",2787,3.44
"Moreton","Elissa Jenkins","Grn",12882,15.89
"Moreton","Graham Perrett","ALP",29190,36.01
"Moreton","Lee Nightingale","DLP",1018,1.26
"Moreton","Malcolm Cole","LNP",35182,43.4
"Oxley","Tarnya Smith","LNP",27431,38.35
"Oxley","Timothy Stieler","FFP",3682,5.15
"Oxley","Bernie Ripoll","ALP",31985,44.71
"Oxley","Des Hoban","Grn",8436,11.79
"Petrie","Yvette D'Ath","ALP",32677,42.79
"Petrie","Lawrence Addison","DLP",715,0.94
"Petrie","Peter Jeremijenko","Grn",6949,9.1
"Petrie","Sally Vincent","FFP",3829,5.01
"Petrie","Gabriel Buckley","LDP",1604,2.1
"Petrie","Dean Teasdale","LNP",30590,40.06
"Rankin","Alexandra Todd","FFP",5231,6.54
"Rankin","Luke Smith","LNP",29652,37.1
"Rankin","Neil Cotter","Grn",8956,11.2
"Rankin","Craig Emerson","ALP",36090,45.15
"Ryan","Steven Miles","ALP",22274,25.02
"Ryan","Sandra Bayley","Grn",16884,18.96
"Ryan","Allan Vincent","FFP",1600,1.8
"Ryan","Jane Prentice","LNP",40713,45.73
"Ryan","Michael Johnson","Ind",7563,8.49
"Wide Bay","Warren Truss","LNP",47977,58.86
"Wide Bay","Santo Ferraro","ON",1875,2.3
"Wide Bay","Ken Herschell","FFP",3049,3.74
"Wide Bay","Jim McDonald","Grn",8967,11
"Wide Bay","Nikolee Ansell","ALP",19645,24.1
"Wright","Scott Buchholz","LNP",40031,53.09
"Wright","Anna Bridle","Grn",9010,11.95
"Wright","Andrew Ramsay","ALP",20946,27.78
"Wright","Ken Degen","Ind",2497,3.31
"Wright","Jeremy Fredericks","FFP",2923,3.88
"Adelaide","Gemma Weedall","SAl",786,0.9
"Adelaide","Luke Westley","Lib46",32673,37.57
"Adelaide","Sue Neal","FFP",1900,2.18
"Adelaide","Marie Nicholls","AD",819,0.94
"Adelaide","Kate Ellis","ALP",38162,43.89
"Adelaide","Christopher Steele","LDP",716,0.82
"Adelaide","Ruth Beach","Grn",11901,13.69
"Barker","Simone McDonnell","ALP",26433,28.04
"Barker","Steven Davies","TCS",1591,1.69
"Barker","Patrick Secker","Lib46",51810,54.96
"Barker","Trevor Honeychurch","FFP",5829,6.18
"Barker","Sean Moffat","Grn",8607,9.13
"Boothby","Annabel Digance","ALP",30515,35.75
"Boothby","Ray McGhee","Ind",1689,1.98
"Boothby","Stephen Skillitzi","TCS",316,0.37
"Boothby","Andrew Southcott","Lib46",38248,44.81
"Boothby","Meredith Resce","FFP",2120,2.48
"Boothby","Thomas Salerno","AD",517,0.61
"Boothby","Michael Noack","LDP",339,0.4
"Boothby","Fiona Blinco","Grn",11305,13.24
"Boothby","Avi Chapman","SPA10",310,0.36
"Grey","Andrew Melville-Smith","Grn",6876,7.77
"Grey","Tauto Sansbury","ALP",27514,31.09
"Grey","Rowan Ramsey","Lib46",49361,55.78
"Grey","Sylvia Holland","FFP",4741,5.36
"Hindmarsh","Matt Fisher","Grn",10773,12.07
"Hindmarsh","Jassmine Wood","Lib46",34831,39.04
"Hindmarsh","Adrian Paech","TCS",554,0.62
"Hindmarsh","Steve Georganas","ALP",39736,44.54
"Hindmarsh","Greg Croke","AD",767,0.86
"Hindmarsh","Bob Randall","FFP",2563,2.87
"Kingston","Ron Baker","AD",1748,1.9
"Kingston","Palitja Moore","Grn",11264,12.27
"Kingston","Chris Zanker","Lib46",26652,29.02
"Kingston","Amanda Rishworth","ALP",46882,51.05
"Kingston","Geoff Doecke","FFP",5288,5.76
"Makin","Jasemin Rose","Grn",8604,10.09
"Makin","Michael Gameau","LDP",1081,1.27
"Makin","Robert Stewart","TCS",409,0.48
"Makin","Anton Horvat","ON",662,0.78
"Makin","Tony Zappia","ALP",43114,50.58
"Makin","Liz Davies","Lib46",25740,30.2
"Makin","Wayne Rich","AD",534,0.63
"Makin","Mark Potter","FFP",5089,5.97
"Mayo","Bruce Hicks","FFP",5337,5.81
"Mayo","Jamie Briggs","Lib46",42976,46.76
"Mayo","Andrew Phillips","Ind",993,1.08
"Mayo","Diane Atkinson","Grn",15593,16.97
"Mayo","Bill Spragg","Ind",2404,2.62
"Mayo","Sam Davis","ALP",22997,25.02
"Mayo","Rebekkah Osmond","AD",948,1.03
"Mayo","John Michelmore","TCS",655,0.71
"Port Adelaide","Kalyna Micenko","Grn",13659,15.11
"Port Adelaide","Bruce Hambour","FFP",6467,7.16
"Port Adelaide","Mark Butler","ALP",48638,53.82
"Port Adelaide","Nigel McKenna","Lib46",21615,23.92
"Sturt","Dale Clegg","FFP",3346,3.79
"Sturt","Rick Sarre","ALP",31989,36.23
"Sturt","Jess Clark","LDP",697,0.79
"Sturt","Christopher Pyne","Lib46",42418,48.05
"Sturt","Peter Fiebig","Grn",8834,10.01
"Sturt","Darren Andrews","AD",558,0.63
"Sturt","Jack King","ON",443,0.5
"Wakefield","Jane Alcorn","Grn",9948,11.3
"Wakefield","Nick Champion","ALP",43299,49.2
"Wakefield","David Strauss","Lib46",27679,31.45
"Wakefield","Darren Hassan","AD",1129,1.28
"Wakefield","Paul Coombe","FFP",5958,6.77
"Bass","Steve Titmus","Lib46",26010,39.71
"Bass","Geoff Lyons","ALP",28448,43.43
"Bass","Sancia Colgrave","Grn",10206,15.58
"Bass","Adrian Watts","CEC",838,1.28
"Braddon","Garry Carpenter","Lib46",25779,39.35
"Braddon","Scott Jordan","Grn",7836,11.96
"Braddon","Sid Sidebottom","ALP",31890,48.68
"Denison","Andrew Wilkie","Ind",13788,21.26
"Denison","Jonathan Jackson","ALP",23215,35.79
"Denison","Melanie Barnes","SAl",856,1.32
"Denison","Cameron Simpkins","Lib46",14688,22.65
"Denison","Geoff Couser","Grn",12312,18.98
"Franklin","Wendy Heatley","Grn",13675,20.87
"Franklin","John Forster","Ind",1839,2.81
"Franklin","Jane Howlett","Lib46",21938,33.48
"Franklin","Julie Collins","ALP",28079,42.85
"Lyons","Lucas Noyes","SPA10",1085,1.65
"Lyons","Eric Hutchinson","Lib46",21493,32.69
"Lyons","Dick Adams","ALP",32164,48.91
"Lyons","Karen Cassidy","Grn",11013,16.75
"Aston","Rachel Hanna","FFP",4153,4.9
"Aston","Rupert Evans","ALP",32725,38.58
"Aston","Alan Tudge","Lib46",39733,46.85
"Aston","Salore Craig","Grn",8206,9.67
"Ballarat","Belinda Coates","Grn",10140,11.34
"Ballarat","Mark Banwell","Lib46",30364,33.95
"Ballarat","Jim Rainey","FFP",2646,2.96
"Ballarat","Catherine King","ALP",46289,51.75
"Batman","Andrew Conlon","FFP",2465,3.18
"Batman","George Souris","Lib46",15412,19.9
"Batman","Alexandra Bhathal","Grn",18189,23.48
"Batman","Con Sarazen","AD",823,1.06
"Batman","Martin Ferguson","ALP",40574,52.38
"Bendigo","Steve Gibbons","ALP",43965,47.65
"Bendigo","Kymberlie Dimozantos","Grn",11341,12.29
"Bendigo","Craig Hunter","Lib46",33067,35.84
"Bendigo","Alan Howard","FFP",3892,4.22
"Bruce","Mike Kabos","Lib46",28580,37.24
"Bruce","Stefan Zibell","Grn",7222,9.41
"Bruce","Felicity Hemmersbach","FFP",3151,4.11
"Bruce","Alan Griffin","ALP",37794,49.24
"Calwell","Lenka Thompson","Grn",10386,11.86
"Calwell","Peter Byrne","SEP",1181,1.35
"Calwell","Jeff Truscott","FFP",3851,4.4
"Calwell","Maria Vamvakinou","ALP",49580,56.63
"Calwell","Wayne Tseng","Lib46",22556,25.76
"Casey","Tony Smith","Lib46",40588,48.38
"Casey","Sami Hisheh","ALP",29565,35.24
"Casey","Daniel Harrison","FFP",4083,4.87
"Casey","Brendan Powell","Grn",9661,11.52
"Chisholm","Phil Goodman","FFP",2107,2.72
"Chisholm","Anna Burke","ALP",34492,44.53
"Chisholm","Nimrod Evans","SPA10",562,0.73
"Chisholm","Josh Fergeus","Grn",9196,11.87
"Chisholm","John Nguyen","Lib46",31093,40.15
"Corangamite","Mike Lawrence","Grn",10713,11.43
"Corangamite","Sarah Henderson","Lib46",42155,44.99
"Corangamite","Darren Cheeseman","ALP",37043,39.53
"Corangamite","Sally-Anne Brown","Ind",1418,1.51
"Corangamite","Anne Wojczuk","FFP",1850,1.97
"Corangamite","Nathan Timmins","LDP",520,0.55
"Corio","Gavin Brown","Grn",10355,12.53
"Corio","Sue Bull","SAl",971,1.17
"Corio","Richard Marles","ALP",42578,51.51
"Corio","Scott Amberley","FFP",3028,3.66
"Corio","Don Gibson","Lib46",25729,31.13
"Deakin","Peter Lake","FFP",2532,3.17
"Deakin","David Howell","Grn",10338,12.92
"Deakin","Benjamin Walsh","LDP",505,0.63
"Deakin","Phil Barresi","Lib46",33553,41.94
"Deakin","Mike Symon","ALP",31941,39.93
"Deakin","Alex Norwick","AFP",295,0.37
"Deakin","Abraham Seviloglou","Ind",836,1.04
"Dunkley","Yasmin de Zilwa","FFP",2276,2.65
"Dunkley","Helen Constas","ALP",32889,38.33
"Dunkley","Simon Tiller","Grn",10033,11.69
"Dunkley","Bruce Billson","Lib46",40602,47.32
"Flinders","Francis Gagliano-Ventura","ALP",28747,31.76
"Flinders","Reade Smith","FFP",2198,2.43
"Flinders","Greg Hunt","Lib46",49146,54.3
"Flinders","Bob Brown","Grn",10410,11.5
"Gellibrand","Nicola Roxon","ALP",48971,58.81
"Gellibrand","Rod Solin","Grn",12779,15.35
"Gellibrand","Tania Baptist","SEP",475,0.57
"Gellibrand","Ben Courtice","SAl",528,0.63
"Gellibrand","Liz Mumby","FFP",1440,1.73
"Gellibrand","David McConnell","Lib46",19070,22.9
"Gippsland","Heath Jefferis","FFP",2963,3.34
"Gippsland","Ben Buckley","LDP",4895,5.52
"Gippsland","Darren McCubbin","ALP",28008,31.57
"Gippsland","Michael Bond","Grn",5826,6.57
"Gippsland","Darren Chester","NPA",47020,53
"Goldstein","Nick Eden","ALP",25227,29.83
"Goldstein","Anthony Forster","FFP",1187,1.4
"Goldstein","Andrew Robb","Lib46",44436,52.55
"Goldstein","Neil Pilling","Grn",13708,16.21
"Gorton","Sean Major","FFP",6153,6.28
"Gorton","Brendan O'Connor","ALP",58767,59.98
"Gorton","Steve Wilson","Grn",9949,10.15
"Gorton","Damon Ryder","Lib46",23116,23.59
"Higgins","Tony Clark","ALP",22700,27.91
"Higgins","David Fawcett","Ind",1225,1.51
"Higgins","Sam Hibbins","Grn",14559,17.9
"Higgins","Ashley Truter","FFP",777,0.96
"Higgins","Kelly O'Dwyer","Lib46",42086,51.74
"Holt","Frank di Mascolo","Grn",8745,9.15
"Holt","Ricardo Balancy","Lib46",29254,30.62
"Holt","Mark Hitchins","SPA10",776,0.81
"Holt","Ian George","FFP",4772,4.99
"Holt","Anthony Byrne","ALP",51998,54.42
"Hotham","Fazal Cader","Lib46",26110,32.9
"Hotham","Geoff Payne","Grn",8086,10.19
"Hotham","Trent Reardon","SPA10",556,0.7
"Hotham","Gary Ong","FFP",1688,2.13
"Hotham","Simon Crean","ALP",42920,54.08
"Indi","Alan Lappin","Ind",4945,5.84
"Indi","Jenny O'Connor","Grn",8000,9.45
"Indi","Zuvele Leschen","ALP",23034,27.2
"Indi","Mark Carey","AD",947,1.12
"Indi","Sophie Mirabella","Lib46",44555,52.62
"Indi","Robert Cavedon","FFP",3190,3.77
"Isaacs","Heather Wheatley","FFP",3377,3.7
"Isaacs","Mark Dreyfus","ALP",45131,49.42
"Isaacs","Dale McClelland","Lib46",31472,34.47
"Isaacs","Gordon Ford","Ind",1355,1.48
"Isaacs","Chris Carman","Grn",9980,10.93
"Jagajaga","Joe Sgarlata","FFP",2109,2.45
"Jagajaga","Jenny Macklin","ALP",40682,47.34
"Jagajaga","Johannes Bauch","Lib46",29745,34.61
"Jagajaga","Chris Kearney","Grn",12847,14.95
"Jagajaga","Peter Harris","SPA10",560,0.65
"Kooyong","Steven Hurd","ALP",22268,27.39
"Kooyong","Des Benson","Grn",15019,18.48
"Kooyong","Josh Frydenberg","Lib46",42728,52.56
"Kooyong","John Laidler","FFP",1272,1.56
"La Trobe","Martin Leahy","ASXP",2539,2.85
"La Trobe","Jason Wood","Lib46",39053,43.88
"La Trobe","David Barrow","FFP",1917,2.15
"La Trobe","Laura Smyth","ALP",33970,38.17
"La Trobe","Jim Reiher","Grn",10931,12.28
"La Trobe","Shem Bennett","LDP",587,0.66
"Lalor","Paul Sheehan","SPA10",881,0.85
"Lalor","Brian Shaw","Ind",659,0.64
"Lalor","Sheridan Ingram","Lib46",23791,23.06
"Lalor","Lori McLean","FFP",2880,2.79
"Lalor","Julia Gillard","ALP",66298,64.25
"Lalor","Van Rudd","Ind",516,0.5
"Lalor","Marc Aussie-Stone","Ind",410,0.4
"Lalor","Peter Taylor","Grn",7045,6.83
"Lalor","Joanne Clarke","Ind",708,0.69
"Mallee","Helen Healy","Grn",6400,7.86
"Mallee","John Forrest","NPA",54399,66.79
"Mallee","Carl Carter","FFP",4456,5.47
"Mallee","Bob Scates","ALP",16198,19.89
"Maribyrnong","Bill Shorten","ALP",42404,55.38
"Maribyrnong","Colin Moyle","FFP",1988,2.6
"Maribyrnong","Tim Long","Grn",9077,11.85
"Maribyrnong","Robert Livesay","AD",841,1.1
"Maribyrnong","Conrad D'Souza","Lib46",22262,29.07
"McEwen","Rob Mitchell","ALP",45374,43.17
"McEwen","Mark Bini","LDP",1332,1.27
"McEwen","Steve Meacher","Grn",12440,11.84
"McEwen","Cameron Caine","Lib46",42054,40.01
"McEwen","Robert Gordon","SPA10",549,0.52
"McEwen","Belinda Clarkson","FFP",3358,3.19
"McMillan","Christine Maxfield","ALP",30212,35.56
"McMillan","Leigh Gatt","Ind",1844,2.17
"McMillan","Linden Stokes","FFP",2776,3.27
"McMillan","Russell Broadbent","Lib46",41870,49.28
"McMillan","Malcolm McKelvie","Grn",8258,9.72
"Melbourne","Georgia Pearson","FFP",1389,1.55
"Melbourne","Adam Bandt","Grn",32308,36.17
"Melbourne","Joel Murray","ASXP",1633,1.83
"Melbourne","David Collyer","AD",602,0.67
"Melbourne","Penelope Green","SPA10",613,0.69
"Melbourne","Cath Bowtell","ALP",34022,38.09
"Melbourne","Simon Olsen","Lib46",18760,21
"Melbourne Ports","Kevin Ekendahl","Lib46",32057,37.79
"Melbourne Ports","Sue Plowright","Grn",17528,20.66
"Melbourne Ports","Michael Danby","ALP",32391,38.19
"Melbourne Ports","Christian Vega","ASXP",1851,2.18
"Melbourne Ports","Gregory Storer","SPA10",362,0.43
"Melbourne Ports","Daniel Emmerson","FFP",632,0.75
"Menzies","Ken Smithies","FFP",2892,3.53
"Menzies","Chris Padgham","Grn",8802,10.75
"Menzies","Kevin Andrews","Lib46",43932,53.63
"Menzies","Joy Banerji","ALP",26287,32.09
"Murray","Sharman Stone","Lib46",52337,64.98
"Murray","Will Clarke-Hannaford","SPA10",380,0.47
"Murray","Jeff Davy","CEC",493,0.61
"Murray","Hugh Mortensen","ALP",18842,23.39
"Murray","Serena Moore","FFP",2958,3.67
"Murray","Ewan McDonald","CDP",632,0.78
"Murray","Ian Christoe","Grn",4906,6.09
"Scullin","Ivan Straton","FFP",4226,5.32
"Scullin","Harry Jenkins","ALP",49310,62.12
"Scullin","Gurm Sekhon","Grn",6702,8.44
"Scullin","Max Williams","Lib46",19142,24.11
"Wannon","James Purcell","Ind",4652,5.59
"Wannon","Ralph Leutton","Ind",2582,3.1
"Wannon","Dan Tehan","Lib46",38813,46.62
"Wannon","Allan Marsh","Ind",1080,1.3
"Wannon","Judith McNamara","ALP",24502,29.43
"Wannon","Jahzeel Concepcion","FFP",1795,2.16
"Wannon","Lisa Owen","Grn",5016,6.03
"Wannon","Robert O'Brien","Ind",745,0.89
"Wannon","Katrina Rainsford","Ind",4066,4.88
"Wills","Claude Tomisich","Lib46",20080,23.79
"Wills","Kelvin Thomson","ALP",43718,51.81
"Wills","Daniel Mumby","FFP",1320,1.56
"Wills","Craig Isherwood","CEC",429,0.51
"Wills","Trent Hawkins","SAl",726,0.86
"Wills","Paul Roberton","AD",734,0.87
"Wills","Mark Riley","Grn",17381,20.6
"Brand","Dawn Jecks","Grn",11504,14.74
"Brand","Donna Gordin","Lib46",30731,39.38
"Brand","Bob Burdett","CDP",1771,2.27
"Brand","Andrew Newhouse","FFP",2190,2.81
"Brand","Gary Gray","ALP",31832,40.8
"Canning","Alannah MacTiernan","ALP",32330,40.35
"Canning","Don Randall","Lib46",36999,46.18
"Canning","Darren Vernede","FFP",1231,1.54
"Canning","Denise Hardie","Grn",6645,8.29
"Canning","Jamie van Burgel","CDP",2470,3.08
"Canning","Ian Tuffnell","CEC",446,0.56
"Cowan","Rob Phillips","Grn",10033,12.53
"Cowan","Chas Hopkins","ALP",25975,32.45
"Cowan","David Kingston","CDP",2081,2.6
"Cowan","Luke Simpkins","Lib46",40077,50.06
"Cowan","Alan Leach","FFP",1888,2.36
"Curtin","Julie Bishop","Lib46",50024,61.13
"Curtin","George Crisp","Grn",14498,17.72
"Curtin","Sophie van der Merwe","ALP",15771,19.27
"Curtin","Pat Seymour","CDP",1534,1.87
"Durack","Lynne Craigie","NPA",12742,17.7
"Durack","Barry Haase","Lib46",32446,45.07
"Durack","Shane Hill","ALP",17299,24.03
"Durack","Mac Forsyth","CDP",1121,1.56
"Durack","Julie Matheson","Grn",6661,9.25
"Durack","Jane Foreman","FFP",1729,2.4
"Forrest","Luke Petersen","Grn",10863,13.48
"Forrest","Jackie Jarvis","ALP",22724,28.19
"Forrest","Nola Marino","Lib46",39460,48.96
"Forrest","Lee Herridge","CDP",1158,1.44
"Forrest","Bev Custers","FFP",1573,1.95
"Forrest","John Hill","NPA",4822,5.98
"Fremantle","Matt Taylor","Lib46",31755,38.57
"Fremantle","Kate Davis","Grn",14531,17.65
"Fremantle","Larry Parsons","FFP",1409,1.71
"Fremantle","Scott Robertson","CDP",1294,1.57
"Fremantle","Melissa Parke","ALP",32063,38.94
"Fremantle","Keith McEncroe","DLP",622,0.76
"Fremantle","Sanna Andrew","SAl",662,0.8
"Hasluck","Glenice Smith","Grn",10539,12.78
"Hasluck","Andrew Middleton","TCS",539,0.65
"Hasluck","Linda Brewer","CDP",2505,3.04
"Hasluck","Jim McCourt","FFP",1861,2.26
"Hasluck","Ken Wyatt","Lib46",34638,41.99
"Hasluck","Sharryn Jackson","ALP",30957,37.53
"Hasluck","Dot Henry","Ind",1457,1.77
"Moore","George Gault","ON",1471,1.79
"Moore","Mal Washer","Lib46",44518,54.16
"Moore","Meg Birch","CDP",1804,2.19
"Moore","Paul Barrett","FFP",1573,1.91
"Moore","Sheridan Young","Grn",11159,13.57
"Moore","Jeremy Brown","ALP",21678,26.37
"O'Connor","Andrew Huntley","Grn",7232,8.86
"O'Connor","Jean Robinson","CEC",375,0.46
"O'Connor","Wilson Tuckey","Lib46",31294,38.36
"O'Connor","Pat Scallan","FFP",1164,1.43
"O'Connor","Jacky Young","CDP",2221,2.72
"O'Connor","Tony Crook","NPA",23538,28.85
"O'Connor","Geoffrey Stokes","Ind",1298,1.59
"O'Connor","Ian Bishop","ALP",13962,17.11
"O'Connor","Neil Smithson","Ind",500,0.61
"Pearce","Bill Leadbetter","ALP",23214,29.52
"Pearce","Judi Moylan","Lib46",39248,49.91
"Pearce","Chris Pepper","CEC",456,0.58
"Pearce","Darren Moir","NPA",1999,2.54
"Pearce","Toni Warden","Grn",10414,13.24
"Pearce","Ian Rose","FFP",1619,2.06
"Pearce","Janet Broadstock","CDP",1691,2.15
"Perth","Jonathan Hallett","Grn",12948,16.15
"Perth","Paul Connelly","CDP",2093,2.61
"Perth","Stephen Smith","ALP",32228,40.19
"Perth","Nigel Irvine","FFP",1243,1.55
"Perth","Alex Bainbridge","SAl",618,0.77
"Perth","Joe Ferrante","Lib46",31064,38.74
"Stirling","Chris Martin","Grn",10399,12.9
"Stirling","Louise Durack","ALP",25688,31.87
"Stirling","Elizabeth Re","Ind",1824,2.26
"Stirling","Jenny Whately","CDP",1630,2.02
"Stirling","Peter Clifford","FFP",838,1.04
"Stirling","Michael Keenan","Lib46",40228,49.91
"Swan","Tim Hammond","ALP",28023,35.28
"Swan","Joe Lopez","SEP",398,0.5
"Swan","Rebecca Leighton","Grn",9380,11.81
"Swan","Steve Klomp","CDP",1646,2.07
"Swan","Barry Drennan","FFP",981,1.23
"Swan","Steve Irons","Lib46",36951,46.51
"Swan","Bret Treasure","ASXP",2060,2.59
"Tangney","Peter Best","Grn",11311,13.49
"Tangney","David Doepel","ALP",21637,25.8
"Tangney","Moyna Rapp","FFP",1399,1.67
"Tangney","Dennis Jensen","Lib46",46712,55.69
"Tangney","Ka-ren Chew","CDP",2814,3.36
