"Seat","Candidate","Party","Votes","Vote_perc"
"Banks","Ken O'Leary","AFI",2522,3.42
"Banks","David Wilcox","Grn",2066,2.81
"Banks","Lynn Abrahams","ON",4649,6.31
"Banks","Nazim Hannoun","Ind",418,0.57
"Banks","Marcus Watzlaff","Lib46",26358,35.79
"Banks","Lynne Murphy","Uni",731,0.99
"Banks","Stephen Cole","AD",2350,3.19
"Banks","Daryl Melham","ALP",32592,44.25
"Banks","Sam Baissari","CTA",1968,2.67
"Barton","Jan Brennan","Lib46",28198,37.73
"Barton","John Lau","Uni",1375,1.84
"Barton","David Rydstrand","ON",2725,3.65
"Barton","Chris Harris","Grn",2168,2.9
"Barton","David Barker","CTA",1081,1.45
"Barton","Robert McClelland","ALP",35871,47.99
"Barton","Michele Adair","AD",3328,4.45
"Bennelong","Robert Webeck","ON",2126,2.73
"Bennelong","Nicole Campbell","ALP",24053,30.94
"Bennelong","Bruce Harkness","NGST",535,0.69
"Bennelong","Noel Plumb","SAS",205,0.26
"Bennelong","John Dawson","Ind",458,0.59
"Bennelong","Jimmy Shaw","Grn",3133,4.03
"Bennelong","Peter Goldfinch","AD",4415,5.68
"Bennelong","Peter Marsh","NCP01",84,0.11
"Bennelong","May Law","Uni",1474,1.9
"Bennelong","John Howard","Lib46",41255,53.07
"Berowra","Philip Sparks","AD",5047,6.49
"Berowra","Harry Ball","ON",1537,1.98
"Berowra","Daniel Choi","Uni",1124,1.44
"Berowra","Richard Slater","ALP",17748,22.81
"Berowra","Philip Ruddock","Lib46",45575,58.57
"Berowra","Maureen Gale","Grn",4029,5.18
"Berowra","Owen Nannelli","CTA",1632,2.1
"Berowra","P J Gallagher","NGST",1117,1.44
"Blaxland","Colin McDermott","AD",3461,4.94
"Blaxland","Bob Vinnicombe","ON",4248,6.06
"Blaxland","Munther Anny","Ind",443,0.63
"Blaxland","Michael Hatton","ALP",37956,54.13
"Blaxland","Peter Sayegh","Ind",975,1.39
"Blaxland","Janne Peterson","CTA",1535,2.19
"Blaxland","Dario Hawat","Uni",1493,2.13
"Blaxland","Sonya McKay","Grn",1839,2.62
"Blaxland","Les Osmond","Lib46",18170,25.91
"Bradfield","David Bell","Grn",5451,6.69
"Bradfield","Kathie Blunt","ALP",15489,19.01
"Bradfield","John Webeck","ON",1247,1.53
"Bradfield","Brendan Nelson","Lib46",52628,64.6
"Bradfield","Witold Wiszniewski","CTA",1204,1.48
"Bradfield","Peter Byrne","AD",5443,6.68
"Calare","Don Marshall","AD",1191,1.5
"Calare","Ian Watts","Grn",1217,1.53
"Calare","Peter Andren","Ind",40786,51.4
"Calare","David Simpson","CEC",311,0.39
"Calare","Dave Shearing","NPA",16289,20.53
"Calare","Terry Nixon","ON",3249,4.09
"Calare","Kath Knowles","ALP",16314,20.56
"Charlton","Kelly Hoare","ALP",35079,46.06
"Charlton","David Blyth","Grn",3765,4.94
"Charlton","Jim Kendall","CTA",1859,2.44
"Charlton","Lindsay Paterson","Lib46",25371,33.31
"Charlton","Joshua Bell","AD",3865,5.07
"Charlton","Bob Johnson","ON",5884,7.73
"Charlton","John Thorpe","Uni",339,0.45
"Chifley","Costa Asarloglou","Lib46",18225,25.52
"Chifley","Lindsey Butler","AFI",1262,1.77
"Chifley","Wayne Hyland","Ind",565,0.79
"Chifley","Joe Damjanovic","ON",4442,6.22
"Chifley","Barbie Bates","SAS",2347,3.29
"Chifley","S J Clack","AD",1365,1.91
"Chifley","David Cunningham","Grn",1220,1.71
"Chifley","Roger Price","ALP",40203,56.3
"Chifley","Joseph Wyness","CTA",1784,2.5
"Cook","Andy Frew","ON",4453,5.97
"Cook","Patricia Poulos","Ind",453,0.61
"Cook","Graeme Strang","Ind",423,0.57
"Cook","Cathy Peters-Power","Grn",2655,3.56
"Cook","Bruce Baird","Lib46",41959,56.22
"Cook","Alison Bailey","AD",2815,3.77
"Cook","Peri Young","ALP",19768,26.49
"Cook","Malcolm Smith","CTA",1256,1.68
"Cook","Peter James","AFI",852,1.14
"Cowper","John Maguire","LEF",1904,2.6
"Cowper","Jenny Bonfield","ALP",23615,32.31
"Cowper","John Willey","Ind",973,1.33
"Cowper","Phillip Neuss","Lib46",11663,15.95
"Cowper","Luke Hartsuyker","NPA",21846,29.89
"Cowper","Paul van Bladel","Ind",452,0.62
"Cowper","Jillian Cranny","Grn",4033,5.52
"Cowper","Michael Fenton","AD",1978,2.71
"Cowper","Bruce Korn","CTA",1472,2.01
"Cowper","Allan Stokes","ON",5164,7.06
"Cunningham","John Curtis","ON",3425,4.63
"Cunningham","J Edwin Pink","NGST",840,1.13
"Cunningham","Jeremy Fields","Lib46",20760,28.04
"Cunningham","Carol Berry","Grn",4914,6.64
"Cunningham","Trevor Mott","Ind",4235,5.72
"Cunningham","Stephen Martin","ALP",32722,44.19
"Cunningham","Michael Newman","AD",5307,7.17
"Cunningham","Paul Skinner","CTA",1841,2.49
"Dobell","Michael Lee","ALP",31824,42.68
"Dobell","Luke Hennig","CTA",1420,1.9
"Dobell","Samantha Ker","Grn",2200,2.95
"Dobell","Ken Ticehurst","Lib46",32761,43.93
"Dobell","Ron Falconer","ON",3223,4.32
"Dobell","Carolyn Hastie","AD",3142,4.21
"Eden-Monaro","Steve Whan","ALP",28842,36.74
"Eden-Monaro","Linda Chapman","AD",2584,3.29
"Eden-Monaro","Frank Phillips","CTA",1032,1.31
"Eden-Monaro","Rosemary Beaumont","Grn",3911,4.98
"Eden-Monaro","Matthew Swift","Ind",211,0.27
"Eden-Monaro","Peter Vlug","NCP01",94,0.12
"Eden-Monaro","Steve Urquhart","Ind",319,0.41
"Eden-Monaro","Peter Cochran","Ind",6436,8.2
"Eden-Monaro","Gary Nairn","Lib46",32247,41.08
"Eden-Monaro","Barry Bridges","ON",2821,3.59
"Farrer","Chris Sobey","Grn",2583,3.42
"Farrer","Tom Weyrich","Ind",485,0.64
"Farrer","Bill Bott","NPA",17641,23.36
"Farrer","Max Wilkinson","ON",4795,6.35
"Farrer","Stuart Watson","Ind",1068,1.41
"Farrer","Keith Kreutzberger","Ind",696,0.92
"Farrer","Frank Millen","ALP",15830,20.96
"Farrer","Sussan Ley","Lib46",28449,37.66
"Farrer","David Corbett","Ind",356,0.47
"Farrer","Brett Paterson","AD",1959,2.59
"Farrer","Sue Taylor","Ind",1254,1.66
"Farrer","Andrew Gibson","Ind",416,0.55
"Fowler","Hal Johnson","CEC",2166,3.21
"Fowler","Lee Grant","Grn",1654,2.45
"Fowler","Manny Poularas","CTA",1110,1.65
"Fowler","Glenn Watson","Lib46",12154,18.04
"Fowler","Max Brazenall","AFI",853,1.27
"Fowler","Steve Chung","Uni",3476,5.16
"Fowler","Oscar Rosso","ON",2357,3.5
"Fowler","Robin Gaskell","NGST",1395,2.07
"Fowler","David Mendelssohn","AD",1320,1.96
"Fowler","Julia Irwin","ALP",40904,60.7
"Gilmore","Peter Knott","ALP",20011,26.06
"Gilmore","Joanna Gash","Lib46",43089,56.11
"Gilmore","Steve Ryan","CTA",1253,1.63
"Gilmore","Jean McClung","CEC",113,0.15
"Gilmore","Jane Bange","Grn",4218,5.49
"Gilmore","Michael Hayes","AD",3323,4.33
"Gilmore","Paul McLeod","Uni",339,0.44
"Gilmore","Geoff Crocker","ON",4454,5.8
"Grayndler","Matthew Baird","AD",6750,9.12
"Grayndler","Kane O'Connor","ON",1485,2.01
"Grayndler","Sue Johnson","Ind",954,1.29
"Grayndler","Anthony Albanese","ALP",36379,49.15
"Grayndler","Brett Kenworthy","Lib46",16971,22.93
"Grayndler","Sylvia Hale","Grn",9666,13.06
"Grayndler","Guang Hua Wan","Uni",1009,1.36
"Grayndler","Chris Herden","CTA",805,1.09
"Greenway","Bob Bawden","CTA",4272,5.63
"Greenway","Ted Sherwood","AFI",1608,2.12
"Greenway","Tony Pettitt","ON",4155,5.47
"Greenway","Frank Mossfield","ALP",32380,42.67
"Greenway","Tony Vlatko","Grn",2002,2.64
"Greenway","Joseph Francis","AD",2818,3.71
"Greenway","Amarjit Singh Tanda","Ind",620,0.82
"Greenway","Rick Holder","Lib46",28038,36.94
"Gwydir","Richard Witten","CEC",1197,1.56
"Gwydir","Bruce Haigh","Ind",4637,6.04
"Gwydir","Ken Graham","AD",1242,1.62
"Gwydir","Colin Rogers","ON",7716,10.04
"Gwydir","Neil Strachan","Grn",1324,1.72
"Gwydir","Harry Weber","LEF",1194,1.55
"Gwydir","John Anderson","NPA",40437,52.63
"Gwydir","Anne Murnain","ALP",17402,22.65
"Gwydir","Gary Edwards","Ind",389,0.51
"Gwydir","Bevan O'Regan","Ind",1289,1.68
"Hughes","Simon Heemstra","Grn",3604,4.56
"Hughes","Danna Vale","Lib46",42393,53.61
"Hughes","William Ryan","CTA",1676,2.12
"Hughes","Susan Oz","ON",3885,4.91
"Hughes","Bruce van de Weg","AD",2811,3.55
"Hughes","Christine Hawkins","ALP",24706,31.24
"Hume","Alby Schultz","Lib46",41899,52.99
"Hume","Kevin Watchirs","Grn",3435,4.34
"Hume","James Roxburgh","AD",3762,4.76
"Hume","Charlie Prell","ON",6589,8.33
"Hume","Jan Merriman","ALP",23389,29.58
"Hunter","Rob Macaulay","NPA",21613,27.5
"Hunter","Larry O'Brien","Grn",3553,4.52
"Hunter","Rod Bennison","AD",3071,3.91
"Hunter","Ann Lawler","CEC",1137,1.45
"Hunter","Bill Fox","ON",8100,10.31
"Hunter","Joel Fitzgibbon","ALP",41123,52.32
"Kingsford Smith","Jill Brown","ON",3710,4.86
"Kingsford Smith","Bruce Notley-Smith","Lib46",26169,34.26
"Kingsford Smith","Arthur Hurwitz","Grn",5551,7.27
"Kingsford Smith","Marina Carman","Ind",558,0.73
"Kingsford Smith","Laurie Brereton","ALP",36428,47.69
"Kingsford Smith","Peter Zakrzewski","AD",3974,5.2
"Lindsay","John Phillips","CTA",1930,2.64
"Lindsay","David Bradbury","ALP",25320,34.6
"Lindsay","Lesley Edwards","Grn",1819,2.49
"Lindsay","Anthony Courtney","Ind",727,0.99
"Lindsay","Bill Nixon","ON",3768,5.15
"Lindsay","Geraldine Waters","AD",1584,2.16
"Lindsay","Graham Mitchell","Ind",236,0.32
"Lindsay","Stephen Walker","NCP01",122,0.17
"Lindsay","Geoff Brown","SAS",2391,3.27
"Lindsay","Jackie Kelly","Lib46",34339,46.93
"Lindsay","Jean Eykamp","NGST",534,0.73
"Lindsay","Steve Lindsay-Henderson","Ind",400,0.55
"Lowe","John Murphy","ALP",33508,44.77
"Lowe","David Doust","Lib46",31400,41.96
"Lowe","Anna Garrett","AD",3359,4.49
"Lowe","Ernest Wong","Uni",1700,2.27
"Lowe","Harry Krumins","ON",1463,1.95
"Lowe","Max Lane","Ind",267,0.36
"Lowe","Mersina Soulos","Grn",3145,4.2
"Lyne","Lynn Stanfield","ON",8178,10.21
"Lyne","Dane Sara","Ind",963,1.2
"Lyne","Mark Vaile","NPA",42699,53.3
"Lyne","Siobhan Isherwood","Grn",2380,2.97
"Lyne","Philip Jirman","AD",2237,2.79
"Lyne","Graeme Muldoon","CEC",247,0.31
"Lyne","Pat Stevens","ALP",23405,29.22
"Macarthur","Len Watkins","ON",3759,5.25
"Macarthur","Meg Oates","ALP",25675,35.88
"Macarthur","Eric Sanders","NCP01",236,0.33
"Macarthur","Pat Farmer","Lib46",36348,50.79
"Macarthur","Jasmine Lantry","AD",1555,2.17
"Macarthur","Gregory Knowles","Ind",757,1.06
"Macarthur","Elwyn Sheppard","CTA",1052,1.47
"Macarthur","Geraldine Hunt","Grn",2183,3.05
"Mackellar","Andrea Pape","Grn",6277,8.07
"Mackellar","Bronwyn Bishop","Lib46",44854,57.64
"Mackellar","Peter Cuthbertson","ON",2182,2.8
"Mackellar","Vicki Dimond","AD",7365,9.46
"Mackellar","Tom Moody","AFI",1171,1.5
"Mackellar","Ben Carpentier","ALP",14708,18.9
"Mackellar","George May","Ind",1265,1.63
"Macquarie","Leigh Williams","Grn",6644,8.42
"Macquarie","Adam Searle","ALP",21160,26.83
"Macquarie","Brian Grigg","CTA",1559,1.98
"Macquarie","Les Majoros","AD",4304,5.46
"Macquarie","Wayne Buckley","ON",3893,4.94
"Macquarie","Kerry Bartlett","Lib46",40225,51
"Macquarie","Robert Warren","SAS",1086,1.38
"Mitchell","David Mudgee","AFI",1235,1.56
"Mitchell","Alan Cadman","Lib46",49995,63.26
"Mitchell","David Baggs","AD",3769,4.77
"Mitchell","Cindy Taylor","Grn",2470,3.13
"Mitchell","John McShane","ALP",16987,21.49
"Mitchell","Ken Gregory","CTA",1681,2.13
"Mitchell","Stephen Burke","Ind",712,0.9
"Mitchell","Dale Eder","ON",2183,2.76
"Newcastle","Harry Williams","PLP98",4093,5.11
"Newcastle","David Williams","Lib46",24312,30.37
"Newcastle","Harry Criticos","Ind",1899,2.37
"Newcastle","Sharon Grierson","ALP",32780,40.95
"Newcastle","John Sutton","Grn",6022,7.52
"Newcastle","Erin Killion-DelCastillo","Ind",354,0.44
"Newcastle","Elaine Battersby","CTA",1238,1.55
"Newcastle","Mary Kavanagh","AD",4601,5.75
"Newcastle","Barrie Lawn","ON",4753,5.94
"New England","Michelle Reiner","Grn",1807,2.26
"New England","Annette McCarthy","ALP",7947,9.95
"New England","Tony Windsor","Ind",35992,45.04
"New England","Kayleen Bounds","ON",2202,2.76
"New England","Chris Reardon","AD",876,1.1
"New England","Stuart St. Clair","NPA",31079,38.9
"North Sydney","Colin Ward","CTA",1227,1.55
"North Sydney","Joe Hockey","Lib46",44995,56.96
"North Sydney","Bryan McGuire","AD",6528,8.26
"North Sydney","Mike Steel","Grn",6053,7.66
"North Sydney","Brian Lam","Uni",861,1.09
"North Sydney","Fran Teirney","ALP",19325,24.47
"Page","Kathryn Pollard-O'Hara","Ind",1240,1.66
"Page","Tom Cooper","Ind",5482,7.35
"Page","Edda Lampis","Ind",231,0.31
"Page","Doug Behn","Ind",636,0.85
"Page","Allan Jeffreys","AD",2012,2.7
"Page","Judy Canales","HMP",1274,1.71
"Page","Arthur Felsch","CTA",1344,1.8
"Page","Terry Flanagan","ALP",21618,29
"Page","John Corkill","Grn",5365,7.2
"Page","Ian Causley","NPA",31204,41.85
"Page","Angela Griffiths","CEC",110,0.15
"Page","Marie Mathew","ON",4039,5.42
"Parkes","Joe Knagge","ALP",25429,33.21
"Parkes","John Cobb","NPA",39133,51.1
"Parkes","Bob Redfern","ON",7969,10.41
"Parkes","Samantha Dunlop","Grn",1936,2.53
"Parkes","Geoff Ward","AD",2111,2.76
"Parramatta","David Borger","ALP",31867,41.41
"Parramatta","Somchai Tongsumrith","Uni",1131,1.47
"Parramatta","Ross Cameron","Lib46",35356,45.94
"Parramatta","Dee Jonsson","CTA",1177,1.53
"Parramatta","Anthony Clark","AD",2622,3.41
"Parramatta","Will Watson","NCP01",148,0.19
"Parramatta","Felicity George","Grn",2380,3.09
"Parramatta","John Satchwell","ON",2279,2.96
"Paterson","Bob Horne","ALP",31430,40.75
"Paterson","Ian Shaw","NPA",5544,7.19
"Paterson","Sharon Davies","AD",1979,2.57
"Paterson","Aina Ranke","Grn",2095,2.72
"Paterson","Paul Hennelly","FP",720,0.93
"Paterson","Bob Baldwin","Lib46",30781,39.91
"Paterson","Tony King","CEC",339,0.44
"Paterson","Paul Cary","ON",4233,5.49
"Prospect","Rebecca Filipczyk","Grn",3439,4.58
"Prospect","John Hutchinson","ON",3380,4.5
"Prospect","Garry Oates","AFI",1274,1.7
"Prospect","Lewis Haroon","CTA",1927,2.56
"Prospect","Gareth Perkins","Lib46",20776,27.65
"Prospect","Thomas Peacock","AD",1723,2.29
"Prospect","Kek Tai","Uni",1027,1.37
"Prospect","Janice Crosio","ALP",41596,55.36
"Reid","Habib Chamas","Uni",3056,4.78
"Reid","Adrian Archer","AD",2183,3.42
"Reid","Steve Maxwell","Grn",1920,3.01
"Reid","Uwe Ledermann","CTA",1502,2.35
"Reid","Lisa Macdonald","Ind",916,1.43
"Reid","Irfan Yusuf","Lib46",14364,22.48
"Reid","Shane O'Connor","ON",3476,5.44
"Reid","Laurie Ferguson","ALP",36474,57.09
"Richmond","Julie Nathan","Ind",942,1.3
"Richmond","Larry Anthony","NPA",32516,44.76
"Richmond","John Penhaligon","Ind",668,0.92
"Richmond","Jenny McAllister","ALP",24702,34
"Richmond","Nicolas Faulkner","Ind",161,0.22
"Richmond","Jan Barham","Grn",7310,10.06
"Richmond","Alexander Peniazev","NCP01",85,0.12
"Richmond","Casey Balk","AD",2085,2.87
"Richmond","Dean Jefferys","HMP",919,1.26
"Richmond","Dell Rolfe","ON",3016,4.15
"Richmond","Rob Simpson","Ind",249,0.34
"Riverina","Dennis Richter","Ind",1839,2.29
"Riverina","Neil Turner","ON",4496,5.6
"Riverina","Andrew Albiston","ALP",19285,24
"Riverina","Kay Hull","NPA",49371,61.45
"Riverina","Rex Graham","AD",2031,2.53
"Riverina","Russel Dancey","CTA",1371,1.71
"Riverina","Catherine Moore","Grn",1954,2.43
"Robertson","Kaijin Kenisciehad","Ind",657,0.87
"Robertson","Harry Boyle","AD",2736,3.62
"Robertson","Christine Hennig","CTA",1092,1.44
"Robertson","Trish Moran","ALP",25789,34.08
"Robertson","Alasdair Munn","Ind",348,0.46
"Robertson","Jim Lloyd","Lib46",38448,50.8
"Robertson","Stephen Lacey","Grn",2512,3.32
"Robertson","Kevin Wills","Ind",744,0.98
"Robertson","James Laing-Peach","Ind",525,0.69
"Robertson","Errol Baker","ON",2333,3.08
"Robertson","Barry Phillips","PLP98",374,0.49
"Robertson","Ken Martin","CEC",125,0.17
"Shortland","Brian Perrem","Lib46",27302,34.67
"Shortland","Iris Candlish","ON",3686,4.68
"Shortland","Jill Hall","ALP",39139,49.7
"Shortland","Peter Craig","Ind",2312,2.94
"Shortland","Steven Adams","AD",2484,3.15
"Shortland","Joan Lambert","Grn",3242,4.12
"Shortland","Ron Gardnir","Ind",590,0.75
"Sydney","Tanya Plibersek","ALP",32962,44.33
"Sydney","Sydney Hickman","AD",8093,10.88
"Sydney","Jeff Pettett","Lib46",22380,30.1
"Sydney","Jamie Parker","Grn",10924,14.69
"Throsby","Madeleine Roberts","AD",5743,7.51
"Throsby","Ivan Prsa","ON",4969,6.5
"Throsby","Margaret Perrott","Ind",1043,1.36
"Throsby","Alan Akhurst","Lib46",19280,25.22
"Throsby","Elsa Story","Grn",3444,4.51
"Throsby","Jennie George","ALP",41963,54.9
"Warringah","Keelah Lam","Grn",2859,3.69
"Warringah","Peter Macdonald","Ind",21490,27.77
"Warringah","Julie Heraghty","ALP",9352,12.08
"Warringah","Tony Abbott","Lib46",39816,51.45
"Warringah","Nina Burridge","AD",2092,2.7
"Warringah","Christine Ferguson","NGST",437,0.56
"Warringah","David Kelly","ON",1347,1.74
"Watson","Ken Nam","Uni",3349,4.76
"Watson","Kristin Griffiths","AD",2788,3.96
"Watson","Leo McLeay","ALP",39516,56.15
"Watson","Ronald Poulsen","Ind",322,0.46
"Watson","Dominic Fitzsimmons","Grn",2446,3.48
"Watson","Arnold Plooy","Lib46",19791,28.12
"Watson","Michelle Farrell","ON",2165,3.08
"Wentworth","Aub Golden","ON",1233,1.63
"Wentworth","Alison Lyssa","Grn",7371,9.77
"Wentworth","Margaret Collings","AD",4639,6.15
"Wentworth","Peter King","Lib46",39298,52.08
"Wentworth","Alan Jacobs","Uni",642,0.85
"Wentworth","Carolyn Neilson","ALP",22277,29.52
"Werriwa","John Uri","Uni",1527,2.14
"Werriwa","Paul Masina","Lib46",23816,33.32
"Werriwa","Janey Woodger","AFI",1256,1.76
"Werriwa","Greg Tan","CTA",1759,2.46
"Werriwa","Glenda Blanch","AD",1886,2.64
"Werriwa","Roger Barsony","Grn",1891,2.65
"Werriwa","Mark Latham","ALP",35980,50.33
"Werriwa","P Kotarski","ON",3372,4.72
"Aston","Ray Levick","CTA",1074,1.27
"Aston","Chris Pearce","Lib46",42973,50.78
"Aston","Ruth Kendall","AD",5952,7.03
"Aston","Kieran Boland","ALP",31269,36.95
"Aston","Doug Mitchell","CEC",290,0.34
"Aston","Mick Kir","Grn",3062,3.62
"Ballarat","Catherine King","ALP",35558,44.14
"Ballarat","Tony Kelly","Grn",5126,6.36
"Ballarat","Charles Collins","Lib46",34512,42.85
"Ballarat","Danii Coric","AD",3300,4.1
"Ballarat","John Blanchard","ON",2053,2.55
"Batman","Alexandra Bhathal","Grn",9171,11.58
"Batman","Martin Ferguson","ALP",46506,58.7
"Batman","Scott Kneebone","AD",4954,6.25
"Batman","Jackie Lynch","Ind",1064,1.34
"Batman","John Davies","Lib46",17196,21.71
"Batman","Wayne Barwick","CEC",329,0.42
"Bendigo","Steve Gibbons","ALP",35630,43.48
"Bendigo","Ron Barrow","Ind",744,0.91
"Bendigo","Karel Zegers","Ind",1387,1.69
"Bendigo","John Pasquarelli","Ind",1073,1.31
"Bendigo","Helen Lilley","AD",2620,3.2
"Bendigo","Maurie Sharkey","Lib46",32311,39.43
"Bendigo","Neil Smith","ON",2039,2.49
"Bendigo","Bruce Rivendell","Grn",4279,5.22
"Bendigo","Phil Arnold","CTA",1857,2.27
"Bruce","David Collis","Grn",3349,4.27
"Bruce","Reg Steel","Lib46",31813,40.54
"Bruce","Alan Griffin","ALP",38150,48.61
"Bruce","Shaun Robyns","AD",5164,6.58
"Burke","Marcus Ward","Grn",6062,7.39
"Burke","Geoff Lutz","AD",5493,6.7
"Burke","Chris Dawe","Lib46",31282,38.16
"Burke","Brendan O'Connor","ALP",39138,47.74
"Calwell","John Abbotto","NGST",3074,3.53
"Calwell","Andrew Theophanous","Ind",8392,9.63
"Calwell","Mohamed Bochi","Ind",555,0.64
"Calwell","Robert Livesay","AD",3356,3.85
"Calwell","Maria Vamvakinou","ALP",45203,51.85
"Calwell","Sleiman Yohanna","CEC",465,0.53
"Calwell","Bee Barker","Grn",2105,2.41
"Calwell","D Dervish","Ind",2003,2.3
"Calwell","Darren Buller","Lib46",22020,25.26
"Casey","Tom Joyce","AD",6738,8.56
"Casey","Tony Smith","Lib46",40354,51.26
"Casey","Lorraine Leach","Grn",5424,6.89
"Casey","David McKenzie","ALP",26211,33.29
"Chisholm","Ros Clowes","Lib46",34836,43.58
"Chisholm","James Bennett","AD",5379,6.73
"Chisholm","Anna Burke","ALP",33929,42.44
"Chisholm","John Murray","NGST",895,1.12
"Chisholm","Howard Tankey","Grn",4898,6.13
"Corangamite","Graham Hills","ON",1983,2.48
"Corangamite","Nigel Strauss","LFF",1960,2.45
"Corangamite","Robyn Hodge","AD",5129,6.41
"Corangamite","Stewart McArthur","Lib46",37929,47.42
"Corangamite","Iain Lygo","Grn",5096,6.37
"Corangamite","Simon Arundell","Ind",1326,1.66
"Corangamite","Michael Bjork-Billings","ALP",26569,33.21
"Corio","Erica Menheere-Thompson","AD",5388,6.91
"Corio","Gavan O'Connor","ALP",38021,48.75
"Corio","Tim Gooden","Ind",698,0.89
"Corio","Steve Malesic","Lib46",28254,36.22
"Corio","Gareth Hill","CEC",176,0.23
"Corio","Herbert Tirkot","ON",1420,1.82
"Corio","Cheryl Fairbrother","Ind",653,0.84
"Corio","Catherine Johnson","Grn",3388,4.34
"Deakin","Nahum Ayliffe","AD",6317,7.98
"Deakin","Helen Buckingham","ALP",30397,38.39
"Deakin","Robyn Evans","Grn",5045,6.37
"Deakin","Phil Barresi","Lib46",37417,47.26
"Dunkley","Bruce Billson","Lib46",39203,49.9
"Dunkley","Michael Cartwright","ON",1438,1.83
"Dunkley","Mark Conroy","ALP",28088,35.75
"Dunkley","Fletcher Davis","Ind",995,1.27
"Dunkley","Henry Kelsall","Grn",4486,5.71
"Dunkley","Ian Woodhouse","AD",4350,5.54
"Flinders","Earle Wilson","Ind",968,1.15
"Flinders","Kevin Dowey","ON",1911,2.27
"Flinders","Ashley Blade","Ind",567,0.67
"Flinders","Greg Hunt","Lib46",43601,51.71
"Flinders","Wayne Finch","ALP",27695,32.85
"Flinders","Richard Armstrong","AD",4690,5.56
"Flinders","David de Rango","Grn",4886,5.79
"Gellibrand","Christopher Tann","Lib46",19191,25.13
"Gellibrand","Nicola Roxon","ALP",46124,60.4
"Gellibrand","Rachel Richards","AD",5256,6.88
"Gellibrand","Michele Finey","Grn",4831,6.33
"Gellibrand","Jorge Jorquera","Ind",963,1.26
"Gippsland","John Jago","Ind",1579,2.08
"Gippsland","Michael Freshwater","ON",4066,5.37
"Gippsland","Jo McCubbin","AD",3331,4.4
"Gippsland","Phillip Evans","Ind",1551,2.05
"Gippsland","Ben Buckley","Ind",1249,1.65
"Gippsland","Marjorie Thorpe","Ind",791,1.04
"Gippsland","Frank Williams","CEC",221,0.29
"Gippsland","Bill Bolitho","ALP",19469,25.7
"Gippsland","Doug Treasure","Ind",4249,5.61
"Gippsland","Peter McGauran","NPA",34555,45.62
"Gippsland","Phillip Robinson","Ind",487,0.64
"Gippsland","Chris Aitken","Grn",4205,5.55
"Goldstein","David Kemp","Lib46",43535,52.72
"Goldstein","Rachel Powning","ALP",22730,27.52
"Goldstein","Michaela Newell","AD",6215,7.53
"Goldstein","Kristin Stegley","Ind",4807,5.82
"Goldstein","Teresa Puszka","Grn",5294,6.41
"Higgins","Katie Stephens","ALP",23038,28.88
"Higgins","Tania Giles","Grn",7029,8.81
"Higgins","Katie Moss","AD",7275,9.12
"Higgins","Peter Costello","Lib46",42437,53.19
"Holt","Polly Morgan","AD",5240,6.63
"Holt","Jason Wood","Lib46",24621,31.13
"Holt","Theos Patrinos","Grn",2149,2.72
"Holt","Gordon Ford","Ind",880,1.11
"Holt","Anthony Byrne","ALP",44681,56.5
"Holt","Lynne Dickson","CTA",1513,1.91
"Hotham","Ollie Bennett","Grn",3544,4.35
"Hotham","Simon Hall","CEC",598,0.73
"Hotham","Priscilla Ruffolo","Lib46",28579,35.09
"Hotham","Jessica Joss","AD",4383,5.38
"Hotham","Simon Crean","ALP",44351,54.45
"Indi","Pat Adams","Ind",895,1.15
"Indi","Barbara Murdoch","ALP",21014,27.03
"Indi","Lyn Bennetts","ON",3079,3.96
"Indi","Robert Chuck","AD",2920,3.76
"Indi","Philip Seymour","CTA",884,1.14
"Indi","Michael Wardle","Grn",2956,3.8
"Indi","Don Chambers","NPA",9552,12.29
"Indi","Sophie Panopoulos","Lib46",31152,40.07
"Indi","Nelson McIntosh","Ind",5284,6.8
"Isaacs","Shirly Oakley","Ind",1342,1.77
"Isaacs","Patricia Brook","Ind",640,0.84
"Isaacs","Ann Corcoran","ALP",31951,42.18
"Isaacs","Heather Stanton","CEC",246,0.32
"Isaacs","John Groves","ON",1358,1.79
"Isaacs","Michael Shepherdson","Lib46",31520,41.61
"Isaacs","Darren Bujeya","Grn",3073,4.06
"Isaacs","Haydn Fletcher","AD",5627,7.43
"Jagajaga","Peter Wigg","AD",5421,6.68
"Jagajaga","Paul Gallagher","CEC",266,0.33
"Jagajaga","Brett Jones","Lib46",32619,40.18
"Jagajaga","Samantha Roberts","Grn",5178,6.38
"Jagajaga","Jenny Macklin","ALP",37027,45.61
"Jagajaga","Gary Schorel-Hlavka","Ind",673,0.83
"Kooyong","Petro Georgiou","Lib46",44244,55.08
"Kooyong","Peter Campbell","Grn",8607,10.72
"Kooyong","Ari Sharp","AD",6374,7.94
"Kooyong","Tom Wilson","ALP",21096,26.26
"Lalor","Roger Howe","AD",6297,7.7
"Lalor","David McConnell","Lib46",24634,30.14
"Lalor","Tony Briffa","Grn",3321,4.06
"Lalor","Julia Gillard","ALP",47490,58.1
"La Trobe","Bob Charles","Lib46",37641,46.59
"La Trobe","Craig Smith","Grn",5740,7.1
"La Trobe","Tony Holland","AD",6424,7.95
"La Trobe","Philip Staindl","ALP",27912,34.55
"La Trobe","Wolfgang Voigt","CTA",861,1.07
"La Trobe","June Scott","ON",1304,1.61
"La Trobe","Frank Dean","Ind",386,0.48
"La Trobe","Jason Allen","Ind",530,0.66
"McEwen","Alan Salter","ON",2448,2.97
"McEwen","Jim Romagnesi","Grn",5006,6.07
"McEwen","Andrew MacLeod","ALP",31986,38.76
"McEwen","Fran Bailey","Lib46",37963,46.01
"McEwen","Bill Lodwick","Ind",1129,1.37
"McEwen","Tony Carden","AD",3986,4.83
"McMillan","Betty Howell","Ind",1262,1.59
"McMillan","David Roberts","NPA",2172,2.74
"McMillan","Jim Forbes","Lib46",31532,39.8
"McMillan","David Wall","AD",3233,4.08
"McMillan","Jenny Farrar","Grn",2918,3.68
"McMillan","Christian Zahra","ALP",35238,44.48
"McMillan","John Holtman","ON",2864,3.62
"Mallee","Timothy Kelly","AD",3532,4.66
"Mallee","John Zigouras","ALP",15440,20.37
"Mallee","Julie Rivendell","Grn",1809,2.39
"Mallee","Bob Mackley","ON",6550,8.64
"Mallee","John Forrest","NPA",44769,59.06
"Mallee","Ross Douglass","Ind",3704,4.89
"Maribyrnong","Andre Kozlowski","CEC",1840,2.46
"Maribyrnong","Jules Beckwith","Grn",2878,3.85
"Maribyrnong","Grahame Barclay","Lib46",20705,27.67
"Maribyrnong","Bob Sercombe","ALP",44825,59.91
"Maribyrnong","Charles Williams","AD",4567,6.1
"Melbourne","Lindsay Tanner","ALP",39978,47.65
"Melbourne","James Ferrari","Ind",558,0.67
"Melbourne","Stephen Jolly","Ind",1260,1.5
"Melbourne","Pamela Curr","Grn",13174,15.7
"Melbourne","Con Frantzeskos","Lib46",20870,24.87
"Melbourne","Brent McKenna","AD",8062,9.61
"Melbourne Ports","Greg Chipp","AD",7328,9.27
"Melbourne Ports","Jeremy Beck","CEC",305,0.39
"Melbourne Ports","Michael Danby","ALP",31110,39.36
"Melbourne Ports","Jeannette Kavanagh","Grn",8912,11.28
"Melbourne Ports","Andrew McLorinan","Lib46",31384,39.71
"Menzies","Barry Watson","Grn",4301,5.51
"Menzies","Kevin Andrews","Lib46",41565,53.28
"Menzies","Brendan Griffin","NGST",1135,1.45
"Menzies","Michael Ryan","AD",5113,6.55
"Menzies","Olga Vasilopoulos","ALP",25895,33.19
"Murray","Simon Bush","Ind",2483,3.12
"Murray","Sharman Stone","Lib46",53498,67.24
"Murray","David Jones","Grn",1827,2.3
"Murray","Robert Hellemons","ON",3162,3.97
"Murray","Alan Calder","ALP",16083,20.21
"Murray","Elizabeth Taylor","AD",2514,3.16
"Scullin","Brian Mawhinney","AD",5306,6.53
"Scullin","Trudy Campbell","CEC",589,0.72
"Scullin","Lucas Kostadinoski","Lib46",21706,26.69
"Scullin","Merinda Gray","Grn",2421,2.98
"Scullin","Harry Jenkins","ALP",51294,63.08
"Wannon","Leigh McDonald","Ind",1758,2.28
"Wannon","Amanda Packer","AD",2294,2.98
"Wannon","Robert O'Brien","Ind",876,1.14
"Wannon","Gillian Blair","Grn",2765,3.59
"Wannon","Ricky Witney","LEF",1196,1.55
"Wannon","Olive Schmidt","ON",2137,2.77
"Wannon","David Hawker","Lib46",40366,52.4
"Wannon","Richard Morrow","ALP",25649,33.29
"Wills","Craig Isherwood","CEC",1367,1.74
"Wills","David Glanz","Ind",1036,1.32
"Wills","Richard Di Natale","Grn",6081,7.74
"Wills","Kelvin Thomson","ALP",44019,56.03
"Wills","Vytautas Valasinavicius","Lib46",21030,26.77
"Wills","Robert Stone","AD",5036,6.41
"Blair","Phil Kyson","Grn",2273,3.26
"Blair","Cameron Thompson","Lib46",31933,45.87
"Blair","Neal McKenzie","AD",2284,3.28
"Blair","Gary Turner","ON",10467,15.03
"Blair","Dan Ryan","Ind",921,1.32
"Blair","Wayne Wendt","ALP",19397,27.86
"Blair","Selwyn Johnston","Ind",2131,3.06
"Blair","Lindsay Cosgrove","CEC",215,0.31
"Bowman","Andrew Laming","Lib46",34121,43.06
"Bowman","Barry Myatt","ON",3862,4.87
"Bowman","Fay Smith","Grn",2164,2.73
"Bowman","Chad Smith","AD",3873,4.89
"Bowman","Con Sciacca","ALP",35213,44.44
"Brisbane","Seb Monsour","Lib46",33704,39.32
"Brisbane","P R Jansen","ON",1878,2.19
"Brisbane","Richard Nielsen","Grn",6702,7.82
"Brisbane","Ashley Lavelle","Ind",864,1.01
"Brisbane","Sue Ekert","NPA",1863,2.17
"Brisbane","Damian Dewar","AD",7947,9.27
"Brisbane","Arch Bevis","ALP",32770,38.23
"Capricornia","Ray Gillham","CEC",476,0.64
"Capricornia","Herb Clarke","ON",5364,7.18
"Capricornia","John Lever","NPA",15889,21.26
"Capricornia","Peter Schuback","Ind",512,0.69
"Capricornia","John Murphy","Ind",343,0.46
"Capricornia","Naomi Johns","AD",1334,1.79
"Capricornia","Lea Taylor","Lib46",13159,17.61
"Capricornia","Bob Muir","Grn",1068,1.43
"Capricornia","Kirsten Livermore","ALP",36580,48.95
"Dawson","Jan Pukallus","CEC",692,0.87
"Dawson","Barry Jones","Grn",1940,2.45
"Dawson","De-Anne Kelly","NPA",39827,50.22
"Dawson","Cherry Feeney","ALP",26782,33.77
"Dawson","Andrew Ellul","Ind",1050,1.32
"Dawson","Karen Offield","AD",2195,2.77
"Dawson","Rob Robinson","ON",6814,8.59
"Dickson","Terry Hyland","Ind",1220,1.53
"Dickson","Cheryl Kernot","ALP",26557,33.26
"Dickson","Shayne Turner","AD",4296,5.38
"Dickson","Peter Dutton","Lib46",36390,45.58
"Dickson","Gary Kimlin","ORP",485,0.61
"Dickson","Wayne Whitney","ON",2575,3.23
"Dickson","Paul Kramer","Grn",2812,3.52
"Dickson","Colin Kessels","Ind",5203,6.52
"Dickson","J F Barnes","Ind",305,0.38
"Fadden","Ray Merlehan","ALP",23434,30.51
"Fadden","Julian Woolford","Grn",2305,3
"Fadden","David Jull","Lib46",42856,55.8
"Fadden","Neil Cotter","AD",3308,4.31
"Fadden","Chris Coyle","ON",4897,6.38
"Fairfax","Alex Somlyay","Lib46",35868,47.05
"Fairfax","Karen Jackson","AD",3670,4.81
"Fairfax","Jim Mackellar","ON",6281,8.24
"Fairfax","Joy Ringrose","Grn",3791,4.97
"Fairfax","John Henderson","ALP",19101,25.06
"Fairfax","Shane Paulger","Ind",7519,9.86
"Fisher","Bruce Tannock","ON",5838,7.55
"Fisher","Geoff Armstrong","AD",2872,3.71
"Fisher","Ray O'Donnell","ALP",19406,25.1
"Fisher","Tony McLeod","Grn",3032,3.92
"Fisher","Peter Slipper","Lib46",40173,51.95
"Fisher","Ros Hourigan","Ind",6002,7.76
"Forde","Val Smith","ALP",25424,33
"Forde","Kay Elson","Lib46",38263,49.67
"Forde","Alan Dickson","AD",3620,4.7
"Forde","Alice Ngahooro","ON",7372,9.57
"Forde","Rose Clyne","Grn",2363,3.07
"Griffith","Joseph Rooke","Ind",547,0.65
"Griffith","Edmund McMahon","ON",2220,2.65
"Griffith","Rob Wilson","Grn",2671,3.19
"Griffith","Ross Vasta","Lib46",32249,38.48
"Griffith","David Rendell","AD",3829,4.57
"Griffith","Ann Graham","NPA",1591,1.9
"Griffith","Kevin Rudd","ALP",40707,48.57
"Groom","Michael Kane","Grn",2774,3.55
"Groom","Barbara Wuersching","NPA",8563,10.97
"Groom","David Hoy","ON",6958,8.92
"Groom","Ian Macfarlane","Lib46",36573,46.86
"Groom","Leeann King","ALP",18467,23.66
"Groom","Rob Berry","Ind",2192,2.81
"Groom","Stephen Eyres","AD",2521,3.23
"Herbert","Anthony Weil","ON",5827,7.08
"Herbert","Richard Hoolihan","AD",2494,3.03
"Herbert","Conway Bown","Ind",6473,7.87
"Herbert","Jenny Hill","ALP",29897,36.35
"Herbert","Peter Lindsay","Lib46",35349,42.98
"Herbert","Anne Goddard","Grn",2205,2.68
"Hinkler","Theresa Bates","Grn",1904,2.55
"Hinkler","Peter Melville","Ind",7147,9.57
"Hinkler","Lisa White","AD",1393,1.86
"Hinkler","Cheryl Dorron","ALP",28483,38.12
"Hinkler","Paul Neville","NPA",29231,39.12
"Hinkler","Martin Janke","ON",6562,8.78
"Kennedy","Jo Wall","AD",2307,3.06
"Kennedy","Cherie Rivas","Grn",1601,2.12
"Kennedy","Alan Neilan","ALP",17613,23.33
"Kennedy","Mary Lyle","NPA",10718,14.2
"Kennedy","Judith Harris","CEC",229,0.3
"Kennedy","Bob Katter","Ind",35555,47.1
"Kennedy","Jerry Burnett","ON",7460,9.88
"Leichhardt","Thomas East","ON",6324,8.51
"Leichhardt","Warren Entsch","Lib46",36215,48.76
"Leichhardt","Matt Trezise","ALP",24636,33.17
"Leichhardt","Jonathan Metcalfe","Grn",3890,5.24
"Leichhardt","Rata Pugh","Ind",561,0.76
"Leichhardt","Harold Salier","AD",2643,3.56
"Lilley","Rod McDonough","AD",4565,5.7
"Lilley","David Ross","Lib46",31855,39.79
"Lilley","Pierre Bocquee","ON",2914,3.64
"Lilley","Sue Meehan","Grn",3011,3.76
"Lilley","Wayne Swan","ALP",37713,47.11
"Longman","Stephen Beckett","ALP",27629,36.62
"Longman","Eve Scopes","Grn",2556,3.39
"Longman","Bronwyn Patrick","AD",2992,3.97
"Longman","Mal Brough","Lib46",34229,45.37
"Longman","Brian Hallam","Ind",1665,2.21
"Longman","Leslie Hardwick","CEC",148,0.2
"Longman","Bert Bowden","ON",6223,8.25
"McPherson","Inge Light","Grn",4220,5
"McPherson","Paul Lewis","ON",4989,5.91
"McPherson","Margaret May","Lib46",46641,55.21
"McPherson","Ronald Bradley","Ind",607,0.72
"McPherson","Kellie Trigger","ALP",24055,28.47
"McPherson","Kevin Goodwin","Ind",481,0.57
"McPherson","Russell White","AD",3485,4.13
"Maranoa","Rhonda Wilson","AD",2977,3.92
"Maranoa","David Bowden","ALP",17696,23.32
"Maranoa","Cindy Rolls","CEC",600,0.79
"Maranoa","Mark McNichol","ON",11429,15.06
"Maranoa","Bruce Scott","NPA",41685,54.92
"Maranoa","Noel Nemeth","Grn",1512,1.99
"Moncrieff","Josephine Tobias","Ind",2286,2.94
"Moncrieff","Maurie Carroll","Ind",360,0.46
"Moncrieff","Steven Ciobo","Lib46",39586,50.91
"Moncrieff","Susie Douglas","NPA",4914,6.32
"Moncrieff","Victoria Chatterjee","ALP",19158,24.64
"Moncrieff","Maxwell Aleckson","Ind",549,0.71
"Moncrieff","Lesley Millar","ON",4458,5.73
"Moncrieff","Kari Derrick","AD",3439,4.42
"Moncrieff","Dean Hepburn","Grn",3014,3.88
"Moreton","Gary Hardgrave","Lib46",39148,48.74
"Moreton","Andrew Lamb","Ind",1385,1.72
"Moreton","Lenore Taylor","Grn",3677,4.58
"Moreton","Kathleen Brookes","ALP",29144,36.29
"Moreton","Tracy Comans","AD",4525,5.63
"Moreton","Barry Weedon","ON",2433,3.03
"Oxley","Thomas Armstrong","ON",8085,10.58
"Oxley","Kate Kunzelmann","AD",4282,5.6
"Oxley","John McKeon","Grn",2433,3.18
"Oxley","Kevin Parer","Lib46",23818,31.17
"Oxley","Bernie Ripoll","ALP",37797,49.46
"Petrie","Owen Griffiths","AD",4284,5.24
"Petrie","Kim Pantano","Grn",2254,2.76
"Petrie","Bill Black","ON",3463,4.23
"Petrie","Rosemary Hume","ALP",31044,37.96
"Petrie","Ron Eaton","Ind",1319,1.61
"Petrie","Teresa Gambaro","Lib46",39411,48.19
"Rankin","Craig Emerson","ALP",36875,49.45
"Rankin","Paul Wood","Lib46",27524,36.91
"Rankin","Mark Mackenzie","ON",4724,6.33
"Rankin","Daniel Lloyd","Grn",1875,2.51
"Rankin","Darryl Dobson","AD",3572,4.79
"Ryan","Stewart Gillies","NPA",5049,6.18
"Ryan","Michael Johnson","Lib46",38894,47.57
"Ryan","Jason Langenauer","AD",4742,5.8
"Ryan","Mike Stasse","Grn",4035,4.94
"Ryan","John Drew","ON",1339,1.64
"Ryan","Leonie Short","ALP",25603,31.32
"Ryan","Clive Brazier","HMP",1084,1.33
"Ryan","Stephen Allen-Ankins","Ind",1010,1.24
"Wide Bay","Graeme Wicks","Ind",3380,4.61
"Wide Bay","Maurice Hetherington","CEC",489,0.67
"Wide Bay","Warren Truss","NPA",33124,45.15
"Wide Bay","Jim Dwyer","ON",8176,11.15
"Wide Bay","Paul Jansen","Grn",1385,1.89
"Wide Bay","Tony Pitt","Ind",2650,3.61
"Wide Bay","Russ Tremlin","ALP",19733,26.9
"Wide Bay","Althea Smith","AD",1230,1.68
"Wide Bay","David Dalgleish","Ind",3192,4.35
"Brand","Kim Beazley","ALP",36917,51.71
"Brand","Steve Robbie","ON",4380,6.14
"Brand","Kate Davis","Grn",2486,3.48
"Brand","Brian McCarthy","CEC",164,0.23
"Brand","Terry Iredale","CTA",621,0.87
"Brand","Paul Hubbard","AD",1706,2.39
"Brand","Margaret Thomas","Lib46",17110,23.97
"Brand","Keith Woollard","LFF",8006,11.21
"Canning","John Macdonald","CEC",648,0.94
"Canning","Darren Brown","AD",2639,3.81
"Canning","Jane Gerick","ALP",26490,38.29
"Canning","Angelo Dacheff","ON",4976,7.19
"Canning","Don Randall","Lib46",28947,41.84
"Canning","Doug Kennedy","CTA",1779,2.57
"Canning","Keith Read","Grn",3711,5.36
"Cowan","Ron Holt","ON",4130,5.68
"Cowan","Sue Metcalf","NPA",410,0.56
"Cowan","Tracy Chaloner","AD",3111,4.28
"Cowan","Dave Fort","Grn",2951,4.06
"Cowan","Andre Shannon","Lib46",26250,36.12
"Cowan","Paul Salmon","CTA",1117,1.54
"Cowan","Graham Edwards","ALP",34703,47.75
"Curtin","Ashley Buckle","AD",4863,6.41
"Curtin","Neil Gilmour","ON",1840,2.42
"Curtin","Julie Bishop","Lib46",41863,55.16
"Curtin","Trish Fowler","ALP",17789,23.44
"Curtin","Steve Walker","Grn",7019,9.25
"Curtin","G Wood","LFF",1750,2.31
"Curtin","Karen McDonald","CTA",763,1.01
"Forrest","Alan Giorgi","ON",7510,10.05
"Forrest","Arthur Harvey","CEC",281,0.38
"Forrest","Charles Caldwell","NPA",1397,1.87
"Forrest","Geoff Prosser","Lib46",34392,46.03
"Forrest","Alison Wylie","AD",2477,3.31
"Forrest","Paul Llewellyn","Grn",5359,7.17
"Forrest","Megan Kirwan","CLA",433,0.58
"Forrest","Tresslyn Smith","ALP",22872,30.61
"Fremantle","Chris Reynolds","ON",4308,5.95
"Fremantle","Michelle Shave","CTA",1025,1.41
"Fremantle","Sarah Harris","Ind",588,0.81
"Fremantle","Louise Smyth","Lib46",22025,30.4
"Fremantle","Robert Delves","Grn",6565,9.06
"Fremantle","Rod Swift","AD",3878,5.35
"Fremantle","Carmen Lawrence","ALP",34054,47.01
"Hasluck","Ronnie McLean","CEC",804,1.14
"Hasluck","Sharryn Jackson","ALP",26890,38.23
"Hasluck","Michael Daniels","CLA",520,0.74
"Hasluck","Terry Ryan","CTA",1695,2.41
"Hasluck","Luke Edmonds","Grn",3986,5.67
"Hasluck","Peter Markham","AD",3455,4.91
"Hasluck","James Hopkinson","ON",4920,7
"Hasluck","Ros Hegarty","NPA",401,0.57
"Hasluck","Bethwyn Chan","Lib46",27660,39.33
"Kalgoorlie","Don Hoddy","AD",2383,3.52
"Kalgoorlie","Barry Haase","Lib46",28810,42.6
"Kalgoorlie","Paul Browning","ALP",23712,35.06
"Kalgoorlie","Robin Scott","ON",5818,8.6
"Kalgoorlie","Laurie Miller","Grn",2554,3.78
"Kalgoorlie","Ian Burt","CLA",447,0.66
"Kalgoorlie","Clark Butson","Ind",1947,2.88
"Kalgoorlie","Neville Smith","Ind",474,0.7
"Kalgoorlie","Callum Payne","CEC",111,0.16
"Kalgoorlie","Peter McCumstie","NPA",1379,2.04
"Moore","Geof Henderson","Ind",1640,2.41
"Moore","Clive Oliver","AD",3391,4.99
"Moore","Andrew Roy","Grn",3683,5.42
"Moore","John Evans","ON",3078,4.53
"Moore","Kim Young","ALP",22888,33.67
"Moore","Mal Washer","Lib46",33302,48.99
"O'Connor","Wilson Tuckey","Lib46",36867,49.48
"O'Connor","Alistair McNabb","CTA",1611,2.16
"O'Connor","Carole Pestana","AD",1502,2.02
"O'Connor","Stephan Gyorgy","Ind",509,0.68
"O'Connor","Vicki Brown","NPA",5480,7.35
"O'Connor","Sandy Davis","Grn",3525,4.73
"O'Connor","Terry Iturbide","CEC",338,0.45
"O'Connor","Ron McLean","ON",8774,11.77
"O'Connor","Donna Selby","LFF",1167,1.57
"O'Connor","Mark Pendlebury","ALP",14742,19.78
"Pearce","Chris Nelson","NPA",1985,2.82
"Pearce","Jack Fox","AD",3147,4.48
"Pearce","Vivian Hill","CTA",858,1.22
"Pearce","Judi Moylan","Lib46",31509,44.83
"Pearce","Liam Costello","ALP",21306,30.32
"Pearce","Ken Collins","ON",6105,8.69
"Pearce","Stuart Smith","CEC",299,0.43
"Pearce","Juanita Miller","Grn",5072,7.22
"Perth","Aaron Hewett","AD",5381,7.28
"Perth","Alison Xamon","Grn",5437,7.36
"Perth","Stephen Smith","ALP",35389,47.88
"Perth","Peter Gilberthorpe","ON",3244,4.39
"Perth","Rod Webb","Lib46",23894,32.33
"Perth","Philip Chilton","Ind",568,0.77
"Stirling","Pat Olver","AD",4572,5.93
"Stirling","Heather Aquilina","Grn",4608,5.98
"Stirling","Perry Jasper","LFF",1071,1.39
"Stirling","Bob Cronin","Lib46",30963,40.19
"Stirling","Keith McEncroe","CTA",1022,1.33
"Stirling","Jann McFarlane","ALP",31774,41.24
"Stirling","Keith Thorogood","ON",3041,3.95
"Swan","Simon Makin","CLA",1096,1.55
"Swan","Paul McCutcheon","AD",4043,5.71
"Swan","Bev Brennan","Lib46",27597,38.98
"Swan","Colleen Tapley","CTA",1130,1.6
"Swan","Sandra Vinciullo","ON",3292,4.65
"Swan","Kim Wilkie","ALP",29220,41.27
"Swan","Elena Jeffreys","Grn",4163,5.88
"Swan","Brian Smith","CEC",262,0.37
"Tangney","Sam Gowegati","ALP",24181,31.83
"Tangney","Gordon Graham","Ind",1231,1.62
"Tangney","Ben Stanwix","Grn",3820,5.03
"Tangney","Andrew Ingram","AD",4033,5.31
"Tangney","Aaron Lumsdaine","ON",2576,3.39
"Tangney","Daryl Williams","Lib46",37847,49.81
"Tangney","Michael Lucas","LFF",1122,1.48
"Tangney","Craig Watson","CTA",1171,1.54
"Adelaide","Lynne Osborn","Grn",4638,5.98
"Adelaide","Tim Stanley","ALP",28732,37.07
"Adelaide","Trish Worth","Lib46",34258,44.2
"Adelaide","Lee Peacock","ON",1630,2.1
"Adelaide","Sue Mann","AD",8255,10.65
"Barker","David Detchon","ALP",18968,23.74
"Barker","Matt Rigney","Grn",2629,3.29
"Barker","Liz Ballinger","Ind",2538,3.18
"Barker","Dona Wright","ON",5900,7.38
"Barker","Philip Cornish","Ind",1167,1.46
"Barker","Louise Miller","AD",5504,6.89
"Barker","Patrick Secker","Lib46",43201,54.06
"Bonython","Rita Hunt","NGST",3066,4.05
"Bonython","Lisa Blake","Grn",2102,2.78
"Bonython","Brenton Chomel","Lib46",21822,28.86
"Bonython","Mark Dennis","AD",7984,10.56
"Bonython","Martyn Evans","ALP",35813,47.36
"Bonython","John Mahoney","ON",4825,6.38
"Boothby","Jim Murphy","ALP",20976,25.61
"Boothby","Paul Starling","Ind",468,0.57
"Boothby","Jo Pride","AD",15951,19.47
"Boothby","William Manfield","Ind",154,0.19
"Boothby","Michelle Drummond","Grn",2516,3.07
"Boothby","Daniel Piechnick","ON",2151,2.63
"Boothby","Jack King","Ind",441,0.54
"Boothby","Andrew Southcott","Lib46",39258,47.93
"Grey","Con O'Neill","ALP",24345,31.45
"Grey","Gil Robertson","AD",3672,4.74
"Grey","Sylvia Holland","ON",5276,6.82
"Grey","Felicity Martin","Grn",1845,2.38
"Grey","Barry Wakelin","Lib46",42270,54.61
"Hindmarsh","Peter Fitzpatrick","ON",2458,3.22
"Hindmarsh","Steve Georganas","ALP",29187,38.26
"Hindmarsh","Christine Gallus","Lib46",35117,46.04
"Hindmarsh","Deb Cashel","Grn",2757,3.61
"Hindmarsh","Caroline Dowd","AD",6764,8.87
"Kingston","Dean Hersey","Lib46",30080,38.82
"Kingston","Gordon Arandelovic","NGST",1136,1.47
"Kingston","Charlie McCormack","ON",3634,4.69
"Kingston","Deborah Guildner","Grn",2437,3.14
"Kingston","Graham Pratt","AD",9076,11.71
"Kingston","David Cox","ALP",31127,40.17
"Makin","Rod Kowald","ON",3779,4.69
"Makin","Christine Posta","AD",8343,10.37
"Makin","Allon Reeves","Grn",1850,2.3
"Makin","Trish Draper","Lib46",36979,45.94
"Makin","Julie Woodman","ALP",29539,36.7
"Mayo","John McLaren","AD",11607,14.84
"Mayo","Bill Spragg","Ind",2307,2.95
"Mayo","Alexander Downer","Lib46",41259,52.76
"Mayo","Dave Clark","Grn",4084,5.22
"Mayo","Mike Thomas","ON",2366,3.03
"Mayo","Howie Coombe","Ind",310,0.4
"Mayo","Delia Brennan","ALP",16269,20.8
"Port Adelaide","Andrew Phillips","ON",3932,5.15
"Port Adelaide","Matilda Bawden","AD",7313,9.57
"Port Adelaide","Brian Noone","Grn",3210,4.2
"Port Adelaide","Rod Sawford","ALP",38783,50.77
"Port Adelaide","Michael Perth","Ind",672,0.88
"Port Adelaide","Josh Krieg","Lib46",22474,29.42
"Sturt","Brian Richards","ON",2451,3.15
"Sturt","Christopher Pyne","Lib46",39508,50.73
"Sturt","Neil Aitchison","Ind",1081,1.39
"Sturt","Lindsay Simmons","ALP",23143,29.72
"Sturt","Tim Farrow","AD",8438,10.83
"Sturt","Mark Cullen","Grn",3257,4.18
"Wakefield","Mark Rowbottom","ALP",19480,24.78
"Wakefield","Neil Andrew","Lib46",44215,56.24
"Wakefield","Marcus Reseigh","AD",5942,7.56
"Wakefield","David Dwyer","ON",6172,7.85
"Wakefield","Pam Kelly","Grn",2816,3.58
"Bass","Denis Collins","ON",1836,3.03
"Bass","Margy Dockray","LFF",966,1.59
"Bass","Kim Booth","Grn",3788,6.24
"Bass","Caroline Larner","CEC",159,0.26
"Bass","Tony Benneworth","Lib46",25156,41.45
"Bass","Michelle O'Byrne","ALP",25987,42.82
"Bass","Sancia Colgrave","AD",2178,3.59
"Bass","Ian Hardman","TFP",621,1.02
"Braddon","Sid Sidebottom","ALP",30572,48.4
"Braddon","Alan Pattison","Lib46",24743,39.17
"Braddon","Clare Thompson","Grn",3461,5.48
"Braddon","Craig Cooper","AD",1773,2.81
"Braddon","Steve Pickford","ON",2615,4.14
"Denison","Duncan Kerr","ALP",32404,51.38
"Denison","Penny Edwards","AD",4154,6.59
"Denison","Brenda Hampson","Grn",6592,10.45
"Denison","Tony Steven","Lib46",19923,31.59
"Franklin","Patricia Bastick","Grn",6098,9.73
"Franklin","Karen Manskey","AD",3050,4.86
"Franklin","Harry Quick","ALP",28746,45.85
"Franklin","Art Mulloy","ON",1255,2
"Franklin","Peter Hodgman","Lib46",23548,37.56
"Lyons","Neil Batchelor","ON",3141,5.38
"Lyons","Dick Adams","ALP",27596,47.26
"Lyons","Tim Morris","Grn",4113,7.04
"Lyons","Geoff Page","Lib46",20913,35.81
"Lyons","Sonia Anderson","AD",2630,4.5
"Canberra","Barry Cox","ON",3179,3.17
"Canberra","Belinda Barnier","Lib46",34148,34.04
"Canberra","Annette Ellis","ALP",46632,46.48
"Canberra","John Miller","CTA",2003,2
"Canberra","Stephanie Koorey","Grn",6268,6.25
"Canberra","Aaron Matthews","AD",8098,8.07
"Fraser","Martin Dunn","Lib46",31503,30.78
"Fraser","Ben O'Callaghan","Grn",8067,7.88
"Fraser","Paul Kemp","ON",2397,2.34
"Fraser","Bob McMullan","ALP",48583,47.47
"Fraser","Fleur Wimborne","AD",8168,7.98
"Fraser","James Vassilopoulos","Ind",1369,1.34
"Fraser","Caroline O'Sullivan","CTA",2251,2.2
"Lingiari","Ron Kelly","CLP",17133,39.18
"Lingiari","Linda Chellew","AD",2213,5.06
"Lingiari","Wayne Norris","ON",1817,4.15
"Lingiari","Warren Snowdon","ALP",20916,47.83
"Lingiari","Rob Hoad","Grn",1226,2.8
"Lingiari","Wayne Wright","Ind",428,0.98
"Solomon","David Pollock","Grn",2439,5.14
"Solomon","Laurene Hull","ALP",18195,38.36
"Solomon","David Tollner","CLP",19828,41.81
"Solomon","Ted Dunstan","AD",2582,5.44
"Solomon","Mervyn Stewart","ON",1669,3.52
"Solomon","Maurie Ryan-Japarta","Ind",337,0.71
"Solomon","Maisie Austin","Ind",2378,5.01
