"Seat","Candidate","Party","Votes","Vote_perc"
"Banks","Pat Clancy","CPA",3356,8.01
"Banks","Dominic Costa","ALP",23431,55.95
"Banks","Harold Stalker","Lib46",15088,36.03
"Barton","William Arthur","Lib46",19903,46.88
"Barton","H. V. Evatt","ALP",20896,49.22
"Barton","Eric Trembath","Ind",1655,3.9
"Bennelong","Harold Coates","ALP",16607,39.32
"Bennelong","John Cramer","Lib46",25628,60.68
"Blaxland","Reginald Allsop","Lib46",15371,37.54
"Blaxland","Jim Harrison","ALP",25577,62.46
"Calare","John Howse","Lib46",23956,61.2
"Calare","Lionel Wood","ALP",15189,38.8
"Cunningham","Billy Davies","ALP",25180,62.2
"Cunningham","William Harkness","CPA",1931,4.77
"Cunningham","John Parkinson","Lib46",13370,33.03
"Dalley","William O'Connor","ALP",28913,71.88
"Dalley","Ernie Thornton","CPA",2377,5.91
"Dalley","Stanley Tyler","Lib46",8933,22.21
"Darling","Joe Clark","ALP",23428,67.5
"Darling","Ewen Martin","CP",11282,32.5
"East Sydney","Bill Brown","CPA",3251,8.32
"East Sydney","Joseph Landor","Lib46",10953,28.04
"East Sydney","Eddie Ward","ALP",24859,63.64
"Eden-Monaro","Royce Beavis","Ind",2113,5.32
"Eden-Monaro","Mark Flanagan","Lib46",16609,41.81
"Eden-Monaro","Allan Fraser","ALP",21007,52.88
"Evans","Frederick Osborne","Lib46",25236,60.93
"Evans","Sidney Pollard","ALP",16179,39.07
"Farrer","David Fairbairn","Lib46",25805,65.89
"Farrer","Robert Garland","ALP",13361,34.11
"Grayndler","Hal Alexander","CPA",3218,8
"Grayndler","Ian Chisholm","Lib46",12258,30.48
"Grayndler","Fred Daly","ALP",24151,60.06
"Grayndler","Timothy McCristal","Ind",586,1.46
"Gwydir","Ian Allan","CP",22271,57.95
"Gwydir","Austin Heffernan","ALP",16162,42.05
"Hughes","Keith Bates","Lib46",19840,46.72
"Hughes","Les Johnson","ALP",20549,48.38
"Hughes","Robert Mackie","Ind",880,2.07
"Hughes","Alf Watt","CPA",1201,2.83
"Hume","Charles Anderson","CP",20494,52.18
"Hume","Arthur Fuller","ALP",18779,47.82
"Hunter","Edward Farrell","Lib46",8604,21.34
"Hunter","Rowley James","ALP",28566,70.83
"Hunter","Evan Phillips","CPA",3158,7.83
"Kingsford-Smith","Dan Curtin","ALP",21647,52.74
"Kingsford-Smith","John McGirr","Lib46",17546,42.75
"Kingsford-Smith","Hubert O'Connell","Ind",1850,4.51
"Lang","Wallace Peacock","Lib46",16550,39.66
"Lang","Frank Stewart","ALP",25175,60.34
"Lawson","Laurie Failes","CP",22030,56.67
"Lawson","Jack Williamson","ALP",16845,43.33
"Lowe","Edward Davies","ALP",16508,39.69
"Lowe","William McMahon","Lib46",25080,60.31
"Lyne","Jack Collins","ALP",14198,36.19
"Lyne","Joe Cordner","Ind",1555,3.96
"Lyne","Philip Lucock","CP",23477,59.84
"Macarthur","Claude Allen","ALP",16756,42.01
"Macarthur","Jeff Bate","Lib46",23127,57.99
"Mackellar","Frank Hardy","CPA",3087,7.5
"Mackellar","Norman McAlpine","ALP",12525,30.43
"Mackellar","William Wentworth","Lib46",25553,62.07
"Macquarie","Norman Leven","Lib46",16662,41.45
"Macquarie","Tony Luchetti","ALP",22461,55.88
"Macquarie","Vernon Moffitt","CPA",1075,2.67
"Mitchell","Doug Bowd","ALP",16239,40.28
"Mitchell","Roy Wheeler","Lib46",24077,59.72
"New England","Frederick Cowley","ALP",15511,39.59
"New England","David Drummond","CP",23666,60.41
"Newcastle","Eric Cupit","Lib46",15017,37.34
"Newcastle","Sidney Monroe","Ind",522,1.3
"Newcastle","Doug Olive","CPA",879,2.19
"Newcastle","David Watkins","ALP",23801,59.18
"North Sydney","William Jack","Lib46",25359,62.34
"North Sydney","Joseph McNally","ALP",15322,37.66
"Parkes","Les Haylen","ALP",20895,50.73
"Parkes","John Spicer","Lib46",20295,49.27
"Parramatta","Howard Beale","Lib46",25854,62.32
"Parramatta","John Heazlewood","ALP",15631,37.68
"Paterson","Allen Fairhall","Lib46",23623,60.23
"Paterson","William Harvey","ALP",15601,39.77
"Phillip","William Aston","Lib46",21142,51.11
"Phillip","Joe Fitzgerald","ALP",20225,48.89
"Reid","Jack Hughes","CPA",3270,7.92
"Reid","Charles Morgan","ALP",25959,62.89
"Reid","Charles Tubman","Ind",2327,5.64
"Reid","George Walker","Lib46",9721,23.55
"Riverina","Hugh Roberton","CP",22347,59.32
"Riverina","Oscar Washington","ALP",15324,40.68
"Robertson","Roger Dean","Lib46",22660,57.74
"Robertson","Frank Spencer","ALP",16586,42.26
"St George","Bill Graham","Lib46",22171,52.4
"St George","Nelson Lemmon","ALP",20142,47.6
"Shortland","Gordon Greig","Lib46",15179,36.8
"Shortland","Charles Griffiths","ALP",26066,63.2
"Watson","Jim Cope","ALP",30129,74.45
"Watson","Harry Hatfield","CPA",2025,5
"Watson","Jill Huxtable","Lib46",8316,20.55
"Wentworth","Sir Eric Harrison","Lib46",28009,71.99
"Wentworth","Hal Lashwood","Ind",10896,28.01
"Werriwa","John Shannon","Lib46",16921,43.58
"Werriwa","Gough Whitlam","ALP",21903,56.42
"West Sydney","Dan Minogue","ALP",28309,73.68
"West Sydney","Lance Sharkey","CPA",2364,6.15
"West Sydney","Frank Weaver","Lib46",7751,20.17
"Balaclava","Percy Joske","Lib46",26087,64.12
"Balaclava","Rex Keane","ALPAC",4816,11.84
"Balaclava","George Smith","ALP",9780,24.04
"Ballaarat","Austin Dowling","ALP",15686,38.07
"Ballaarat","Dudley Erwin","Lib46",15763,38.25
"Ballaarat","Bob Joshua","ALPAC",9757,23.68
"Batman","Alan Bird","ALP",21295,49.73
"Batman","Fred Capp","Lib46",14972,34.96
"Batman","Tom Walsh","ALPAC",6553,15.3
"Bendigo","Jim Brosnan","ALPAC",5502,13.37
"Bendigo","Percy Clarey","ALP",19006,46.19
"Bendigo","Bill Day","Lib46",16637,40.44
"Bruce","Keith Ewert","ALP",18335,41.36
"Bruce","Reginald Kearney","ALPAC",4873,10.99
"Bruce","Billy Snedden","Lib46",21127,47.65
"Chisholm","Wilfrid Kent Hughes","Lib46",26394,65.15
"Chisholm","Leonora Lloyd","ALPAC",4006,9.89
"Chisholm","John Stewart","ALP",10114,24.96
"Corangamite","Dan Mackinnon","Lib46",24349,60.84
"Corangamite","Edwin Morris","ALP",10463,26.14
"Corangamite","Leo O'Brien","ALPAC",5210,13.02
"Corio","Charles Loader","ALP",16632,41.05
"Corio","Hubert Opperman","Lib46",19959,49.26
"Corio","Francis Singleton","ALPAC",3929,9.7
"Darebin","Tom Andrews","ALPAC",10660,25.1
"Darebin","Robert Holt","ALP",20323,47.86
"Darebin","Charles White","Lib46",11481,27.04
"Deakin","Terence Collins","ALPAC",5512,13.58
"Deakin","Frank Davis","Lib46",21641,53.34
"Deakin","Norm Griffiths","ALP",13422,33.08
"Fawkner","Bill Bourke","ALPAC",10450,27.34
"Fawkner","Peter Howson","Lib46",17645,46.16
"Fawkner","Patrick Thompson","ALP",10132,26.5
"Flinders","Jack Austin","ALPAC",6015,14.84
"Flinders","Francis Cranston","ALP",13001,32.08
"Flinders","Robert Lindsay","Lib46",21515,53.08
"Gellibrand","John Bown","Lib46",8741,22.08
"Gellibrand","James Eudey","ALPAC",5733,14.48
"Gellibrand","Frank Johnson","CPA",788,1.99
"Gellibrand","Hector McIvor","ALP",24324,61.45
"Gippsland","Frank Burns","ALPAC",4951,12.71
"Gippsland","George Bowden","CP",24382,62.58
"Gippsland","Clement Little","ALP",9631,24.72
"Henty","Max Fox","Lib46",22377,54.19
"Henty","Henry Moore","ALPAC",4966,12.03
"Henty","Percy Treyvaud","ALP",13953,33.79
"Higgins","John Fitzgerald","ALPAC",5331,13.48
"Higgins","Harold Holt","Lib46",25476,64.4
"Higgins","Andrew Hughes","ALP",8752,22.12
"Higinbotham","Les Coates","ALP",16419,39.24
"Higinbotham","Frank Gaffy","ALPAC",4176,9.98
"Higinbotham","Frank Timson","Lib46",21251,50.78
"Indi","William Bostock","Lib46",23567,59.57
"Indi","William Findlay","ALPAC",6179,15.62
"Indi","Carl Reeves","ALP",9815,24.81
"Isaacs","William Haworth","Lib46",20670,54.5
"Isaacs","John Hughes","ALPAC",4610,12.16
"Isaacs","Barry Jones","ALP",12644,33.34
"Kooyong","Dolph Eddy","ALP",9350,21.95
"Kooyong","Kevin Gregson","ALPAC",4371,10.26
"Kooyong","Robert Menzies","Lib46",28363,66.59
"Kooyong","Gerry O'Day","CPA",507,1.19
"La Trobe","Richard Casey","Lib46",24442,57.58
"La Trobe","George Noone","ALPAC",3830,9.02
"La Trobe","Bill Webber","ALP",14177,33.4
"Lalor","Peter Kemp","Lib46",15953,37.24
"Lalor","William Lloyd","ALPAC",5845,13.65
"Lalor","Reg Pollard","ALP",21036,49.11
"McMillan","Alexander Buchanan","Lib46",20197,52.03
"McMillan","Desmond Devlin","ALPAC",5193,13.38
"McMillan","Horace Hawkins","ALP",13430,34.6
"Mallee","Edwin Leyden","ALPAC",4837,13.05
"Mallee","William Nicholas","ALP",7933,21.4
"Mallee","Winton Turnbull","CP",24303,65.55
"Maribyrnong","Arthur Drakeford","ALP",19014,47.15
"Maribyrnong","David Purcell","ALPAC",6217,15.42
"Maribyrnong","Philip Stokes","Lib46",15099,37.44
"Melbourne","Arthur Calwell","ALP",21767,57.35
"Melbourne","James Moloney","Lib46",8060,21.24
"Melbourne","Jack Mullens","ALPAC",8126,21.41
"Melbourne Ports","Stan Corrigan","ALPAC",9662,25.23
"Melbourne Ports","Frank Crean","ALP",19917,52
"Melbourne Ports","Alex Dobbin","CPA",1193,3.11
"Melbourne Ports","Harold Sher","Lib46",7531,19.66
"Murray","James Cameron","ALP",10269,25.77
"Murray","John McEwen","CP",24192,60.72
"Murray","Michael Reilly","ALPAC",5383,13.51
"Scullin","Jack Cremean","ALPAC",11643,30.65
"Scullin","Phillip Lynch","Lib46",7450,19.61
"Scullin","Ted Peters","ALP",18896,49.74
"Wannon","Terence Callander","ALPAC",6322,15.51
"Wannon","Roy Cundy","ALP",14522,35.63
"Wannon","Malcolm Fraser","Lib46",19911,48.86
"Wills","Gordon Bryant","ALP",19363,47.28
"Wills","Bill Bryson","ALPAC",10115,24.7
"Wills","Alfred Wall","Lib46",11478,28.03
"Wimmera","Bernard Flanagan","ALPAC",4413,11.32
"Wimmera","Winston Lamb","ALP",11745,30.12
"Wimmera","William Lawrence","Lib46",22833,58.56
"Yarra","Jim Cairns","ALP",18363,47.5
"Yarra","Stan Keon","ALPAC",10492,27.14
"Yarra","Ken Miller","CPA",792,2.05
"Yarra","James Wilkie","Lib46",9016,23.32
"Bowman","Hector Chalmers","ALP",18646,45.32
"Bowman","Malcolm McColm","Lib46",22500,54.68
"Brisbane","Kevin Cairns","Lib46",18001,44.02
"Brisbane","Claude Jones","CPA",1269,3.1
"Brisbane","George Lawson","ALP",21619,52.87
"Capricornia","Eric Browne","CPA",1026,2.82
"Capricornia","Colin Maxwell","ALP",15804,43.36
"Capricornia","Henry Pearce","Lib46",19617,53.82
"Dawson","Stanley Dalton","ALP",13541,38.84
"Dawson","Charles Davidson","CP",21324,61.16
"Griffith","Doug Berry","Lib46",19896,48.73
"Griffith","Wilfred Coutts","ALP",20936,51.27
"Herbert","Frank Bishop","CPA",2416,6.51
"Herbert","Bill Edmonds","ALP",18825,50.71
"Herbert","Arnold White","CP",15885,42.79
"Kennedy","Timothy Donnelly","CP",12457,41.77
"Kennedy","Bill Riordan","ALP",17366,58.23
"Leichhardt","Harry Bruce","ALP",18512,49.88
"Leichhardt","Frank Falls","CPA",759,2.04
"Leichhardt","Tom Gilmore","CP",17844,48.08
"Lilley","Jack Melloy","ALP",16742,41.93
"Lilley","Bruce Wight","Lib46",23186,58.07
"McPherson","David Clarke","ALP",11942,29.29
"McPherson","Sir Arthur Fadden","CP",24269,59.53
"McPherson","Thomas Green","Ind CP",4555,11.17
"Maranoa","Paul Bauers","Ind",4035,11.71
"Maranoa","Wilfred Brimblecombe","CP",15363,44.58
"Maranoa","Charles Russell","Ind",15066,43.72
"Moreton","Allen Edwards","ALP",18788,46.49
"Moreton","Max Julius","CPA",713,1.76
"Moreton","James Killen","Lib46",20908,51.74
"Oxley","Donald Cameron","Lib46",23472,59.16
"Oxley","James Dwyer","Ind",1070,2.7
"Oxley","Norman Thomas","ALP",14468,36.46
"Oxley","Mervyn Welsby","CPA",668,1.68
"Petrie","Noel Curran","ALP",17740,43.2
"Petrie","Alan Hulme","Lib46",23328,56.8
"Ryan","Norman Buchan","ALP",16341,39.24
"Ryan","Nigel Drury","Lib46",25306,60.76
"Wide Bay","William Brand","CP",21859,55.22
"Wide Bay","Matthew Tallon","ALP",17724,44.78
"Adelaide","Olaf Alland","ALPAC",4395,11.83
"Adelaide","Cyril Chambers","ALP",18801,50.61
"Adelaide","James Maitland","Lib46",13430,36.15
"Adelaide","Jim Moss","CPA",526,1.42
"Angas","Alec Downer","Lib46",26823,69.97
"Angas","Darcy Nielsen","ALP",9871,25.75
"Angas","Frank Rieck","Ind",1643,4.29
"Barker","Archie Cameron","Lib46",25993,67.71
"Barker","Ralph Dettman","ALP",12398,32.29
"Bonython","Norman Makin","ALP",24350,69.43
"Bonython","John Mathwin","Lib46",10723,30.57
"Boothby","John McLeay","Lib46",22538,56.17
"Boothby","Rex Mathews","ALP",14291,35.61
"Boothby","John Sutherland","ALPAC",3298,8.22
"Grey","George Bockelberg","Lib46",16646,43.26
"Grey","Edgar Russell","ALP",21836,56.74
"Hindmarsh","Clyde Cameron","ALP",23828,60.25
"Hindmarsh","Francis Moran","ALPAC",3532,8.93
"Hindmarsh","Frank Potter","Lib46",12189,30.82
"Kingston","Jim Forbes","Lib46",20129,48.44
"Kingston","Pat Galvin","ALP",21429,51.56
"Port Adelaide","Peter Symon","CPA",5918,15.28
"Port Adelaide","Albert Thompson","ALP",32813,84.72
"Sturt","Frederick Hansford","ALP",16022,39.73
"Sturt","Keith Wilson","Lib46",24306,60.27
"Wakefield","Robert Bruce","ALP",12671,32.45
"Wakefield","Hector Henstridge","Ind",2095,5.37
"Wakefield","Sir Philip McBride","Lib46",24283,62.19
"Fremantle","Kim Beazley","ALP",22011,57.06
"Fremantle","Vernon Hubbard","Lib46",15336,39.75
"Fremantle","Paddy Troy","CPA",1231,3.19
"Kalgoorlie","Harold Illingworth","Ind",10844,38.9
"Kalgoorlie","Herbert Johnson","ALP",17033,61.1
"Perth","Tom Burke","ALP",16536,48.48
"Perth","Fred Chaney","Lib46",17575,51.52
"Stirling","Frederick Payne","Lib46",17206,47.19
"Stirling","Harry Webb","ALP",19257,52.81
"Swan","Richard Cleaver","Lib46",22268,57.72
"Swan","Thomas Williams","ALP",16314,42.28
"Bass","Lance Barnard","ALP",18197,55.49
"Bass","Leslie Duke","ALPAC",2589,7.89
"Bass","Frederick White","Lib46",12009,36.62
"Braddon","Aubrey Luck","Lib46",18590,58.87
"Braddon","Reg Murray","ALP",12990,41.13
"Denison","Max Bound","CPA",2003,5.74
"Denison","Brian Miller","ALP",12828,36.77
"Denison","Athol Townley","Lib46",20058,57.49
"Franklin","Brian Crawford","ALP",11652,40.35
"Franklin","Bill Falkinder","Lib46",15471,53.57
"Franklin","Henry Roberts","ALPAC",1757,6.08
"Wilmot","Robert Bethell","Lib46",12546,39.22
"Wilmot","Owen Doherty","ALPAC",1834,5.73
"Wilmot","Gil Duthie","ALP",17606,55.04
"Australian Capital Territory","Jim Fraser","ALP",9588,64.56
"Australian Capital Territory","Robert Greenish","Lib46",5263,35.44
