"Seat","Candidate","Party","Votes","Vote_perc"
"Banks","Denise Arrow","Ind",1939,3.27
"Banks","Maxwell Gibson","Lib46",26035,43.92
"Banks","Vince Martin","ALP",30617,51.66
"Banks","Ralph Skelton","WP",681,1.15
"Barton","Jim Bradfield","Lib46",34209,53.48
"Barton","Murray Gainsford","ALP",28179,44.06
"Barton","Maxwell Shean","WP",868,1.36
"Barton","Clifford Willard","AP",706,1.1
"Bennelong","John Anlezark","Ind",1195,1.81
"Bennelong","John Howard","Lib46",39867,60.49
"Bennelong","Brian Johnson","AP",1527,2.32
"Bennelong","Noel Welsman","ALP",23319,35.38
"Berowra","Harry Edwards","Lib46",45355,68.42
"Berowra","Robert Howard","WP",2406,3.63
"Berowra","Michael Ross","ALP",18530,27.95
"Blaxland","Paul Keating","ALP",36338,59.81
"Blaxland","Robert Symes","WP",1463,2.41
"Blaxland","Joseph Touma","Lib46",22957,37.78
"Bradfield","Christopher Brown","WP",2662,3.9
"Bradfield","John Carmody","ALP",12374,18.15
"Bradfield","David Connolly","Lib46",53135,77.94
"Calare","James Ashton","Lib46",14309,27.91
"Calare","Francis Hall","ALP",18845,36.76
"Calare","Sandy Mackenzie","NCP75",18106,35.32
"Chifley","John Armitage","ALP",48767,61.75
"Chifley","Shirley Sookee","Lib46",30206,38.25
"Cook","Marc Aussie-Stone","Ind",376,0.61
"Cook","Don Dobie","Lib46",34334,56
"Cook","Marjorie Gray","AP",714,1.16
"Cook","Philip O'Neill","Ind",105,0.17
"Cook","Robert Schollbach","WP",924,1.51
"Cook","Ray Thorburn","ALP",24857,40.54
"Cowper","Colin Clague","ALP",18893,33.69
"Cowper","John Holcombe","Ind",574,1.02
"Cowper","John McLachlan","Ind",1662,2.96
"Cowper","Ian Robinson","NCP75",34948,62.32
"Cunningham","Rex Connor","ALP",42350,61.72
"Cunningham","Bernard Groben","Ind",611,0.89
"Cunningham","Peter Robertson","WP",681,0.99
"Cunningham","Peter Swan","Lib46",24972,36.39
"Darling","John FitzPatrick","ALP",25579,56.77
"Darling","Walter Miller","Ind",603,1.34
"Darling","Walter Mitchell","NCP75",18874,41.89
"Eden-Monaro","Frederick Dawson","Ind",993,1.62
"Eden-Monaro","John Moore","NCP75",12008,19.58
"Eden-Monaro","Murray Sainsbury","Lib46",21661,35.32
"Eden-Monaro","Bob Whan","ALP",26669,43.48
"Evans","John Abel","Lib46",29762,51.06
"Evans","Frederick Keoghan","Ind",254,0.44
"Evans","Allan Mulder","ALP",27357,46.94
"Evans","Graham Roll","AP",489,0.84
"Evans","Warren Wilson","Ind",421,0.72
"Farrer","Kevin Bowtell","NCP75",10403,17.48
"Farrer","Patrick Brassil","ALP",18100,30.41
"Farrer","Michael Donelan","AP",413,0.69
"Farrer","Wal Fife","Lib46",29570,49.68
"Farrer","Anthony Quinn","DLP",519,0.87
"Farrer","Arthur Robinson","WP",514,0.86
"Grayndler","Peter Dowd","Ind",1713,3.4
"Grayndler","Jonathan Fowler","Lib46",13790,27.37
"Grayndler","Graeme Shortland","Ind",865,1.72
"Grayndler","Douglas Spedding","Ind",1596,3.17
"Grayndler","Tony Whitlam","ALP",32416,64.34
"Gwydir","Francis Bourke","ALP",18686,36.46
"Gwydir","Norbert Hennessy","Ind",449,0.88
"Gwydir","Ralph Hunt","NCP75",31779,62.01
"Gwydir","William O'Donnell","Ind",331,0.65
"Hughes","Les Johnson","ALP",37000,59.33
"Hughes","Robert Law","Lib46",25362,40.67
"Hume","George Brenner","ALP",20925,42.99
"Hume","Stephen Lusher","NCP75",27746,57.01
"Hunter","Bert James","ALP",43590,68.44
"Hunter","Stephen Walker","Lib46",20100,31.56
"Kingsford-Smith","Lionel Bowen","ALP",35381,59.13
"Kingsford-Smith","Nicholas Confos","Ind",1499,2.51
"Kingsford-Smith","Desmond Connors","Lib46",22955,38.36
"Lang","Marc Aussie-Stone","Ind",960,1.66
"Lang","Donald Carruthers","Lib46",22793,39.31
"Lang","Douglas Morgan","Ind",1402,2.42
"Lang","Frank Stewart","ALP",31960,55.12
"Lang","John Stewart","Ind",871,1.5
"Lowe","Clifford Bros","AP",1039,1.81
"Lowe","Ben Doig","Ind",362,0.63
"Lowe","Robert Hyde","ALP",22299,38.85
"Lowe","Andris Kichno","WP",626,1.09
"Lowe","William McMahon","Lib46",32908,57.33
"Lowe","Bent Poulsen","Ind",168,0.29
"Lyne","Bruce Langford","ALP",18377,30.99
"Lyne","Philip Lucock","NCP75",35554,59.96
"Lyne","Peter Simpson","Ind",5362,9.04
"Macarthur","Ramon Barros","WP",2213,2.74
"Macarthur","Michael Baume","Lib46",41341,51.27
"Macarthur","Susan Healy","AP",557,0.69
"Macarthur","John Kerin","ALP",36247,44.95
"Macarthur","Barry Watkinson","Ind",280,0.35
"Mackellar","Barry Bracken","WP",3576,5.05
"Mackellar","Kevin Mason","ALP",22330,31.52
"Mackellar","Jennifer Sheehan","Ind",1408,1.99
"Mackellar","William Wentworth","Lib46",43536,61.45
"Macquarie","Murray Busch","WP",1392,1.85
"Macquarie","Ross Free","ALP",35131,46.69
"Macquarie","Reg Gillard","Lib46",37739,50.16
"Macquarie","Norman Lee","Ind",524,0.7
"Macquarie","Ian Perry","Ind",451,0.6
"Mitchell","Alan Cadman","Lib46",50875,62.03
"Mitchell","Ivor F","Ind",225,0.27
"Mitchell","Dimitar Mikusalev","Ind",246,0.3
"Mitchell","Alexander Munro","AP",705,0.86
"Mitchell","David Savage","ALP",28970,35.32
"Mitchell","Duncan Yuille","WP",999,1.22
"New England","Geoffrey Anderson","Ind",2395,4.04
"New England","John Shanahan","ALP",19980,33.67
"New England","Ian Sinclair","NCP75",36971,62.3
"Newcastle","Charles Jones","ALP",34170,61.86
"Newcastle","David Ross","CPA",1027,1.86
"Newcastle","Arthur Thomas","Lib46",20045,36.29
"North Sydney","Bill Graham","Lib46",35009,63.78
"North Sydney","Patrick Healy","ALP",17959,32.72
"North Sydney","Romualds Kemps","Ind",362,0.66
"North Sydney","Peter Sawyer","WP",1564,2.85
"Parramatta","John Brown","ALP",29055,40.4
"Parramatta","Malcolm McKinnon","WP",1307,1.82
"Parramatta","Astrid O'Neill","AP",801,1.11
"Parramatta","Philip Ruddock","Lib46",40761,56.67
"Paterson","Marc Aussie-Stone","Ind",505,0.91
"Paterson","Barnard Hassett","Ind",861,1.54
"Paterson","Frank O'Keefe","NCP75",30985,55.58
"Paterson","Noel Unicomb","ALP",23397,41.97
"Phillip","Jack Birney","Lib46",31869,50.63
"Phillip","Michael Clarke","WP",882,1.4
"Phillip","Marie Morris","AP",675,1.07
"Phillip","Joe Riordan","ALP",29525,46.9
"Prospect","Dick Klugman","ALP",38487,57.05
"Prospect","Donald MacDonald","Lib46",27695,41.05
"Prospect","Geoffrey Thomas","AP",1284,1.9
"Reid","Kevin McKenna","WP",2742,4.86
"Reid","Terence Shanahan","Lib46",20414,36.22
"Reid","Tom Uren","ALP",33208,58.92
"Richmond","Ethel Adams","Ind",1188,2.01
"Richmond","Doug Anthony","NCP75",37899,64.14
"Richmond","Archibald Johnston","ALP",18766,31.76
"Richmond","Bernard Walrut","AP",1233,2.09
"Riverina","John Pollard","ALP",19053,38.18
"Riverina","John Sullivan","NCP75",30851,61.82
"Robertson","Hugh Chalmers","Lib46",39331,47.64
"Robertson","Barry Cohen","ALP",41201,49.9
"Robertson","Raymond Louis","WP",868,1.05
"Robertson","Phillip Smith","Ind",1166,1.41
"St George","Keith Gleeson","WP",1338,2.31
"St George","Bill Morrison","ALP",28203,48.7
"St George","Maurice Neil","Lib46",28371,48.99
"Shortland","Richard Bevan","Lib46",24215,40.31
"Shortland","Lionel Lambkin","Ind",800,1.33
"Shortland","Peter Morris","ALP",34182,56.9
"Shortland","Barbara Timmins","Ind",872,1.45
"Sydney","Laurie Aarons","CPA",2667,5.6
"Sydney","Merilyn Giesekam","WP",644,1.35
"Sydney","Roderick MacNeil","Ind",537,1.13
"Sydney","Leslie McMahon","ALP",31493,66.15
"Sydney","Janis Wallace","Lib46",12268,25.77
"Warringah","Allan Hughes","ALP",17990,30.29
"Warringah","Michael MacKellar","Lib46",40662,68.46
"Warringah","Eric Riches","Ind",746,1.26
"Wentworth","John Curvers","WP",2058,3.91
"Wentworth","Robert Ellicott","Lib46",34537,65.65
"Wentworth","Mairi Petersen","ALP",15224,28.94
"Wentworth","Joseph Zingarelli","AP",788,1.5
"Werriwa","Marc Aussie-Stone","Ind",1178,1.58
"Werriwa","Frederick Keep","Ind",270,0.36
"Werriwa","Ross May","Ind",263,0.35
"Werriwa","William Sadler","Lib46",27724,37.14
"Werriwa","Maurice Sharp","Ind",271,0.36
"Werriwa","Ronald Watson","WP",578,0.77
"Werriwa","Gough Whitlam","ALP",44356,59.43
"Balaclava","John Howe","AP",2375,4.29
"Balaclava","Peter Lawlor","DLP",2214,4
"Balaclava","Ian Macphee","Lib46",32581,58.84
"Balaclava","Martin Ryan","ALP",18203,32.87
"Ballaarat","Bryan Hanrahan","DLP",4219,7.22
"Ballaarat","Glendon Ludbrook","Ind",1625,2.78
"Ballaarat","Jim Short","Lib46",29708,50.87
"Ballaarat","David Williams","ALP",22844,39.12
"Batman","Eileen Doyle","DLP",4189,7.37
"Batman","Michael Galli","Lib46",22077,38.84
"Batman","Horrie Garrick","ALP",30570,53.79
"Bendigo","Stewart Anderson","ALP",25160,42.47
"Bendigo","John Bourchier","Lib46",28594,48.27
"Bendigo","Paul Brennan","DLP",2663,4.5
"Bendigo","Leslie Irlam","Ind",263,0.44
"Bendigo","Henry O'Halloran","NCP75",2563,4.33
"Bruce","Graeme Bond","ALP",28577,36.89
"Bruce","John Lloyd","DLP",2347,3.03
"Bruce","Diana Martin","Ind",469,0.61
"Bruce","Iris Pederick","AP",1748,2.26
"Bruce","Billy Snedden","Lib46",44314,57.21
"Burke","Michael Dupla","Ind",2949,3.51
"Burke","Keith Johnson","ALP",45634,54.24
"Burke","Claus Salger","Lib46",31103,36.97
"Burke","Colin Walsh","DLP",4442,5.28
"Casey","Marc Aussie-Stone","Ind",923,1.23
"Casey","Murray Deerbon","AP",1340,1.79
"Casey","Peter Falconer","Lib46",39597,52.97
"Casey","Race Mathews","ALP",30611,40.95
"Casey","John McKenna","DLP",2289,3.06
"Chisholm","Richard Campbell","ALP",19712,35.7
"Chisholm","Richard Franklin","AP",1236,2.24
"Chisholm","Tony Staley","Lib46",31477,57.01
"Chisholm","Joseph Stanley","DLP",2787,5.05
"Corangamite","Shirley Ambrose","ALP",17433,29.6
"Corangamite","Brian Costin","Ind",305,0.52
"Corangamite","Francis O'Brien","DLP",2360,4.01
"Corangamite","Ian Slater","AP",538,0.91
"Corangamite","Tony Street","Lib46",38253,64.96
"Corio","Gordon Hall","Lib46",28907,46.16
"Corio","Guenter Sahr","AP",604,0.96
"Corio","Gordon Scholes","ALP",30688,49
"Corio","John Timberlake","DLP",2425,3.87
"Deakin","Jim Brosnan","DLP",2626,4.22
"Deakin","William Inglis","AP",1196,1.92
"Deakin","Alan Jarman","Lib46",33935,54.48
"Deakin","Gavan Oakley","ALP",23607,37.9
"Deakin","Walter Williams","Ind",928,1.49
"Diamond Valley","Marc Aussie-Steone","Ind",778,0.89
"Diamond Valley","Neil Brown","Lib46",47975,55.02
"Diamond Valley","Christopher Curtis","DLP",2691,3.09
"Diamond Valley","John Duncan","Ind",198,0.23
"Diamond Valley","John Franceschini","AP",1308,1.5
"Diamond Valley","David McKenzie","ALP",34252,39.28
"Flinders","Peter Dalton","AP",1851,2.31
"Flinders","Geoffrey Eastwood","ALP",30251,37.68
"Flinders","John Glynn","DLP",1654,2.06
"Flinders","Stanley Hillman","Ind",375,0.47
"Flinders","Phillip Lynch","Lib46",46155,57.49
"Gellibrand","Albert Bailey","DLP",4769,8.96
"Gellibrand","Iris Williams","Lib46",15779,29.65
"Gellibrand","Ralph Willis","ALP",32669,61.39
"Gippsland","Robert McMahon","DLP",3849,6.76
"Gippsland","Peter Nixon","NCP75",36806,64.65
"Gippsland","Peter Turner","ALP",16274,28.59
"Henty","Ken Aldred","Lib46",29621,51.52
"Henty","Marc Aussie-Stone","Ind",190,0.33
"Henty","Joan Child","ALP",25158,43.76
"Henty","Terence Farrell","DLP",1989,3.46
"Henty","Michael Hughes","AP",536,0.93
"Higgins","John Cotter","DLP",2833,4.83
"Higgins","Andrew Homer","ALP",19134,32.63
"Higgins","Roger Shipton","Lib46",35577,60.68
"Higgins","Rafe Slaney","AP",1091,1.86
"Holt","Robert Fidler","DLP",4343,5.31
"Holt","Max Oldmeadow","ALP",38069,46.51
"Holt","William Yates","Lib46",39436,48.18
"Hotham","Don Chipp","Lib46",32278,54.34
"Hotham","Frank Gaffy","DLP",1948,3.28
"Hotham","John Murray","Ind",555,0.93
"Hotham","Anthony Ross","ALP",24623,41.45
"Indi","Alan Bell","ALP",17359,32.19
"Indi","Christopher Cody","DLP",3389,6.29
"Indi","Mac Holten","NCP75",33171,61.52
"Isaacs","Marc Aussie-Stone","Ind",719,1.25
"Isaacs","Gareth Clayton","ALP",23506,40.81
"Isaacs","Ralph Cleary","DLP",1917,3.33
"Isaacs","David Hamer","Lib46",30646,53.21
"Isaacs","Eldon Simmons","AP",805,1.4
"Kooyong","Francis Duffy","DLP",3411,5.87
"Kooyong","John Gare","AP",1283,2.21
"Kooyong","Andrew Peacock","Lib46",35809,61.61
"Kooyong","John Wilkinson","ALP",17620,30.32
"La Trobe","Marshall Baillieu","Lib46",41276,50.52
"La Trobe","Cornelus Helleman","Ind",1837,2.25
"La Trobe","Tony Lamb","ALP",35504,43.45
"La Trobe","Ronald Neilsen","Ind",169,0.21
"La Trobe","James Penna","DLP",1889,2.31
"La Trobe","Donald Walters","AP",1029,1.26
"Lalor","Denis Bilston","DLP",5289,7.23
"Lalor","Jim Cairns","ALP",43426,59.34
"Lalor","Francis Purcell","Lib46",24467,33.43
"McMillan","Arthur Hewson","NCP75",12971,22.94
"McMillan","Les Hilton","DLP",2227,3.94
"McMillan","David Little","Ind",525,0.93
"McMillan","William Rutherford","ALP",22402,39.62
"McMillan","Barry Simon","Lib46",18415,32.57
"Mallee","Stanley Croughan","DLP",3116,6.49
"Mallee","Ronald Davies","ALP",11256,23.43
"Mallee","Peter Fisher","NCP75",33663,70.08
"Maribyrnong","Thomas Archay","AP",1700,2.85
"Maribyrnong","Moss Cass","ALP",29528,49.48
"Maribyrnong","John Gray","Lib46",25090,42.04
"Maribyrnong","Lucia Hayward","DLP",3363,5.63
"Melbourne","Desmond Burke","DLP",4690,9.1
"Melbourne","Robert Fallshaw","Lib46",14431,28
"Melbourne","Ian Fehring","CPA",710,1.38
"Melbourne","Ted Innes","ALP",30525,59.22
"Melbourne","Veronica Schwarz","AP",1192,2.31
"Melbourne Ports","Beverley Broadbent","AP",1641,3.2
"Melbourne Ports","Frank Crean","ALP",28460,55.5
"Melbourne Ports","Frederick Gray","NCP75",168,0.33
"Melbourne Ports","Gordon Haberman","DLP",1369,2.67
"Melbourne Ports","Roger Johnston","Lib46",19485,38
"Melbourne Ports","Henry Sanders","Ind",154,0.3
"Murray","Marjorie Gillies","ALP",13547,24.26
"Murray","Bruce Lloyd","NCP75",39050,69.94
"Murray","Patrick Payne","DLP",3239,5.8
"Scullin","Gerard Clarke","Lib46",19847,35.69
"Scullin","Bernard Irving","Ind",1622,2.92
"Scullin","Harry Jenkins","ALP",31307,56.3
"Scullin","Bernard McGrath","DLP",2829,5.09
"Wannon","John Casanova","DLP",2804,5.33
"Wannon","Malcolm Fraser","Lib46",33290,63.27
"Wannon","Keith Wilson","ALP",16521,31.4
"Wills","Gordon Bryant","ALP",32382,60.23
"Wills","John Flint","DLP",3819,7.1
"Wills","Howard Kiel","Lib46",17562,32.67
"Wimmera","Brian Brooke","ALP",16030,33.36
"Wimmera","Robert King","NCP75",28275,58.84
"Wimmera","Marjorie McOwan","DLP",1762,3.67
"Wimmera","Francis Petering","Ind",1986,4.13
"Bowman","James Dean","NCP75",7535,9.68
"Bowman","David Jull","Lib46",36458,46.82
"Bowman","Len Keogh","ALP",32825,42.16
"Bowman","Donald Wright","WP",1046,1.34
"Brisbane","Manfred Cross","ALP",24802,45.3
"Brisbane","Rodney Jeanneret","WP",1000,1.83
"Brisbane","Peter Johnson","Lib46",24130,44.08
"Brisbane","Harold Porter","NCP75",4813,8.79
"Capricornia","Colin Carige","NCP75",15035,27.02
"Capricornia","Doug Everingham","ALP",26874,48.3
"Capricornia","Alfred Millroy","Lib46",13735,24.68
"Darling Downs","Tom McVeigh","NCP75",42133,69.39
"Darling Downs","Peter Wood","ALP",18590,30.61
"Dawson","Colin Bailey","Ind",821,1.4
"Dawson","Ray Braithwaite","NCP75",24022,41
"Dawson","Noel McFarlane","NCP75",6936,11.84
"Dawson","Rex Patterson","ALP",26810,45.76
"Fisher","Evan Adermann","NCP75",49850,70.49
"Fisher","Ivan Guy","ALP",18757,26.52
"Fisher","Dennis Marshall","WP",2110,2.98
"Griffith","Donald Cameron","Lib46",31483,56.63
"Griffith","Ben Humphreys","ALP",23133,41.61
"Griffith","Wallace Younger","WP",975,1.75
"Herbert","Robert Bonnett","Lib46",34620,57.97
"Herbert","John Rockett","ALP",25096,42.03
"Kennedy","Robert Gleeson","ALP",16981,35.73
"Kennedy","Bob Katter","NCP75",29704,62.51
"Kennedy","Charles Rendall","WP",837,1.76
"Leichhardt","Clarence Grogan","Ind",982,1.76
"Leichhardt","Laurence Hoins","Lib46",6918,12.4
"Leichhardt","Bernard Marsh","DLP",645,1.16
"Leichhardt","David Thomson","NCP75",21318,38.22
"Leichhardt","Bill Wood","ALP",25920,46.47
"Lilley","Peter Addison","NCP75",4194,6.95
"Lilley","Kevin Cairns","Lib46",31018,51.39
"Lilley","Frank Doyle","ALP",25142,41.66
"McPherson","Coral Finlay","WP",3378,3.54
"McPherson","Brian Paterson","ALP",30644,32.1
"McPherson","Eric Robinson","Lib46",61455,64.37
"Maranoa","James Corbett","NCP75",30158,68.84
"Maranoa","Reuben Coupe","ALP",11962,27.31
"Maranoa","Lindsay Sturgess","WP",1688,3.85
"Moreton","William Appleton","Ind",929,1.64
"Moreton","Lewin Blazevich","ALP",20338,35.94
"Moreton","John Fitzgerald","Ind",323,0.57
"Moreton","James Killen","Lib46",35003,61.85
"Oxley","Cornelis Frederiks","Lib46",16711,22.73
"Oxley","Bill Hayden","ALP",36879,50.17
"Oxley","Neil Russell","WP",1631,2.22
"Oxley","James Shapcott","NCP75",18286,24.88
"Petrie","John Hodges","Lib46",47414,62.5
"Petrie","John Hungerford","ALP",28452,37.5
"Ryan","David Boughen","WP",2917,4.06
"Ryan","Douglas MacTaggart","NCP75",14980,20.83
"Ryan","John Moore","Lib46",31096,43.24
"Ryan","Colin Taylor","ALP",22914,31.87
"Wide Bay","Gerrit Alberts","WP",1759,2.97
"Wide Bay","Brendan Hansen","ALP",23286,39.34
"Wide Bay","Clarrie Millar","NCP75",34143,57.69
"Adelaide","Robert Hercus","LM",3817,6.61
"Adelaide","Chris Hurford","ALP",28621,49.53
"Adelaide","David Middleton","AP",525,0.91
"Adelaide","Harold Steele","Lib46",24825,42.96
"Angas","Geoffrey Giles","Lib46",37981,68.1
"Angas","Giordano Graziani","LM",2255,4.04
"Angas","Richard Philippe","WP",561,1.01
"Angas","Adolf Thiel","ALP",14977,26.85
"Barker","Graham Bath","ALP",19334,30.64
"Barker","Lily Bayly","Ind",630,1
"Barker","James Porter","Lib46",36894,58.47
"Barker","Rodney Roberts","LM",2176,3.45
"Barker","Kenneth Williams","NCP75",4070,6.45
"Bonython","Robert Durbridge","CPA",4099,5.02
"Bonython","Alan Irving","Lib46",30568,37.44
"Bonython","John Longhurst","LM",5605,6.87
"Bonython","Martin Nicholls","ALP",41363,50.67
"Boothby","Peter Berman","LM",6172,10.35
"Boothby","Alexander Hunter","Ind",408,0.68
"Boothby","John McLeay","Lib46",34664,58.14
"Boothby","Mark Pickhaver","ALP",18376,30.82
"Grey","Dennis Burman","Lib46",26438,46.39
"Grey","Arnold Eckersley","LM",2371,4.16
"Grey","Laurie Wallis","ALP",28182,49.45
"Hawker","Ralph Jacobi","ALP",29036,49.41
"Hawker","Stewart Leggett","LM",3890,6.62
"Hawker","Craig Speil","Lib46",25842,43.97
"Hindmarsh","Clyde Cameron","ALP",32978,54.44
"Hindmarsh","Valentine Dignum","Lib46",23806,39.3
"Hindmarsh","Ian McGowan","LM",2982,4.92
"Hindmarsh","Ross Stanford","Ind",809,1.34
"Kingston","Rodney Adam","LM",6412,8.87
"Kingston","Grant Chapman","Lib46",34893,48.26
"Kingston","Richard Gun","ALP",30296,41.9
"Kingston","Verna Oakley","Ind",696,0.96
"Port Adelaide","Terence Hanson","Lib46",20285,35.14
"Port Adelaide","Jean Lawrie","LM",2734,4.74
"Port Adelaide","Mick Young","ALP",34701,60.12
"Sturt","William Forster","WP",2043,2.98
"Sturt","Barry Lake","LM",3835,5.6
"Sturt","Graham Maguire","ALP",25510,37.25
"Sturt","Ian Wilson","Lib46",37087,54.16
"Wakefield","Bert Kelly","Lib46",32070,66.23
"Wakefield","Irene Krastev","ALP",12632,26.09
"Wakefield","John Lienert","LM",3719,7.68
"Canning","Marilyn Anthony","ALP",17916,30.03
"Canning","Mel Bungey","Lib46",28002,46.93
"Canning","John Hallett","NCP75",13748,23.04
"Curtin","John Crouch","ALP",21253,33.65
"Curtin","Victor Garland","Lib46",41901,66.35
"Forrest","Geoffrey Davy","ALP",19075,34.59
"Forrest","Peter Drummond","Lib46",30158,54.69
"Forrest","Noel Duggan","Ind",484,0.88
"Forrest","Duncan Hordacre","Ind",290,0.53
"Forrest","Noel Klopper","NCP75",5134,9.31
"Fremantle","Kim Beazley","ALP",32570,51.63
"Fremantle","Leon Lapinski","Lib46",30509,48.37
"Kalgoorlie","Fred Collard","ALP",22734,45.23
"Kalgoorlie","Mick Cotter","Lib46",25994,51.71
"Kalgoorlie","Graham Mills","WP",1538,3.06
"Moore","Graham Anderson","NCP75",9312,13.42
"Moore","Allen Blanchard","ALP",21230,30.6
"Moore","John Hyde","Lib46",38845,55.98
"Perth","Joe Berinson","ALP",29902,47.88
"Perth","Ross McLean","Lib46",31658,50.69
"Perth","Victor Slater","CPA",890,1.43
"Stirling","Brian Butterworth","WP",1643,2.8
"Stirling","Graham Reece","ALP",23073,39.28
"Stirling","Ian Viner","Lib46",34021,57.92
"Swan","Adrian Bennett","ALP",29954,47.25
"Swan","John Martyr","Lib46",30914,48.76
"Swan","Peter Masson","NCP75",2533,4
"Tangney","Warwick Agnew","WP",2395,3.76
"Tangney","John Dawkins","ALP",26697,41.87
"Tangney","Peter Richardson","Lib46",34677,54.38
"Bass","Kevin Chaffey","WP",1001,2.23
"Bass","Michael McLaughlin","ALP",15574,34.64
"Bass","Kevin Newman","Lib46",28382,63.13
"Braddon","Lance Buckingham","WP",552,1.08
"Braddon","Ron Davies","ALP",23270,45.38
"Braddon","Ray Groom","Lib46",27131,52.91
"Braddon","Barry Whiley","NCP75",328,0.64
"Denison","John Coates","ALP",22104,44.81
"Denison","John Hay","NCP75",496,1.01
"Denison","Michael Hodgman","Lib46",26253,53.22
"Denison","Cathryn Stanton","WP",473,0.96
"Franklin","Margaret Franklin","NCP75",966,2
"Franklin","Bruce Goodluck","Lib46",23829,49.37
"Franklin","Joseph Hand","NCP75",293,0.61
"Franklin","Peter Mollon","WP",171,0.35
"Franklin","Ray Sherry","ALP",23011,47.67
"Wilmot","Max Burr","Lib46",25407,52.61
"Wilmot","Gil Duthie","ALP",21365,44.24
"Wilmot","Robert Griffin","NCP75",1165,2.41
"Wilmot","William Woods","WP",353,0.73
"Northern Territory","Sam Calder","CLP",15976,53.93
"Northern Territory","James Forbes","AP",701,2.37
"Northern Territory","Jock Nelson","ALP",12944,43.7
"Canberra","Kep Enderby","ALP",23517,45.22
"Canberra","Anthony Harris","LM",1572,3.02
"Canberra","John Haslem","Lib46",25697,49.41
"Canberra","Oleg Kavenenko","WP",377,0.72
"Canberra","John Moloney","Ind",406,0.78
"Canberra","Kevin Wise","Ind",434,0.83
"Fraser","Ken Fry","ALP",28227,51.13
"Fraser","Claude Hammond","LM",1944,3.52
"Fraser","Imre Mailath","Lib46",25030,45.34
