"Seat","Candidate1","Party1","Votes1","Vote_perc1","Candidate2","Party2","Votes2","Vote_perc2","Est"
"Bennelong","John Cramer","Lib46",25745,50.82,"Harry Jensen","ALP",24913,49.18,"exact"
"Cowper","Frank McGuren","ALP",19803,51.76,"Sir Earle Page","CP",18458,48.24,"exact"
"Darling","Joe Clark","ALP",25235,72.57,"Rodan Dawson","CP",9537,27.43,"exact"
"Eden-Monaro","Allan Fraser","ALP",24217,60.02,"Douglas Thomson","Lib46",16134,39.98,"exact"
"Evans","James Monaghan","ALP",19141,50.09,"Frederick Osborne","Lib46",19069,49.91,"exact"
"Hume","Charles Anderson","CP",19036,49.09,"Arthur Fuller","ALP",19738,50.91,"exact"
"Lawson","John Canobi","ALP",18753,47.91,"Laurie Failes","CP",20392,52.09,"exact"
"Lowe","John Holland","ALP",18979,49.12,"William McMahon","Lib46",19660,50.88,"exact"
"Macarthur","Jeff Bate","Lib46",27532,53.03,"Don Nilon","ALP",24383,46.97,"exact"
"North Sydney","Maurice Isaacs","ALP",17536,45.97,"William Jack","Lib46",20608,54.03,"exact"
"Richmond","Doug Anthony","CP",25301,63.86,"Raymond Freeman","ALP",14318,36.14,"exact"
"Riverina","Hugh Roberton","CP",21331,54.07,"Jack Ward","ALP",18117,45.93,"exact"
"Robertson","Roger Dean","Lib46",25258,51.51,"Tom Pendlebury","ALP",23778,48.49,"exact"
"Ballaarat","Dudley Erwin","Lib46",25240,59.87,"Aubrey Keane","ALP",16920,40.13,"exact"
"Bruce","Keith Ewert","ALP",38906,47.77,"Billy Snedden","Lib46",42543,52.23,"exact"
"Corio","Hubert Opperman","Lib46",25810,56.44,"Lindsay Romey","ALP",19920,43.56,"exact"
"Deakin","Frank Davis","Lib46",34955,58.23,"George Slater","ALP",25078,41.77,"exact"
"Fawkner","Peter Howson","Lib46",21438,62.8,"Gwendolyn Noad","ALP",12701,37.2,"exact"
"Flinders","Ian Cathie","ALP",22314,42.72,"Robert Lindsay","Lib46",29916,57.28,"exact"
"Henty","Max Fox","Lib46",26377,57.68,"Sir George Jones","ALP",19352,42.32,"exact"
"Higinbotham","Don Chipp","Lib46",32453,57.84,"Henry Fowler","ALP",23651,42.16,"exact"
"Indi","Malcolm Cameron","Lib46",19295,45.89,"Mac Holten","CP",22753,54.11,"exact"
"Isaacs","William Haworth","Lib46",20724,59.55,"Angus McLean","ALP",14077,40.45,"exact"
"La Trobe","John Jess","Lib46",36236,56.59,"Don Pritchard","ALP",27796,43.41,"exact"
"Maribyrnong","Neil Armour","ALP",21020,49.18,"Philip Stokes","Lib46",21721,50.82,"exact"
"McMillan","Alexander Buchanan","Lib46",26401,61.22,"James Longstaff","ALP",16721,38.78,"exact"
"Wannon","Malcolm Fraser","Lib46",27466,63.78,"Jack Stanford","ALP",15598,36.22,"exact"
"Wimmera","Robert King","CP",26614,68.48,"Thomas Windsor","ALP",12249,31.52,"exact"
"Bowman","Jack Comber","ALP",23594,51.94,"Malcolm McColm","Lib46",21832,48.06,"exact"
"Capricornia","George Gray","ALP",20606,54.98,"Henry Pearce","Lib46",16874,45.02,"exact"
"Lilley","Don Cameron","ALP",22208,51.29,"Bruce Wight","Lib46",21094,48.71,"exact"
"Maranoa","Trevor Alexander","ALP",17134,46.36,"Wilfred Brimblecombe","CP",19823,53.64,"exact"
"Moreton","James Killen","Lib46",26239,50.12,"John O'Donnell","ALP",26109,49.88,"exact"
"Petrie","Alan Hulme","Lib46",26474,49.26,"Reginald O'Brien","ALP",27269,50.74,"exact"
"Canning","Charles Edwards","ALP",12521,34.34,"Neil McNeill","Lib46",23943,65.66,"exact"
"Forrest","Gordon Freeth","Lib46",22275,57.5,"Ernest Stapleton","ALP",16462,42.5,"exact"
"Kalgoorlie","Peter Browne","Lib46",14675,49.4,"Fred Collard","ALP",15034,50.6,"exact"
"Moore","Hugh Halbert","Lib46",17236,48.68,"Hugh Leslie","CP",18172,51.32,"exact"
"Stirling","Doug Cash","Lib46",26073,49.73,"Harry Webb","ALP",26360,50.27,"exact"
"Swan","Richard Cleaver","Lib46",25671,55.55,"Ted Johnson","ALP",20543,44.45,"exact"
"Franklin","Bill Falkinder","Lib46",19991,54.71,"William Wilkinson","ALP",16549,45.29,"exact"
"Northern Territory","Harold Brennan","Ind",4468,48.95,"Jock Nelson","ALP",4659,51.05,"exact"
"Australian Capital Territory","Jim Fraser","ALP",17114,64.88,"Geoffrey Small","Lib46",9263,35.12,"exact"
"Banks","Dominic Costa","ALP",36043,66,"Jack Manning","Lib46",18567,34,"Psephos"
"Barton","Len Reynolds","ALP",26292,59.1,"Colin Sullivan","Lib46",18195,40.9,"Psephos"
"Blaxland","Jim Harrison","ALP",30256,67.8,"David Cowan","Lib46",14370,32.2,"Psephos"
"Bradfield","Harry Turner","Lib46",38905,76.8,"Percy Staines","ALP",11752,23.2,"Psephos"
"Calare","John England","CP",22189,56.9,"Leroy Serisier","ALP",16808,43.1,"Psephos"
"Cunningham","Victor Kearney","ALP",33159,65.3,"Jack Hough","Lib46",17621,34.7,"Psephos"
"Dalley","William O'Connor","ALP",25582,75.3,"Arthur Nesbitt","Lib46",8391,24.7,"Psephos"
"East Sydney","Eddie Ward","ALP",23326,71.9,"John Folbigg","Lib46",9116,28.1,"Psephos"
"Farrer","David Fairbairn","Lib46",26153,64.1,"Herb McPherson","ALP",14648,35.9,"Psephos"
"Grayndler","Fred Daly","ALP",24580,74,"Evan MacLaurin","Lib46",8636,26,"Psephos"
"Gwydir","Ian Allan","CP",21335,53.9,"Austin Heffernan","ALP",18247,46.1,"Psephos"
"Hughes","Les Johnson","ALP",38270,61,"Keith Woodward","Lib46",24468,39,"Psephos"
"Hunter","Bert James","ALP",35705,80.6,"Edward Farrell","Lib46",8594,19.4,"Psephos"
"Kingsford-Smith","Dan Curtin","ALP",25512,59.4,"Jack Cunningham","Lib46",17437,40.6,"Psephos"
"Lang","Frank Stewart","ALP",29410,66.3,"Russell Carter","Lib46",14949,33.7,"Psephos"
"Lyne","Philip Lucock","CP",24506,59,"John Allan","ALP",17030,41,"Psephos"
"Mackellar","William Wentworth","Lib46",31850,58.9,"Mabel Elliott","ALP",22224,41.1,"Psephos"
"Macquarie","Tony Luchetti","ALP",27210,64.1,"John Heesh","Lib46",15239,35.9,"Psephos"
"Mitchell","John Armitage","ALP",37201,53.4,"Roy Wheeler","Lib46",32464,46.6,"Psephos"
"New England","David Drummond","CP",22868,58.4,"Donald White","ALP",16290,41.6,"Psephos"
"Newcastle","Charles Jones","ALP",24285,65.4,"Henry Wansey","Lib46",12848,34.6,"Psephos"
"Parkes","Les Haylen","ALP",21004,54.2,"William Dowd","Lib46",17748,45.8,"Psephos"
"Parramatta","Sir Garfield Barwick","Lib46",28769,55,"Maxwell McLaren","ALP",23539,45,"Psephos"
"Paterson","Allen Fairhall","Lib46",21818,55.1,"Bob Brown","ALP",17779,44.9,"Psephos"
"Phillip","Syd Einfeld","ALP",19500,51.4,"William Aston","Lib46",18437,48.6,"Psephos"
"Reid","Tom Uren","ALP",35896,68.1,"Jack Cook","Lib46",16815,31.9,"Psephos"
"Shortland","Charles Griffiths","ALP",34532,69.6,"Allan Pitts","Lib46",15083,30.4,"Psephos"
"St George","Lionel Clay","ALP",22773,54.9,"Clifford Amos","Lib46",18708,45.1,"Psephos"
"Warringah","John Cockle","Lib46",27744,66.1,"James Brown","ALP",14229,33.9,"Psephos"
"Watson","Jim Cope","ALP",29289,80.7,"Sidney Pitkethly","Lib46",7005,19.3,"Psephos"
"Wentworth","Les Bury","Lib46",25816,69.9,"John Hirshman","ALP",11117,30.1,"Psephos"
"Werriwa","Gough Whitlam","ALP",36988,66.8,"Vernon Luckman","Lib46",18384,33.2,"Psephos"
"West Sydney","Dan Minogue","ALP",23841,76.5,"Milovan Kovjanic","Lib46",7324,23.5,"Psephos"
"Balaclava","Ray Whittorn","Lib46",26005,65.8,"Ernst Platz","ALP",13517,34.2,"Psephos"
"Batman","Alan Bird","ALP",23021,55.4,"Bruce Skeggs","Lib46",18533,44.6,"Psephos"
"Bendigo","Noel Beaton","ALP",23654,54.2,"Henry Snell","Lib46",19988,45.8,"Psephos"
"Chisholm","Sir Wilfrid Kent Hughes","Lib46",27049,67.5,"Malcolm Coughlin","ALP",13024,32.5,"Psephos"
"Corangamite","Dan Mackinnon","Lib46",30175,68.3,"Desmond Hulme","ALP",14005,31.7,"Psephos"
"Darebin","Frank Courtnay","ALP",29435,57.4,"Tom Andrews","DLP",21845,42.6,"Psephos"
"Gellibrand","Hector McIvor","ALP",26959,68.5,"Reginald Cannon","Lib46",12397,31.5,"Psephos"
"Gippsland","Peter Nixon","CP",28527,66.9,"William Stephenson","ALP",14114,33.1,"Psephos"
"Higgins","Harold Holt","Lib46",26878,69.3,"Roger Kirby","ALP",11907,30.7,"Psephos"
"Kooyong","Robert Menzies","Lib46",32334,70.4,"Moss Cass","ALP",13595,29.6,"Psephos"
"Lalor","Reg Pollard","ALP",45969,57.8,"Peter Kemp","Lib46",33562,42.2,"Psephos"
"Mallee","Winton Turnbull","CP",28000,72.6,"Murray Homes","ALP",10568,27.4,"Psephos"
"Melbourne","Arthur Calwell","ALP",19869,64.5,"James Moloney","Lib46",10936,35.5,"Psephos"
"Melbourne Ports","Frank Crean","ALP",21739,65.1,"Gordon Blackburne","Lib46",11655,34.9,"Psephos"
"Murray","John McEwen","CP",31993,73.5,"Neil Frankland","ALP",11535,26.5,"Psephos"
"Scullin","Ted Peters","ALP",18953,62.4,"Barry O'Brien","DLP",11420,37.6,"Psephos"
"Wills","Gordon Bryant","ALP",22873,60,"William Pyatt","Lib46",15249,40,"Psephos"
"Yarra","Jim Cairns","ALP",19062,57.9,"Andrew Peacock","Lib46",13860,42.1,"Psephos"
"Brisbane","Manfred Cross","ALP",20147,57.6,"Kevin Cairns","Lib46",14830,42.4,"Psephos"
"Darling Downs","Reginald Swartz","Lib46",23414,56.9,"Jack McCafferty","ALP",17735,43.1,"Psephos"
"Dawson","Charles Davidson","CP",20946,57.9,"Cyril Mitchell","ALP",15230,42.1,"Psephos"
"Fisher","Charles Adermann","CP",26271,62.5,"William Weir","ALP",15762,37.5,"Psephos"
"Griffith","Wilfred Coutts","ALP",22141,57.3,"Arthur Chresby","Lib46",16500,42.7,"Psephos"
"Herbert","Ted Harding","ALP",22221,52.3,"John Murray","Lib46",20266,47.7,"Psephos"
"Kennedy","Bill Riordan","ALP",21562,63.4,"Thomas Halloran","CP",12448,36.6,"Psephos"
"Leichhardt","Bill Fulton","ALP",26747,67.6,"Reginald Wiles","CP",12820,32.4,"Psephos"
"McPherson","Charles Barnes","CP",31526,60.4,"William Ware","ALP",20670,39.6,"Psephos"
"Oxley","Bill Hayden","ALP",22598,53.5,"Donald Cameron","Lib46",19641,46.5,"Psephos"
"Ryan","Nigel Drury","Lib46",28014,58.5,"Joy Guyatt","ALP",19873,41.5,"Psephos"
"Wide Bay","Brendan Hansen","ALP",22556,55.2,"Henry Bandidt","CP",18307,44.8,"Psephos"
"Adelaide","Joe Sexton","ALP",19394,57.5,"John Rundle","Lib46",14334,42.5,"Psephos"
"Angas","Alec Downer","Lib46",24787,61.6,"Arnold Busbridge","ALP",15451,38.4,"Psephos"
"Barker","Jim Forbes","Lib46",25383,58.2,"Norman Alcock","ALP",18230,41.8,"Psephos"
"Bonython","Norman Makin","ALP",37757,67.7,"Margaret McLachlan","Lib46",18014,32.3,"Psephos"
"Boothby","John McLeay","Lib46",23117,56.6,"Ronald Basten","ALP",17725,43.4,"Psephos"
"Grey","Edgar Russell","ALP",24878,58.8,"Arthur Dodgson","Lib46",17431,41.2,"Psephos"
"Hindmarsh","Clyde Cameron","ALP",31586,68.8,"Karl-Juergen Liebetrau","Lib46",14324,31.2,"Psephos"
"Kingston","Pat Galvin","ALP",33723,58.7,"John McCoy","Lib46",23726,41.3,"Psephos"
"Port Adelaide","Albert Thompson","ALP",31456,75.2,"Kimball Kelly","Lib46",10374,24.8,"Psephos"
"Sturt","Keith Wilson","Lib46",26221,58.5,"Arthur Penn","ALP",18601,41.5,"Psephos"
"Wakefield","Bert Kelly","Lib46",24404,62.3,"Collin Wood","ALP",14767,37.7,"Psephos"
"Curtin","Paul Hasluck","Lib46",28711,73.1,"George Piesley","ALP",10566,26.9,"Psephos"
"Fremantle","Kim Beazley","ALP",28600,62.9,"John Waghorne","Lib46",16869,37.1,"Psephos"
"Perth","Fred Chaney","Lib46",18206,62.4,"Laurie Wilkinson","ALP",10970,37.6,"Psephos"
"Bass","Lance Barnard","ALP",21916,63.6,"Fred Marriott","Lib46",12543,36.4,"Psephos"
"Braddon","Ron Davies","ALP",21499,62.1,"William Young","Lib46",13121,37.9,"Psephos"
"Denison","Athol Townley","Lib46",19229,57.4,"Eric Howroyd","ALP",14271,42.6,"Psephos"
"Wilmot","Gil Duthie","ALP",21662,66.1,"Richard Thomas","Lib46",11110,33.9,"Psephos"
