"Seat","Candidate1","Party1","Votes1","Vote_perc1","Candidate2","Party2","Votes2","Vote_perc2","Est"
"Banks","Daryl Melham","ALP",36233,57.87,"Steve Pratt","Lib46",26379,42.13,"exact"
"Barton","Gary Punch","ALP",34752,53.14,"David Macauley","Lib46",30640,46.86,"exact"
"Bennelong","John Howard","Lib46",38574,60.33,"Martin Claridge","ALP",25363,39.67,"exact"
"Berowra","Harry Edwards","Lib46",41466,62.77,"Sue Deane","ALP",24592,37.23,"exact"
"Blaxland","Paul Keating","ALP",37887,62.17,"David Voight","Lib46",23056,37.83,"exact"
"Bradfield","David Connolly","Lib46",46796,72.32,"Adam McCarthy","ALP",17913,27.68,"exact"
"Calare","Joanne Lewis","NPA",31824,46.52,"David Simmons","ALP",36578,53.48,"exact"
"Charlton","Mollie Blake","Lib46",23115,34.33,"Bob Brown","ALP",44224,65.67,"exact"
"Chifley","Roger Price","ALP",47061,70.13,"Darren Condon","Lib46",20048,29.87,"exact"
"Cook","Don Dobie","Lib46",37142,57.26,"Paul Smith","ALP",27721,42.74,"exact"
"Cowper","Garry Nehl","NPA",42647,57.35,"John Murphy","ALP",31722,42.65,"exact"
"Cunningham","Jeff Thomson","Lib46",23318,37.68,"Stewart West","ALP",38566,62.32,"exact"
"Dobell","Michael Lee","ALP",43860,60.61,"Ian Crook","Lib46",28505,39.39,"exact"
"Dundas","Philip Ruddock","Lib46",36945,59.34,"Richard Talbot","ALP",25314,40.66,"exact"
"Eden-Monaro","Jim Snow","ALP",37945,54.34,"Rob Pollock","Lib46",31890,45.66,"exact"
"Farrer","Bill Higgins","ALP",21898,32.21,"Tim Fischer","NPA",46091,67.79,"exact"
"Fowler","Gloria Arora","Lib46",22417,35.78,"Ted Grace","ALP",40244,64.22,"exact"
"Gilmore","John Sharp","NPA",36655,54.4,"Mick Shea","ALP",30725,45.6,"exact"
"Grayndler","Diana Bennett","Lib46",21473,36.75,"Leo McLeay","ALP",36959,63.25,"exact"
"Greenway","Tony Packard","Lib46",25452,41.21,"Russ Gorman","ALP",36305,58.79,"exact"
"Gwydir","John Anderson","NPA",39425,61.21,"Ted Stubbins","ALP",24984,38.79,"exact"
"Hughes","Cliff Mason","Lib46",30287,43.44,"Robert Tickner","ALP",39434,56.56,"exact"
"Hume","Wal Fife","Lib46",38539,58.24,"George Martin","ALP",27639,41.76,"exact"
"Hunter","Eric Fitzgibbon","ALP",40403,58.45,"Ashley Saunders","Lib46",28724,41.55,"exact"
"Kingsford-Smith","Carol Dance","Lib46",21794,35.01,"Laurie Brereton","ALP",40455,64.99,"exact"
"Lindsay","Ross Free","ALP",40004,60.1,"Barry Haylock","Lib46",26562,39.9,"exact"
"Lowe","Mary Easson","ALP",31013,49.38,"Bob Woods","Lib46",31794,50.62,"exact"
"Lyne","Bruce Cowan","NPA",43570,57.33,"Garry Worth","ALP",32435,42.67,"exact"
"Macarthur","Stephen Martin","ALP",40861,62.66,"Jim Cameron","Lib46",24352,37.34,"exact"
"Mackellar","Jim Carlton","Lib46",38358,61.05,"Adam Hatcher","ALP",24472,38.95,"exact"
"Macquarie","Alasdair Webster","Lib46",35631,53.64,"John Marsh","ALP",30792,46.36,"exact"
"Mitchell","Graeme McIlveen","ALP",21172,29.65,"Alan Cadman","Lib46",50223,70.35,"exact"
"Newcastle","Mark Hallett","Lib46",19275,30.9,"Allan Morris","ALP",43110,69.1,"exact"
"New England","Paul Brock","ALP",30035,43.67,"Ian Sinclair","NPA",38735,56.33,"exact"
"North Sydney","John Spender","Lib46",35422,58.39,"Chrissa Loukas","ALP",25243,41.61,"exact"
"Page","Ian Robinson","NPA",34807,49.32,"Harry Woods","ALP",35763,50.68,"exact"
"Parkes","Ray Leslie","ALP",25399,39.29,"Michael Cobb","NPA",39252,60.71,"exact"
"Parramatta","Paul Elliott","ALP",35865,58.35,"Ross Barwick","Lib46",25603,41.65,"exact"
"Phillip","Charles Copeman","Lib46",27495,43.43,"Jeannette McHugh","ALP",35819,56.57,"exact"
"Prospect","Paul Newton","Lib46",24282,36.01,"Janice Crosio","ALP",43157,63.99,"exact"
"Reid","Laurie Ferguson","ALP",40849,66.08,"Lynne McDowell","Lib46",20970,33.92,"exact"
"Richmond","Neville Newell","ALP",34664,50.5,"Charles Blunt","NPA",33980,49.5,"exact"
"Riverina-Darling","Peter Black","ALP",27445,45.49,"Noel Hicks","NPA",32892,54.51,"exact"
"Robertson","Frank Walker","ALP",38296,52.79,"Paul St Clair","Lib46",34253,47.21,"exact"
"Shortland","Peter Morris","ALP",43951,64.34,"Lynne Hall","Lib46",24361,35.66,"exact"
"St George","Alan Smith","Lib46",26548,42.24,"Stephen Dubois","ALP",36309,57.76,"exact"
"Sydney","Peter Baldwin","ALP",42890,71.4,"Stephen Woodhill","Lib46",17183,28.6,"exact"
"Throsby","Colin Hollis","ALP",39418,60.22,"Garry Noel-Gough","Lib46",26043,39.78,"exact"
"Warringah","David de Montfort","ALP",24931,40.07,"Michael MacKellar","Lib46",37294,59.93,"exact"
"Wentworth","Dimitri Tsingris","ALP",24809,42.76,"John Hewson","Lib46",33216,57.24,"exact"
"Werriwa","John Kerin","ALP",47190,64,"Rick Lewis","Lib46",26546,36,"exact"
"Aston","Peter Nugent","Lib46",37204,54.63,"John Saunderson","ALP",30901,45.37,"exact"
"Ballarat","John Mildren","ALP",32506,48.12,"Michael Ronaldson","Lib46",35043,51.88,"exact"
"Batman","Brian Howe","ALP",44754,67.4,"Ray Ellis","Lib46",21645,32.6,"exact"
"Bendigo","John Brumby","ALP",33949,48.86,"Bruce Reid","Lib46",35539,51.14,"exact"
"Bruce","Julian Beale","Lib46",41268,59.33,"Philip Cottier","ALP",28285,40.67,"exact"
"Burke","Neil O'Keefe","ALP",33684,53.31,"Ian Lindsay","Lib46",29505,46.69,"exact"
"Calwell","Andrew Theophanous","ALP",36875,57.07,"Dianne Livett","Lib46",27744,42.93,"exact"
"Casey","Jon Linehan","ALP",28357,41.76,"Bob Halverson","Lib46",39540,58.24,"exact"
"Chisholm","Michael Wooldridge","Lib46",40230,56.29,"Helen Mayer","ALP",31239,43.71,"exact"
"Corangamite","Stewart McArthur","Lib46",40867,60.79,"Ian Caldwell","ALP",26356,39.21,"exact"
"Corinella","Russell Broadbent","Lib46",33134,50.73,"Lewis Kent","ALP",32181,49.27,"exact"
"Corio","Gordon Scholes","ALP",37428,54.22,"Adrienne Edgar","Lib46",31606,45.78,"exact"
"Deakin","Tony Lamb","ALP",33222,47.65,"Ken Aldred","Lib46",36505,52.35,"exact"
"Dunkley","Frank Ford","Lib46",33582,51.2,"Bob Chynoweth","ALP",32012,48.8,"exact"
"Flinders","Tony Moore","ALP",28860,44.77,"Peter Reith","Lib46",35606,55.23,"exact"
"Gellibrand","Ralph Willis","ALP",45444,68.51,"Tim Warner","Lib46",20888,31.49,"exact"
"Gippsland","Merv Bundle","ALP",21406,31.06,"Peter McGauran","NPA",47507,68.94,"exact"
"Goldstein","Michael Danby","ALP",31145,44.04,"David Kemp","Lib46",39575,55.96,"exact"
"Higgins","Laurie Walsh","ALP",26131,38.17,"Peter Costello","Lib46",42323,61.83,"exact"
"Holt","Michael Duffy","ALP",34882,56.95,"Mario Dodic","Lib46",26372,43.05,"exact"
"Hotham","Erdem Aydin","Lib46",30668,45.79,"Simon Crean","ALP",36309,54.21,"exact"
"Indi","Ewen Cameron","Lib46",42824,64.2,"John Dennis","ALP",23880,35.8,"exact"
"Isaacs","Rod Atkinson","Lib46",38775,55.73,"Jim Ensor","ALP",30806,44.27,"exact"
"Jagajaga","Peter Staples","ALP",34484,52.64,"Fred Garrett","Lib46",31029,47.36,"exact"
"Kooyong","Eugene O'Sullivan","ALP",23682,35.19,"Andrew Peacock","Lib46",43608,64.81,"exact"
"Lalor","Barry Jones","ALP",37832,58.97,"Rae Medlock","Lib46",26321,41.03,"exact"
"La Trobe","Peter Milton","ALP",33138,48.65,"Bob Charles","Lib46",34980,51.35,"exact"
"Mallee","Peter Mitchell","ALP",18728,26.17,"Peter Fisher","NPA",52835,73.83,"exact"
"Maribyrnong","Victor Rudewych","Lib46",28344,42.79,"Alan Griffiths","ALP",37894,57.21,"exact"
"McEwen","Peter Cleeland","ALP",31256,46.79,"Fran Bailey","Lib46",35543,53.21,"exact"
"McMillan","John Riggall","Lib46",38576,54.44,"Barry Cunningham","ALP",32281,45.56,"exact"
"Melbourne","Gerry Hand","ALP",44306,67.47,"Rodger Gully","Lib46",21358,32.53,"exact"
"Melbourne Ports","Clyde Holding","ALP",34594,52.05,"Allan Paull","Lib46",31872,47.95,"exact"
"Menzies","Neil Brown","Lib46",42684,64.26,"Ivana Csar","ALP",23742,35.74,"exact"
"Murray","Bruce Lloyd","NPA",51568,73.27,"Frank Purcell","ALP",18812,26.73,"exact"
"Scullin","Wayne Phillips","Lib46",27139,40.62,"Harry Jenkins","ALP",39679,59.38,"exact"
"Wannon","Phillip Sawyer","ALP",26885,37.34,"David Hawker","Lib46",45125,62.66,"exact"
"Wills","John Delacretaz","Lib46",28116,42.07,"Bob Hawke","ALP",38708,57.93,"exact"
"Bowman","Con Sciacca","ALP",43275,57.53,"Peter Trounce","Lib46",31950,42.47,"exact"
"Brisbane","Keith Schafferius","Lib46",28342,44.53,"Arch Bevis","ALP",35300,55.47,"exact"
"Capricornia","Stan Collard","NPA",27926,42.65,"Keith Wright","ALP",37551,57.35,"exact"
"Dawson","Greg McGarvie","ALP",34692,49.87,"Ray Braithwaite","NPA",34873,50.13,"exact"
"Fadden","David Jull","Lib46",34621,53.77,"Marie Wilkinson","ALP",29766,46.23,"exact"
"Fairfax","Alex Somlyay","Lib46",45449,57.47,"Beryl Muspratt","ALP",33634,42.53,"exact"
"Fisher","Tony Holmes","Lib46",39136,48,"Michael Lavarch","ALP",42401,52,"exact"
"Forde","Mary Crawford","ALP",34910,54.49,"Brad Bauman","Lib46",29161,45.51,"exact"
"Griffith","Doug Edwards","Lib46",25155,39.72,"Ben Humphreys","ALP",38179,60.28,"exact"
"Groom","Bill Taylor","Lib46",44138,62.15,"Stewart Scott-Irving","ALP",26880,37.85,"exact"
"Herbert","Ted Lindsay","ALP",38438,54.94,"Peter Hazard","Lib46",31529,45.06,"exact"
"Hinkler","Brian Courtice","ALP",37543,53.96,"John Evans","NPA",32033,46.04,"exact"
"Kennedy","Rob Hulls","ALP",33536,51.41,"Ross Shannon","NPA",31702,48.59,"exact"
"Leichhardt","Bill Cummings","Lib46",32727,46.53,"John Gayler","ALP",37606,53.47,"exact"
"Lilley","Ronald Nankervis","Lib46",27422,42.32,"Elaine Darling","ALP",37373,57.68,"exact"
"Maranoa","Bruce Scott","NPA",41838,63.21,"John Adams","ALP",24351,36.79,"exact"
"McPherson","John Bradford","Lib46",49760,61.03,"Pat Stern","ALP",31769,38.97,"exact"
"Moncrieff","Kathy Sullivan","Lib46",46759,59.47,"Col Struthers","ALP",31868,40.53,"exact"
"Moreton","Garrie Gibson","ALP",32996,52.35,"Donald Cameron","Lib46",30037,47.65,"exact"
"Oxley","Les Scott","ALP",39615,62.01,"David Cooke","Lib46",24270,37.99,"exact"
"Petrie","Bruce Flegg","Lib46",33185,47.74,"Gary Johns","ALP",36327,52.26,"exact"
"Rankin","John Miles","Lib46",30519,44.52,"David Beddall","ALP",38037,55.48,"exact"
"Ryan","John Moore","Lib46",40870,57.2,"Denny Campbell","ALP",30576,42.8,"exact"
"Wide Bay","Andrew Foley","ALP",30885,45.09,"Warren Truss","NPA",37613,54.91,"exact"
"Adelaide","Bob Catley","ALP",36267,53.7,"Mike Pratt","Lib46",31273,46.3,"exact"
"Barker","Ian McLachlan","Lib46",43388,63.59,"Bill Hender","ALP",24841,36.41,"exact"
"Bonython","Neal Blewett","ALP",45837,65.9,"Natalie Richardson","Lib46",23722,34.1,"exact"
"Boothby","Steele Hall","Lib46",42409,60.73,"Michael Keenan","ALP",27421,39.27,"exact"
"Grey","Jonathan Man","Lib46",27852,43.5,"Lloyd O'Neil","ALP",36169,56.5,"exact"
"Hawker","Christine Gallus","Lib46",32845,50.01,"Elizabeth Harvey","ALP",32831,49.99,"exact"
"Hindmarsh","John Scott","ALP",36801,55.32,"Barry Lewis","Lib46",29717,44.68,"exact"
"Kingston","Gordon Bilney","ALP",38824,55.03,"Judy Fuller","Lib46",31722,44.97,"exact"
"Makin","Peter Duncan","ALP",36573,52.42,"Daryl Hicks","Lib46",33197,47.58,"exact"
"Mayo","Delia Skorin","ALP",28479,38.38,"Alexander Downer","Lib46",45727,61.62,"exact"
"Port Adelaide","Howard Trotter","Lib46",24780,36.71,"Rod Sawford","ALP",42718,63.29,"exact"
"Sturt","Ian Wilson","Lib46",38493,57.75,"Mark Hough","ALP",28162,42.25,"exact"
"Wakefield","George Karzis","ALP",26736,37.07,"Neil Andrew","Lib46",45378,62.93,"exact"
"Brand","Wendy Fatin","ALP",35130,55.19,"Maureen Healy","Lib46",28528,44.81,"exact"
"Canning","George Gear","ALP",30596,51.76,"Ricky Johnston","Lib46",28512,48.24,"exact"
"Cowan","Carolyn Jakobsen","ALP",30982,50.85,"Diane Airey","Lib46",29945,49.15,"exact"
"Curtin","Stephen Booth","ALP",25107,37.19,"Allan Rocher","Lib46",42406,62.81,"exact"
"Forrest","Geoff Prosser","Lib46",39328,59.91,"Simon Keely","ALP",26315,40.09,"exact"
"Fremantle","Paul Stevenage","Lib46",27106,41.7,"John Dawkins","ALP",37890,58.3,"exact"
"Kalgoorlie","Graeme Campbell","ALP",36326,60.24,"Louie Carnicelli","Lib46",23980,39.76,"exact"
"Moore","Paul Filing","Lib46",35081,56.91,"Allen Blanchard","ALP",26560,43.09,"exact"
"O'Connor","Kim Chance","ALP",18947,28.09,"Wilson Tuckey","Lib46",48514,71.91,"exact"
"Pearce","John Duncan","ALP",25477,41.07,"Fred Chaney","Lib46",36563,58.93,"exact"
"Perth","Marylyn Rodgers","Lib46",29455,44.83,"Ric Charlesworth","ALP",36252,55.17,"exact"
"Stirling","Jock Barker","Lib46",32630,49.82,"Ron Edwards","ALP",32864,50.18,"exact"
"Swan","Peter Kirwan","Lib46",31265,47.65,"Kim Beazley","ALP",34351,52.35,"exact"
"Tangney","Peter Shack","Lib46",38779,61.75,"Chris Keely","ALP",24019,38.25,"exact"
"Bass","Warwick Smith","Lib46",30896,54.3,"Silvia Smith","ALP",26005,45.7,"exact"
"Braddon","Chris Miles","Lib46",33553,58.42,"Terry Hynes","ALP",23879,41.58,"exact"
"Denison","Duncan Kerr","ALP",32333,56.44,"Michael Hodgman","Lib46",24956,43.56,"exact"
"Franklin","Bruce Goodluck","Lib46",30778,52.13,"Eugene Alexander","ALP",28268,47.87,"exact"
"Lyons","Bob Gordon","ALP",28071,47.91,"Max Burr","Lib46",30526,52.09,"exact"
"Northern Territory","Warren Snowdon","ALP",37498,55.02,"Helen Galton","CLP",30650,44.98,"exact"
"Canberra","Bill Mackey","Lib46",35529,44.19,"Ros Kelly","ALP",44872,55.81,"exact"
"Fraser","Sandie Brooke","Lib46",30677,38.68,"John Langmore","ALP",48626,61.32,"exact"
