"Seat","Candidate1","Party1","Votes1","Vote_perc1","Candidate2","Party2","Votes2","Vote_perc2","Est"
"Calare","John Breen","ALP",25282,53.37,"Harold Thorby","CP",22090,46.63,"exact"
"Dalley","Donald Cochrane","ALP",23822,42.8,"Sol Rosevear","LL40",31842,57.2,"exact"
"Eden-Monaro","John Perkins","UAP31",26575,54.77,"Herb Turner","ALP",21944,45.23,"exact"
"Hume","Thomas Collins","CP",25791,50.91,"Clarence Nolan","ALP",24870,49.09,"exact"
"Hunter","Bill Gollan","SL",12956,24.97,"Rowley James","ALP",38921,75.03,"exact"
"Lang","Dan Mulcahy","LL40",40517,66.02,"Bertram Stevens","UAP31",20855,33.98,"exact"
"Macquarie","Ben Chifley","ALP",29493,58.07,"John Lawson","UAP31",21295,41.93,"exact"
"New England","Joe Abbott","CP",29440,60.63,"Leigh Cuthbertson","ALP",19116,39.37,"exact"
"Parramatta","Albert Rowe","ALP",20707,34.32,"Sir Frederick Stewart","UAP31",39624,65.68,"exact"
"Reid","Joe Gander","LL40",28139,48.04,"Charles Morgan","ALP",30436,51.96,"exact"
"Riverina","Joe Langtry","ALP",23980,51.55,"Horace Nock","CP",22537,48.45,"exact"
"Robertson","Eric Spooner","UAP31",26845,50.35,"Thomas Williams","ALP",26474,49.65,"exact"
"Watson","Max Falstein","ALP",31831,51.97,"John Jennings","UAP31",29417,48.03,"exact"
"Wentworth","Eric Harrison","UAP31",41218,65.79,"Norman Smith","ALP",21432,34.21,"exact"
"Ballaarat","Edward Montgomery","UAP31",23636,49.7,"Reg Pollard","ALP",23917,50.3,"exact"
"Batman","Frank Brennan","ALP",35636,59.67,"Albert Peters","UAP31",24082,40.33,"exact"
"Bendigo","Bert de Grandi","ALP",19469,42.52,"George Rankin","UCP34",26314,57.48,"exact"
"Bourke","Maurice Blackburn","ALP",39736,66.21,"Charles Lucas","UAP31",20278,33.79,"exact"
"Corangamite","Allan McDonald","UAP31",26665,56.18,"Harold Miller","ALP",20801,43.82,"exact"
"Flinders","Frank Lee","ALP",23193,41.58,"Rupert Ryan","UAP31",32591,58.42,"exact"
"Gippsland","James McKenna","ALP",20780,43.26,"Thomas Paterson","LCP",27257,56.74,"exact"
"Indi","Jack Devlin","ALP",19216,38.52,"John McEwen","LCP",30676,61.48,"exact"
"Maribyrnong","Arthur Drakeford","ALP",40990,64.61,"Robert Vroland","UAP31",22455,35.39,"exact"
"Melbourne Ports","Jack Holloway","ALP",38853,66.12,"Raymond Trickey","UAP31",19907,33.88,"exact"
"Wannon","Don McLeod","ALP",27098,53.7,"Thomas Scholfield","UAP31",23360,46.3,"exact"
"Wimmera","Hugh McClelland","Ind CP",15303,33.84,"Alexander Wilson","UCP34",29918,66.16,"exact"
"Brisbane","John Fletcher","UAP31",27055,49.62,"George Lawson","ALP",27474,50.38,"exact"
"Capricornia","Frank Forde","ALP",33211,58.74,"Edwin Hiskens","CP",23330,41.26,"exact"
"Darling Downs","Leslie Bailey","ALP",21316,42.06,"Arthur Fadden","CP",29365,57.94,"exact"
"Griffith","William Conelan","ALP",30529,50.54,"Peter McCowan","UAP31",29879,49.46,"exact"
"Herbert","Thomas Mann","CP",26446,43.56,"George Martens","ALP",34261,56.44,"exact"
"Kennedy","Bill Riordan","ALP",29988,64.22,"Wilfrid Simmonds","CP",16706,35.78,"exact"
"Maranoa","Frank Baker","ALP",25987,51.6,"Bob McGeoch","CP",24378,48.4,"exact"
"Moreton","Josiah Francis","UAP31",36265,59.25,"Henry Herbert","ALP",24938,40.75,"exact"
"Hindmarsh","Harry Hatwell","UAP31",21758,34.28,"Norman Makin","ALP",41718,65.72,"exact"
"Wakefield","Jack Duncan-Hughes","UAP31",27357,53.4,"Sydney McHugh","ALP",23870,46.6,"exact"
"Forrest","Vane Green","ALP",19832,44.62,"John Prowse","CP",24619,55.38,"exact"
"Fremantle","John Curtin","ALP",28779,50.56,"Frederick Lee","UAP31",28138,49.44,"exact"
"Swan","Jim Dinan","ALP",19879,42.54,"Henry Gregory","CP",26855,57.46,"exact"
"Darwin","George Bell","UAP31",15896,59.19,"Eric Reece","ALP",10961,40.81,"exact"
"Denison","Arthur Beck","UAP31",12969,51.06,"Gerald Mahoney","ALP",12433,48.94,"exact"
"Franklin","Charles Frost","ALP",14322,53.46,"Hugh Warner","UAP31",12466,46.54,"exact"
"Wilmot","Allan Guy","UAP31",12841,55.05,"Lancelot Spurr","ALP",10486,44.95,"exact"
"Northern Territory","Adair Blain","Ind",2579,61.77,"Lindsay Craig","ALP",1596,38.23,"exact"
"Barton","H. V. Evatt","ALP",38293,62.1,"Albert Lane","UAP31",23370,37.9,"Psephos"
"Cook","Tom Sheehan","LL40",34446,63.6,"Jock Garden","ALP",19714,36.4,"Psephos"
"Cowper","Sir Earle Page","CP",33590,64.9,"Myles Kelly","ALP",18167,35.1,"Psephos"
"Darling","Joe Clark","ALP",33761,73.5,"Alexander Huie","Ind",12173,26.5,"Psephos"
"East Sydney","Eddie Ward","ALP",31906,66.1,"Lewis Nott","UAP31",16363,33.9,"Psephos"
"Gwydir","William Scully","ALP",28888,58.8,"Ben Wade","CP",20242,41.2,"Psephos"
"Martin","William McCall","UAP31",30149,52.6,"Raymond Watt","ALP",27169,47.4,"Psephos"
"Newcastle","David Watkins","ALP",46680,78.6,"Tom Hickey","SL",12709,21.4,"Psephos"
"North Sydney","Billy Hughes","UAP31",42301,67.6,"William Wilson","SL",20275,32.4,"Psephos"
"Parkes","Sir Charles Marr","UAP31",32867,57.4,"Daniel Murphy","ALP",24392,42.6,"Psephos"
"Richmond","Larry Anthony","CP",35348,66.9,"Jim Fredericks","ALP",17489,33.1,"Psephos"
"Warringah","Percy Spender","UAP31",48032,75.5,"Bessie Frewin","ALP",15587,24.5,"Psephos"
"Werriwa","Bert Lazzarini","ALP",38879,65.1,"Charles Hardwick","UAP31",20843,34.9,"Psephos"
"West Sydney","Jack Beasley","LL40",31297,64.3,"Henry Mulcahy","ALP",17377,35.7,"Psephos"
"Balaclava","Thomas White","UAP31",47058,68.6,"Charles Sandford","ALP",21539,31.4,"Psephos"
"Corio","John Dedman","ALP",30095,56.4,"Gerald Patterson","UAP31",23265,43.6,"Psephos"
"Deakin","William Hutchinson","UAP31",33300,62.2,"Frank Williamson","ALP",20237,37.8,"Psephos"
"Fawkner","Harold Holt","UAP31",39436,62.5,"Arthur Fraser","ALP",23661,37.5,"Psephos"
"Henty","Arthur Coles","Ind",41312,63.5,"Arthur Haywood","ALP",23747,36.5,"Psephos"
"Kooyong","Robert Menzies","UAP31",49177,70.1,"Thomas Brennan","ALP",20976,29.9,"Psephos"
"Melbourne","Arthur Calwell","ALP",39157,71.1,"Richard Griffiths","UAP31",15916,28.9,"Psephos"
"Yarra","James Scullin","ALP",37456,65.6,"Fred Edmunds","UAP31",19641,34.4,"Psephos"
"Lilley","William Jolly","UAP31",35958,59.6,"Gordon Lovell","ALP",24374,40.4,"Psephos"
"Wide Bay","Bernard Corser","CP",30804,58.9,"Samuel Round","ALP",21494,41.1,"Psephos"
"Adelaide","Fred Stacey","UAP31",32183,54.7,"Edgar Dawes","ALP",26653,45.3,"Psephos"
"Barker","Archie Cameron","CP",38943,65.9,"Cecil Skitch","ALP",20151,34.1,"Psephos"
"Boothby","John Price","UAP31",42269,65.2,"Edwin Yates","ALP",22560,34.8,"Psephos"
"Grey","Oliver Badman","CP",28072,57.7,"Charles Davis","ALP",20579,42.3,"Psephos"
"Perth","Walter Nairn","UAP31",35133,64.5,"Gavan McMillan","ALP",19336,35.5,"Psephos"
"Bass","Claude Barnard","ALP",13176,54.2,"Algie Findlay","UAP31",11134,45.8,"Psephos"
