"Seat","Candidate1","Party1","Votes1","Vote_perc1","Candidate2","Party2","Votes2","Vote_perc2","Est"
"Barton","H. V. Evatt","ALP",48740,66.95,"George Hohnen","Lib46",24064,33.05,"exact"
"Calare","John Breen","ALP",23496,48.2,"John Howse","Lib46",25247,51.8,"exact"
"Martin","Fred Daly","ALP",35998,54.95,"Frederick Jacobs","Lib46",29507,45.05,"exact"
"New England","Joe Abbott","CP",29664,60.57,"Leigh Cuthbertson","ALP",19310,39.43,"exact"
"North Sydney","Leo Haylen","ALP",32247,44.12,"Billy Hughes","Lib46",40845,55.88,"exact"
"Parkes","Les Haylen","ALP",32806,50.13,"Athol Richardson","Lib46",32642,49.87,"exact"
"Parramatta","Howard Beale","Lib46",43070,60.06,"Dudley Jeffree","ALP",28645,39.94,"exact"
"Reid","Jack Lang","LL43",39316,54.2,"Charles Morgan","ALP",33229,45.8,"exact"
"Richmond","Larry Anthony","CP",37826,68.29,"Keith Compton","ALP",17567,31.71,"exact"
"Riverina","Joe Langtry","ALP",23134,50.57,"Hugh Roberton","CP",22610,49.43,"exact"
"Warringah","George Godfrey","ALP",28773,37.18,"Percy Spender","Lib46",48625,62.82,"exact"
"Balaclava","Maurice Ashkanasy","ALP",32087,41.55,"Thomas White","Lib46",45137,58.45,"exact"
"Ballaarat","Arnold Caddy","Lib46",22812,46.9,"Reg Pollard","ALP",25827,53.1,"exact"
"Bendigo","Ernest Duus","ALP",20544,44.94,"George Rankin","CP",25172,55.06,"exact"
"Bourke","Doris Blackburn","Ind ALP",34478,51.1,"Bill Bryson","ALP",32989,48.9,"exact"
"Corangamite","Allan McDonald","Lib46",25999,54.95,"Henry Stacpoole","ALP",21317,45.05,"exact"
"Deakin","William Hutchinson","Lib46",36262,56.68,"Arthur Smith","ALP",27710,43.32,"exact"
"Flinders","Frank Lee","ALP",30698,45.6,"Rupert Ryan","Lib46",36615,54.4,"exact"
"Henty","Val Doube","ALP",37785,47.92,"Jo Gullett","Lib46",41069,52.08,"exact"
"Indi","John Chanter","Ind CP",17406,34.1,"John McEwen","CP",33634,65.9,"exact"
"Maribyrnong","Adrian Cole","Lib46",25155,34.19,"Arthur Drakeford","ALP",48424,65.81,"exact"
"Melbourne","Arthur Calwell","ALP",42922,73.38,"Reg Cooper","Lib46",15572,26.62,"exact"
"Melbourne Ports","Douglas Dennis","Lib46",21884,33.26,"Jack Holloway","ALP",43905,66.74,"exact"
"Wannon","Dan Mackinnon","Lib46",25195,48.82,"Don McLeod","ALP",26409,51.18,"exact"
"Wimmera","Alfred Loveridge","ALP",16216,37.92,"Winton Turnbull","CP",26551,62.08,"exact"
"Capricornia","Charles Davidson","Lib46",30731,52.93,"Frank Forde","ALP",27333,47.07,"exact"
"Herbert","Bill Edmonds","ALP",37026,60.34,"Lloyd Roberts","CP",24332,39.66,"exact"
"Kennedy","Clement Cummings","CP",18769,42.49,"Bill Riordan","ALP",25404,57.51,"exact"
"Lilley","James Hadley","ALP",36350,50.75,"Charles Wilson","Lib46",35278,49.25,"exact"
"Boothby","Thomas Sheehy","ALP",39724,51.82,"Keith Wilson","Lib46",36941,48.18,"exact"
"Grey","Oliver Badman","Lib46",22016,44.48,"Edgar Russell","ALP",27479,55.52,"exact"
"Fremantle","Kim Beazley","ALP",45383,64.09,"Claude Henderson","Lib46",25428,35.91,"exact"
"Kalgoorlie","Herbert Johnson","ALP",22655,68.03,"Seddon Vincent","Lib46",10646,31.97,"exact"
"Swan","Len Hamilton","CP",27790,50.22,"Don Mountjoy","ALP",27549,49.78,"exact"
"Bass","Claude Barnard","ALP",15387,57,"Harry Spotswood","Lib46",11608,43,"exact"
"Darwin","Harold Kirkpatrick","ALP",13392,45.82,"Dame Enid Lyons","Lib46",15835,54.18,"exact"
"Denison","John Gaha","ALP",16231,57.03,"Bruce Hamilton","Lib46",12227,42.97,"exact"
"Franklin","Bill Falkinder","Lib46",15678,50.12,"Charles Frost","ALP",15605,49.88,"exact"
"Wilmot","Gil Duthie","ALP",13032,51.7,"Allan Guy","Lib46",12177,48.3,"exact"
"Northern Territory","Adair Blain","Ind",1690,55.9,"Leigh Wallman","Ind ALP",1333,44.1,"exact"
"Cook","Tom Sheehan","ALP",43332,73.4,"Arthur Brittain","LL43",15704,26.6,"Psephos"
"Cowper","Sir Earle Page","CP",33071,59.5,"George Mitchell","ALP",22511,40.5,"Psephos"
"Dalley","Sol Rosevear","ALP",44805,73.7,"Leslie Webster","Lib46",15989,26.3,"Psephos"
"Darling","Joe Clark","ALP",30201,66.8,"Greg McGirr","CP",15010,33.2,"Psephos"
"East Sydney","Eddie Ward","ALP",39065,67.6,"Ivan Dougherty","Lib46",18724,32.4,"Psephos"
"Eden-Monaro","Allan Fraser","ALP",26502,52.7,"Denzil Macarthur-Onslow","Lib46",23786,47.3,"Psephos"
"Gwydir","William Scully","ALP",23585,51.2,"Thomas Treloar","CP",22479,48.8,"Psephos"
"Hume","Arthur Fuller","ALP",27962,54.2,"Warren McDonald","CP",23629,45.8,"Psephos"
"Hunter","Rowley James","ALP",47350,80.3,"Ted Fletcher","Lib46",11616,19.7,"Psephos"
"Lang","Dan Mulcahy","ALP",47406,64.6,"John Paget","Lib46",25978,35.4,"Psephos"
"Macquarie","Ben Chifley","ALP",34608,60.5,"Eric Spooner","Lib46",22596,39.5,"Psephos"
"Newcastle","David Watkins","ALP",46239,71.3,"Allen Fairhall","Lib46",18612,28.7,"Psephos"
"Robertson","Thomas Williams","ALP",35016,53.8,"Roy Wheeler","Lib46",30069,46.2,"Psephos"
"Watson","Max Falstein","ALP",40150,56.7,"Charles de Monchaux","Lib46",30662,43.3,"Psephos"
"Wentworth","Eric Harrison","Lib46",41541,55.3,"Jessie Street","ALP",33579,44.7,"Psephos"
"Werriwa","Bert Lazzarini","ALP",45278,62.1,"Ray Watson","Lib46",27634,37.9,"Psephos"
"West Sydney","William O'Connor","ALP",40243,77.4,"Thomas Ryan","LL43",11750,22.6,"Psephos"
"Batman","Frank Brennan","ALP",45460,66.7,"John McColl","Lib46",22696,33.3,"Psephos"
"Corio","John Dedman","ALP",34803,57.2,"Frederick Wallace","Lib46",26041,42.8,"Psephos"
"Fawkner","Harold Holt","Lib46",41051,56.2,"Bill Bourke","ALP",31994,43.8,"Psephos"
"Gippsland","George Bowden","CP",28858,55.8,"Adam Keltie","ALP",22858,44.2,"Psephos"
"Kooyong","Robert Menzies","Lib46",50593,63.3,"Albert Nicholls","ALP",29333,36.7,"Psephos"
"Yarra","James Scullin","ALP",43418,69.3,"Kenneth Bisney","Lib46",19234,30.7,"Psephos"
"Brisbane","George Lawson","ALP",35273,57,"Geoffrey Ward","Lib46",26610,43,"Psephos"
"Darling Downs","Arthur Fadden","CP",32597,61.9,"William English","ALP",20064,38.1,"Psephos"
"Griffith","William Conelan","ALP",36253,53.9,"William Scott","Lib46",31007,46.1,"Psephos"
"Maranoa","Charles Adermann","CP",31368,61.6,"John Dufficy","ALP",19554,38.4,"Psephos"
"Moreton","Josiah Francis","Lib46",46279,65.7,"Jack Perrett","ALP",24161,34.3,"Psephos"
"Wide Bay","Bernard Corser","CP",37176,65.1,"George Watson","ALP",19930,34.9,"Psephos"
"Adelaide","Cyril Chambers","ALP",43364,63.9,"Ian Hayward","Lib46",24498,36.1,"Psephos"
"Barker","Archie Cameron","Lib46",36159,56.4,"Harry Krantz","ALP",27952,43.6,"Psephos"
"Hindmarsh","Albert Thompson","ALP",58651,76.5,"William Palmer","Lib46",18017,23.5,"Psephos"
"Wakefield","Philip McBride","Lib46",27509,52.7,"Albert Smith","ALP",24691,47.3,"Psephos"
"Forrest","Nelson Lemmon","ALP",24978,52.3,"James Cumming","Lib46",22781,47.7,"Psephos"
"Perth","Tom Burke","ALP",33384,52.4,"Jim Paton","Lib46",30326,47.6,"Psephos"
