"Seat","Candidate1","Party1","Votes1","Vote_perc1","Candidate2","Party2","Votes2","Vote_perc2","Est"
"Barton","John Eldridge","LL31",31234,46.78,"Albert Lane","UAP31",35538,53.22,"exact"
"Cook","Jock Garden","LL31",19845,49.12,"Edward Riley","ALP",20560,50.88,"exact"
"Dalley","Sidney Massey","UAP31",13355,35.96,"Sol Rosevear","LL31",23784,64.04,"exact"
"Darling","Arthur Blakeley","ALP",22828,63.86,"Harold Campbell","CP",12917,36.14,"exact"
"East Sydney","John Clasby","UAP31",19831,51.67,"Eddie Ward","LL31",18549,48.33,"exact"
"Eden-Monaro","Gerald O'Sullivan","ALP",14861,36.39,"John Perkins","UAP31",25980,63.61,"exact"
"Lang","Dick Dein","UAP31",23404,54.16,"Dan Mulcahy","LL31",19811,45.84,"exact"
"Macquarie","Ben Chifley","ALP",19524,49.42,"John Lawson","UAP31",19980,50.58,"exact"
"Martin","Charles Hankin","LL31",21328,33.74,"William Holman","UAP31",41886,66.26,"exact"
"New England","Angus Campbell","Ind",13295,33.36,"Victor Thompson","CP",26555,66.64,"exact"
"Newcastle","Rowland Clark","AAL",18002,35.86,"David Watkins","ALP",32194,64.14,"exact"
"North Sydney","Norman Cowper","UAP31",23267,42.51,"Billy Hughes","UAP31",31470,57.49,"exact"
"Reid","Joe Gander","LL31",38974,55.3,"Robert Uebel","UAP31",31499,44.7,"exact"
"Richmond","Robert Gibson","CP",20237,49.6,"Roland Green","CP",20562,50.4,"exact"
"Riverina","Robert Hankinson","CP",21008,48.71,"Horace Nock","CP",22121,51.29,"exact"
"South Sydney","John Jennings","UAP31",29897,55.07,"John Stewart","LL31",24397,44.93,"exact"
"Warringah","Walter Duncan","UAP31",19989,40.65,"Archdale Parkhill","UAP31",29180,59.35,"exact"
"Wentworth","Eric Harrison","UAP31",35460,65.8,"Walter Marks","UAP31",18434,34.2,"exact"
"Werriwa","Bert Lazzarini","LL31",21942,48.27,"Walter McNicoll","CP",23518,51.73,"exact"
"Ballaarat","Charles McGrath","UAP31",24859,63.29,"Stewart Miller","ALP",14418,36.71,"exact"
"Batman","Frank Brennan","ALP",30432,49.22,"Samuel Dennis","UAP31",31393,50.78,"exact"
"Bendigo","Eric Harrison","UAP31",23710,59.46,"Richard Keane","ALP",16167,40.54,"exact"
"Bourke","Frank Anstey","ALP",28897,51.13,"Roy Ivey","UAP31",27624,48.87,"exact"
"Corangamite","Richard Crouch","ALP",15321,37.09,"William Gibson","CP",25985,62.91,"exact"
"Corio","Richard Casey","UAP31",30613,60.57,"Arthur Lewis","ALP",19925,39.43,"exact"
"Echuca","William Hill","CP",21278,52.43,"Galloway Stewart","Ind CP",19304,47.57,"exact"
"Flinders","Stanley Bruce","UAP31",45304,68.32,"Arthur Haywood","ALP",21004,31.68,"exact"
"Henty","Henry Gullett","UAP31",56404,74.97,"Fred Katz","ALP",18835,25.03,"exact"
"Indi","William Hutchinson","UAP31",25405,62.96,"Paul Jones","ALP",14945,37.04,"exact"
"Kooyong","John Latham","UAP31",50590,76.48,"Cornelius Loughnan","ALP",15557,23.52,"exact"
"Maribyrnong","William Beckett","ALP",26746,49.58,"James Fenton","UAP31",27195,50.42,"exact"
"Melbourne","William Maloney","ALP",22224,62.04,"Israel Smith","UAP31",13599,37.96,"exact"
"Wannon","John McNeill","ALP",16058,37.69,"Thomas Scholfield","UAP31",26546,62.31,"exact"
"Wimmera","Alexander Dowsley","Ind",17420,38.24,"Hugh McClelland","CP",28137,61.76,"exact"
"Brisbane","Donald Cameron","UAP31",20151,49.34,"George Lawson","ALP",20691,50.66,"exact"
"Capricornia","Frank Forde","ALP",28449,58.79,"Robert Staines","CP",19944,41.21,"exact"
"Herbert","Grosvenor Francis","UAP31",24733,43.7,"George Martens","ALP",31866,56.3,"exact"
"Kennedy","Jim Clarke","UAP31",11655,39.83,"Darby Riordan","ALP",17605,60.17,"exact"
"Maranoa","Myles Ferricks","ALP",15119,48.15,"James Hunter","CP",16278,51.85,"exact"
"Adelaide","Fred Stacey","EC",22523,59.64,"Edwin Yates","ALP",15239,40.36,"exact"
"Angas","Moses Gabb","EC",37719,76.81,"David Fraser","ALP",11390,23.19,"exact"
"Grey","Andrew Lacey","ALP",14469,42.52,"Philip McBride","EC",19560,57.48,"exact"
"Wakefield","Maurice Collins","Ind CP",12030,34.74,"Charles Hawker","EC",22596,65.26,"exact"
"Fremantle","John Curtin","ALP",20271,44.45,"William Watson","UAP31",25328,55.55,"exact"
"Perth","John Moloney","ALP",14459,39.55,"Walter Nairn","UAP31",22102,60.45,"exact"
"Bass","Claude Barnard","ALP",7841,35.5,"Allan Guy","UAP31",14247,64.5,"exact"
"Darwin","George Bell","UAP31",16149,69.88,"Joseph McGrath","ALP",6962,30.12,"exact"
"Denison","Charles Culley","ALP",9868,44.96,"Arthur Hutchin","UAP31",12078,55.04,"exact"
"Calare","Harold Thorby","CP",24827,60.1,"Tom Watson","LL31",16482,39.9,"Psephos"
"Cowper","Earle Page","CP",30476,75.3,"John Cusack","ALP",9997,24.7,"Psephos"
"Gwydir","Aubrey Abbott","CP",24008,59.8,"Lou Cunningham","ALP",16139,40.2,"Psephos"
"Hume","Thomas Collins","CP",24044,57.5,"Parker Moloney","ALP",17771,42.5,"Psephos"
"Hunter","Rowley James","LL31",27557,57.2,"Arnold Bailey","Ind",20620,42.8,"Psephos"
"Parkes","Charles Marr","UAP31",36186,62.8,"Herbert Garden","LL31",21435,37.2,"Psephos"
"Parramatta","Frederick Stewart","UAP31",42326,66.2,"Valentine Patterson","LL31",21611,33.8,"Psephos"
"Robertson","Sydney Gardner","UAP31",29891,72.5,"William Fleming","Ind CP",11338,27.5,"Psephos"
"West Sydney","Jack Beasley","LL31",23238,75.1,"Arthur Butterell","UAP31",7705,24.9,"Psephos"
"Balaclava","Thomas White","UAP31",42273,76.5,"Edward Stewart","ALP",12986,23.5,"Psephos"
"Fawkner","George Maxwell","UAP31",29704,70.3,"John McKenna","ALP",12549,29.7,"Psephos"
"Melbourne Ports","Jack Holloway","ALP",24476,60.3,"William Orr","UAP31",16114,39.7,"Psephos"
"Yarra","James Scullin","ALP",24128,63.3,"John Davis","UAP31",13989,36.7,"Psephos"
"Darling Downs","Sir Littleton Groom","Ind",25818,59.8,"Arthur Morgan","UAP31",17356,40.2,"Psephos"
"Lilley","George Mackay","UAP31",34070,60.2,"Alexander Costello","Ind ALP",22525,39.8,"Psephos"
"Oxley","Francis Baker","ALP",30081,55.8,"James Bayley","UAP31",23828,44.2,"Psephos"
"Barker","Malcolm Cameron","EC",33789,70.7,"Cyril Hasse","ALP",14003,29.3,"Psephos"
"Boothby","John Price","EC",32881,74,"Cecil Skitch","ALP",11553,26,"Psephos"
"Hindmarsh","Norman Makin","ALP",29917,58.4,"Ernest Evans","EC",21311,41.6,"Psephos"
"Kalgoorlie","Albert Green","ALP",15852,59.1,"William Pickering","CP",10971,40.9,"Psephos"
"Swan","Henry Gregory","CP",30574,63.8,"John Fraser","ALP",17347,36.2,"Psephos"
"Franklin","Archibald Blacklow","UAP31",14409,63,"Charles Frost","ALP",8462,37,"Psephos"
"Wilmot","Joseph Lyons","UAP31",15129,72.1,"George Becker","ALP",5855,27.9,"Psephos"
"Northern Territory","Harold Nelson","ALP",825,55.71,"William Easton","Ind",656,44.29,"Psephos"
