"Seat","Candidate1","Party1","Votes1","Vote_perc1","Candidate2","Party2","Votes2","Vote_perc2","Est"
"Banks","John Mountford","ALP",35180,56.81,"Max Parker","Lib46",26745,43.19,"exact"
"Barton","Gary Punch","ALP",33463,51.04,"Bob Gemmell","Lib46",32097,48.96,"exact"
"Bennelong","John Howard","Lib46",38601,60.62,"Beverley Sharpe","ALP",25080,39.38,"exact"
"Berowra","Harry Edwards","Lib46",43045,66.65,"Sue Deane","ALP",21535,33.35,"exact"
"Blaxland","Paul Keating","ALP",34192,58.81,"Andrew Thorn","Lib46",23950,41.19,"exact"
"Bradfield","David Connolly","Lib46",48495,76.09,"Michael Fry","ALP",15236,23.91,"exact"
"Calare","Mick English","Lib46",30537,46.71,"David Simmons","ALP",34834,53.29,"exact"
"Charlton","Bob Brown","ALP",41830,66.86,"Mollie Blake","Lib46",20729,33.14,"exact"
"Chifley","Roger Price","ALP",41586,69.1,"Paul Conlon","Lib46",18596,30.9,"exact"
"Cook","Michael Addison","ALP",28290,43.94,"Don Dobie","Lib46",36092,56.06,"exact"
"Cowper","Garry Nehl","NPA",39150,59.1,"John Murphy","ALP",27089,40.9,"exact"
"Cunningham","Jeff Thomson","Lib46",20693,35.59,"Stewart West","ALP",37442,64.41,"exact"
"Dobell","Les Nunn","Lib46",27383,43.09,"Michael Lee","ALP",36161,56.91,"exact"
"Dundas","Veronica Husted","ALP",24261,38.96,"Philip Ruddock","Lib46",38010,61.04,"exact"
"Eden-Monaro","Jim Snow","ALP",34144,54.44,"David Evans","Lib46",28577,45.56,"exact"
"Farrer","Tim Fischer","NPA",42302,65.22,"Barry Marks","ALP",22555,34.78,"exact"
"Fowler","Jeff Fishlock","Lib46",21423,37.58,"Ted Grace","ALP",35582,62.42,"exact"
"Gilmore","John Sharp","NPA",34643,56.22,"John Wright","ALP",26977,43.78,"exact"
"Grayndler","Karl Tartak","Lib46",23883,40.29,"Leo McLeay","ALP",35395,59.71,"exact"
"Greenway","Warren Musgrave","Lib46",23700,40.11,"Russ Gorman","ALP",35386,59.89,"exact"
"Gwydir","Trevor Elks","ALP",24958,39.72,"Ralph Hunt","NPA",37871,60.28,"exact"
"Hughes","Robert Tickner","ALP",34958,55.07,"Cliff Mason","Lib46",28524,44.93,"exact"
"Hume","Rod Milliken","ALP",27137,42.48,"Wal Fife","Lib46",36750,57.52,"exact"
"Hunter","Eric Fitzgibbon","ALP",34685,53.63,"John Turner","NPA",29993,46.37,"exact"
"Kingsford-Smith","Carolyn O'Connor","Lib46",21862,35.75,"Lionel Bowen","ALP",39284,64.25,"exact"
"Lindsay","Ross Free","ALP",37033,58.95,"Glynis Hayne","Lib46",25785,41.05,"exact"
"Lowe","Bob Woods","Lib46",32520,51.64,"Michael Maher","ALP",30454,48.36,"exact"
"Lyne","Bruce Cowan","NPA",39629,59.82,"Garry Worth","ALP",26619,40.18,"exact"
"Macarthur","Ron Forrester","Lib46",24814,41.1,"Stephen Martin","ALP",35558,58.9,"exact"
"Mackellar","Jim Carlton","Lib46",39137,63.19,"Eileen Blackmore","ALP",22799,36.81,"exact"
"Macquarie","Alasdair Webster","Lib46",33300,55.79,"David March","ALP",26383,44.21,"exact"
"Mitchell","Geoff Robinson","ALP",17603,27.47,"Alan Cadman","Lib46",46473,72.53,"exact"
"Newcastle","Alan Taggart","Lib46",21671,35.91,"Allan Morris","ALP",38670,64.09,"exact"
"New England","Joe Horan","ALP",27669,41.63,"Ian Sinclair","NPA",38800,58.37,"exact"
"North Sydney","John Spender","Lib46",39815,64.23,"Eddie Britt","ALP",22174,35.77,"exact"
"Page","Trevor Ellem","ALP",28580,45.49,"Ian Robinson","NPA",34249,54.51,"exact"
"Parkes","Michael Cobb","NPA",37816,60.78,"Graham Lund","ALP",24403,39.22,"exact"
"Parramatta","Paul Hamer","Lib46",26914,43.72,"John Brown","ALP",34649,56.28,"exact"
"Phillip","Jeannette McHugh","ALP",34743,54.09,"Ray Collins","Lib46",29491,45.91,"exact"
"Prospect","Dick Klugman","ALP",40861,63.95,"Robert Ingram","Lib46",23038,36.05,"exact"
"Reid","Lynne McDowell","Lib46",23348,38.16,"Tom Uren","ALP",37839,61.84,"exact"
"Richmond","Klaas Woldring","ALP",26500,43.41,"Charles Blunt","NPA",34542,56.59,"exact"
"Riverina-Darling","Peter Black","ALP",28017,46.5,"Noel Hicks","NPA",32238,53.5,"exact"
"Robertson","Barry Cohen","ALP",35645,54.56,"Paul St Clair","Lib46",29688,45.44,"exact"
"Shortland","Milton Caine","Lib46",25405,38.91,"Peter Morris","ALP",39890,61.09,"exact"
"St George","Gary Rush","Lib46",28651,46.32,"Stephen Dubois","ALP",33209,53.68,"exact"
"Sydney","Peter Baldwin","ALP",41220,69.9,"Les Morka","Lib46",17746,30.1,"exact"
"Throsby","Neville Fredericks","Lib46",25359,42.93,"Colin Hollis","ALP",33718,57.07,"exact"
"Warringah","Michael MacKellar","Lib46",40684,64.14,"Ian Douglas","ALP",22748,35.86,"exact"
"Wentworth","Anne-Marie Whittaker","ALP",24695,42,"John Hewson","Lib46",34101,58,"exact"
"Werriwa","John Kerin","ALP",43094,63.66,"David Brock","Lib46",24600,36.34,"exact"
"Aston","Gordon Ashley","Lib46",29547,46.42,"John Saunderson","ALP",34099,53.58,"exact"
"Ballarat","John Mildren","ALP",34674,51.89,"John Ronan","Lib46",32147,48.11,"exact"
"Batman","Brian Howe","ALP",40041,72.77,"Ron Dunn","Lib46",14983,27.23,"exact"
"Bendigo","John Brumby","ALP",35577,53.41,"John Radford","Lib46",31036,46.59,"exact"
"Bruce","Ken Aldred","Lib46",31282,52.01,"Patrick Robinson","ALP",28862,47.99,"exact"
"Burke","Peter Dale","Lib46",30206,45.56,"Neil O'Keefe","ALP",36098,54.44,"exact"
"Calwell","Andrew Theophanous","ALP",41077,68.59,"Chris Dimitrijevic","Lib46",18807,31.41,"exact"
"Casey","David McKenzie","ALP",31528,48.76,"Bob Halverson","Lib46",33125,51.24,"exact"
"Chisholm","Helen Mayer","ALP",31528,49.32,"Michael Wooldridge","Lib46",32400,50.68,"exact"
"Corangamite","Ian Caldwell","ALP",30411,45.4,"Stewart McArthur","Lib46",36572,54.6,"exact"
"Corio","Gordon Scholes","ALP",39026,62.91,"Patrick Conheady","Lib46",23004,37.09,"exact"
"Deakin","Madelyn Myatt","ALP",30624,48.46,"Julian Beale","Lib46",32569,51.54,"exact"
"Dunkley","Bob Chynoweth","ALP",31837,51.72,"Tom Warwick","Lib46",29723,48.28,"exact"
"Flinders","Peter Reith","Lib46",34498,51.29,"Tony Lack","ALP",32757,48.71,"exact"
"Gellibrand","Tim Warner","Lib46",17390,29.38,"Ralph Willis","ALP",41804,70.62,"exact"
"Gippsland","Zona Child","ALP",22958,34.97,"Peter McGauran","NPA",42687,65.03,"exact"
"Goldstein","Ian Macphee","Lib46",37566,59.45,"Murray McInnes","ALP",25618,40.55,"exact"
"Henty","Rudi Michelson","Lib46",27496,45.23,"Joan Child","ALP",33301,54.77,"exact"
"Higgins","Barbara Higgins","ALP",22888,37.39,"Roger Shipton","Lib46",38328,62.61,"exact"
"Holt","Janice Bateman","Lib46",22583,39.57,"Michael Duffy","ALP",34489,60.43,"exact"
"Hotham","Peter McCall","Lib46",27328,43.47,"Lewis Kent","ALP",35535,56.53,"exact"
"Indi","Ewen Cameron","Lib46",41549,62.57,"Danny Walsh","ALP",24860,37.43,"exact"
"Isaacs","David Charles","ALP",32351,52.68,"Rod Atkinson","Lib46",29057,47.32,"exact"
"Jagajaga","Peter Staples","ALP",33698,58.21,"John Pasquarelli","Lib46",24191,41.79,"exact"
"Kooyong","Andrew Peacock","Lib46",39647,64.04,"Lindsay Woods","ALP",22265,35.96,"exact"
"Lalor","Barry Jones","ALP",45824,69.49,"Darren Farquhar","Lib46",20118,30.51,"exact"
"La Trobe","Bob Charles","Lib46",26439,42.66,"Peter Milton","ALP",35539,57.34,"exact"
"Mallee","Linda Freedman","ALP",19414,29.86,"Peter Fisher","NPA",45595,70.14,"exact"
"Maribyrnong","Victor Rudewych","Lib46",25584,42.76,"Alan Griffiths","ALP",34252,57.24,"exact"
"McEwen","Peter Cleeland","ALP",34605,54.07,"David Millie","Lib46",29397,45.93,"exact"
"McMillan","John Kiely","Lib46",28555,45.69,"Barry Cunningham","ALP",33949,54.31,"exact"
"Melbourne","Gerry Hand","ALP",39705,69.38,"Frank Randle","Lib46",17526,30.62,"exact"
"Melbourne Ports","Allan Paull","Lib46",23831,40.07,"Clyde Holding","ALP",35643,59.93,"exact"
"Menzies","Neil Brown","Lib46",35049,57.33,"Ivana Csar","ALP",26085,42.67,"exact"
"Murray","Bruce Lloyd","NPA",45290,70.37,"Mark Anderson","ALP",19074,29.63,"exact"
"Scullin","Mike Kabos","Lib46",14497,26.83,"Harry Jenkins","ALP",39539,73.17,"exact"
"Streeton","Russell Broadbent","Lib46",29275,47.08,"Tony Lamb","ALP",32911,52.92,"exact"
"Wannon","David Hawker","Lib46",40718,63.08,"Kevin Watt","ALP",23829,36.92,"exact"
"Wills","Bob Hawke","ALP",40519,69.92,"Olga Venables","Lib46",17432,30.08,"exact"
"Bowman","Andrew Crowe","Lib46",29085,44.96,"Con Sciacca","ALP",35609,55.04,"exact"
"Brisbane","Manfred Cross","ALP",35409,56.43,"David Drake","Lib46",27335,43.57,"exact"
"Capricornia","Ted Price","NPA",27155,42.95,"Keith Wright","ALP",36065,57.05,"exact"
"Dawson","Ray Braithwaite","NPA",33436,51.85,"Bill Welch","ALP",31047,48.15,"exact"
"Fadden","David Jull","Lib46",32311,54.41,"Peter Wilson","ALP",27074,45.59,"exact"
"Fairfax","Alison Smith","ALP",26565,42.66,"Evan Adermann","NPA",35713,57.34,"exact"
"Fisher","Peter Slipper","NPA",33394,49.48,"Michael Lavarch","ALP",34097,50.52,"exact"
"Forde","David Watson","Lib46",28925,48.96,"Mary Crawford","ALP",30152,51.04,"exact"
"Griffith","Ben Humphreys","ALP",37098,60.41,"Wayne Black","Lib46",24312,39.59,"exact"
"Groom","Tom McVeigh","NPA",41174,62.78,"Linda Dwyer","ALP",24407,37.22,"exact"
"Herbert","Ted Lindsay","ALP",37259,56.78,"Jose Goicoechea","NPA",28360,43.22,"exact"
"Hinkler","Brian Courtice","ALP",32753,51.08,"Bryan Conquest","NPA",31367,48.92,"exact"
"Kennedy","James Byrne","ALP",28380,47.01,"Bob Katter","NPA",31989,52.99,"exact"
"Leichhardt","John Gayler","ALP",33747,54.28,"Kevin Byrne","NPA",28430,45.72,"exact"
"Lilley","Elaine Darling","ALP",36848,58.24,"John Gates","Lib46",26422,41.76,"exact"
"McPherson","Pat Stern","ALP",26454,37.41,"Peter White","Lib46",44263,62.59,"exact"
"Maranoa","Ian Cameron","NPA",41604,64.85,"Raymond Paroz","ALP",22550,35.15,"exact"
"Moncrieff","Kathy Sullivan","Lib46",38644,60.21,"Robert Boyce","ALP",25543,39.79,"exact"
"Moreton","Donald Cameron","Lib46",31518,50.7,"Garrie Gibson","ALP",30645,49.3,"exact"
"Oxley","Barry Hoffensetz","NPA",21265,35.14,"Bill Hayden","ALP",39256,64.86,"exact"
"Petrie","Gary Johns","ALP",33995,51.44,"John Hodges","Lib46",32086,48.56,"exact"
"Rankin","Gerard Walsh","NPA",26791,45.25,"David Beddall","ALP",32415,54.75,"exact"
"Ryan","Fleur Yuile","ALP",27379,41.13,"John Moore","Lib46",39181,58.87,"exact"
"Wide Bay","Andrew Foley","ALP",25087,41.23,"Clarrie Millar","NPA",35755,58.77,"exact"
"Adelaide","Peter Panagaris","Lib46",28056,43.48,"Chris Hurford","ALP",36468,56.52,"exact"
"Barker","Bill Hender","ALP",24448,38.37,"James Porter","Lib46",39273,61.63,"exact"
"Bonython","Neal Blewett","ALP",42338,68.07,"Bernard Buechner","Lib46",19862,31.93,"exact"
"Boothby","Steele Hall","Lib46",40004,61.62,"Jayne Taylor","ALP",24915,38.38,"exact"
"Grey","Russell Reid","Lib46",27271,44.2,"Lloyd O'Neil","ALP",34425,55.8,"exact"
"Hawker","Elizabeth Harvey","ALP",32782,51.2,"Kim Jacobs","Lib46",31243,48.8,"exact"
"Hindmarsh","Barry Lewis","Lib46",28189,44.88,"John Scott","ALP",34615,55.12,"exact"
"Kingston","Gordon Bilney","ALP",34157,54.77,"Richard Noble","Lib46",28203,45.23,"exact"
"Makin","Neville Joyce","Lib46",28904,46.59,"Peter Duncan","ALP",33130,53.41,"exact"
"Mayo","Alexander Downer","Lib46",40656,62.65,"Delia Skorin","ALP",24243,37.35,"exact"
"Port Adelaide","Mick Young","ALP",41276,66.3,"Barry Blundell","Lib46",20979,33.7,"exact"
"Sturt","Phil Robins","ALP",27297,43.42,"Ian Wilson","Lib46",35564,56.58,"exact"
"Wakefield","Neil Andrew","Lib46",41626,63.69,"Susan Stephens","ALP",23733,36.31,"exact"
"Brand","Bernie Masters","Lib46",26669,43.31,"Wendy Fatin","ALP",34906,56.69,"exact"
"Canning","Ricky Johnston","Lib46",27496,46.23,"George Gear","ALP",31985,53.77,"exact"
"Cowan","Paul Filing","Lib46",29260,46.82,"Carolyn Jakobsen","ALP",33241,53.18,"exact"
"Curtin","Allan Rocher","Lib46",37703,61.62,"Philip Laskaris","ALP",23486,38.38,"exact"
"Forrest","Geoff Prosser","Lib46",33678,53.11,"Gerry Thompson","ALP",29737,46.89,"exact"
"Fremantle","Jenny van den Hoek","Lib46",22338,37.25,"John Dawkins","ALP",37628,62.75,"exact"
"Kalgoorlie","David Johnston","Lib46",25420,43.35,"Graeme Campbell","ALP",33223,56.65,"exact"
"Moore","Allen Blanchard","ALP",33940,55.16,"Jim Crawley","Lib46",27587,44.84,"exact"
"O'Connor","Wilson Tuckey","Lib46",44695,70.58,"Kim Chance","ALP",18632,29.42,"exact"
"Perth","Bob Campbell","Lib46",26535,43.25,"Ric Charlesworth","ALP",34819,56.75,"exact"
"Stirling","Ron Edwards","ALP",31972,53.63,"Bill Brown","Lib46",27642,46.37,"exact"
"Swan","Kim Beazley","ALP",34220,57.98,"Harry Klapp","Lib46",24804,42.02,"exact"
"Tangney","Peter Shack","Lib46",36405,57.45,"Ray Masterton","ALP",26962,42.55,"exact"
"Bass","Warwick Smith","Lib46",29173,53.66,"Richard Taylor","ALP",25194,46.34,"exact"
"Braddon","Chris Miles","Lib46",32108,57.94,"David Currie","ALP",23307,42.06,"exact"
"Denison","Duncan Kerr","ALP",29787,53.79,"Michael Hodgman","Lib46",25587,46.21,"exact"
"Franklin","Bruce Goodluck","Lib46",29407,53.29,"Nick Sherry","ALP",25777,46.71,"exact"
"Lyons","Max Burr","Lib46",29555,54.42,"Dick Adams","ALP",24754,45.58,"exact"
"Northern Territory","Peter Paroulakis","CLP",28723,47.78,"Warren Snowdon","ALP",31386,52.22,"exact"
"Canberra","Ros Kelly","ALP",45070,61.97,"John Louttit","Lib46",27661,38.03,"exact"
"Fraser","John Langmore","ALP",48505,64.48,"Ian Farrow","Lib46",26718,35.52,"exact"
