"Seat","Candidate1","Party1","Votes1","Vote_perc1","Candidate2","Party2","Votes2","Vote_perc2","Est"
"Barton","William Arthur","Lib46",21114,49.73,"H. V. Evatt","ALP",21340,50.27,"exact"
"Bennelong","Harold Coates","ALP",16607,39.32,"John Cramer","Lib46",25628,60.68,"exact"
"Blaxland","Reginald Allsop","Lib46",15371,37.54,"Jim Harrison","ALP",25577,62.46,"exact"
"Calare","John Howse","Lib46",23956,61.2,"Lionel Wood","ALP",15189,38.8,"exact"
"Darling","Joe Clark","ALP",23428,67.5,"Ewen Martin","CP",11282,32.5,"exact"
"Evans","Frederick Osborne","Lib46",25236,60.93,"Sidney Pollard","ALP",16179,39.07,"exact"
"Farrer","David Fairbairn","Lib46",25805,65.89,"Robert Garland","ALP",13361,34.11,"exact"
"Gwydir","Ian Allan","CP",22271,57.95,"Austin Heffernan","ALP",16162,42.05,"exact"
"Hughes","Keith Bates","Lib46",20305,47.81,"Les Johnson","ALP",22165,52.19,"exact"
"Hume","Charles Anderson","CP",20494,52.18,"Arthur Fuller","ALP",18779,47.82,"exact"
"Lang","Wallace Peacock","Lib46",16550,39.66,"Frank Stewart","ALP",25175,60.34,"exact"
"Lawson","Laurie Failes","CP",22030,56.67,"Jack Williamson","ALP",16845,43.33,"exact"
"Lowe","Edward Davies","ALP",16508,39.69,"William McMahon","Lib46",25080,60.31,"exact"
"Macarthur","Claude Allen","ALP",16756,42.01,"Jeff Bate","Lib46",23127,57.99,"exact"
"Mitchell","Doug Bowd","ALP",16239,40.28,"Roy Wheeler","Lib46",24077,59.72,"exact"
"New England","Frederick Cowley","ALP",15511,39.59,"David Drummond","CP",23666,60.41,"exact"
"North Sydney","William Jack","Lib46",25359,62.34,"Joseph McNally","ALP",15322,37.66,"exact"
"Parkes","Les Haylen","ALP",20895,50.73,"John Spicer","Lib46",20295,49.27,"exact"
"Parramatta","Howard Beale","Lib46",25854,62.32,"John Heazlewood","ALP",15631,37.68,"exact"
"Paterson","Allen Fairhall","Lib46",23623,60.23,"William Harvey","ALP",15601,39.77,"exact"
"Phillip","William Aston","Lib46",21142,51.11,"Joe Fitzgerald","ALP",20225,48.89,"exact"
"Riverina","Hugh Roberton","CP",22347,59.32,"Oscar Washington","ALP",15324,40.68,"exact"
"Robertson","Roger Dean","Lib46",22660,57.74,"Frank Spencer","ALP",16586,42.26,"exact"
"St George","Bill Graham","Lib46",22171,52.4,"Nelson Lemmon","ALP",20142,47.6,"exact"
"Shortland","Gordon Greig","Lib46",15179,36.8,"Charles Griffiths","ALP",26066,63.2,"exact"
"Wentworth","Sir Eric Harrison","Lib46",28009,71.99,"Hal Lashwood","Ind",10896,28.01,"exact"
"Werriwa","John Shannon","Lib46",16921,43.58,"Gough Whitlam","ALP",21903,56.42,"exact"
"Ballaarat","Austin Dowling","ALP",17354,42.12,"Dudley Erwin","Lib46",23852,57.88,"exact"
"Batman","Alan Bird","ALP",22146,51.72,"Fred Capp","Lib46",20674,48.28,"exact"
"Bendigo","Percy Clarey","ALP",21075,51.22,"Bill Day","Lib46",20070,48.78,"exact"
"Bruce","Keith Ewert","ALP",19630,44.28,"Billy Snedden","Lib46",24705,55.72,"exact"
"Corio","Charles Loader","ALP",17338,42.79,"Hubert Opperman","Lib46",23182,57.21,"exact"
"Darebin","Robert Holt","ALP",24948,58.75,"Charles White","Lib46",17516,41.25,"exact"
"Fawkner","Bill Bourke","ALPAC",18235,47.7,"Peter Howson","Lib46",19992,52.3,"exact"
"Lalor","Peter Kemp","Lib46",21013,49.06,"Reg Pollard","ALP",21821,50.94,"exact"
"Maribyrnong","Arthur Drakeford","ALP",20108,49.86,"Philip Stokes","Lib46",20222,50.14,"exact"
"Scullin","Jack Cremean","ALPAC",18334,48.26,"Ted Peters","ALP",19655,51.74,"exact"
"Wannon","Roy Cundy","ALP",16572,40.66,"Malcolm Fraser","Lib46",24183,59.34,"exact"
"Wills","Gordon Bryant","ALP",22269,54.37,"Alfred Wall","Lib46",18687,45.63,"exact"
"Yarra","Jim Cairns","ALP",19727,51.02,"Stan Keon","ALPAC",18936,48.98,"exact"
"Bowman","Hector Chalmers","ALP",18646,45.32,"Malcolm McColm","Lib46",22500,54.68,"exact"
"Dawson","Stanley Dalton","ALP",13541,38.84,"Charles Davidson","CP",21324,61.16,"exact"
"Griffith","Doug Berry","Lib46",19896,48.73,"Wilfred Coutts","ALP",20936,51.27,"exact"
"Kennedy","Timothy Donnelly","CP",12457,41.77,"Bill Riordan","ALP",17366,58.23,"exact"
"Leichhardt","Harry Bruce","ALP",19188,51.7,"Tom Gilmore","CP",17927,48.3,"exact"
"Lilley","Jack Melloy","ALP",16742,41.93,"Bruce Wight","Lib46",23186,58.07,"exact"
"Maranoa","Wilfred Brimblecombe","CP",17596,51.06,"Charles Russell","Ind",16868,48.94,"exact"
"Petrie","Noel Curran","ALP",17740,43.2,"Alan Hulme","Lib46",23328,56.8,"exact"
"Ryan","Norman Buchan","ALP",16341,39.24,"Nigel Drury","Lib46",25306,60.76,"exact"
"Wide Bay","William Brand","CP",21859,55.22,"Matthew Tallon","ALP",17724,44.78,"exact"
"Barker","Archie Cameron","Lib46",25993,67.71,"Ralph Dettman","ALP",12398,32.29,"exact"
"Bonython","Norman Makin","ALP",24350,69.43,"John Mathwin","Lib46",10723,30.57,"exact"
"Grey","George Bockelberg","Lib46",16646,43.26,"Edgar Russell","ALP",21836,56.74,"exact"
"Kingston","Jim Forbes","Lib46",20129,48.44,"Pat Galvin","ALP",21429,51.56,"exact"
"Port Adelaide","Peter Symon","CPA",5918,15.28,"Albert Thompson","ALP",32813,84.72,"exact"
"Sturt","Frederick Hansford","ALP",16022,39.73,"Keith Wilson","Lib46",24306,60.27,"exact"
"Kalgoorlie","Harold Illingworth","Ind",10844,38.9,"Herbert Johnson","ALP",17033,61.1,"exact"
"Perth","Tom Burke","ALP",16536,48.48,"Fred Chaney","Lib46",17575,51.52,"exact"
"Stirling","Frederick Payne","Lib46",17206,47.19,"Harry Webb","ALP",19257,52.81,"exact"
"Swan","Richard Cleaver","Lib46",22268,57.72,"Thomas Williams","ALP",16314,42.28,"exact"
"Braddon","Aubrey Luck","Lib46",18590,58.87,"Reg Murray","ALP",12990,41.13,"exact"
"Australian Capital Territory","Jim Fraser","ALP",9588,64.56,"Robert Greenish","Lib46",5263,35.44,"exact"
"Banks","Dominic Costa","ALP",26591,63.5,"Harold Stalker","Lib46",15284,36.5,"Psephos"
"Cunningham","Billy Davies","ALP",26920,66.5,"John Parkinson","Lib46",13561,33.5,"Psephos"
"Dalley","William O'Connor","ALP",31052,77.2,"Stanley Tyler","Lib46",9171,22.8,"Psephos"
"East Sydney","Eddie Ward","ALP",27422,70.2,"Joseph Landor","Lib46",11641,29.8,"Psephos"
"Eden-Monaro","Allan Fraser","ALP",21891,55.1,"Mark Flanagan","Lib46",17838,44.9,"Psephos"
"Grayndler","Fred Daly","ALP",27063,67.3,"Ian Chisholm","Lib46",13150,32.7,"Psephos"
"Hunter","Rowley James","ALP",31375,77.8,"Edward Farrell","Lib46",8953,22.2,"Psephos"
"Kingsford-Smith","Dan Curtin","ALP",22574,55,"John McGirr","Lib46",18469,45,"Psephos"
"Lyne","Philip Lucock","CP",24244,61.8,"Jack Collins","ALP",14986,38.2,"Psephos"
"Mackellar","William Wentworth","Lib46",25893,62.9,"Norman McAlpine","ALP",15272,37.1,"Psephos"
"Macquarie","Tony Luchetti","ALP",23435,58.3,"Norman Leven","Lib46",16763,41.7,"Psephos"
"Newcastle","David Watkins","ALP",24855,61.8,"Eric Cupit","Lib46",15364,38.2,"Psephos"
"Reid","Charles Morgan","ALP",30091,72.9,"George Walker","Lib46",11186,27.1,"Psephos"
"Watson","Jim Cope","ALP",31931,78.9,"Jill Huxtable","Lib46",8539,21.1,"Psephos"
"West Sydney","Dan Minogue","ALP",30470,79.3,"Frank Weaver","Lib46",7954,20.7,"Psephos"
"Balaclava","Percy Joske","Lib46",29902,73.5,"George Smith","ALP",10781,26.5,"Psephos"
"Chisholm","Wilfrid Kent Hughes","Lib46",29575,73,"John Stewart","ALP",10939,27,"Psephos"
"Corangamite","Dan Mackinnon","Lib46",28496,71.2,"Edwin Morris","ALP",11526,28.8,"Psephos"
"Deakin","Frank Davis","Lib46",26130,64.4,"Norm Griffiths","ALP",14445,35.6,"Psephos"
"Flinders","Robert Lindsay","Lib46",25980,64.1,"Francis Cranston","ALP",14551,35.9,"Psephos"
"Gellibrand","Hector McIvor","ALP",26166,66.1,"John Bown","Lib46",13420,33.9,"Psephos"
"Gippsland","George Bowden","CP",28444,73,"Clement Little","ALP",10520,27,"Psephos"
"Henty","Max Fox","Lib46",26347,63.8,"Percy Treyvaud","ALP",14949,36.2,"Psephos"
"Higgins","Harold Holt","Lib46",29827,75.4,"Andrew Hughes","ALP",9732,24.6,"Psephos"
"Higinbotham","Frank Timson","Lib46",24605,58.8,"Les Coates","ALP",17241,41.2,"Psephos"
"Indi","William Bostock","Lib46",28523,72.1,"Carl Reeves","ALP",11038,27.9,"Psephos"
"Isaacs","William Haworth","Lib46",24385,64.3,"Barry Jones","ALP",13539,35.7,"Psephos"
"Kooyong","Robert Menzies","Lib46",31901,74.9,"Dolph Eddy","ALP",10690,25.1,"Psephos"
"La Trobe","Richard Casey","Lib46",27507,64.8,"Bill Webber","ALP",14942,35.2,"Psephos"
"McMillan","Alexander Buchanan","Lib46",24340,62.7,"Horace Hawkins","ALP",14480,37.3,"Psephos"
"Mallee","Winton Turnbull","CP",27879,75.2,"William Nicholas","ALP",9194,24.8,"Psephos"
"Melbourne","Arthur Calwell","ALP",22582,59.5,"Jack Mullens","ALPAC",15371,40.5,"Psephos"
"Melbourne Ports","Frank Crean","ALP",21756,56.8,"Stan Corrigan","ALPAC",16547,43.2,"Psephos"
"Murray","John McEwen","CP",28488,71.5,"James Cameron","ALP",11356,28.5,"Psephos"
"Wimmera","William Lawrence","Lib46",26046,66.8,"Winston Lamb","ALP",12945,33.2,"Psephos"
"Brisbane","George Lawson","ALP",22775,55.7,"Kevin Cairns","Lib46",18114,44.3,"Psephos"
"Capricornia","Henry Pearce","Lib46",19681,54,"Colin Maxwell","ALP",16766,46,"Psephos"
"Herbert","Bill Edmonds","ALP",21013,56.6,"Arnold White","CP",16113,43.4,"Psephos"
"McPherson","Sir Arthur Fadden","CP",26539,65.1,"David Clarke","ALP",14227,34.9,"Psephos"
"Moreton","James Killen","Lib46",20972,51.9,"Allen Edwards","ALP",19437,48.1,"Psephos"
"Oxley","Donald Cameron","Lib46",24124,60.8,"Norman Thomas","ALP",15554,39.2,"Psephos"
"Adelaide","Cyril Chambers","ALP",20545,55.3,"James Maitland","Lib46",16607,44.7,"Psephos"
"Angas","Alec Downer","Lib46",27679,72.2,"Darcy Nielsen","ALP",10658,27.8,"Psephos"
"Boothby","John McLeay","Lib46",25200,62.8,"Rex Mathews","ALP",14927,37.2,"Psephos"
"Hindmarsh","Clyde Cameron","ALP",24520,62,"Frank Potter","Lib46",15029,38,"Psephos"
"Wakefield","Sir Philip McBride","Lib46",25343,64.9,"Robert Bruce","ALP",13706,35.1,"Psephos"
"Fremantle","Kim Beazley","ALP",23147,60,"Vernon Hubbard","Lib46",15431,40,"Psephos"
"Bass","Lance Barnard","ALP",18726,57.1,"Frederick White","Lib46",14069,42.9,"Psephos"
"Denison","Athol Townley","Lib46",20271,58.1,"Brian Miller","ALP",14618,41.9,"Psephos"
"Franklin","Bill Falkinder","Lib46",16895,58.5,"Brian Crawford","ALP",11985,41.5,"Psephos"
"Wilmot","Gil Duthie","ALP",17944,56.1,"Robert Bethell","Lib46",14042,43.9,"Psephos"
