"Seat","Candidate1","Party1","Votes1","Vote_perc1","Candidate2","Party2","Votes2","Vote_perc2","Est"
"Barton","H. V. Evatt","ALP",21681,53.25,"Nancy Wake","Lib46",19037,46.75,"exact"
"Bennelong","John Cramer","Lib46",23568,59.64,"Raymond Watt","ALP",15952,40.36,"exact"
"Calare","George Gibbons","ALP",16139,42.99,"John Howse","Lib46",21399,57.01,"exact"
"Cowper","Louis Jabour","ALP",14134,38.28,"Sir Earle Page","CP",22791,61.72,"exact"
"Dalley","Sol Rosevear","ALP",27501,72.96,"Charles Shields","Lib46",10190,27.04,"exact"
"Eden-Monaro","Allan Fraser","ALP",19004,50.92,"Denzil Macarthur-Onslow","Lib46",18317,49.08,"exact"
"Evans","Ronald Nicholls","ALP",16588,43.42,"Frederick Osborne","Lib46",21616,56.58,"exact"
"Farrer","David Fairbairn","Lib46",22222,58.79,"Thomas McGrath","ALP",15574,41.21,"exact"
"Gwydir","William Scully","ALP",16282,44.85,"Thomas Treloar","CP",20018,55.15,"exact"
"Hume","Charles Anderson","CP",18871,51.04,"Arthur Fuller","ALP",18104,48.96,"exact"
"Kingsford-Smith","Gordon Anderson","ALP",19042,50.93,"Charles de Monchaux","Lib46",18345,49.07,"exact"
"Lawson","Laurie Failes","CP",20733,55.82,"Alan Manning","ALP",16408,44.18,"exact"
"Lyne","Jim Eggins","CP",24308,66.02,"Edward Hayes","ALP",12512,33.98,"exact"
"Macarthur","Jeff Bate","Lib46",25184,64.64,"William McDonnell","ALP",13776,35.36,"exact"
"Mackellar","James Mitchell","ALP",15314,37.36,"William Wentworth","Lib46",25678,62.64,"exact"
"Mitchell","Roy Wheeler","Lib46",23274,56.88,"Joseph White","ALP",17643,43.12,"exact"
"New England","David Drummond","CP",22417,61.41,"William Wilson","ALP",14087,38.59,"exact"
"Parkes","Dick Dein","Lib46",18579,48.2,"Les Haylen","ALP",19966,51.8,"exact"
"Parramatta","Howard Beale","Lib46",25411,62.55,"Clement Jackson","ALP",15211,37.45,"exact"
"Paterson","Allen Fairhall","Lib46",21741,58.49,"Cecil Robinson","ALP",15429,41.51,"exact"
"Richmond","Larry Anthony","CP",27504,75.06,"Alexander Bryen","ALP",9139,24.94,"exact"
"Robertson","Roger Dean","Lib46",21617,54.24,"Thomas Williams","ALP",18236,45.76,"exact"
"St George","Bill Graham","Lib46",19987,51.97,"Joseph Nicholson","ALP",18475,48.03,"exact"
"Wentworth","Eric Harrison","Lib46",28821,75.14,"William McKell","ALP",9533,24.86,"exact"
"Werriwa","Bert Lazzarini","ALP",24142,56.24,"Ray Watson","Lib46",18787,43.76,"exact"
"Balaclava","Martin Dunne","ALP",14796,36.13,"Thomas White","Lib46",26157,63.87,"exact"
"Ballaarat","Raymond Hyatt","ALP",19522,49.58,"Alan Pittard","Lib46",19851,50.42,"exact"
"Batman","Alan Bird","ALP",22662,58.41,"Neil McKay","Lib46",16139,41.59,"exact"
"Bendigo","Percy Clarey","ALP",20258,50.19,"Thomas Grigg","Lib46",20106,49.81,"exact"
"Corio","John Dedman","ALP",19783,49.7,"Hubert Opperman","Lib46",20018,50.3,"exact"
"Darebin","Tom Andrews","ALP",24719,62.73,"Jack McColl","Lib46",14688,37.27,"exact"
"Deakin","Frank Davis","Lib46",23517,55.59,"Rod Leeson","ALP",18784,44.41,"exact"
"Fawkner","Bill Bourke","ALP",20228,50.03,"Magnus Cormack","Lib46",20201,49.97,"exact"
"Gippsland","George Bowden","CP",22824,66.74,"Horace Hawkins","ALP",11373,33.26,"exact"
"Higgins","Harold Holt","Lib46",26018,66.84,"Jules Meltzer","ALP",12909,33.16,"exact"
"Higinbotham","Frank Field","ALP",19760,46.39,"Frank Timson","Lib46",22832,53.61,"exact"
"Indi","William Bostock","Lib46",22182,59.69,"Charles Edmondson","ALP",14978,40.31,"exact"
"Isaacs","John Bourke","ALP",18100,45.99,"William Haworth","Lib46",21260,54.01,"exact"
"Kooyong","Keith Ewert","ALP",13691,32.91,"Robert Menzies","Lib46",27912,67.09,"exact"
"La Trobe","Robert Balcombe","ALP",16714,41.41,"Richard Casey","Lib46",23645,58.59,"exact"
"Lalor","John Bellair","Lib46",18970,48.35,"Reg Pollard","ALP",20264,51.65,"exact"
"McMillan","Geoffrey Brown","Lib46",20960,56.91,"Adam Keltie","ALP",15867,43.09,"exact"
"Mallee","Alfred O'Connor","ALP",12410,35.39,"Winton Turnbull","CP",22658,64.61,"exact"
"Melbourne Ports","Frank Block","Lib46",12690,32.14,"Jack Holloway","ALP",26792,67.86,"exact"
"Murray","Desmond Devlin","ALP",13650,36.47,"John McEwen","CP",23778,63.53,"exact"
"Wannon","Dan Mackinnon","Lib46",18203,50.77,"Don McLeod","ALP",17653,49.23,"exact"
"Wills","Bill Bryson","ALP",25162,58.76,"Allan Tyrer","Lib46",17658,41.24,"exact"
"Wimmera","William Lawrence","Lib46",22894,64.88,"Cyril Sudholz","ALP",12394,35.12,"exact"
"Herbert","Bill Edmonds","ALP",18898,53.66,"Doug Jeffrey","CP",16317,46.34,"exact"
"Lilley","James Hadley","ALP",15368,40.6,"Bruce Wight","Lib46",22488,59.4,"exact"
"McPherson","Arthur Fadden","CP",24263,74.2,"John Hilton","ALP",8436,25.8,"exact"
"Maranoa","Martin Laracy","ALP",12657,40.43,"Charles Russell","CP",18652,59.57,"exact"
"Oxley","Donald Cameron","Lib46",20097,56.78,"Evan Marginson","ALP",15300,43.22,"exact"
"Ryan","Nigel Drury","Lib46",24917,60.26,"Leonard Eastment","ALP",16431,39.74,"exact"
"Boothby","John McLeay","Lib46",24897,61.31,"Ralph Wells","ALP",15714,38.69,"exact"
"Grey","Edward Andrews","Lib46",17145,45.59,"Edgar Russell","ALP",20465,54.41,"exact"
"Hindmarsh","Clyde Cameron","ALP",29260,69.67,"Albert Turnbull","Lib46",12736,30.33,"exact"
"Kingston","Jim Handby","Lib46",23713,51.61,"Thomas Sheehy","ALP",22233,48.39,"exact"
"Wakefield","Cyril Hasse","ALP",15008,38.63,"Philip McBride","Lib46",23847,61.37,"exact"
"Canning","William Gillespie","Lib46",15359,46.54,"Len Hamilton","CP",17640,53.46,"exact"
"Curtin","Paul Hasluck","Lib46",24857,61.17,"William Lonnie","ALP",15781,38.83,"exact"
"Forrest","Gordon Freeth","Lib46",19217,52.78,"Nelson Lemmon","ALP",17191,47.22,"exact"
"Kalgoorlie","Herbert Johnson","ALP",18127,62.44,"John Porteus","Lib46",10902,37.56,"exact"
"Moore","Kevin Byrne","ALP",13264,40.99,"Hugh Leslie","CP",19098,59.01,"exact"
"Perth","Tom Burke","ALP",19294,50.1,"Gordon Hack","Lib46",19218,49.9,"exact"
"Swan","Bill Grayden","Lib46",22821,52.44,"Harry Webb","ALP",20699,47.56,"exact"
"Bass","Claude Barnard","ALP",15312,49.4,"Bruce Kekwick","Lib46",15686,50.6,"exact"
"Darwin","Harold Kirkpatrick","ALP",12602,43.37,"Dame Enid Lyons","Lib46",16455,56.63,"exact"
"Denison","Henry Cosgrove","ALP",13394,44.91,"Athol Townley","Lib46",16431,55.09,"exact"
"Franklin","Bill Falkinder","Lib46",17644,57.97,"Jack Frost","ALP",12790,42.03,"exact"
"Wilmot","Gil Duthie","ALP",16150,52.64,"Rickman Furmage","Lib46",14532,47.36,"exact"
"Northern Territory","Adair Blain","Ind",2459,47.32,"Jock Nelson","ALP",2737,52.68,"exact"
"Australian Capital Territory","Lewis Nott","Ind",6013,53.81,"Sidney Rhodes","ALP",5161,46.19,"exact"
"Banks","Dominic Costa","ALP",26192,62.2,"Howard Fletcher","Lib46",15918,37.8,"Psephos"
"Blaxland","Jim Harrison","ALP",21031,53.4,"Jack Lang","LL43",18353,46.6,"Psephos"
"Bradfield","Billy Hughes","Lib46",29838,74.9,"Ken Gee","ALP",9999,25.1,"Psephos"
"Cook","Tom Sheehan","ALP",30090,82.1,"Gerald Davis","Lib46",6561,17.9,"Psephos"
"Cunningham","Billy Davies","ALP",25603,68.2,"Alan Thomson","Lib46",11938,31.8,"Psephos"
"Darling","Joe Clark","ALP",21979,67.3,"Elson Whyte","CP",10679,32.7,"Psephos"
"East Sydney","Eddie Ward","ALP",22879,58,"John Mant","Lib46",16567,42,"Psephos"
"Grayndler","Fred Daly","ALP",26618,69.7,"Donald Clark","Lib46",11572,30.3,"Psephos"
"Hunter","Rowley James","ALP",30097,77.3,"Ted Fletcher","Lib46",8838,22.7,"Psephos"
"Lang","Dan Mulcahy","ALP",22260,54.7,"Eric Willis","Lib46",18435,45.3,"Psephos"
"Lowe","William McMahon","Lib46",22737,58.5,"Hector McDonald","ALP",16130,41.5,"Psephos"
"Macquarie","Ben Chifley","ALP",22929,61,"Bob Cotton","Lib46",14659,39,"Psephos"
"Martin","William O'Connor","ALP",22939,59.6,"Frederick Mann","Lib46",15550,40.4,"Psephos"
"Newcastle","David Watkins","ALP",22700,58.3,"Harry Quinlan","Lib46",16236,41.7,"Psephos"
"North Sydney","William Jack","Lib46",20569,53.3,"Leo Haylen","ALP",18022,46.7,"Psephos"
"Phillip","Joe Fitzgerald","ALP",21182,55.7,"William Latimer","Lib46",16847,44.3,"Psephos"
"Reid","Charles Morgan","ALP",28732,67.8,"Jim Clough","Lib46",13646,32.2,"Psephos"
"Riverina","Hugh Roberton","CP",19979,53.5,"Joe Langtry","ALP",17365,46.5,"Psephos"
"Shortland","Charles Griffiths","ALP",25838,64.1,"Harold Daisley","Lib46",14471,35.9,"Psephos"
"Warringah","Percy Spender","Lib46",27895,71.1,"Bill Fisher","Ind ALP",11339,28.9,"Psephos"
"Watson","Dan Curtin","ALP",23322,59,"Stanley Card","Lib46",16206,41,"Psephos"
"West Sydney","Dan Minogue","ALP",19843,55.7,"Horace Foley","LL43",15782,44.3,"Psephos"
"Burke","Ted Peters","ALP",27217,69.4,"Alfred Wall","Lib46",12001,30.6,"Psephos"
"Chisholm","Wilfrid Kent Hughes","Lib46",26726,64.9,"Leo Fennessy","ALP",14454,35.1,"Psephos"
"Corangamite","Allan McDonald","Lib46",22612,60,"Henry Stacpoole","ALP",15074,40,"Psephos"
"Flinders","Rupert Ryan","Lib46",24501,63.6,"Robert Wilson","ALP",14023,36.4,"Psephos"
"Gellibrand","Jack Mullens","ALP",27900,69.7,"William Massey","Lib46",12129,30.3,"Psephos"
"Henty","Jo Gullett","Lib46",22745,55.4,"Val Doube","ALP",18311,44.6,"Psephos"
"Hoddle","Jack Cremean","ALP",29710,80.8,"Terence Kirby","Lib46",7060,19.2,"Psephos"
"Maribyrnong","Arthur Drakeford","ALP",27562,64,"George Hannan","Lib46",15503,36,"Psephos"
"Melbourne","Arthur Calwell","ALP",26600,70.9,"Desmond McGinnes","Lib46",10917,29.1,"Psephos"
"Yarra","Stan Keon","ALP",24760,62.7,"Charles Barrington","Lib46",14729,37.3,"Psephos"
"Bowman","Malcolm McColm","Lib46",20246,53.8,"Wilfred Coutts","ALP",17386,46.2,"Psephos"
"Brisbane","George Lawson","ALP",20693,57.3,"James Long","Lib46",15420,42.7,"Psephos"
"Capricornia","Henry Pearce","Lib46",16989,52.3,"Mick Gardner","ALP",15494,47.7,"Psephos"
"Darling Downs","Reginald Swartz","Lib46",22578,62.5,"James Kane","ALP",13546,37.5,"Psephos"
"Dawson","Charles Davidson","CP",19379,58.6,"George Burns","ALP",13691,41.4,"Psephos"
"Fisher","Charles Adermann","CP",28301,70.7,"Edmund Roberts","ALP",11728,29.3,"Psephos"
"Griffith","Doug Berry","Lib46",18462,51.9,"William Conelan","ALP",17110,48.1,"Psephos"
"Kennedy","Bill Riordan","ALP",16043,58.4,"Ulick Browne","CP",11428,41.6,"Psephos"
"Leichhardt","Tom Gilmore","CP",16987,51.7,"Cecil Holdcroft","ALP",15869,48.3,"Psephos"
"Moreton","Josiah Francis","Lib46",25222,61.6,"William Thieme","ALP",15722,38.4,"Psephos"
"Petrie","Alan Hulme","Lib46",24569,61.6,"Samuel Martin","ALP",15315,38.4,"Psephos"
"Wide Bay","Bernard Corser","CP",25087,64.3,"Samuel Round","ALP",13928,35.7,"Psephos"
"Adelaide","Cyril Chambers","ALP",24734,62.1,"Basil Harford","Lib46",15096,37.9,"Psephos"
"Angas","Alec Downer","Lib46",24899,63.1,"Albert Strachan","ALP",14560,36.9,"Psephos"
"Barker","Archie Cameron","Lib46",26578,65.8,"John Klar","ALP",13814,34.2,"Psephos"
"Port Adelaide","Albert Thompson","ALP",32798,73.3,"Frederick Boscombe","Lib46",11947,26.7,"Psephos"
"Sturt","Keith Wilson","Lib46",21972,52.8,"Leslie McMullin","ALP",19641,47.2,"Psephos"
"Fremantle","Kim Beazley","ALP",23073,56.2,"Billy Snedden","Lib46",17983,43.8,"Psephos"
