"Seat","Candidate1","Party1","Votes1","Vote_perc1","Candidate2","Party2","Votes2","Vote_perc2","Est"
"Barton","William Arthur","Lib46",21374,49.69,"Len Reynolds","ALP",21638,50.31,"exact"
"Calare","John Howse","Lib46",22557,58.06,"Robert Rygate","ALP",16296,41.94,"exact"
"Dalley","Elton Lewis","Lib46",10664,29.02,"William O'Connor","ALP",26081,70.98,"exact"
"Gwydir","Ian Allan","CP",21304,55.02,"Austin Heffernan","ALP",17414,44.98,"exact"
"Hume","Charles Anderson","CP",20401,52.05,"Arthur Fuller","ALP",18793,47.95,"exact"
"Lawson","Laurie Failes","CP",21675,56.03,"Jack Tully","ALP",17009,43.97,"exact"
"Macarthur","Jeff Bate","Lib46",26002,59.28,"Eric Ryan","ALP",17861,40.72,"exact"
"Parkes","George Chambers","Lib46",19736,48.98,"Les Haylen","ALP",20562,51.02,"exact"
"Phillip","William Aston","Lib46",20735,51.87,"Joe Fitzgerald","ALP",19237,48.13,"exact"
"Reid","Derek Bryden","Lib46",17120,35.92,"Tom Uren","ALP",30539,64.08,"exact"
"St George","Lionel Clay","ALP",20928,50.07,"Bill Graham","Lib46",20869,49.93,"exact"
"Ballaarat","Donald Drummond","ALP",18623,44.56,"Dudley Erwin","Lib46",23167,55.44,"exact"
"Bendigo","Percy Clarey","ALP",21598,50.31,"Henry Snell","Lib46",21332,49.69,"exact"
"Bruce","Keith Ewert","ALP",27860,45.48,"Billy Snedden","Lib46",33398,54.52,"exact"
"Corio","Hubert Opperman","Lib46",24065,56.69,"Bernard O'Leary","ALP",18382,43.31,"exact"
"Fawkner","Peter Howson","Lib46",23198,64.77,"George Smart","ALP",12620,35.23,"exact"
"Higinbotham","Edwin Lamb","ALP",20115,40.2,"Frank Timson","Lib46",29920,59.8,"exact"
"Indi","William Bostock","Lib46",17505,43.5,"Mac Holten","CP",22735,56.5,"exact"
"McMillan","George Brown","ALP",17200,42.75,"Alexander Buchanan","Lib46",23031,57.25,"exact"
"Maribyrnong","Douglas Elliot","ALP",20709,49.18,"Philip Stokes","Lib46",21402,50.82,"exact"
"Wannon","Malcolm Fraser","Lib46",26591,62.33,"Jack Stanford","ALP",16074,37.67,"exact"
"Wimmera","Robert King","CP",21821,55.91,"William Lawrence","Lib46",17209,44.09,"exact"
"Bowman","Hector Chalmers","ALP",18660,43.9,"Malcolm McColm","Lib46",23841,56.1,"exact"
"Brisbane","Kevin Cairns","Lib46",18116,49.31,"George Lawson","ALP",18620,50.69,"exact"
"Capricornia","Colin Maxwell","ALP",15598,42.29,"Henry Pearce","Lib46",21284,57.71,"exact"
"Griffith","Arthur Chresby","Lib46",19593,50.06,"Wilfred Coutts","ALP",19543,49.94,"exact"
"Herbert","Bill Edmonds","ALP",18980,48.52,"John Murray","Lib46",20136,51.48,"exact"
"Leichhardt","Bill Fulton","ALP",21719,56.18,"George Turner","CP",16943,43.82,"exact"
"Wide Bay","Henry Bandidt","CP",21815,54.26,"Brendan Hansen","ALP",18393,45.74,"exact"
"Canning","Patrick Cranley","DLP",9447,27.61,"Len Hamilton","CP",24763,72.39,"exact"
"Kalgoorlie","Peter Browne","Lib46",14227,50.32,"Fred Collard","ALP",14048,49.68,"exact"
"Moore","Hugh Halbert","Lib46",17679,52.92,"Hugh Leslie","CP",15728,47.08,"exact"
"Stirling","Doug Cash","Lib46",22198,50.22,"Harry Webb","ALP",22000,49.78,"exact"
"Swan","Richard Cleaver","Lib46",25140,57.45,"Keith Dowding","ALP",18622,42.55,"exact"
"Braddon","Ron Davies","ALP",16420,50.44,"Aubrey Luck","Lib46",16134,49.56,"exact"
"Northern Territory","James Martin","Ind",1469,26.13,"Jock Nelson","ALP",4153,73.87,"exact"
"Banks","Dominic Costa","ALP",30341,62.3,"Edgar Booth","Lib46",18360,37.7,"Psephos"
"Bennelong","John Cramer","Lib46",27170,58.2,"Harold Coates","ALP",19513,41.8,"Psephos"
"Blaxland","Jim Harrison","ALP",28668,66.3,"Winston Pickering","Lib46",14572,33.7,"Psephos"
"Bradfield","Harry Turner","Lib46",36938,81.4,"Percy Staines","ALP",8440,18.6,"Psephos"
"Cowper","Sir Earle Page","CP",23566,61.1,"Frank McGuren","ALP",15003,38.9,"Psephos"
"Cunningham","Victor Kearney","ALP",26636,61.4,"Jack Hough","Lib46",16745,38.6,"Psephos"
"Darling","Joe Clark","ALP",25499,72.4,"Elson Whyte","CP",9720,27.6,"Psephos"
"East Sydney","Eddie Ward","ALP",24937,70.4,"Derek Montefiore-Castle","Lib46",10485,29.6,"Psephos"
"Eden-Monaro","Allan Fraser","ALP",22174,55.6,"Douglas Thomson","Lib46",17707,44.4,"Psephos"
"Evans","Frederick Osborne","Lib46",22464,57,"James Monaghan","ALP",16946,43,"Psephos"
"Farrer","David Fairbairn","Lib46",27006,67.1,"Robert Garland","ALP",13242,32.9,"Psephos"
"Grayndler","Fred Daly","ALP",25751,69.6,"Evan MacLaurin","Lib46",11248,30.4,"Psephos"
"Hughes","Les Johnson","ALP",29060,54.6,"John Dwyer","Lib46",24164,45.4,"Psephos"
"Hunter","H. V. Evatt","ALP",33062,77.5,"John Marsden","Lib46",9598,22.5,"Psephos"
"Kingsford-Smith","Dan Curtin","ALP",24308,57.6,"George Dan","Lib46",17894,42.4,"Psephos"
"Lang","Frank Stewart","ALP",27305,61.5,"Hugh Bygott","Lib46",17093,38.5,"Psephos"
"Lowe","William McMahon","Lib46",25276,63.2,"Joseph Sloss","ALP",14718,36.8,"Psephos"
"Lyne","Philip Lucock","CP",24834,61.5,"John Allan","ALP",15546,38.5,"Psephos"
"Mackellar","William Wentworth","Lib46",29222,63.3,"Mabel Elliott","ALP",16942,36.7,"Psephos"
"Macquarie","Tony Luchetti","ALP",24114,59.2,"Norman Leven","Lib46",16619,40.8,"Psephos"
"Mitchell","Roy Wheeler","Lib46",28209,58,"Reginald Byrne","ALP",20428,42,"Psephos"
"New England","David Drummond","CP",26202,66.7,"Donald White","ALP",13081,33.3,"Psephos"
"Newcastle","Charles Jones","ALP",24583,63.4,"Alwyn Watkins","Lib46",14191,36.6,"Psephos"
"North Sydney","William Jack","Lib46",24833,63.7,"Jack Stephens","ALP",14152,36.3,"Psephos"
"Parramatta","Sir Garfield Barwick","Lib46",28714,59.6,"Ray Jones","ALP",19464,40.4,"Psephos"
"Paterson","Allen Fairhall","Lib46",24315,61.9,"Alan Lloyd","ALP",14966,38.1,"Psephos"
"Richmond","Doug Anthony","CP",28169,71.5,"William Smith","ALP",11228,28.5,"Psephos"
"Riverina","Hugh Roberton","CP",22768,58.6,"Jack Ward","ALP",16086,41.4,"Psephos"
"Robertson","Roger Dean","Lib46",24613,57.2,"Joseph McCaig","ALP",18417,42.8,"Psephos"
"Shortland","Charles Griffiths","ALP",29489,65.7,"Hilary Fallins","Lib46",15395,34.3,"Psephos"
"Warringah","Francis Bland","Lib46",33079,79.2,"Norman Braviner","ALP",8687,20.8,"Psephos"
"Watson","Jim Cope","ALP",27545,71.8,"John Bampton","Lib46",10818,28.2,"Psephos"
"Wentworth","Les Bury","Lib46",28637,75.3,"Sydney Davis","ALP",9394,24.7,"Psephos"
"Werriwa","Gough Whitlam","ALP",27179,58.4,"John Shannon","Lib46",19361,41.6,"Psephos"
"West Sydney","Dan Minogue","ALP",24628,71.6,"Adrian Cook","Lib46",9769,28.4,"Psephos"
"Balaclava","Percy Joske","Lib46",29394,72.7,"Norman Rothfield","ALP",11038,27.3,"Psephos"
"Batman","Alan Bird","ALP",22552,53,"Fred Capp","Lib46",19998,47,"Psephos"
"Chisholm","Sir Wilfrid Kent Hughes","Lib46",28127,70.2,"Leo Bartley","ALP",11940,29.8,"Psephos"
"Corangamite","Dan Mackinnon","Lib46",29890,70.7,"Edwin Morris","ALP",12387,29.3,"Psephos"
"Darebin","Frank Courtnay","ALP",26832,54.4,"Gordon Duncan","Lib46",22491,45.6,"Psephos"
"Deakin","Frank Davis","Lib46",30917,63.1,"Norm Griffiths","ALP",18080,36.9,"Psephos"
"Flinders","Robert Lindsay","Lib46",27503,59.8,"Nola Barber","ALP",18489,40.2,"Psephos"
"Gellibrand","Hector McIvor","ALP",26456,66.5,"Barry Maddern","Lib46",13327,33.5,"Psephos"
"Gippsland","George Bowden","CP",29048,71,"Clement Little","ALP",11864,29,"Psephos"
"Henty","Max Fox","Lib46",27649,62.1,"Tom Gilhooley","ALP",16875,37.9,"Psephos"
"Higgins","Harold Holt","Lib46",28714,74.1,"Alfred Shiff","ALP",10037,25.9,"Psephos"
"Isaacs","William Haworth","Lib46",22354,61.4,"Barry Jones","ALP",14053,38.6,"Psephos"
"Kooyong","Robert Menzies","Lib46",33349,74.7,"Dolph Eddy","ALP",11295,25.3,"Psephos"
"La Trobe","Richard Casey","Lib46",33010,62.1,"Sam Goldbloom","ALP",20146,37.9,"Psephos"
"Lalor","Reg Pollard","ALP",31933,53,"Peter Kemp","Lib46",28318,47,"Psephos"
"Mallee","Winton Turnbull","CP",29329,76.9,"George Xeros","ALP",8810,23.1,"Psephos"
"Melbourne","Arthur Calwell","ALP",20952,61.4,"James Moloney","Lib46",13172,38.6,"Psephos"
"Melbourne Ports","Frank Crean","ALP",24280,67.2,"Norman Loader","Lib46",11851,32.8,"Psephos"
"Murray","John McEwen","CP",30473,73.3,"Neil Frankland","ALP",11100,26.7,"Psephos"
"Scullin","Ted Peters","ALP",19295,58,"Thomas Brennan","DLP",13972,42,"Psephos"
"Wills","Gordon Bryant","ALP",22106,55.7,"Alfred Wall","Lib46",17581,44.3,"Psephos"
"Yarra","Jim Cairns","ALP",20469,57.1,"Cecil Lanyon","Lib46",15378,42.9,"Psephos"
"Darling Downs","Reginald Swartz","Lib46",25414,63.9,"Jack McCafferty","ALP",14358,36.1,"Psephos"
"Dawson","Charles Davidson","CP",24278,68.9,"Selwyn Ferguson","ALP",10958,31.1,"Psephos"
"Fisher","Charles Adermann","CP",29710,72.9,"William Weir","ALP",11045,27.1,"Psephos"
"Kennedy","Bill Riordan","ALP",17078,54.1,"Alexander Hindson","CP",14489,45.9,"Psephos"
"Lilley","Bruce Wight","Lib46",25602,61.9,"Jack Melloy","ALP",15758,38.1,"Psephos"
"McPherson","Charles Barnes","CP",32868,70.7,"Harold Evans","ALP",13621,29.3,"Psephos"
"Maranoa","Wilfred Brimblecombe","CP",22713,62.9,"Leslie Beaumont","ALP",13397,37.1,"Psephos"
"Moreton","James Killen","Lib46",27796,60.3,"Bernard Ouston","ALP",18300,39.7,"Psephos"
"Oxley","Donald Cameron","Lib46",22617,55.9,"Robert Warren","ALP",17843,44.1,"Psephos"
"Petrie","Alan Hulme","Lib46",28384,60.5,"John Claffey","ALP",18531,39.5,"Psephos"
"Ryan","Nigel Drury","Lib46",29844,67.2,"Bernard McDonnell","ALP",14566,32.8,"Psephos"
"Adelaide","Joe Sexton","ALP",18869,52.8,"Ian Wilson","Lib46",16868,47.2,"Psephos"
"Angas","Alec Downer","Lib46",26455,67.7,"Darcy Nielsen","ALP",12622,32.3,"Psephos"
"Barker","Jim Forbes","Lib46",26464,63.5,"Norman Alcock","ALP",15212,36.5,"Psephos"
"Bonython","Norman Makin","ALP",29871,66.3,"Thomas Foale","Lib46",15184,33.7,"Psephos"
"Boothby","John McLeay","Lib46",24723,61.4,"Ralph Dettman","ALP",15543,38.6,"Psephos"
"Grey","Edgar Russell","ALP",21903,55,"David Gunn","Lib46",17921,45,"Psephos"
"Hindmarsh","Clyde Cameron","ALP",27685,63.7,"Alan Smith","Lib46",15777,36.3,"Psephos"
"Kingston","Pat Galvin","ALP",26243,52.1,"Cecil Anderson","Lib46",24127,47.9,"Psephos"
"Port Adelaide","Albert Thompson","ALP",29803,71.5,"David Garvie","Lib46",11880,28.5,"Psephos"
"Sturt","Keith Wilson","Lib46",26116,61.3,"Siegfried Hausler","ALP",16488,38.7,"Psephos"
"Wakefield","Bert Kelly","Lib46",25037,65.1,"Leonard Krieg","ALP",13422,34.9,"Psephos"
"Curtin","Paul Hasluck","Lib46",29043,75.2,"Frederick Traine","ALP",9578,24.8,"Psephos"
"Forrest","Gordon Freeth","Lib46",22225,59.5,"Ernest Stapleton","ALP",15128,40.5,"Psephos"
"Fremantle","Kim Beazley","ALP",24726,59.5,"Peter Goode","Lib46",16830,40.5,"Psephos"
"Perth","Fred Chaney","Lib46",20284,65.2,"Laurie Wilkinson","ALP",10827,34.8,"Psephos"
"Bass","Lance Barnard","ALP",19573,57.9,"Max Bushby","Lib46",14231,42.1,"Psephos"
"Denison","Athol Townley","Lib46",19991,59.4,"Bert Lacey","ALP",13664,40.6,"Psephos"
"Franklin","Bill Falkinder","Lib46",19866,61.5,"Lynda Heaven","ALP",12437,38.5,"Psephos"
"Wilmot","Gil Duthie","ALP",19782,60.7,"Ralph Cameron","Lib46",12808,39.3,"Psephos"
"Australian Capital Territory","Jim Fraser","ALP",12623,66.8,"Anne Dalgarno","Lib46",6274,33.2,"Psephos"
