"Seat","Candidate1","Party1","Votes1","Vote_perc1","Candidate2","Party2","Votes2","Vote_perc2","Est"
"Cook","Don Dobie","Lib46",26861,52.81,"Cliff Mallam","ALP",24001,47.19,"exact"
"Evans","Malcolm Mackay","Lib46",27100,51.19,"James Monaghan","ALP",25839,48.81,"exact"
"Grayndler","Fred Daly","ALP",37161,71.91,"Jonathan Fowler","Lib46",14516,28.09,"exact"
"Hume","Frank Olley","ALP",22006,49.05,"John Pettitt","CP",22861,50.95,"exact"
"Hunter","Raymond Hughes","Lib46",13159,26.5,"Bert James","ALP",36504,73.5,"exact"
"Mitchell","Alfred Ashley-Brown","ALP",25428,47.49,"Les Irwin","Lib46",28111,52.51,"exact"
"New England","Alan Kitson","ALP",19707,40.95,"Ian Sinclair","CP",28421,59.05,"exact"
"Parramatta","Nigel Bowen","Lib46",30374,52.66,"Barry Wilde","ALP",27303,47.34,"exact"
"Paterson","Francis Murray","ALP",18983,42.49,"Frank O'Keefe","CP",25692,57.51,"exact"
"Phillip","William Aston","Lib46",26540,50.42,"Joe Riordan","ALP",26100,49.58,"exact"
"Richmond","Doug Anthony","CP",29600,62.58,"Joseph Gilmore","ALP",17699,37.42,"exact"
"St George","Leonard Bosman","Lib46",26832,49.94,"Bill Morrison","ALP",26901,50.06,"exact"
"Ballaarat","Dudley Erwin","Lib46",27999,59.02,"David Pollock","ALP",19440,40.98,"exact"
"Batman","Horrie Garrick","ALP",28117,53.02,"Peter McGrath","Lib46",24917,46.98,"exact"
"Casey","Peter Howson","Lib46",27390,55.04,"Duncan Waterson","ALP",22375,44.96,"exact"
"Deakin","Alan Jarman","Lib46",28990,57.74,"Bernard Mildner","ALP",21217,42.26,"exact"
"Diamond Valley","Neil Brown","Lib46",29927,56.07,"David McKenzie","ALP",23447,43.93,"exact"
"Holt","Len Reid","Lib46",26938,53.55,"William Wilkinson","ALP",23368,46.45,"exact"
"Hotham","Don Chipp","Lib46",28667,58.16,"Kevin Vaughan","ALP",20627,41.84,"exact"
"Isaacs","David Hamer","Lib46",28562,57.97,"Alan Roberts","ALP",20707,42.03,"exact"
"La Trobe","John Jess","Lib46",27641,55.15,"Pauline McCarthy","ALP",22477,44.85,"exact"
"McMillan","Alexander Buchanan","Lib46",26795,55.34,"Frank Mountford","ALP",21626,44.66,"exact"
"Wimmera","Brian Brooke","ALP",18501,42.02,"Robert King","CP",25531,57.98,"exact"
"Griffith","Donald Cameron","Lib46",27970,51.48,"Barry Gorman","ALP",26366,48.52,"exact"
"Herbert","Robert Bonnett","Lib46",23897,51.68,"Ted Harding","ALP",22340,48.32,"exact"
"Lilley","Kevin Cairns","Lib46",27348,51.68,"Frank Doyle","ALP",25571,48.32,"exact"
"Moreton","George Harvey","ALP",23591,46.68,"James Killen","Lib46",26944,53.32,"exact"
"Petrie","Alan Hulme","Lib46",29383,53.88,"Kenneth Turbet","ALP",25151,46.12,"exact"
"Ryan","John Conn","ALP",23003,43.86,"Nigel Drury","Lib46",29444,56.14,"exact"
"Barker","John Cornwall","ALP",19873,42.24,"Jim Forbes","Lib46",27176,57.76,"exact"
"Canning","John Hallett","CP",26318,54.8,"Allan Scott","ALP",21711,45.2,"exact"
"Forrest","Gordon Freeth","Lib46",22744,48.87,"Frank Kirwan","ALP",23798,51.13,"exact"
"Moore","Donald Maisey","CP",25000,55.5,"Peter Walsh","ALP",20043,44.5,"exact"
"Denison","Alasdair McBurnie","ALP",19661,47.45,"Robert Solomon","Lib46",21775,52.55,"exact"
"Northern Territory","Sam Calder","CP",10137,59.23,"Ted Robertson","ALP",6977,40.77,"exact"
"Banks","Vince Martin","ALP",30835,62,"Herman Tibben","Lib46",18899,38,"Psephos"
"Barton","Len Reynolds","ALP",28988,53,"William Arthur","Lib46",25706,47,"Psephos"
"Bennelong","Sir John Cramer","Lib46",31546,56.8,"Peter Evatt","ALP",23993,43.2,"Psephos"
"Berowra","Tom Hughes","Lib46",29385,59.5,"George Williams","ALP",20002,40.5,"Psephos"
"Blaxland","Paul Keating","ALP",33018,62.8,"John Ghent","Lib46",19559,37.2,"Psephos"
"Bradfield","Harry Turner","Lib46",38722,71.4,"Keith Crook","ALP",15510,28.6,"Psephos"
"Calare","John England","CP",25604,57.5,"Kerry Scott","ALP",18925,42.5,"Psephos"
"Chifley","John Armitage","ALP",33601,66.8,"Milovan Kovjanic","Lib46",16700,33.2,"Psephos"
"Cowper","Ian Robinson","CP",28818,65.5,"Neil Royal","Ind",15179,34.5,"Psephos"
"Cunningham","Rex Connor","ALP",36137,65.9,"John Poel","Lib46",18699,34.1,"Psephos"
"Darling","John FitzPatrick","ALP",24296,60.3,"Maxwell Overton","CP",15996,39.7,"Psephos"
"Eden-Monaro","Allan Fraser","ALP",24384,53.2,"Dugald Munro","Lib46",21451,46.8,"Psephos"
"Farrer","David Fairbairn","Lib46",30139,63.5,"Noel Murray","ALP",17324,36.5,"Psephos"
"Gwydir","Ralph Hunt","CP",24082,53,"Roger Nott","ALP",21356,47,"Psephos"
"Hughes","Les Johnson","ALP",32282,66,"Carl Leddy","Lib46",16630,34,"Psephos"
"Kingsford-Smith","Lionel Bowen","ALP",33318,62.9,"Barry Morrison","Lib46",19652,37.1,"Psephos"
"Lang","Frank Stewart","ALP",31442,61.7,"Stanley Duncan","Lib46",19517,38.3,"Psephos"
"Lowe","William McMahon","Lib46",28828,54.9,"Peter Young","ALP",23682,45.1,"Psephos"
"Lyne","Philip Lucock","CP",27011,61.3,"John Allan","ALP",17052,38.7,"Psephos"
"Macarthur","Jeff Bate","Lib46",27177,53.8,"Bob Whan","ALP",23338,46.2,"Psephos"
"Mackellar","Bill Wentworth","Lib46",31370,61,"William Bramwell","ALP",20057,39,"Psephos"
"Macquarie","Tony Luchetti","ALP",33843,62.6,"John MacDonnell","Lib46",20220,37.4,"Psephos"
"Newcastle","Charles Jones","ALP",33357,64.6,"Alfred Appleby","Lib46",18279,35.4,"Psephos"
"North Sydney","Bill Graham","Lib46",32539,62.5,"Mervyn Page","ALP",19524,37.5,"Psephos"
"Prospect","Dick Klugman","ALP",28924,58.6,"Stanislaus Kelly","Lib46",20435,41.4,"Psephos"
"Reid","Tom Uren","ALP",32312,61.4,"Stanley Hedges","Lib46",20314,38.6,"Psephos"
"Riverina","Al Grassby","ALP",22830,52.3,"Bill Armstrong","CP",20822,47.7,"Psephos"
"Robertson","Barry Cohen","ALP",26166,51.8,"William Bridges-Maxwell","Lib46",24348,48.2,"Psephos"
"Shortland","Charles Griffiths","ALP",31310,64,"Paul Clarkson","Lib46",17612,36,"Psephos"
"Sydney","Jim Cope","ALP",35976,73.6,"Graham Robertson","Lib46",12904,26.4,"Psephos"
"Warringah","Michael MacKellar","Lib46",35993,70.1,"Thomas Reynolds","ALP",15352,29.9,"Psephos"
"Wentworth","Les Bury","Lib46",31878,63.5,"Frederick Cross","ALP",18324,36.5,"Psephos"
"Werriwa","Gough Whitlam","ALP",34302,64.7,"Christopher May","Lib46",18715,35.3,"Psephos"
"Balaclava","Ray Whittorn","Lib46",31638,60.9,"Irene Dunsmuir","ALP",20312,39.1,"Psephos"
"Bendigo","David Kennedy","ALP",25859,53,"Mervyn Lee","Lib46",22932,47,"Psephos"
"Bruce","Billy Snedden","Lib46",30700,59.9,"Leon Phillips","ALP",20552,40.1,"Psephos"
"Burke","Keith Johnson","ALP",27925,59.2,"John Williams","Lib46",19245,40.8,"Psephos"
"Chisholm","Sir Wilfrid Kent Hughes","Lib46",32862,62.6,"Anthony Dwyer","ALP",19633,37.4,"Psephos"
"Corangamite","Tony Street","Lib46",30080,64.6,"Neil Moorfoot","ALP",16483,35.4,"Psephos"
"Corio","Gordon Scholes","ALP",26562,53.8,"Charles Malpas","Lib46",22810,46.2,"Psephos"
"Flinders","Phillip Lynch","Lib46",31343,63.5,"Fay Nottage","ALP",18016,36.5,"Psephos"
"Gellibrand","Hector McIvor","ALP",32169,63.7,"Ian Crouch","Lib46",18332,36.3,"Psephos"
"Gippsland","Peter Nixon","CP",32018,69.6,"John Wolfe","ALP",13985,30.4,"Psephos"
"Henty","Max Fox","Lib46",31034,59.4,"Robert Ray","ALP",21211,40.6,"Psephos"
"Higgins","John Gorton","Lib46",35013,67.8,"Wilhelm Kapphan","ALP",16629,32.2,"Psephos"
"Indi","Mac Holten","CP",30306,68.7,"Robert Cross","ALP",13807,31.3,"Psephos"
"Kooyong","Andrew Peacock","Lib46",34736,64.9,"Richard Dunstan","ALP",18787,35.1,"Psephos"
"Lalor","Jim Cairns","ALP",28691,60.9,"Vaclav Ubl","Lib46",18421,39.1,"Psephos"
"Mallee","Winton Turnbull","CP",28204,66.1,"Ronald Davies","ALP",14464,33.9,"Psephos"
"Maribyrnong","Moss Cass","ALP",25824,51.4,"Philip Stokes","Lib46",24417,48.6,"Psephos"
"Melbourne","Arthur Calwell","ALP",27126,56.7,"Peter Block","Lib46",20715,43.3,"Psephos"
"Melbourne Ports","Frank Crean","ALP",27280,56.3,"Kevin Randall","Lib46",21175,43.7,"Psephos"
"Murray","John McEwen","CP",34207,74.5,"Neil Frankland","ALP",11708,25.5,"Psephos"
"Scullin","Harry Jenkins","ALP",27855,57.6,"James Spicer","Lib46",20504,42.4,"Psephos"
"Wannon","Malcolm Fraser","Lib46",28531,61.7,"Kenneth Ginifer","ALP",17710,38.3,"Psephos"
"Wills","Gordon Bryant","ALP",28653,56.4,"Peter Frankel","Lib46",22151,43.6,"Psephos"
"Bowman","Len Keogh","ALP",28888,52.5,"Wylie Gibbs","Lib46",26137,47.5,"Psephos"
"Brisbane","Manfred Cross","ALP",29702,53.9,"Gregory O'Dwyer","Lib46",25404,46.1,"Psephos"
"Capricornia","Doug Everingham","ALP",28784,63.7,"Brian Palmer","Lib46",16403,36.3,"Psephos"
"Darling Downs","Reginald Swartz","Lib46",33435,64.7,"Eugene Salas","ALP",18242,35.3,"Psephos"
"Dawson","Rex Patterson","ALP",29417,64.1,"John Hinz","CP",16475,35.9,"Psephos"
"Fisher","Charles Adermann","CP",32881,63.3,"Ian Budge","ALP",19063,36.7,"Psephos"
"Kennedy","Bob Katter","CP",22719,56.5,"Gerry Jones","ALP",17491,43.5,"Psephos"
"Leichhardt","Bill Fulton","ALP",27563,63.5,"David Young","CP",15844,36.5,"Psephos"
"McPherson","Charles Barnes","CP",30164,61.2,"Wayne Randall","ALP",19124,38.8,"Psephos"
"Maranoa","James Corbett","CP",25490,60.3,"Edward Bertolotti","ALP",16782,39.7,"Psephos"
"Oxley","Bill Hayden","ALP",35108,69.1,"Cyril Morgan","Lib46",15700,30.9,"Psephos"
"Wide Bay","Brendan Hansen","ALP",28325,55.8,"Paul Neville","CP",22437,44.2,"Psephos"
"Adelaide","Chris Hurford","ALP",31160,61.3,"Andrew Jones","Lib46",19672,38.7,"Psephos"
"Angas","Geoffrey Giles","Lib46",27726,61.9,"Harold McLaren","ALP",17066,38.1,"Psephos"
"Bonython","Martin Nicholls","ALP",33137,67.6,"Rudolph Masopust","Lib46",15882,32.4,"Psephos"
"Boothby","John McLeay","Lib46",30090,58.9,"Chris Sumner","ALP",20996,41.1,"Psephos"
"Grey","Laurie Wallis","ALP",23038,51.9,"Don Jessop","Lib46",21352,48.1,"Psephos"
"Hawker","Ralph Jacobi","ALP",29345,57.9,"Alan Hickinbotham","Lib46",21338,42.1,"Psephos"
"Hindmarsh","Clyde Cameron","ALP",34725,68.8,"Michael Cusack","Lib46",15747,31.2,"Psephos"
"Kingston","Richard Gun","ALP",27245,53.9,"Kay Brownbill","Lib46",23303,46.1,"Psephos"
"Port Adelaide","Fred Birrell","ALP",36634,73.5,"Reginald Appelkamp","Lib46",13208,26.5,"Psephos"
"Sturt","Norm Foster","ALP",24225,50.5,"Ian Wilson","Lib46",23746,49.5,"Psephos"
"Wakefield","Bert Kelly","Lib46",26333,62,"Brian Chatterton","ALP",16140,38,"Psephos"
"Curtin","Victor Garland","Lib46",29966,60.1,"John Williamson","ALP",19895,39.9,"Psephos"
"Fremantle","Kim Beazley","ALP",34843,64.2,"Robert French","Lib46",19430,35.8,"Psephos"
"Kalgoorlie","Fred Collard","ALP",23511,60,"James Samson","Lib46",15674,40,"Psephos"
"Perth","Joe Berinson","ALP",30933,58.2,"Fred Chaney","Lib46",22216,41.8,"Psephos"
"Stirling","Harry Webb","ALP",29735,55.5,"Ian Viner","Lib46",23841,44.5,"Psephos"
"Swan","Adrian Bennett","ALP",29987,54.1,"Richard Cleaver","Lib46",25442,45.9,"Psephos"
"Bass","Lance Barnard","ALP",21302,55,"Neil Pitt","Lib46",17428,45,"Psephos"
"Braddon","Ron Davies","ALP",26595,63.6,"Peter Rothwell","Lib46",15221,36.4,"Psephos"
"Franklin","Ray Sherry","ALP",21145,55.9,"Thomas Pearsall","Lib46",16682,44.1,"Psephos"
"Wilmot","Gil Duthie","ALP",23190,57.1,"Donald Paterson","Lib46",17423,42.9,"Psephos"
"Australian Capital Territory","Jim Fraser","ALP",41075,71.2,"Robert Maher","Lib46",16615,28.8,"Psephos"
