"Seat","Candidate1","Party1","Votes1","Vote_perc1","Candidate2","Party2","Votes2","Vote_perc2","Est"
"Banks","Daryl Melham","ALP",41818,57.11,"Stephen Iacono","Lib46",31410,42.89,"exact"
"Barton","Robert McClelland","ALP",45029,59.76,"James Jordan","Lib46",30316,40.24,"exact"
"Bennelong","Wendy Mahon","ALP",33013,43.97,"John Howard","Lib46",42075,56.03,"exact"
"Berowra","Nola McCarroll","ALP",28983,36.48,"Philip Ruddock","Lib46",50457,63.52,"exact"
"Blaxland","Michael Hatton","ALP",51738,72.06,"Maureen Shelley","Lib46",20058,27.94,"exact"
"Bradfield","Nadesu Kailainathan","ALP",19867,26.8,"Brendan Nelson","Lib46",54276,73.2,"exact"
"Calare","Terence Corkin","ALP",34068,46.79,"Rod Blume","NPA",38744,53.21,"exact"
"Charlton","Kelly Hoare","ALP",50570,62.97,"Bruce Gatgens","Lib46",29735,37.03,"exact"
"Chifley","Roger Price","ALP",52037,70.89,"John Coles","Lib46",21365,29.11,"exact"
"Cook","Peri Young","ALP",30310,41.06,"Bruce Baird","Lib46",43510,58.94,"exact"
"Cowper","Paul Sekfy","ALP",32002,43.64,"Garry Nehl","NPA",41335,56.36,"exact"
"Cunningham","Stephen Martin","ALP",48423,68.2,"Alan Akhurst","Lib46",22581,31.8,"exact"
"Dobell","Michael Lee","ALP",40980,53.35,"David Parker","Lib46",35840,46.65,"exact"
"Eden-Monaro","Steve Whan","ALP",36460,49.82,"Gary Nairn","Lib46",36722,50.18,"exact"
"Farrer","Vivien Voss","ALP",24493,35.38,"Tim Fischer","NPA",44733,64.62,"exact"
"Fowler","Julia Irwin","ALP",61216,76.33,"Lorna Dooner","Lib46",18982,23.67,"exact"
"Gilmore","Sandra McCarthy","ALP",34037,45.96,"Joanna Gash","Lib46",40013,54.04,"exact"
"Grayndler","Anthony Albanese","ALP",54528,72.32,"Michael Armani","Lib46",20866,27.68,"exact"
"Greenway","Frank Mossfield","ALP",46493,59.94,"Mathew Cross","Lib46",31072,40.06,"exact"
"Gwydir","Anne Murnain","ALP",24330,36.42,"John Anderson","NPA",42480,63.58,"exact"
"Hughes","David Hill","ALP",36179,44.48,"Danna Vale","Lib46",45154,55.52,"exact"
"Hume","Mick Veitch","ALP",29003,41.94,"Alby Schultz","Lib46",40149,58.06,"exact"
"Hunter","Joel Fitzgibbon","ALP",46405,64.69,"Cherrilyn McLean","Lib46",25329,35.31,"exact"
"Kingsford-Smith","Laurie Brereton","ALP",45373,63.4,"Tio Faulkner","Lib46",26190,36.6,"exact"
"Lindsay","Cathy O'Toole","ALP",37238,48.72,"Jackie Kelly","Lib46",39200,51.28,"exact"
"Lowe","John Murphy","ALP",40527,54.63,"Robert Lee","Lib46",33662,45.37,"exact"
"Lyne","Vicki Grieves","ALP",30650,40.28,"Mark Vaile","NPA",45451,59.72,"exact"
"Macarthur","Michael Banasik","ALP",37529,44.37,"John Fahey","Lib46",47060,55.63,"exact"
"Mackellar","Nick Lorentzen","ALP",25578,34.36,"Bronwyn Bishop","Lib46",48874,65.64,"exact"
"Macquarie","Maggie Deahm","ALP",34830,45.9,"Kerry Bartlett","Lib46",41053,54.1,"exact"
"Mitchell","Anthony Ellard","ALP",23063,30.15,"Alan Cadman","Lib46",53432,69.85,"exact"
"New England","Pat Dixon","ALP",25377,37.07,"Stuart St. Clair","NPA",43086,62.93,"exact"
"North Sydney","Julie Owens","ALP",29829,37.78,"Joe Hockey","Lib46",49124,62.22,"exact"
"Page","Joy Mathews","ALP",35724,47.64,"Ian Causley","NPA",39265,52.36,"exact"
"Parkes","Barry Brebner","ALP",33617,45.89,"Tony Lawler","NPA",39638,54.11,"exact"
"Parramatta","Paul Elliott","ALP",34824,48.93,"Ross Cameron","Lib46",36346,51.07,"exact"
"Paterson","Bob Horne","ALP",39268,51.22,"Bob Baldwin","Lib46",37397,48.78,"exact"
"Prospect","Janice Crosio","ALP",48371,69.71,"Nahid Aziz","Lib46",21016,30.29,"exact"
"Reid","Laurie Ferguson","ALP",51233,71.64,"Alma Freame","Lib46",20279,28.36,"exact"
"Richmond","Neville Newell","ALP",40013,49.23,"Larry Anthony","NPA",41270,50.77,"exact"
"Riverina","Peter Hargreaves","ALP",25801,34.7,"Kay Hull","NPA",48552,65.3,"exact"
"Robertson","Belinda Neal","ALP",36034,47.99,"Jim Lloyd","Lib46",39051,52.01,"exact"
"Shortland","Jill Hall","ALP",46100,62.81,"Peter Craig","Lib46",27300,37.19,"exact"
"Sydney","Tanya Plibersek","ALP",50463,66.89,"Bruce Morrow","Lib46",24974,33.11,"exact"
"Throsby","Colin Hollis","ALP",52593,72.46,"Charlie Mifsud","Lib46",19989,27.54,"exact"
"Warringah","Julie Heraghty","ALP",26531,37.02,"Tony Abbott","Lib46",45145,62.98,"exact"
"Watson","Leo McLeay","ALP",48849,67.47,"Joe Rafferty","Lib46",23556,32.53,"exact"
"Wentworth","Paul Pearce","ALP",31910,43.68,"Andrew Thomson","Lib46",41147,56.32,"exact"
"Werriwa","Mark Latham","ALP",45974,62.67,"Andrew Thorn","Lib46",27381,37.33,"exact"
"Aston","Peter Lockwood","ALP",36469,45.76,"Peter Nugent","Lib46",43227,54.24,"exact"
"Ballarat","Marg Card","ALP",36050,47.23,"Michael Ronaldson","Lib46",40280,52.77,"exact"
"Batman","Martin Ferguson","ALP",61569,76.43,"Lauri Rowe","Lib46",18984,23.57,"exact"
"Bendigo","Steve Gibbons","ALP",41726,53.47,"Max Turner","Lib46",36311,46.53,"exact"
"Bruce","Alan Griffin","ALP",44485,56.72,"Jim Wood","Lib46",33944,43.28,"exact"
"Burke","Neil O'Keefe","ALP",42074,57.61,"Serge Petrovich","Lib46",30960,42.39,"exact"
"Calwell","Andrew Theophanous","ALP",55334,68.98,"Trevor Blake","Lib46",24885,31.02,"exact"
"Casey","Frank Armenio","ALP",33395,45.13,"Michael Wooldridge","Lib46",40598,54.87,"exact"
"Chisholm","Anna Burke","ALP",40887,52.07,"Peter Vlahos","Lib46",37629,47.93,"exact"
"Corangamite","Michael Bjork-Billings","ALP",33950,45.5,"Stewart McArthur","Lib46",40665,54.5,"exact"
"Corio","Gavan O'Connor","ALP",46618,61.36,"Dennis Jensen","Lib46",29359,38.64,"exact"
"Deakin","Peter Bertolus","ALP",37236,48.07,"Phil Barresi","Lib46",40233,51.93,"exact"
"Dunkley","Michael Quayle","ALP",36613,47.96,"Bruce Billson","Lib46",39721,52.04,"exact"
"Flinders","John Armitage","ALP",35711,46.28,"Peter Reith","Lib46",41457,53.72,"exact"
"Gellibrand","Nicola Roxon","ALP",57875,75.91,"Anthony Cursio","Lib46",18366,24.09,"exact"
"Gippsland","Judith Stone","ALP",30445,41.17,"Peter McGauran","NPA",43506,58.83,"exact"
"Goldstein","Margaret Khouri","ALP",33676,41.85,"David Kemp","Lib46",46801,58.15,"exact"
"Higgins","Jude Wallace","ALP",31246,40.38,"Peter Costello","Lib46",46133,59.62,"exact"
"Holt","Gareth Evans","ALP",48109,65.11,"Margaret Nicholls","Lib46",25777,34.89,"exact"
"Hotham","Simon Crean","ALP",51451,63.59,"John Pesutto","Lib46",29464,36.41,"exact"
"Indi","Zuvele Leschen","ALP",30266,39.89,"Lou Lieberman","Lib46",45600,60.11,"exact"
"Isaacs","Greg Wilton","ALP",41467,56.4,"Mike Rawlinson","Lib46",32050,43.6,"exact"
"Jagajaga","Jenny Macklin","ALP",45100,55.91,"Tony Raunic","Lib46",35571,44.09,"exact"
"Kooyong","Maxine Morand","ALP",30303,38.61,"Petro Georgiou","Lib46",48176,61.39,"exact"
"Lalor","Julia Gillard","ALP",52893,69.82,"Cameron O'Sullivan","Lib46",22864,30.18,"exact"
"La Trobe","Carolyn Hirsh","ALP",35988,49.01,"Bob Charles","Lib46",37442,50.99,"exact"
"McEwen","Graeme McEwen","ALP",37119,48.96,"Fran Bailey","Lib46",38699,51.04,"exact"
"McMillan","Christian Zahra","ALP",38360,50.57,"Russell Broadbent","Lib46",37488,49.43,"exact"
"Mallee","John Zigouras","ALP",23109,30.63,"John Forrest","NPA",52328,69.37,"exact"
"Maribyrnong","Bob Sercombe","ALP",53999,72.06,"Will Charlton","Lib46",20942,27.94,"exact"
"Melbourne","Lindsay Tanner","ALP",56991,71.8,"Paul Nettelbeck","Lib46",22383,28.2,"exact"
"Melbourne Ports","Michael Danby","ALP",41585,55.83,"Fiona Snedden","Lib46",32896,44.17,"exact"
"Menzies","Peter Allan","ALP",33687,44.6,"Kevin Andrews","Lib46",41844,55.4,"exact"
"Murray","John Stuart","ALP",21658,27.94,"Sharman Stone","Lib46",55866,72.06,"exact"
"Scullin","Harry Jenkins","ALP",55500,71.84,"Peter Pratt","Lib46",21757,28.16,"exact"
"Wannon","Mia Vitue","ALP",32583,42.56,"David Hawker","Lib46",43981,57.44,"exact"
"Wills","Kelvin Thomson","ALP",56033,70.96,"David Curry","Lib46",22934,29.04,"exact"
"Blair","Virginia Clarke","ALP",28611,41.97,"Cameron Thompson","Lib46",39553,58.03,"exact"
"Bowman","Con Sciacca","ALP",39641,53.29,"Andrea West","Lib46",34746,46.71,"exact"
"Brisbane","Arch Bevis","ALP",43895,54.59,"Marion Feros","Lib46",36517,45.41,"exact"
"Capricornia","Kirsten Livermore","ALP",41352,55.29,"Paul Marek","NPA",33434,44.71,"exact"
"Dawson","Mark Stroppiana","ALP",35375,45.58,"De-Anne Kelly","NPA",42228,54.42,"exact"
"Dickson","Cheryl Kernot","ALP",36911,50.12,"Rod Henshaw","Lib46",36735,49.88,"exact"
"Fadden","Mike Smith","ALP",30540,42.41,"David Jull","Lib46",41466,57.59,"exact"
"Fairfax","John Henderson","ALP",31300,45.64,"Alex Somlyay","Lib46",37286,54.36,"exact"
"Fisher","Ray O'Donnell","ALP",26954,39,"Peter Slipper","Lib46",42152,61,"exact"
"Forde","Peter Keech","ALP",30741,44.75,"Kay Elson","Lib46",37948,55.25,"exact"
"Griffith","Kevin Rudd","ALP",41689,52.43,"Graeme McDougall","Lib46",37831,47.57,"exact"
"Groom","Geoff Brown","ALP",27522,36.96,"Ian Macfarlane","Lib46",46951,63.04,"exact"
"Herbert","Ted Lindsay","ALP",38362,49.9,"Peter Lindsay","Lib46",38512,50.1,"exact"
"Hinkler","Cheryl Dorron","ALP",35933,49.66,"Paul Neville","NPA",36423,50.34,"exact"
"Kennedy","Kenneth Stark","ALP",29341,38.81,"Bob Katter","NPA",46254,61.19,"exact"
"Leichhardt","Chris Lewis","ALP",32759,45.95,"Warren Entsch","Lib46",38535,54.05,"exact"
"Lilley","Wayne Swan","ALP",41902,53.13,"Elizabeth Grace","Lib46",36961,46.87,"exact"
"Longman","Ian Burgett","ALP",34236,49.08,"Mal Brough","Lib46",35525,50.92,"exact"
"McPherson","Robert Poole","ALP",30740,41.66,"Margaret May","Lib46",43045,58.34,"exact"
"Maranoa","Elizabeth Pommer","ALP",26826,35.58,"Bruce Scott","NPA",48576,64.42,"exact"
"Moncrieff","Anne Bennett","ALP",26889,37.17,"Kathy Sullivan","Lib46",45450,62.83,"exact"
"Moreton","Kathleen Brookes","ALP",38655,49.43,"Gary Hardgrave","Lib46",39554,50.57,"exact"
"Oxley","Bernie Ripoll","ALP",41691,58.2,"Maria Forbes","Lib46",29937,41.8,"exact"
"Petrie","Rosemary Hume","ALP",38348,49.25,"Teresa Gambaro","Lib46",39522,50.75,"exact"
"Rankin","Craig Emerson","ALP",40691,58.69,"Cuong Bui","Lib46",28645,41.31,"exact"
"Ryan","Teresa Farruggio","ALP",31149,40.48,"John Moore","Lib46",45799,59.52,"exact"
"Wide Bay","Russ Tremlin","ALP",33814,47.14,"Warren Truss","NPA",37923,52.86,"exact"
"Brand","Kim Beazley","ALP",43587,62.29,"Rick Palmer","Lib46",26392,37.71,"exact"
"Canning","Jane Gerick","ALP",38834,53.52,"Ricky Johnston","Lib46",33732,46.48,"exact"
"Cowan","Graham Edwards","ALP",38208,53.56,"Richard Evans","Lib46",33135,46.44,"exact"
"Curtin","Andrew Waddell","ALP",28940,36.72,"Julie Bishop","Lib46",49870,63.28,"exact"
"Forrest","Tony Dean","ALP",32421,43.12,"Geoff Prosser","Lib46",42775,56.88,"exact"
"Fremantle","Carmen Lawrence","ALP",46338,60.02,"Mick Tiller","Lib46",30866,39.98,"exact"
"Kalgoorlie","Clark Butson","ALP",32754,47.9,"Barry Haase","Lib46",35632,52.1,"exact"
"Moore","Christine Power","ALP",33026,45.87,"Mal Washer","Lib46",38973,54.13,"exact"
"O'Connor","Frank Marciano","ALP",26537,34.86,"Wilson Tuckey","Lib46",49581,65.14,"exact"
"Pearce","Paul Andrews","ALP",33334,44.7,"Judi Moylan","Lib46",41246,55.3,"exact"
"Perth","Stephen Smith","ALP",48441,63.28,"David Montani","Lib46",28110,36.72,"exact"
"Stirling","Jann McFarlane","ALP",39176,51.04,"Eoin Cameron","Lib46",37582,48.96,"exact"
"Swan","Kim Wilkie","ALP",40067,52.7,"Don Randall","Lib46",35964,47.3,"exact"
"Tangney","Martin Whitely","ALP",34070,44.1,"Daryl Williams","Lib46",43184,55.9,"exact"
"Adelaide","Karen Hannon","ALP",36379,49.09,"Trish Worth","Lib46",37731,50.91,"exact"
"Barker","David Detchon","ALP",28159,36.26,"Patrick Secker","Lib46",49501,63.74,"exact"
"Bonython","Martyn Evans","ALP",45935,64.53,"Phil Newton","Lib46",25251,35.47,"exact"
"Boothby","Jo Chesson","ALP",32154,42.55,"Andrew Southcott","Lib46",43406,57.45,"exact"
"Grey","Geoff Buckland","ALP",31540,41.96,"Barry Wakelin","Lib46",43627,58.04,"exact"
"Hindmarsh","Steve Georganas","ALP",37224,48.77,"Christine Gallus","Lib46",39100,51.23,"exact"
"Kingston","David Cox","ALP",41206,50.47,"Susan Jeanes","Lib46",40443,49.53,"exact"
"Makin","Gail Gago","ALP",40620,49.06,"Trish Draper","Lib46",42180,50.94,"exact"
"Mayo","Jade Evans","ALP",33602,40.1,"Alexander Downer","Lib46",50189,59.9,"exact"
"Port Adelaide","Rod Sawford","ALP",49107,66.1,"Romeo Cavuoto","Lib46",25180,33.9,"exact"
"Sturt","Lance Worrall","ALP",31025,42.71,"Christopher Pyne","Lib46",41621,57.29,"exact"
"Wakefield","Carla Leversedge","ALP",27238,33.71,"Neil Andrew","Lib46",53573,66.29,"exact"
"Bass","Michelle O'Byrne","ALP",30612,50.06,"Warwick Smith","Lib46",30534,49.94,"exact"
"Braddon","Sid Sidebottom","ALP",31567,54.33,"Chris Miles","Lib46",26540,45.67,"exact"
"Denison","Duncan Kerr","ALP",40399,64.51,"Andrew Gregson","Lib46",22224,35.49,"exact"
"Franklin","Harry Quick","ALP",34759,56.6,"Jane Goodluck","Lib46",26652,43.4,"exact"
"Lyons","Dick Adams","ALP",38904,60.61,"Richard Colbeck","Lib46",25286,39.39,"exact"
"Canberra","Annette Ellis","ALP",58972,60.06,"Ian Morison","Lib46",39220,39.94,"exact"
"Fraser","Bob McMullan","ALP",62580,64.86,"Peter Smith","Lib46",33911,35.14,"exact"
"Northern Territory","Warren Snowdon","ALP",45986,50.57,"Nick Dondas","CLP",44951,49.43,"exact"
