"Seat","Candidate1","Party1","Votes1","Vote_perc1","Candidate2","Party2","Votes2","Vote_perc2","Est"
"Adelaide","Luke Westley","Lib46",36793,42.31,"Kate Ellis","ALP",50164,57.69,"exact"
"Aston","Alan Tudge","Lib46",43901,51.76,"Rupert Evans","ALP",40916,48.24,"exact"
"Ballarat","Mark Banwell","Lib46",34251,38.3,"Catherine King","ALP",55188,61.7,"exact"
"Banks","Ron Delezio","Lib46",40719,48.55,"Daryl Melham","ALP",43150,51.45,"exact"
"Barker","Patrick Secker","Lib46",59278,62.88,"Simone McDonnell","ALP",34992,37.12,"exact"
"Barton","John La Mela","Lib46",33941,43.14,"Robert McClelland","ALP",44742,56.86,"exact"
"Bass","Steve Titmus","Lib46",28337,43.26,"Geoff Lyons","ALP",37165,56.74,"exact"
"Batman","George Souris","Lib46",19435,25.09,"Martin Ferguson","ALP",58028,74.91,"exact"
"Bendigo","Craig Hunter","Lib46",37337,40.47,"Steve Gibbons","ALP",54928,59.53,"exact"
"Bennelong","John Alexander","Lib46",45518,53.12,"Maxine McKew","ALP",40166,46.88,"exact"
"Berowra","Philip Ruddock","Lib46",56752,66.2,"Michael Stove","ALP",28972,33.8,"exact"
"Blair","Neil Zabel","LNP",33595,45.76,"Shayne Neumann","ALP",39814,54.24,"exact"
"Blaxland","Mark Majewski","Lib46",27882,37.77,"Jason Clare","ALP",45948,62.23,"exact"
"Bonner","Ross Vasta","LNP",43400,52.82,"Kerry Rea","ALP",38765,47.18,"exact"
"Boothby","Andrew Southcott","Lib46",43317,50.75,"Annabel Digance","ALP",42042,49.25,"exact"
"Bowman","Andrew Laming","LNP",49490,60.39,"Jenny Peters","ALP",32455,39.61,"exact"
"Braddon","Garry Carpenter","Lib46",27855,42.52,"Sid Sidebottom","ALP",37650,57.48,"exact"
"Bradfield","Paul Fletcher","Lib46",59397,68.18,"Sarah Gallard","ALP",27719,31.82,"exact"
"Brand","Donna Gordin","Lib46",36418,46.67,"Gary Gray","ALP",41610,53.33,"exact"
"Brisbane","Teresa Gambaro","LNP",41440,51.13,"Arch Bevis","ALP",39609,48.87,"exact"
"Bruce","Mike Kabos","Lib46",32144,41.88,"Alan Griffin","ALP",44603,58.12,"exact"
"Calare","John Cobb","NPA",54209,60.74,"Kevin Duffy","ALP",35033,39.26,"exact"
"Calwell","Wayne Tseng","Lib46",26509,30.28,"Maria Vamvakinou","ALP",61045,69.72,"exact"
"Canberra","Giulia Jones","Lib46",45821,40.85,"Gai Brodtmann","ALP",66335,59.15,"exact"
"Canning","Don Randall","Lib46",41818,52.19,"Alannah MacTiernan","ALP",38303,47.81,"exact"
"Capricornia","Michelle Landry","LNP",37230,46.32,"Kirsten Livermore","ALP",43150,53.68,"exact"
"Casey","Tony Smith","Lib46",45458,54.18,"Sami Hisheh","ALP",38439,45.82,"exact"
"Charlton","John McDonald","Lib46",31016,37.33,"Greg Combet","ALP",52064,62.67,"exact"
"Chifley","Venus Priest","Lib46",30268,37.66,"Ed Husic","ALP",50103,62.34,"exact"
"Chisholm","John Nguyen","Lib46",33991,43.89,"Anna Burke","ALP",43459,56.11,"exact"
"Cook","Scott Morrison","Lib46",56138,62.66,"Peter Scaysbrook","ALP",33450,37.34,"exact"
"Corangamite","Sarah Henderson","Lib46",46464,49.59,"Darren Cheeseman","ALP",47235,50.41,"exact"
"Corio","Don Gibson","Lib46",29578,35.78,"Richard Marles","ALP",53083,64.22,"exact"
"Cowan","Luke Simpkins","Lib46",45062,56.29,"Chas Hopkins","ALP",34992,43.71,"exact"
"Cowper","Luke Hartsuyker","NPA",50477,59.27,"Paul Sefky","ALP",34691,40.73,"exact"
"Cunningham","Philip Clifford","Lib46",32780,36.83,"Sharon Bird","ALP",56234,63.17,"exact"
"Curtin","Julie Bishop","Lib46",54158,66.19,"Sophie van der Merwe","ALP",27669,33.81,"exact"
"Dawson","George Christensen","LNP",43494,52.43,"Mike Brunker","ALP",39455,47.57,"exact"
"Deakin","Phil Barresi","Lib46",38073,47.59,"Mike Symon","ALP",41927,52.41,"exact"
"Denison","Cameron Simpkins","Lib46",22167,34.18,"Jonathan Jackson","ALP",42692,65.82,"exact"
"Dickson","Peter Dutton","LNP",44902,55.13,"Fiona McNamara","ALP",36549,44.87,"exact"
"Dobell","John McNamara","Lib46",37163,44.93,"Craig Thomson","ALP",45551,55.07,"exact"
"Dunkley","Bruce Billson","Lib46",43777,51.02,"Helen Constas","ALP",42023,48.98,"exact"
"Durack","Barry Haase","Lib46",45843,63.67,"Shane Hill","ALP",26155,36.33,"exact"
"Eden-Monaro","David Gazard","Lib46",39063,45.76,"Mike Kelly","ALP",46300,54.24,"exact"
"Fadden","Stuart Robert","LNP",47236,64.19,"Rana Watson","ALP",26356,35.81,"exact"
"Fairfax","Alex Somlyay","LNP",45032,56.95,"Dan McIntyre","ALP",34034,43.05,"exact"
"Farrer","Sussan Ley","Lib46",53513,64.51,"Christian Emmery","ALP",29434,35.49,"exact"
"Fisher","Peter Slipper","LNP",39868,54.13,"Chris Cummins","ALP",33784,45.87,"exact"
"Flinders","Greg Hunt","Lib46",53499,59.11,"Francis Gagliano-Ventura","ALP",37002,40.89,"exact"
"Flynn","Ken O'Dowd","LNP",42806,53.58,"Chris Trevor","ALP",37086,46.42,"exact"
"Forde","Bert van Manen","LNP",36271,51.63,"Brett Raguse","ALP",33987,48.37,"exact"
"Forrest","Nola Marino","Lib46",47343,58.74,"Jackie Jarvis","ALP",33257,41.26,"exact"
"Fowler","Thomas Dang","Lib46",31704,41.24,"Chris Hayes","ALP",45178,58.76,"exact"
"Franklin","Jane Howlett","Lib46",25675,39.18,"Julie Collins","ALP",39856,60.82,"exact"
"Fraser","James Milligan","Lib46",39928,35.8,"Andrew Leigh","ALP",71613,64.2,"exact"
"Fremantle","Matt Taylor","Lib46",36478,44.3,"Melissa Parke","ALP",45858,55.7,"exact"
"Gellibrand","David McConnell","Lib46",21732,26.1,"Nicola Roxon","ALP",61531,73.9,"exact"
"Gilmore","Joanna Gash","Lib46",47850,55.32,"Neil Reilly","ALP",38649,44.68,"exact"
"Gippsland","Darren Chester","NPA",54513,61.45,"Darren McCubbin","ALP",34199,38.55,"exact"
"Goldstein","Andrew Robb","Lib46",47747,56.47,"Nick Eden","ALP",36811,43.53,"exact"
"Gorton","Damon Ryder","Lib46",27280,27.84,"Brendan O'Connor","ALP",70705,72.16,"exact"
"Grayndler","Alexander Dore","Lib46",24450,29.37,"Anthony Albanese","ALP",58789,70.63,"exact"
"Greenway","Jaymes Diaz","Lib46",38953,49.12,"Michelle Rowland","ALP",40355,50.88,"exact"
"Grey","Rowan Ramsey","Lib46",54119,61.16,"Tauto Sansbury","ALP",34373,38.84,"exact"
"Griffith","Rebecca Docherty","LNP",33405,41.54,"Kevin Rudd","ALP",47007,58.46,"exact"
"Groom","Ian Macfarlane","LNP",57912,68.53,"Chris Meibusch","ALP",26589,31.47,"exact"
"Hasluck","Ken Wyatt","Lib46",41722,50.57,"Sharryn Jackson","ALP",40774,49.43,"exact"
"Herbert","Ewen Jones","LNP",41221,52.17,"Tony Mooney","ALP",37797,47.83,"exact"
"Higgins","Kelly O'Dwyer","Lib46",46167,56.75,"Tony Clark","ALP",35180,43.25,"exact"
"Hindmarsh","Jassmine Wood","Lib46",39526,44.3,"Steve Georganas","ALP",49698,55.7,"exact"
"Hinkler","Paul Neville","LNP",48770,60.39,"Belinda McNeven","ALP",31993,39.61,"exact"
"Holt","Ricardo Balancy","Lib46",35133,36.77,"Anthony Byrne","ALP",60412,63.23,"exact"
"Hotham","Fazal Cader","Lib46",28966,36.5,"Simon Crean","ALP",50394,63.5,"exact"
"Hughes","Craig Kelly","Lib46",47619,55.17,"Brent Thomas","ALP",38688,44.83,"exact"
"Hume","Alby Schultz","Lib46",51679,58.72,"Robin Saville","ALP",36337,41.28,"exact"
"Hunter","Michael Johnsen","NPA",30511,37.52,"Joel Fitzgibbon","ALP",50803,62.48,"exact"
"Indi","Sophie Mirabella","Lib46",50755,59.94,"Zuvele Leschen","ALP",33916,40.06,"exact"
"Isaacs","Dale McClelland","Lib46",35594,38.98,"Mark Dreyfus","ALP",55721,61.02,"exact"
"Jagajaga","Johannes Bauch","Lib46",33075,38.48,"Jenny Macklin","ALP",52868,61.52,"exact"
"Kennedy","Ed Morrison","LNP",50616,61.94,"Andrew Turnour","ALP",31106,38.06,"exact"
"Kingsford Smith","Michael Feneley","Lib46",36780,44.84,"Peter Garrett","ALP",45249,55.16,"exact"
"Kingston","Chris Zanker","Lib46",33139,36.09,"Amanda Rishworth","ALP",58695,63.91,"exact"
"Kooyong","Josh Frydenberg","Lib46",46779,57.55,"Steven Hurd","ALP",34508,42.45,"exact"
"La Trobe","Jason Wood","Lib46",43689,49.09,"Laura Smyth","ALP",45308,50.91,"exact"
"Lalor","Sheridan Ingram","Lib46",28736,27.85,"Julia Gillard","ALP",74452,72.15,"exact"
"Leichhardt","Warren Entsch","LNP",43539,54.55,"Jim Turnour","ALP",36273,45.45,"exact"
"Lilley","Rod McGarvie","LNP",40711,46.82,"Wayne Swan","ALP",46234,53.18,"exact"
"Lindsay","Fiona Scott","Lib46",40681,48.88,"David Bradbury","ALP",42546,51.12,"exact"
"Lingiari","Leo Abbott","CLP",19876,46.3,"Warren Snowdon","ALP",23051,53.7,"exact"
"Longman","Wyatt Roy","LNP",39173,51.92,"Jon Sullivan","ALP",36277,48.08,"exact"
"Lyne","David Gillespie","NPA",53065,62.45,"Frederik Lips","ALP",31902,37.55,"exact"
"Lyons","Eric Hutchinson","Lib46",24796,37.71,"Dick Adams","ALP",40959,62.29,"exact"
"Macarthur","Russell Matheson","Lib46",41462,53.02,"Nick Bleasdale","ALP",36741,46.98,"exact"
"Mackellar","Bronwyn Bishop","Lib46",57245,65.72,"Linda Beattie","ALP",29855,34.28,"exact"
"Macquarie","Louise Markus","Lib46",44801,51.26,"Susan Templeman","ALP",42604,48.74,"exact"
"Makin","Liz Davies","Lib46",32219,37.8,"Tony Zappia","ALP",53014,62.2,"exact"
"Mallee","John Forrest","NPA",60611,74.41,"Bob Scates","ALP",20842,25.59,"exact"
"Maranoa","Bruce Scott","LNP",63520,72.89,"Geoff Keating","ALP",23625,27.11,"exact"
"Maribyrnong","Conrad D'Souza","Lib46",25379,33.14,"Bill Shorten","ALP",51193,66.86,"exact"
"Mayo","Jamie Briggs","Lib46",52702,57.35,"Sam Davis","ALP",39201,42.65,"exact"
"McEwen","Cameron Caine","Lib46",46963,44.68,"Rob Mitchell","ALP",58144,55.32,"exact"
"McMahon","Jamal Elishe","Lib46",33690,42.19,"Chris Bowen","ALP",46170,57.81,"exact"
"McMillan","Russell Broadbent","Lib46",46229,54.41,"Christine Maxfield","ALP",38731,45.59,"exact"
"McPherson","Karen Andrews","LNP",47044,60.28,"Dan Byron","ALP",31004,39.72,"exact"
"Melbourne","Simon Olsen","Lib46",23854,26.7,"Cath Bowtell","ALP",65473,73.3,"exact"
"Melbourne Ports","Kevin Ekendahl","Lib46",36002,42.44,"Michael Danby","ALP",48819,57.56,"exact"
"Menzies","Kevin Andrews","Lib46",48102,58.72,"Joy Banerji","ALP",33811,41.28,"exact"
"Mitchell","Alex Hawke","Lib46",56229,67.16,"Nigel Gould","ALP",27500,32.84,"exact"
"Moncrieff","Steven Ciobo","LNP",51103,67.49,"Robert Hough","ALP",24612,32.51,"exact"
"Moore","Mal Washer","Lib46",50302,61.19,"Jeremy Brown","ALP",31901,38.81,"exact"
"Moreton","Malcolm Cole","LNP",39612,48.87,"Graham Perrett","ALP",41447,51.13,"exact"
"Murray","Sharman Stone","Lib46",56666,70.35,"Hugh Mortensen","ALP",23882,29.65,"exact"
"New England","Tim Coates","NPA",60907,66.8,"Greg Smith","ALP",30265,33.2,"exact"
"Newcastle","Brad Luke","Lib46",30744,37.51,"Sharon Grierson","ALP",51220,62.49,"exact"
"North Sydney","Joe Hockey","Lib46",54901,64.06,"Leta Webb","ALP",30808,35.94,"exact"
"O'Connor","Wilson Tuckey","Lib46",59555,73,"Ian Bishop","ALP",22029,27,"exact"
"Oxley","Tarnya Smith","LNP",31640,44.23,"Bernie Ripoll","ALP",39894,55.77,"exact"
"Page","Kevin Hogan","NPA",39111,45.81,"Janelle Saffin","ALP",46273,54.19,"exact"
"Parkes","Mark Coulton","NPA",61789,68.86,"Andrew Brooks","ALP",27946,31.14,"exact"
"Parramatta","Charles Camenzuli","Lib46",35734,45.63,"Julie Owens","ALP",42583,54.37,"exact"
"Paterson","Bob Baldwin","Lib46",45582,55.33,"Jim Arneman","ALP",36804,44.67,"exact"
"Pearce","Judi Moylan","Lib46",46292,58.86,"Bill Leadbetter","ALP",32349,41.14,"exact"
"Perth","Joe Ferrante","Lib46",35379,44.12,"Stephen Smith","ALP",44815,55.88,"exact"
"Petrie","Dean Teasdale","LNP",36267,47.49,"Yvette D'Ath","ALP",40097,52.51,"exact"
"Port Adelaide","Nigel McKenna","Lib46",27084,29.97,"Mark Butler","ALP",63295,70.03,"exact"
"Rankin","Luke Smith","LNP",35640,44.59,"Craig Emerson","ALP",44289,55.41,"exact"
"Reid","Peter Cooper","Lib46",37679,47.32,"John Murphy","ALP",41949,52.68,"exact"
"Richmond","Alan Hunter","NPA",34764,43.01,"Justine Elliot","ALP",46071,56.99,"exact"
"Riverina","Michael McCormack","NPA",59980,68.17,"Robyn Hakelis","ALP",28009,31.83,"exact"
"Robertson","Darren Jameson","Lib46",41821,49,"Deborah O'Neill","ALP",43520,51,"exact"
"Ryan","Jane Prentice","LNP",50896,57.16,"Steven Miles","ALP",38138,42.84,"exact"
"Scullin","Max Williams","Lib46",22025,27.75,"Harry Jenkins","ALP",57355,72.25,"exact"
"Shortland","Deborah Narayanan","Lib46",31101,37.15,"Jill Hall","ALP",52612,62.85,"exact"
"Solomon","Natasha Griggs","CLP",26371,51.75,"Damian Hale","ALP",24585,48.25,"exact"
"Stirling","Michael Keenan","Lib46",44775,55.55,"Louise Durack","ALP",35832,44.45,"exact"
"Sturt","Christopher Pyne","Lib46",47172,53.43,"Rick Sarre","ALP",41113,46.57,"exact"
"Swan","Steve Irons","Lib46",41729,52.53,"Tim Hammond","ALP",37710,47.47,"exact"
"Sydney","Gordon Weiss","Lib46",26142,32.93,"Tanya Plibersek","ALP",53235,67.07,"exact"
"Tangney","Dennis Jensen","Lib46",52266,62.32,"David Doepel","ALP",31607,37.68,"exact"
"Throsby","Juliet Arkwright","Lib46",31662,37.89,"Stephen Jones","ALP",51909,62.11,"exact"
"Wakefield","David Strauss","Lib46",33485,38.05,"Nick Champion","ALP",54528,61.95,"exact"
"Wannon","Dan Tehan","Lib46",47697,57.29,"Judith McNamara","ALP",35554,42.71,"exact"
"Warringah","Tony Abbott","Lib46",53612,63.09,"Hugh Zochling","ALP",31360,36.91,"exact"
"Watson","Ken Nam","Lib46",31364,40.86,"Tony Burke","ALP",45393,59.14,"exact"
"Wentworth","Malcolm Turnbull","Lib46",56219,64.86,"Steven Lewis","ALP",30457,35.14,"exact"
"Werriwa","Essam Eskaros","Lib46",32574,43.25,"Laurie Ferguson","ALP",42740,56.75,"exact"
"Wide Bay","Warren Truss","LNP",53484,65.61,"Nikolee Ansell","ALP",28029,34.39,"exact"
"Wills","Claude Tomisich","Lib46",23091,27.36,"Kelvin Thomson","ALP",61297,72.64,"exact"
"Wright","Scott Buchholz","LNP",45358,60.15,"Andrew Ramsay","ALP",30049,39.85,"exact"
